1;0;StartTrip;Russian;1;5
2;0;StartTrip;Chinese;3;2
3;0;StartTrip;American;6;1
4;0;StartTrip;French;5;3
5;0;StartTrip;English;2;6
6;0;StartTrip;German;4;2
7;1;FinishTrip;0;German;2
8;1;StartTrip;German;2;4
9;2;FinishTrip;German;4
10;2;StartTrip;German;4;2
11;3;FinishTrip;0;Russian;5
12;3;FinishTrip;0;German;2
13;3;FinishTrip;0;Chinese;2
14;3;StartTrip;Russian;5;1
15;3;StartTrip;Chinese;2;3
16;3;StartTrip;German;2;4
17;4;FinishTrip;German;4
18;4;FinishTrip;0;French;3
19;4;FinishTrip;0;American;1
20;4;StartTrip;German;4;2
21;4;StartTrip;American;1;6
22;4;StartTrip;French;3;5
23;5;FinishTrip;American;6
24;5;FinishTrip;0;German;2
25;5;StartTrip;American;6;4
26;5;StartTrip;German;2;4
27;6;FinishTrip;French;5
28;6;FinishTrip;German;4
29;6;FinishTrip;1;American;4
30;6;ChangePet;2;German;American;Bear;Fish
31;6;StartTrip;French;5;4
32;6;StartTrip;American;4;6
33;6;StartTrip;German;4;3
34;7;FinishTrip;Russian;1
35;7;FinishTrip;Chinese;3
36;7;StartTrip;Russian;1;5
37;7;StartTrip;Chinese;3;4
38;9;FinishTrip;American;6
39;9;FinishTrip;0;German;3
40;9;StartTrip;American;6;3
41;9;StartTrip;German;3;4
42;10;FinishTrip;0;English;6
43;10;FinishTrip;0;French;4
44;10;FinishTrip;0;Russian;5
45;10;StartTrip;English;6;2
46;10;StartTrip;Russian;5;1
47;10;StartTrip;French;4;5
48;11;FinishTrip;0;American;3
49;11;StartTrip;American;3;6
50;12;FinishTrip;0;Chinese;4
51;12;StartTrip;Chinese;4;3
52;14;FinishTrip;German;4
53;14;FinishTrip;Russian;1
54;14;StartTrip;German;4;2
55;14;StartTrip;Russian;1;3
56;15;FinishTrip;American;6
57;15;FinishTrip;Chinese;3
58;15;FinishTrip;1;English;2
59;15;FinishTrip;German;2
60;15;ChangePet;2;English;German;Bear;Cat
61;15;changeHouse;2;English;German;4;2
62;15;StartTrip;American;6;2
63;15;StartTrip;German;2;5
64;15;StartTrip;Chinese;3;1
65;15;StartTrip;English;2;4
66;16;FinishTrip;French;5
67;16;FinishTrip;English;4
68;16;StartTrip;French;5;1
69;16;StartTrip;English;4;1
70;17;FinishTrip;0;German;5
71;17;StartTrip;German;5;2
72;18;FinishTrip;German;2
73;18;FinishTrip;0;English;1
74;18;StartTrip;German;2;6
75;18;StartTrip;English;1;4
76;20;FinishTrip;English;4
77;20;FinishTrip;0;American;2
78;20;FinishTrip;0;French;1
79;20;StartTrip;English;4;3
80;20;StartTrip;French;1;5
81;20;StartTrip;American;2;6
82;22;FinishTrip;0;Russian;3
83;22;StartTrip;Russian;3;1
84;23;FinishTrip;French;5
85;23;FinishTrip;0;English;3
86;23;StartTrip;French;5;1
87;23;StartTrip;English;3;4
88;27;FinishTrip;0;French;1
89;27;StartTrip;French;1;5
90;28;FinishTrip;English;4
91;28;FinishTrip;0;German;6
92;28;StartTrip;English;4;6
93;28;StartTrip;German;6;2
94;30;FinishTrip;American;6
95;30;FinishTrip;French;5
96;30;StartTrip;American;6;3
97;30;StartTrip;French;5;4
98;31;FinishTrip;0;English;6
99;31;StartTrip;English;6;4
100;32;FinishTrip;English;4
101;32;FinishTrip;0;American;3
102;32;StartTrip;English;4;5
103;32;StartTrip;American;3;6
104;33;FinishTrip;German;2
105;33;StartTrip;German;2;5
106;34;FinishTrip;0;French;4
107;34;StartTrip;French;4;5
108;35;FinishTrip;0;German;5
109;35;StartTrip;German;5;2
110;36;FinishTrip;American;6
111;36;FinishTrip;German;2
112;36;StartTrip;American;6;2
113;36;StartTrip;German;2;5
114;38;FinishTrip;0;English;5
115;38;FinishTrip;0;German;5
116;38;StartTrip;English;5;4
117;38;StartTrip;German;5;2
118;39;FinishTrip;German;2
119;39;StartTrip;German;2;6
120;40;FinishTrip;French;5
121;40;StartTrip;French;5;2
122;41;FinishTrip;0;American;2
123;41;FinishTrip;0;French;2
124;41;StartTrip;American;2;6
125;41;StartTrip;French;2;5
126;42;FinishTrip;English;4
127;42;StartTrip;English;4;5
128;43;FinishTrip;French;5
129;43;StartTrip;French;5;2
130;44;FinishTrip;0;French;2
131;44;StartTrip;French;2;5
132;46;FinishTrip;French;5
133;46;StartTrip;French;5;6
134;48;FinishTrip;0;English;5
135;48;StartTrip;English;5;4
136;49;FinishTrip;0;German;6
137;49;StartTrip;German;6;2
138;51;FinishTrip;American;6
139;51;FinishTrip;1;French;6
140;51;ChangePet;2;French;American;Fish;Humpster
141;51;StartTrip;American;6;3
142;51;StartTrip;French;6;5
143;52;FinishTrip;English;4
144;52;StartTrip;English;4;2
145;53;FinishTrip;0;American;3
146;53;FinishTrip;0;English;2
147;53;StartTrip;American;3;6
148;53;StartTrip;English;2;4
149;54;FinishTrip;French;5
150;54;FinishTrip;English;4
151;54;FinishTrip;German;2
152;54;StartTrip;French;5;3
153;54;StartTrip;German;2;5
154;54;StartTrip;English;4;2
155;55;FinishTrip;0;English;2
156;55;StartTrip;English;2;4
157;56;FinishTrip;English;4
158;56;FinishTrip;0;German;5
159;56;StartTrip;English;4;3
160;56;StartTrip;German;5;2
161;57;FinishTrip;American;6
162;57;FinishTrip;German;2
163;57;StartTrip;American;6;1
164;57;StartTrip;German;2;3
165;58;FinishTrip;0;French;3
166;58;StartTrip;French;3;5
167;59;FinishTrip;0;English;3
168;59;StartTrip;English;3;4
169;60;FinishTrip;French;5
170;60;StartTrip;French;5;1
171;61;FinishTrip;0;German;3
172;61;FinishTrip;0;American;1
173;61;StartTrip;German;3;2
174;61;StartTrip;American;1;6
175;62;FinishTrip;American;6
176;62;StartTrip;American;6;3
177;64;FinishTrip;English;4
178;64;FinishTrip;German;2
179;64;FinishTrip;0;American;3
180;64;FinishTrip;0;French;1
181;64;StartTrip;English;4;2
182;64;StartTrip;French;1;5
183;64;StartTrip;German;2;5
184;64;StartTrip;American;3;6
185;65;FinishTrip;0;English;2
186;65;StartTrip;English;2;4
187;66;FinishTrip;English;4
188;66;FinishTrip;0;German;5
189;66;StartTrip;English;4;1
190;66;StartTrip;German;5;2
191;67;FinishTrip;German;2
192;67;FinishTrip;French;5
193;67;FinishTrip;0;Chinese;1
194;67;StartTrip;German;2;5
195;67;StartTrip;Chinese;1;3
196;67;StartTrip;French;5;4
197;68;FinishTrip;American;6
198;68;FinishTrip;0;English;1
199;68;StartTrip;American;6;5
200;68;StartTrip;English;1;4
201;69;FinishTrip;0;German;5
202;69;StartTrip;German;5;2
203;70;FinishTrip;English;4
204;70;FinishTrip;German;2
205;70;StartTrip;English;4;3
206;70;StartTrip;German;2;1
207;71;FinishTrip;0;French;4
208;71;FinishTrip;0;American;5
209;71;StartTrip;French;4;5
210;71;StartTrip;American;5;6
211;73;FinishTrip;0;English;3
212;73;StartTrip;English;3;4
213;74;FinishTrip;Russian;1
214;74;StartTrip;Russian;1;4
215;75;FinishTrip;Chinese;3
216;75;FinishTrip;0;German;1
217;75;StartTrip;Chinese;3;5
218;75;StartTrip;German;1;2
219;76;FinishTrip;American;6
220;76;FinishTrip;0;Russian;4
221;76;StartTrip;American;6;5
222;76;StartTrip;Russian;4;1
223;77;FinishTrip;1;French;5
224;77;FinishTrip;Chinese;5
225;77;ChangePet;2;Chinese;French;Fish;Zebra
226;77;changeHouse;2;Chinese;French;5;3
227;77;StartTrip;French;5;3
228;77;StartTrip;Chinese;5;6
229;78;FinishTrip;Russian;1
230;78;FinishTrip;English;4
231;78;StartTrip;Russian;1;5
232;78;StartTrip;English;4;6
233;79;FinishTrip;0;American;5
234;79;StartTrip;American;5;6
235;81;FinishTrip;German;2
236;81;FinishTrip;French;3
237;81;FinishTrip;0;English;6
238;81;FinishTrip;0;Russian;5
239;81;StartTrip;German;2;5
240;81;StartTrip;Russian;5;1
241;81;StartTrip;French;3;1
242;81;StartTrip;English;6;4
243;82;FinishTrip;English;4
244;82;FinishTrip;0;Chinese;6
245;82;StartTrip;English;4;6
246;82;StartTrip;Chinese;6;5
247;83;FinishTrip;0;German;5
248;83;StartTrip;German;5;2
249;84;FinishTrip;American;6
250;84;FinishTrip;German;2
251;84;StartTrip;American;6;1
252;84;StartTrip;German;2;4
253;85;FinishTrip;Chinese;5
254;85;FinishTrip;Russian;1
255;85;FinishTrip;0;German;4
256;85;FinishTrip;0;English;6
257;85;StartTrip;Chinese;5;3
258;85;StartTrip;English;6;4
259;85;StartTrip;Russian;1;2
260;85;StartTrip;German;4;2
261;86;FinishTrip;English;4
262;86;FinishTrip;German;2
263;86;StartTrip;English;4;1
264;86;StartTrip;German;2;4
265;87;FinishTrip;0;German;4
266;87;StartTrip;German;4;2
267;88;FinishTrip;German;2
268;88;FinishTrip;0;American;1
269;88;FinishTrip;0;English;1
270;88;StartTrip;German;2;1
271;88;StartTrip;English;1;4
272;88;StartTrip;American;1;6
273;89;FinishTrip;American;6
274;89;FinishTrip;0;Chinese;3
275;89;StartTrip;American;6;4
276;89;StartTrip;Chinese;3;5
277;90;FinishTrip;1;English;4
278;90;FinishTrip;American;4
279;90;changeHouse;2;English;American;6;4
280;90;StartTrip;English;4;6
281;90;StartTrip;American;4;2
282;91;FinishTrip;Chinese;5
283;91;FinishTrip;0;American;2
284;91;FinishTrip;0;Russian;2
285;91;StartTrip;Chinese;5;3
286;91;StartTrip;Russian;2;1
287;91;StartTrip;American;2;4
288;92;FinishTrip;American;4
289;92;StartTrip;American;4;5
290;93;FinishTrip;English;6
291;93;FinishTrip;0;German;1
292;93;StartTrip;English;6;3
293;93;StartTrip;German;1;2
294;95;FinishTrip;0;Chinese;3
295;95;FinishTrip;0;English;3
296;95;StartTrip;Chinese;3;5
297;95;StartTrip;English;3;6
298;96;FinishTrip;Russian;1
299;96;StartTrip;Russian;1;5
300;97;FinishTrip;Chinese;5
301;97;StartTrip;Chinese;5;3
302;98;FinishTrip;0;American;5
303;98;StartTrip;American;5;4
304;99;FinishTrip;German;2
305;99;FinishTrip;English;6
306;99;FinishTrip;0;Russian;5
307;99;StartTrip;German;2;5
308;99;StartTrip;Russian;5;1
309;99;StartTrip;English;6;2
310;101;FinishTrip;0;Chinese;3
311;101;FinishTrip;0;German;5
312;101;StartTrip;Chinese;3;5
313;101;StartTrip;German;5;2
314;102;FinishTrip;American;4
315;102;FinishTrip;German;2
316;102;StartTrip;American;4;2
317;102;StartTrip;German;2;4
318;103;FinishTrip;Russian;1
319;103;FinishTrip;Chinese;5
320;103;FinishTrip;0;German;4
321;103;FinishTrip;0;American;2
322;103;StartTrip;Russian;1;3
323;103;StartTrip;American;2;4
324;103;StartTrip;Chinese;5;3
325;103;StartTrip;German;4;2
326;104;FinishTrip;German;2
327;104;FinishTrip;American;4
328;104;FinishTrip;1;English;2
329;104;StartTrip;German;2;4
330;104;StartTrip;English;2;6
331;104;StartTrip;American;4;1
332;105;FinishTrip;0;German;4
333;105;StartTrip;German;4;2
334;106;FinishTrip;German;2
335;106;FinishTrip;0;American;1
336;106;StartTrip;German;2;3
337;106;StartTrip;American;1;4
338;107;FinishTrip;0;Chinese;3
339;107;StartTrip;Chinese;3;5
340;108;FinishTrip;American;4
341;108;StartTrip;American;4;5
342;109;FinishTrip;Chinese;5
343;109;StartTrip;Chinese;5;6
344;110;FinishTrip;0;German;3
345;110;StartTrip;German;3;2
346;111;FinishTrip;0;Russian;3
347;111;StartTrip;Russian;3;1
348;113;FinishTrip;German;2
349;113;StartTrip;German;2;5
350;114;FinishTrip;English;6
351;114;FinishTrip;1;Chinese;6
352;114;FinishTrip;0;American;5
353;114;ChangePet;2;English;Chinese;Fish;Bear
354;114;StartTrip;English;6;4
355;114;StartTrip;American;5;4
356;114;StartTrip;Chinese;6;5
357;115;FinishTrip;0;German;5
358;115;FinishTrip;0;English;4
359;115;StartTrip;German;5;2
360;115;StartTrip;English;4;6
361;116;FinishTrip;German;2
362;116;StartTrip;German;2;1
363;117;FinishTrip;Chinese;5
364;117;StartTrip;Chinese;5;3
365;118;FinishTrip;English;6
366;118;FinishTrip;American;4
367;118;StartTrip;English;6;2
368;118;StartTrip;American;4;5
369;121;FinishTrip;0;German;1
370;121;FinishTrip;0;Chinese;3
371;121;StartTrip;German;1;2
372;121;StartTrip;Chinese;3;5
373;123;FinishTrip;Chinese;5
374;123;FinishTrip;0;English;2
375;123;StartTrip;Chinese;5;6
376;123;StartTrip;English;2;6
377;124;FinishTrip;0;American;5
378;124;StartTrip;American;5;4
379;127;FinishTrip;German;2
380;127;StartTrip;German;2;6
381;128;FinishTrip;American;4
382;128;FinishTrip;0;Chinese;6
383;128;StartTrip;American;4;1
384;128;StartTrip;Chinese;6;5
385;130;FinishTrip;0;American;1
386;130;StartTrip;American;1;4
387;131;FinishTrip;Chinese;5
388;131;StartTrip;Chinese;5;3
389;132;FinishTrip;American;4
390;132;StartTrip;American;4;1
391;133;FinishTrip;English;6
392;133;FinishTrip;0;French;1
393;133;StartTrip;English;6;3
394;133;StartTrip;French;1;3
395;134;FinishTrip;0;American;1
396;134;StartTrip;American;1;4
397;135;FinishTrip;0;Chinese;3
398;135;FinishTrip;0;English;3
399;135;StartTrip;Chinese;3;5
400;135;StartTrip;English;3;6
401;136;FinishTrip;American;4
402;136;StartTrip;American;4;6
403;137;FinishTrip;Chinese;5
404;137;FinishTrip;0;German;6
405;137;StartTrip;Chinese;5;6
406;137;StartTrip;German;6;2
407;139;FinishTrip;English;6
408;139;FinishTrip;1;American;6
409;139;ChangePet;2;English;American;Humpster;Fish
410;139;StartTrip;English;6;5
411;139;StartTrip;American;6;4
412;140;FinishTrip;American;4
413;140;StartTrip;American;4;3
414;141;FinishTrip;French;3
415;141;StartTrip;French;3;4
416;142;FinishTrip;German;2
417;142;FinishTrip;0;Chinese;6
418;142;FinishTrip;0;English;5
419;142;StartTrip;German;2;5
420;142;StartTrip;English;5;6
421;142;StartTrip;Chinese;6;5
422;143;FinishTrip;0;American;3
423;143;StartTrip;American;3;4
424;144;FinishTrip;0;German;5
425;144;StartTrip;German;5;2
426;145;FinishTrip;Chinese;5
427;145;FinishTrip;German;2
428;145;StartTrip;Chinese;5;2
429;145;StartTrip;German;2;4
430;146;FinishTrip;0;French;4
431;146;FinishTrip;0;German;4
432;146;FinishTrip;0;Chinese;2
433;146;StartTrip;French;4;3
434;146;StartTrip;Chinese;2;5
435;146;StartTrip;German;4;2
436;147;FinishTrip;English;6
437;147;FinishTrip;German;2
438;147;StartTrip;English;6;3
439;147;StartTrip;German;2;5
440;148;FinishTrip;American;4
441;148;FinishTrip;Chinese;5
442;148;StartTrip;American;4;5
443;148;StartTrip;Chinese;5;4
444;149;FinishTrip;1;French;3
445;149;FinishTrip;0;German;5
446;149;FinishTrip;English;3
447;149;ChangePet;2;English;French;Zebra;Humpster
448;149;changeHouse;2;English;French;3;6
449;149;StartTrip;French;3;6
450;149;StartTrip;English;3;6
451;149;StartTrip;German;5;2
452;150;FinishTrip;German;2
453;150;StartTrip;German;2;4
454;151;FinishTrip;0;German;4
455;151;StartTrip;German;4;2
456;152;FinishTrip;German;2
457;152;FinishTrip;0;Chinese;4
458;152;StartTrip;German;2;4
459;152;StartTrip;Chinese;4;5
460;153;FinishTrip;1;French;6
461;153;FinishTrip;English;6
462;153;FinishTrip;0;German;4
463;153;ChangePet;2;English;French;Humpster;Zebra
464;153;changeHouse;2;English;French;6;3
465;153;StartTrip;French;6;3
466;153;StartTrip;German;4;2
467;153;StartTrip;English;6;3
468;154;FinishTrip;German;2
469;154;FinishTrip;0;American;5
470;154;StartTrip;German;2;5
471;154;StartTrip;American;5;4
472;155;FinishTrip;1;French;3
473;155;FinishTrip;English;3
474;155;ChangePet;2;English;French;Zebra;Humpster
475;155;changeHouse;2;English;French;3;6
476;155;StartTrip;French;3;6
477;155;StartTrip;English;3;5
478;156;FinishTrip;0;German;5
479;156;StartTrip;German;5;2
480;157;FinishTrip;German;2
481;157;FinishTrip;0;English;5
482;157;StartTrip;German;2;5
483;157;StartTrip;English;5;3
484;158;FinishTrip;Chinese;5
485;158;FinishTrip;American;4
486;158;StartTrip;Chinese;5;1
487;158;StartTrip;American;4;3
488;159;FinishTrip;French;6
489;159;FinishTrip;0;German;5
490;159;StartTrip;French;6;3
491;159;StartTrip;German;5;2
492;160;FinishTrip;German;2
493;160;StartTrip;German;2;1
494;161;FinishTrip;1;English;3
495;161;FinishTrip;1;American;3
496;161;FinishTrip;French;3
497;161;ChangePet;3;English;French;American;Humpster;Fish;Zebra
498;161;changeHouse;2;English;American;4;3
499;161;changeHouse;3;English;French;American;6;3;4
500;161;StartTrip;English;3;6
501;161;StartTrip;French;3;6
502;161;StartTrip;American;3;4
503;162;FinishTrip;0;Chinese;1
504;162;StartTrip;Chinese;1;5
505;163;FinishTrip;Russian;1
506;163;StartTrip;Russian;1;4
507;165;FinishTrip;Chinese;5
508;165;FinishTrip;1;English;6
509;165;FinishTrip;0;German;1
510;165;FinishTrip;0;Russian;4
511;165;FinishTrip;French;6
512;165;ChangePet;2;English;French;Fish;Humpster
513;165;changeHouse;2;English;French;3;6
514;165;StartTrip;Chinese;5;1
515;165;StartTrip;English;6;3
516;165;StartTrip;French;6;3
517;165;StartTrip;Russian;4;1
518;165;StartTrip;German;1;2
519;166;FinishTrip;American;4
520;166;StartTrip;American;4;5
521;167;FinishTrip;1;English;3
522;167;FinishTrip;Russian;1
523;167;FinishTrip;French;3
524;167;ChangePet;2;English;French;Humpster;Fish
525;167;changeHouse;2;English;French;6;3
526;167;StartTrip;English;3;6
527;167;StartTrip;French;3;2
528;167;StartTrip;Russian;1;5
529;169;FinishTrip;0;Chinese;1
530;169;StartTrip;Chinese;1;5
531;170;FinishTrip;0;Russian;5
532;170;FinishTrip;0;French;2
533;170;StartTrip;Russian;5;1
534;170;StartTrip;French;2;3
535;171;FinishTrip;German;2
536;171;FinishTrip;English;6
537;171;StartTrip;German;2;1
538;171;StartTrip;English;6;3
539;172;FinishTrip;Chinese;5
540;172;FinishTrip;1;American;5
541;172;StartTrip;Chinese;5;6
542;172;StartTrip;American;5;4
543;173;FinishTrip;0;English;3
544;173;StartTrip;English;3;6
545;174;FinishTrip;Russian;1
546;174;FinishTrip;French;3
547;174;StartTrip;Russian;1;4
548;174;StartTrip;French;3;2
549;176;FinishTrip;1;American;4
550;176;FinishTrip;0;German;1
551;176;FinishTrip;Russian;4
552;176;ChangePet;2;Russian;American;Zebra;Dog
553;176;changeHouse;2;Russian;American;4;1
554;176;StartTrip;American;4;1
555;176;StartTrip;Russian;4;2
556;176;StartTrip;German;1;2
557;177;FinishTrip;1;English;6
558;177;FinishTrip;0;French;2
559;177;FinishTrip;Chinese;6
560;177;FinishTrip;0;Russian;2
561;177;ChangePet;2;English;Chinese;Bear;Humpster
562;177;changeHouse;2;English;Chinese;5;6
563;177;StartTrip;English;6;5
564;177;StartTrip;Russian;2;4
565;177;StartTrip;French;2;3
566;177;StartTrip;Chinese;6;2
567;178;FinishTrip;American;1
568;178;FinishTrip;Russian;4
569;178;StartTrip;American;1;4
570;178;StartTrip;Russian;4;1
571;180;FinishTrip;English;5
572;180;FinishTrip;0;Russian;1
573;180;FinishTrip;0;American;4
574;180;StartTrip;English;5;3
575;180;StartTrip;American;4;1
576;180;StartTrip;Russian;1;4
577;181;FinishTrip;French;3
578;181;StartTrip;French;3;5
579;182;FinishTrip;Russian;4
580;182;FinishTrip;1;German;2
581;182;FinishTrip;American;1
582;182;FinishTrip;Chinese;2
583;182;ChangePet;2;Chinese;German;Cat;Humpster
584;182;changeHouse;2;Chinese;German;2;6
585;182;StartTrip;Russian;4;6
586;182;StartTrip;Chinese;2;3
587;182;StartTrip;German;2;6
588;182;StartTrip;American;1;2
589;183;FinishTrip;0;French;5
590;183;StartTrip;French;5;3
591;184;FinishTrip;0;English;3
592;184;StartTrip;English;3;5
593;185;FinishTrip;0;Russian;6
594;185;StartTrip;Russian;6;4
595;186;FinishTrip;English;5
596;186;FinishTrip;Russian;4
597;186;FinishTrip;0;Chinese;3
598;186;StartTrip;English;5;4
599;186;StartTrip;Chinese;3;2
600;186;StartTrip;Russian;4;1
601;187;FinishTrip;French;3
602;187;StartTrip;French;3;6
603;188;FinishTrip;0;Russian;1
604;188;FinishTrip;0;American;2
605;188;StartTrip;Russian;1;4
606;188;StartTrip;American;2;1
607;189;FinishTrip;Chinese;2
608;189;StartTrip;Chinese;2;5
609;190;FinishTrip;1;Russian;4
610;190;FinishTrip;English;4
611;190;ChangePet;2;Russian;English;Bear;Zebra
612;190;changeHouse;2;Russian;English;5;4
613;190;StartTrip;Russian;4;5
614;190;StartTrip;English;4;6
615;191;FinishTrip;0;French;6
616;191;FinishTrip;0;Chinese;5
617;191;StartTrip;French;6;3
618;191;StartTrip;Chinese;5;2
619;192;FinishTrip;German;6
620;192;FinishTrip;Chinese;2
621;192;StartTrip;German;6;1
622;192;StartTrip;Chinese;2;3
623;193;FinishTrip;French;3
624;193;FinishTrip;American;1
625;193;FinishTrip;0;English;6
626;193;StartTrip;French;3;6
627;193;StartTrip;English;6;4
628;193;StartTrip;American;1;2
629;194;FinishTrip;English;4
630;194;StartTrip;English;4;6
631;196;FinishTrip;Russian;5
632;196;FinishTrip;0;Chinese;3
633;196;FinishTrip;0;German;1
634;196;StartTrip;Russian;5;1
635;196;StartTrip;German;1;6
636;196;StartTrip;Chinese;3;2
637;197;FinishTrip;German;6
638;197;FinishTrip;1;French;6
639;197;FinishTrip;1;English;6
640;197;ChangePet;3;English;German;French;Humpster;Fish;Zebra
641;197;changeHouse;2;German;French;3;6
642;197;changeHouse;2;German;French;6;3
643;197;StartTrip;German;6;1
644;197;StartTrip;English;6;4
645;197;StartTrip;French;6;3
646;198;FinishTrip;English;4
647;198;StartTrip;English;4;3
648;199;FinishTrip;French;3
649;199;FinishTrip;Chinese;2
650;199;FinishTrip;1;American;2
651;199;ChangePet;2;Chinese;American;Dog;Cat
652;199;StartTrip;French;3;5
653;199;StartTrip;American;2;1
654;199;StartTrip;Chinese;2;6
655;200;FinishTrip;0;Russian;1
656;200;StartTrip;Russian;1;5
657;201;FinishTrip;0;English;3
658;201;FinishTrip;0;German;1
659;201;FinishTrip;0;French;5
660;201;StartTrip;English;3;4
661;201;StartTrip;French;5;3
662;201;StartTrip;German;1;6
663;202;FinishTrip;German;6
664;202;StartTrip;German;6;5
665;203;FinishTrip;Russian;5
666;203;StartTrip;Russian;5;4
667;204;FinishTrip;American;1
668;204;StartTrip;American;1;5
669;205;FinishTrip;French;3
670;205;FinishTrip;0;German;5
671;205;StartTrip;French;3;2
672;205;StartTrip;German;5;6
673;206;FinishTrip;English;4
674;206;StartTrip;English;4;1
675;207;FinishTrip;0;Russian;4
676;207;FinishTrip;0;American;5
677;207;StartTrip;Russian;4;5
678;207;StartTrip;American;5;1
679;208;FinishTrip;0;English;1
680;208;FinishTrip;0;French;2
681;208;StartTrip;English;1;4
682;208;StartTrip;French;2;3
683;209;FinishTrip;0;Chinese;6
684;209;StartTrip;Chinese;6;2
685;210;FinishTrip;German;6
686;210;FinishTrip;English;4
687;210;StartTrip;German;6;2
688;210;StartTrip;English;4;1
689;211;FinishTrip;American;1
690;211;StartTrip;American;1;5
691;212;FinishTrip;French;3
692;212;FinishTrip;0;English;1
693;212;StartTrip;French;3;6
694;212;StartTrip;English;1;4
695;213;FinishTrip;Russian;5
696;213;StartTrip;Russian;5;1
697;214;FinishTrip;English;4
698;214;FinishTrip;Chinese;2
699;214;FinishTrip;0;American;5
700;214;StartTrip;English;4;5
701;214;StartTrip;American;5;1
702;214;StartTrip;Chinese;2;5
703;215;FinishTrip;0;German;2
704;215;StartTrip;German;2;6
705;216;FinishTrip;0;Chinese;5
706;216;FinishTrip;0;French;6
707;216;StartTrip;Chinese;5;2
708;216;StartTrip;French;6;3
709;217;FinishTrip;Chinese;2
710;217;FinishTrip;0;Russian;1
711;217;StartTrip;Chinese;2;6
712;217;StartTrip;Russian;1;5
713;218;FinishTrip;French;3
714;218;FinishTrip;American;1
715;218;StartTrip;French;3;6
716;218;StartTrip;American;1;6
717;219;FinishTrip;0;American;6
718;219;StartTrip;American;6;1
719;220;FinishTrip;1;Russian;5
720;220;FinishTrip;English;5
721;220;changeHouse;2;Russian;English;4;5
722;220;StartTrip;Russian;5;4
723;220;StartTrip;English;5;2
724;221;FinishTrip;0;English;2
725;221;StartTrip;English;2;5
726;222;FinishTrip;0;French;6
727;222;StartTrip;French;6;3
728;223;FinishTrip;American;1
729;223;FinishTrip;English;5
730;223;StartTrip;American;1;2
731;223;StartTrip;English;5;2
732;224;FinishTrip;French;3
733;224;FinishTrip;Russian;4
734;224;FinishTrip;0;English;2
735;224;StartTrip;French;3;5
736;224;StartTrip;English;2;5
737;224;StartTrip;Russian;4;1
738;225;FinishTrip;German;6
739;225;StartTrip;German;6;1
740;226;FinishTrip;English;5
741;226;FinishTrip;0;Russian;1
742;226;FinishTrip;1;French;5
743;226;ChangePet;2;English;French;Zebra;Humpster
744;226;StartTrip;English;5;2
745;226;StartTrip;French;5;3
746;226;StartTrip;Russian;1;4
747;227;FinishTrip;0;Chinese;6
748;227;FinishTrip;0;English;2
749;227;StartTrip;Chinese;6;2
750;227;StartTrip;English;2;5
751;228;FinishTrip;Russian;4
752;228;StartTrip;Russian;4;3
753;229;FinishTrip;English;5
754;229;FinishTrip;0;American;2
755;229;FinishTrip;0;German;1
756;229;StartTrip;English;5;6
757;229;StartTrip;German;1;6
758;229;StartTrip;American;2;1
759;230;FinishTrip;French;3
760;230;FinishTrip;German;6
761;230;StartTrip;French;3;1
762;230;StartTrip;German;6;2
763;231;FinishTrip;0;Russian;3
764;231;StartTrip;Russian;3;4
765;232;FinishTrip;Chinese;2
766;232;StartTrip;Chinese;2;3
767;234;FinishTrip;American;1
768;234;FinishTrip;0;English;6
769;234;StartTrip;American;1;6
770;234;StartTrip;English;6;5
771;235;FinishTrip;0;German;2
772;235;FinishTrip;0;American;6
773;235;StartTrip;German;2;6
774;235;StartTrip;American;6;1
775;236;FinishTrip;Russian;4
776;236;FinishTrip;0;Chinese;3
777;236;StartTrip;Russian;4;2
778;236;StartTrip;Chinese;3;2
779;237;FinishTrip;English;5
780;237;FinishTrip;0;Russian;2
781;237;StartTrip;English;5;2
782;237;StartTrip;Russian;2;4
783;238;FinishTrip;Russian;4
784;238;FinishTrip;0;English;2
785;238;StartTrip;Russian;4;6
786;238;StartTrip;English;2;5
787;239;FinishTrip;Chinese;2
788;239;FinishTrip;American;1
789;239;StartTrip;Chinese;2;4
790;239;StartTrip;American;1;5
791;240;FinishTrip;English;5
792;240;FinishTrip;0;Chinese;4
793;240;StartTrip;English;5;6
794;240;StartTrip;Chinese;4;2
795;241;FinishTrip;Chinese;2
796;241;FinishTrip;0;Russian;6
797;241;StartTrip;Chinese;2;4
798;241;StartTrip;Russian;6;4
799;242;FinishTrip;Russian;4
800;242;FinishTrip;0;American;5
801;242;FinishTrip;1;Chinese;4
802;242;StartTrip;Russian;4;6
803;242;StartTrip;Chinese;4;2
804;242;StartTrip;American;5;1
805;243;FinishTrip;Chinese;2
806;243;StartTrip;Chinese;2;1
807;245;FinishTrip;1;German;6
808;245;FinishTrip;1;English;6
809;245;FinishTrip;Russian;6
810;245;ChangePet;3;Russian;English;German;Zebra;Fish;Bear
811;245;changeHouse;2;English;German;6;5
812;245;changeHouse;3;Russian;English;German;6;5;4
813;245;StartTrip;German;6;4
814;245;StartTrip;Russian;6;5
815;245;StartTrip;English;6;5
816;246;FinishTrip;American;1
817;246;FinishTrip;German;4
818;246;StartTrip;American;1;3
819;246;StartTrip;German;4;6
820;248;FinishTrip;1;English;5
821;248;FinishTrip;0;Chinese;1
822;248;FinishTrip;Russian;5
823;248;ChangePet;2;Russian;English;Fish;Zebra
824;248;changeHouse;2;Russian;English;5;6
825;248;StartTrip;English;5;6
826;248;StartTrip;Russian;5;1
827;248;StartTrip;Chinese;1;2
828;249;FinishTrip;0;German;6
829;249;StartTrip;German;6;4
830;250;FinishTrip;German;4
831;250;StartTrip;German;4;1
832;252;FinishTrip;0;Russian;1
833;252;FinishTrip;0;German;1
834;252;StartTrip;Russian;1;5
835;252;StartTrip;German;1;4
836;253;FinishTrip;English;6
837;253;StartTrip;English;6;1
838;254;FinishTrip;Chinese;2
839;254;FinishTrip;German;4
840;254;FinishTrip;0;American;3
841;254;StartTrip;Chinese;2;4
842;254;StartTrip;American;3;1
843;254;StartTrip;German;4;2
844;255;FinishTrip;Russian;5
845;255;FinishTrip;0;German;2
846;255;FinishTrip;0;Chinese;4
847;255;StartTrip;Russian;5;3
848;255;StartTrip;Chinese;4;2
849;255;StartTrip;German;2;4
850;256;FinishTrip;Chinese;2
851;256;FinishTrip;German;4
852;256;StartTrip;Chinese;2;5
853;256;StartTrip;German;4;1
854;257;FinishTrip;0;English;1
855;257;StartTrip;English;1;6
856;258;FinishTrip;English;6
857;258;FinishTrip;0;German;1
858;258;FinishTrip;0;Chinese;5
859;258;StartTrip;English;6;3
860;258;StartTrip;Chinese;5;2
861;258;StartTrip;German;1;4
862;259;FinishTrip;Chinese;2
863;259;FinishTrip;0;Russian;3
864;259;StartTrip;Chinese;2;6
865;259;StartTrip;Russian;3;5
866;260;FinishTrip;German;4
867;260;FinishTrip;0;English;3
868;260;StartTrip;German;4;1
869;260;StartTrip;English;3;6
870;261;FinishTrip;Russian;5
871;261;StartTrip;Russian;5;6
872;262;FinishTrip;0;German;1
873;262;StartTrip;German;1;4
874;264;FinishTrip;English;6
875;264;FinishTrip;German;4
876;264;StartTrip;English;6;2
877;264;StartTrip;German;4;1
878;266;FinishTrip;0;Russian;6
879;266;FinishTrip;0;German;1
880;266;StartTrip;Russian;6;5
881;266;StartTrip;German;1;4
882;268;FinishTrip;German;4
883;268;StartTrip;German;4;3
884;269;FinishTrip;Russian;5
885;269;FinishTrip;0;Chinese;6
886;269;FinishTrip;0;English;2
887;269;StartTrip;Russian;5;2
888;269;StartTrip;English;2;6
889;269;StartTrip;Chinese;6;2
890;270;FinishTrip;0;Russian;2
891;270;StartTrip;Russian;2;5
892;271;FinishTrip;0;German;3
893;271;StartTrip;German;3;4
894;272;FinishTrip;Russian;5
895;272;StartTrip;Russian;5;3
896;274;FinishTrip;Chinese;2
897;274;StartTrip;Chinese;2;1
898;276;FinishTrip;German;4
899;276;FinishTrip;0;Russian;3
900;276;StartTrip;German;4;5
901;276;StartTrip;Russian;3;5
902;278;FinishTrip;Russian;5
903;278;StartTrip;Russian;5;2
904;279;FinishTrip;English;6
905;279;FinishTrip;0;Chinese;1
906;279;FinishTrip;0;Russian;2
907;279;StartTrip;English;6;3
908;279;StartTrip;Russian;2;5
909;279;StartTrip;Chinese;1;2
910;281;FinishTrip;Russian;5
911;281;FinishTrip;0;English;3
912;281;StartTrip;Russian;5;1
913;281;StartTrip;English;3;6
914;282;FinishTrip;0;German;5
915;282;FinishTrip;0;French;1
916;282;StartTrip;German;5;4
917;282;StartTrip;French;1;3
918;285;FinishTrip;English;6
919;285;FinishTrip;Chinese;2
920;285;FinishTrip;0;Russian;1
921;285;StartTrip;English;6;4
922;285;StartTrip;Russian;1;5
923;285;StartTrip;Chinese;2;4
924;286;FinishTrip;German;4
925;286;FinishTrip;1;Chinese;4
926;286;FinishTrip;1;English;4
927;286;ChangePet;3;English;Chinese;German;Dog;Bear;Zebra
928;286;StartTrip;German;4;2
929;286;StartTrip;English;4;6
930;286;StartTrip;Chinese;4;2
931;287;FinishTrip;1;Chinese;2
932;287;FinishTrip;German;2
933;287;changeHouse;2;Chinese;German;4;2
934;287;StartTrip;Chinese;2;4
935;287;StartTrip;German;2;6
936;288;FinishTrip;Russian;5
937;288;FinishTrip;Chinese;4
938;288;StartTrip;Russian;5;6
939;288;StartTrip;Chinese;4;5
940;289;FinishTrip;English;6
941;289;StartTrip;English;6;2
942;290;FinishTrip;French;3
943;290;StartTrip;French;3;1
944;293;FinishTrip;0;Russian;6
945;293;StartTrip;Russian;6;5
946;294;FinishTrip;0;Chinese;5
947;294;FinishTrip;0;English;2
948;294;StartTrip;Chinese;5;4
949;294;StartTrip;English;2;6
950;296;FinishTrip;Russian;5
951;296;StartTrip;Russian;5;2
952;297;FinishTrip;0;German;6
953;297;FinishTrip;0;Russian;2
954;297;StartTrip;German;6;2
955;297;StartTrip;Russian;2;5
956;298;FinishTrip;Chinese;4
957;298;StartTrip;Chinese;4;5
958;299;FinishTrip;Russian;5
959;299;StartTrip;Russian;5;1
960;302;FinishTrip;German;2
961;302;StartTrip;German;2;4
962;303;FinishTrip;0;Russian;1
963;303;FinishTrip;0;German;4
964;303;StartTrip;Russian;1;5
965;303;StartTrip;German;4;2
966;304;FinishTrip;English;6
967;304;FinishTrip;German;2
968;304;FinishTrip;0;Chinese;5
969;304;StartTrip;English;6;4
970;304;StartTrip;Chinese;5;4
971;304;StartTrip;German;2;6
972;305;FinishTrip;0;English;4
973;305;StartTrip;English;4;6
974;306;FinishTrip;Russian;5
975;306;FinishTrip;American;1
976;306;StartTrip;Russian;5;3
977;306;StartTrip;American;1;3
978;308;FinishTrip;English;6
979;308;FinishTrip;Chinese;4
980;308;StartTrip;English;6;5
981;308;StartTrip;Chinese;4;5
982;310;FinishTrip;0;Russian;3
983;310;StartTrip;Russian;3;5
984;311;FinishTrip;0;English;5
985;311;StartTrip;English;5;6
986;312;FinishTrip;Russian;5
987;312;StartTrip;Russian;5;3
988;314;FinishTrip;0;German;6
989;314;FinishTrip;0;American;3
990;314;FinishTrip;0;Chinese;5
991;314;StartTrip;German;6;2
992;314;StartTrip;Chinese;5;4
993;314;StartTrip;American;3;1
994;316;FinishTrip;English;6
995;316;FinishTrip;0;Russian;3
996;316;StartTrip;English;6;4
997;316;StartTrip;Russian;3;5
998;317;FinishTrip;0;English;4
999;317;StartTrip;English;4;6
1000;318;FinishTrip;Russian;5
1001;318;FinishTrip;Chinese;4
1002;318;StartTrip;Russian;5;6
1003;318;StartTrip;Chinese;4;3
1004;319;FinishTrip;German;2
1005;319;StartTrip;German;2;4
1006;320;FinishTrip;English;6
1007;320;FinishTrip;0;German;4
1008;320;StartTrip;English;6;5
1009;320;StartTrip;German;4;2
1010;321;FinishTrip;German;2
1011;321;FinishTrip;0;Chinese;3
1012;321;StartTrip;German;2;1
1013;321;StartTrip;Chinese;3;4
1014;323;FinishTrip;0;Russian;6
1015;323;FinishTrip;0;English;5
1016;323;StartTrip;Russian;6;5
1017;323;StartTrip;English;5;6
1018;326;FinishTrip;Chinese;4
1019;326;FinishTrip;Russian;5
1020;326;FinishTrip;0;German;1
1021;326;StartTrip;Chinese;4;5
1022;326;StartTrip;German;1;2
1023;326;StartTrip;Russian;5;6
1024;328;FinishTrip;English;6
1025;328;StartTrip;English;6;5
1026;331;FinishTrip;0;Russian;6
1027;331;FinishTrip;0;English;5
1028;331;StartTrip;Russian;6;5
1029;331;StartTrip;English;5;6
1030;332;FinishTrip;German;2
1031;332;FinishTrip;0;Chinese;5
1032;332;StartTrip;German;2;6
1033;332;StartTrip;Chinese;5;4
1034;334;FinishTrip;Russian;5
1035;334;StartTrip;Russian;5;4
1036;336;FinishTrip;English;6
1037;336;FinishTrip;Chinese;4
1038;336;StartTrip;English;6;5
1039;336;StartTrip;Chinese;4;6
1040;338;FinishTrip;0;Russian;4
1041;338;StartTrip;Russian;4;5
1042;339;FinishTrip;0;Chinese;6
1043;339;FinishTrip;0;English;5
1044;339;StartTrip;Chinese;6;4
1045;339;StartTrip;English;5;6
1046;340;FinishTrip;Chinese;4
1047;340;StartTrip;Chinese;4;5
1048;342;FinishTrip;0;German;6
1049;342;FinishTrip;0;French;1
1050;342;StartTrip;German;6;2
1051;342;StartTrip;French;1;3
1052;344;FinishTrip;Russian;5
1053;344;FinishTrip;English;6
1054;344;StartTrip;Russian;5;2
1055;344;StartTrip;English;6;4
1056;345;FinishTrip;0;Russian;2
1057;345;FinishTrip;0;English;4
1058;345;StartTrip;Russian;2;5
1059;345;StartTrip;English;4;6
1060;346;FinishTrip;0;Chinese;5
1061;346;StartTrip;Chinese;5;4
1062;347;FinishTrip;German;2
1063;347;FinishTrip;Russian;5
1064;347;StartTrip;German;2;3
1065;347;StartTrip;Russian;5;1
1066;348;FinishTrip;English;6
1067;348;StartTrip;English;6;3
1068;350;FinishTrip;Chinese;4
1069;350;FinishTrip;French;3
1070;350;FinishTrip;1;English;3
1071;350;ChangePet;2;English;French;Humpster;Dog
1072;350;StartTrip;Chinese;4;1
1073;350;StartTrip;English;3;6
1074;350;StartTrip;French;3;1
1075;351;FinishTrip;0;German;3
1076;351;FinishTrip;0;Russian;1
1077;351;StartTrip;German;3;2
1078;351;StartTrip;Russian;1;5
1079;352;FinishTrip;0;Chinese;1
1080;352;StartTrip;Chinese;1;4
1081;354;FinishTrip;Russian;5
1082;354;FinishTrip;Chinese;4
1083;354;FinishTrip;English;6
1084;354;FinishTrip;German;2
1085;354;StartTrip;Russian;5;6
1086;354;StartTrip;German;2;6
1087;354;StartTrip;Chinese;4;5
1088;354;StartTrip;English;6;1
1089;358;FinishTrip;0;English;1
1090;358;StartTrip;English;1;6
1091;359;FinishTrip;1;English;6
1092;359;FinishTrip;Russian;6
1093;359;ChangePet;2;Russian;English;Humpster;Fish
1094;359;changeHouse;2;Russian;English;6;5
1095;359;StartTrip;English;6;5
1096;359;StartTrip;Russian;6;3
1097;360;FinishTrip;0;Chinese;5
1098;360;StartTrip;Chinese;5;4
1099;361;FinishTrip;0;Russian;3
1100;361;StartTrip;Russian;3;6
1101;362;FinishTrip;English;5
1102;362;StartTrip;English;5;1
1103;364;FinishTrip;Chinese;4
1104;364;FinishTrip;0;German;6
1105;364;StartTrip;Chinese;4;5
1106;364;StartTrip;German;6;2
1107;365;FinishTrip;Russian;6
1108;365;StartTrip;Russian;6;1
1109;366;FinishTrip;American;1
1110;366;FinishTrip;1;English;1
1111;366;ChangePet;2;English;American;Cat;Fish
1112;366;StartTrip;American;1;4
1113;366;StartTrip;English;1;5
1114;368;FinishTrip;0;American;4
1115;368;StartTrip;American;4;1
1116;369;FinishTrip;English;5
1117;369;FinishTrip;German;2
1118;369;FinishTrip;0;Russian;1
1119;369;StartTrip;English;5;6
1120;369;StartTrip;Russian;1;6
1121;369;StartTrip;German;2;6
1122;370;FinishTrip;American;1
1123;370;FinishTrip;Russian;6
1124;370;FinishTrip;0;Chinese;5
1125;370;StartTrip;American;1;4
1126;370;StartTrip;Chinese;5;4
1127;370;StartTrip;Russian;6;4
1128;371;FinishTrip;0;Russian;4
1129;371;StartTrip;Russian;4;6
1130;372;FinishTrip;0;American;4
1131;372;StartTrip;American;4;1
1132;374;FinishTrip;1;Russian;6
1133;374;FinishTrip;American;1
1134;374;FinishTrip;Chinese;4
1135;374;FinishTrip;English;6
1136;374;ChangePet;2;Russian;English;Cat;Humpster
1137;374;changeHouse;2;Russian;English;5;6
1138;374;StartTrip;Russian;6;5
1139;374;StartTrip;English;6;4
1140;374;StartTrip;American;1;3
1141;374;StartTrip;Chinese;4;1
1142;375;FinishTrip;0;English;4
1143;375;StartTrip;English;4;6
1144;376;FinishTrip;0;Chinese;1
1145;376;StartTrip;Chinese;1;4
1146;377;FinishTrip;Russian;5
1147;377;StartTrip;Russian;5;3
1148;378;FinishTrip;English;6
1149;378;FinishTrip;Chinese;4
1150;378;StartTrip;English;6;2
1151;378;StartTrip;Chinese;4;1
1152;379;FinishTrip;0;German;6
1153;379;StartTrip;German;6;2
1154;380;FinishTrip;0;Chinese;1
1155;380;StartTrip;Chinese;1;4
1156;381;FinishTrip;0;Russian;3
1157;381;StartTrip;Russian;3;5
1158;382;FinishTrip;Chinese;4
1159;382;FinishTrip;0;American;3
1160;382;StartTrip;Chinese;4;1
1161;382;StartTrip;American;3;1
1162;383;FinishTrip;Russian;5
1163;383;FinishTrip;0;English;2
1164;383;StartTrip;Russian;5;6
1165;383;StartTrip;English;2;6
1166;384;FinishTrip;German;2
1167;384;FinishTrip;0;Chinese;1
1168;384;StartTrip;German;2;4
1169;384;StartTrip;Chinese;1;4
1170;385;FinishTrip;0;German;4
1171;385;StartTrip;German;4;2
1172;386;FinishTrip;Chinese;4
1173;386;FinishTrip;German;2
1174;386;StartTrip;Chinese;4;3
1175;386;StartTrip;German;2;1
1176;388;FinishTrip;0;Russian;6
1177;388;StartTrip;Russian;6;5
1178;389;FinishTrip;0;Chinese;3
1179;389;StartTrip;Chinese;3;4
1180;391;FinishTrip;Russian;5
1181;391;FinishTrip;0;German;1
1182;391;StartTrip;Russian;5;1
1183;391;StartTrip;German;1;2
1184;393;FinishTrip;English;6
1185;393;StartTrip;English;6;4
1186;394;FinishTrip;1;Chinese;4
1187;394;FinishTrip;English;4
1188;394;ChangePet;2;English;Chinese;Bear;Humpster
1189;394;changeHouse;2;English;Chinese;4;6
1190;394;StartTrip;Chinese;4;6
1191;394;StartTrip;English;4;6
1192;395;FinishTrip;0;Russian;1
1193;395;StartTrip;Russian;1;5
1194;397;FinishTrip;German;2
1195;397;FinishTrip;1;Chinese;6
1196;397;FinishTrip;English;6
1197;397;ChangePet;2;English;Chinese;Humpster;Bear
1198;397;changeHouse;2;English;Chinese;6;4
1199;397;StartTrip;German;2;3
1200;397;StartTrip;English;6;2
1201;397;StartTrip;Chinese;6;4
1202;398;FinishTrip;Russian;5
1203;398;FinishTrip;Chinese;4
1204;398;StartTrip;Russian;5;6
1205;398;StartTrip;Chinese;4;6
1206;401;FinishTrip;0;German;3
1207;401;FinishTrip;0;Chinese;6
1208;401;StartTrip;German;3;2
1209;401;StartTrip;Chinese;6;4
1210;402;FinishTrip;Chinese;4
1211;402;FinishTrip;0;English;2
1212;402;FinishTrip;0;French;1
1213;402;StartTrip;Chinese;4;6
1214;402;StartTrip;French;1;3
1215;402;StartTrip;English;2;6
1216;403;FinishTrip;0;Russian;6
1217;403;StartTrip;Russian;6;5
1218;404;FinishTrip;German;2
1219;404;StartTrip;German;2;4
1220;405;FinishTrip;0;Chinese;6
1221;405;FinishTrip;0;German;4
1222;405;StartTrip;Chinese;6;4
1223;405;StartTrip;German;4;2
1224;406;FinishTrip;Russian;5
1225;406;FinishTrip;German;2
1226;406;FinishTrip;Chinese;4
1227;406;StartTrip;Russian;5;1
1228;406;StartTrip;Chinese;4;2
1229;406;StartTrip;German;2;6
1230;407;FinishTrip;0;Chinese;2
1231;407;StartTrip;Chinese;2;4
1232;408;FinishTrip;Chinese;4
1233;408;StartTrip;Chinese;4;2
1234;409;FinishTrip;0;Chinese;2
1235;409;StartTrip;Chinese;2;4
1236;410;FinishTrip;French;3
1237;410;FinishTrip;Chinese;4
1238;410;FinishTrip;0;Russian;1
1239;410;StartTrip;French;3;1
1240;410;StartTrip;Russian;1;5
1241;410;StartTrip;Chinese;4;2
1242;411;FinishTrip;0;Chinese;2
1243;411;StartTrip;Chinese;2;4
1244;412;FinishTrip;English;6
1245;412;FinishTrip;Chinese;4
1246;412;StartTrip;English;6;4
1247;412;StartTrip;Chinese;4;2
1248;413;FinishTrip;Russian;5
1249;413;FinishTrip;0;Chinese;2
1250;413;FinishTrip;0;English;4
1251;413;StartTrip;Russian;5;2
1252;413;StartTrip;English;4;6
1253;413;StartTrip;Chinese;2;4
1254;414;FinishTrip;Chinese;4
1255;414;FinishTrip;0;Russian;2
1256;414;StartTrip;Chinese;4;2
1257;414;StartTrip;Russian;2;5
1258;415;FinishTrip;0;Chinese;2
1259;415;StartTrip;Chinese;2;4
1260;416;FinishTrip;Russian;5
1261;416;FinishTrip;Chinese;4
1262;416;FinishTrip;1;English;6
1263;416;FinishTrip;German;6
1264;416;ChangePet;2;English;German;Zebra;Humpster
1265;416;changeHouse;2;English;German;2;6
1266;416;StartTrip;Russian;5;4
1267;416;StartTrip;German;6;2
1268;416;StartTrip;Chinese;4;6
1269;416;StartTrip;English;6;2
1270;419;FinishTrip;0;Chinese;6
1271;419;StartTrip;Chinese;6;4
1272;420;FinishTrip;1;Chinese;4
1273;420;FinishTrip;Russian;4
1274;420;ChangePet;2;Russian;Chinese;Bear;Cat
1275;420;changeHouse;2;Russian;Chinese;4;5
1276;420;StartTrip;Chinese;4;5
1277;420;StartTrip;Russian;4;6
1278;421;FinishTrip;1;English;2
1279;421;FinishTrip;German;2
1280;421;ChangePet;2;English;German;Humpster;Zebra
1281;421;changeHouse;2;English;German;6;2
1282;421;StartTrip;English;2;6
1283;421;StartTrip;German;2;3
1284;423;FinishTrip;0;Russian;6
1285;423;StartTrip;Russian;6;4
1286;424;FinishTrip;Russian;4
1287;424;StartTrip;Russian;4;1
1288;425;FinishTrip;0;German;3
1289;425;StartTrip;German;3;2
1290;426;FinishTrip;Chinese;5
1291;426;FinishTrip;0;Russian;1
1292;426;StartTrip;Chinese;5;2
1293;426;StartTrip;Russian;1;4
1294;427;FinishTrip;0;Chinese;2
1295;427;StartTrip;Chinese;2;5
1296;428;FinishTrip;Russian;4
1297;428;FinishTrip;German;2
1298;428;StartTrip;Russian;4;2
1299;428;StartTrip;German;2;6
1300;429;FinishTrip;Chinese;5
1301;429;FinishTrip;0;Russian;2
1302;429;StartTrip;Chinese;5;3
1303;429;StartTrip;Russian;2;4
1304;430;FinishTrip;Russian;4
1305;430;StartTrip;Russian;4;1
1306;431;FinishTrip;English;6
1307;431;StartTrip;English;6;3
1308;432;FinishTrip;0;Russian;1
1309;432;StartTrip;Russian;1;4
1310;433;FinishTrip;0;English;3
1311;433;FinishTrip;0;Chinese;3
1312;433;StartTrip;English;3;6
1313;433;StartTrip;Chinese;3;5
1314;434;FinishTrip;American;1
1315;434;FinishTrip;Russian;4
1316;434;StartTrip;American;1;5
1317;434;StartTrip;Russian;4;2
1318;435;FinishTrip;Chinese;5
1319;435;FinishTrip;0;Russian;2
1320;435;StartTrip;Chinese;5;4
1321;435;StartTrip;Russian;2;4
1322;436;FinishTrip;Russian;4
1323;436;StartTrip;Russian;4;1
1324;437;FinishTrip;English;6
1325;437;FinishTrip;0;American;5
1326;437;StartTrip;English;6;5
1327;437;StartTrip;American;5;1
1328;438;FinishTrip;0;German;6
1329;438;FinishTrip;0;Russian;1
1330;438;StartTrip;German;6;2
1331;438;StartTrip;Russian;1;4
1332;439;FinishTrip;0;Chinese;4
1333;439;StartTrip;Chinese;4;5
1334;440;FinishTrip;Russian;4
1335;440;FinishTrip;0;English;5
1336;440;StartTrip;Russian;4;2
1337;440;StartTrip;English;5;6
1338;441;FinishTrip;American;1
1339;441;FinishTrip;0;Russian;2
1340;441;StartTrip;American;1;3
1341;441;StartTrip;Russian;2;4
1342;442;FinishTrip;Russian;4
1343;442;StartTrip;Russian;4;2
1344;443;FinishTrip;1;German;2
1345;443;FinishTrip;Russian;2
1346;443;ChangePet;2;Russian;German;Zebra;Bear
1347;443;changeHouse;2;Russian;German;2;4
1348;443;StartTrip;German;2;4
1349;443;StartTrip;Russian;2;1
1350;444;FinishTrip;German;4
1351;444;StartTrip;German;4;6
1352;445;FinishTrip;Chinese;5
1353;445;FinishTrip;English;6
1354;445;StartTrip;Chinese;5;3
1355;445;StartTrip;English;6;1
1356;447;FinishTrip;0;German;6
1357;447;StartTrip;German;6;4
1358;448;FinishTrip;German;4
1359;448;FinishTrip;0;Russian;1
1360;448;StartTrip;German;4;1
1361;448;StartTrip;Russian;1;2
1362;449;FinishTrip;0;English;1
1363;449;FinishTrip;0;Chinese;3
1364;449;FinishTrip;0;American;3
1365;449;StartTrip;English;1;6
1366;449;StartTrip;American;3;1
1367;449;StartTrip;Chinese;3;5
1368;450;FinishTrip;English;6
1369;450;FinishTrip;0;German;1
1370;450;StartTrip;English;6;4
1371;450;StartTrip;German;1;4
1372;451;FinishTrip;Chinese;5
1373;451;FinishTrip;0;English;4
1374;451;StartTrip;Chinese;5;6
1375;451;StartTrip;English;4;6
1376;452;FinishTrip;German;4
1377;452;StartTrip;German;4;2
1378;453;FinishTrip;0;German;2
1379;453;StartTrip;German;2;4
1380;454;FinishTrip;English;6
1381;454;FinishTrip;German;4
1382;454;FinishTrip;Russian;2
1383;454;StartTrip;English;6;3
1384;454;StartTrip;Russian;2;5
1385;454;StartTrip;German;4;6
1386;456;FinishTrip;0;Chinese;6
1387;456;FinishTrip;0;English;3
1388;456;FinishTrip;0;Russian;5
1389;456;StartTrip;Chinese;6;5
1390;456;StartTrip;Russian;5;2
1391;456;StartTrip;English;3;6
1392;457;FinishTrip;Russian;2
1393;457;FinishTrip;0;German;6
1394;457;StartTrip;Russian;2;4
1395;457;StartTrip;German;6;4
1396;458;FinishTrip;1;German;4
1397;458;FinishTrip;Russian;4
1398;458;ChangePet;2;Russian;German;Bear;Zebra
1399;458;changeHouse;2;Russian;German;4;2
1400;458;StartTrip;German;4;2
1401;458;StartTrip;Russian;4;2
1402;459;FinishTrip;Chinese;5
1403;459;FinishTrip;1;German;2
1404;459;FinishTrip;Russian;2
1405;459;ChangePet;2;Russian;German;Zebra;Bear
1406;459;changeHouse;2;Russian;German;2;4
1407;459;StartTrip;Chinese;5;4
1408;459;StartTrip;Russian;2;4
1409;459;StartTrip;German;2;4
1410;460;FinishTrip;English;6
1411;460;FinishTrip;1;German;4
1412;460;FinishTrip;Russian;4
1413;460;ChangePet;2;Russian;German;Bear;Zebra
1414;460;changeHouse;2;Russian;German;4;2
1415;460;StartTrip;English;6;1
1416;460;StartTrip;Russian;4;2
1417;460;StartTrip;German;4;2
1418;461;FinishTrip;1;German;2
1419;461;FinishTrip;Russian;2
1420;461;ChangePet;2;Russian;German;Zebra;Bear
1421;461;changeHouse;2;Russian;German;2;4
1422;461;StartTrip;German;2;4
1423;461;StartTrip;Russian;2;4
1424;462;FinishTrip;1;German;4
1425;462;FinishTrip;0;French;1
1426;462;FinishTrip;Russian;4
1427;462;ChangePet;2;Russian;German;Bear;Zebra
1428;462;changeHouse;2;Russian;German;4;2
1429;462;StartTrip;German;4;2
1430;462;StartTrip;Russian;4;1
1431;462;StartTrip;French;1;3
1432;463;FinishTrip;German;2
1433;463;FinishTrip;0;Chinese;4
1434;463;StartTrip;German;2;6
1435;463;StartTrip;Chinese;4;5
1436;464;FinishTrip;0;Russian;1
1437;464;FinishTrip;0;English;1
1438;464;StartTrip;Russian;1;4
1439;464;StartTrip;English;1;6
1440;465;FinishTrip;English;6
1441;465;StartTrip;English;6;5
1442;466;FinishTrip;Russian;4
1443;466;StartTrip;Russian;4;3
1444;468;FinishTrip;0;English;5
1445;468;StartTrip;English;5;6
1446;469;FinishTrip;Chinese;5
1447;469;FinishTrip;0;Russian;3
1448;469;StartTrip;Chinese;5;3
1449;469;StartTrip;Russian;3;4
1450;470;FinishTrip;French;3
1451;470;StartTrip;French;3;2
1452;473;FinishTrip;1;English;6
1453;473;FinishTrip;German;6
1454;473;FinishTrip;0;French;2
1455;473;FinishTrip;0;Chinese;3
1456;473;changeHouse;2;English;German;2;6
1457;473;StartTrip;English;6;2
1458;473;StartTrip;Chinese;3;5
1459;473;StartTrip;German;6;2
1460;473;StartTrip;French;2;3
1461;474;FinishTrip;Russian;4
1462;474;StartTrip;Russian;4;3
1463;475;FinishTrip;Chinese;5
1464;475;StartTrip;Chinese;5;2
1465;476;FinishTrip;0;Chinese;2
1466;476;StartTrip;Chinese;2;5
1467;477;FinishTrip;1;French;3
1468;477;FinishTrip;Russian;3
1469;477;changeHouse;2;Russian;French;3;4
1470;477;StartTrip;French;3;4
1471;477;StartTrip;Russian;3;4
1472;478;FinishTrip;1;English;2
1473;478;FinishTrip;Chinese;5
1474;478;FinishTrip;German;2
1475;478;ChangePet;2;English;German;Zebra;Humpster
1476;478;changeHouse;2;English;German;6;2
1477;478;StartTrip;English;2;6
1478;478;StartTrip;German;2;5
1479;478;StartTrip;Chinese;5;1
1480;480;FinishTrip;0;German;5
1481;480;StartTrip;German;5;2
1482;481;FinishTrip;German;2
1483;481;StartTrip;German;2;3
1484;482;FinishTrip;1;French;4
1485;482;FinishTrip;0;Chinese;1
1486;482;FinishTrip;Russian;4
1487;482;ChangePet;2;Russian;French;Dog;Bear
1488;482;changeHouse;2;Russian;French;4;3
1489;482;StartTrip;French;4;3
1490;482;StartTrip;Russian;4;3
1491;482;StartTrip;Chinese;1;5
1492;485;FinishTrip;Chinese;5
1493;485;FinishTrip;1;French;3
1494;485;FinishTrip;1;German;3
1495;485;FinishTrip;Russian;3
1496;485;ChangePet;3;Russian;German;French;Humpster;Bear;Dog
1497;485;changeHouse;2;German;French;3;2
1498;485;changeHouse;3;Russian;German;French;3;2;4
1499;485;StartTrip;Chinese;5;1
1500;485;StartTrip;Russian;3;5
1501;485;StartTrip;French;3;4
1502;485;StartTrip;German;3;2
1503;487;FinishTrip;0;Russian;5
1504;487;StartTrip;Russian;5;3
1505;488;FinishTrip;German;2
1506;488;FinishTrip;English;6
1507;488;StartTrip;German;2;5
1508;488;StartTrip;English;6;3
1509;489;FinishTrip;0;Chinese;1
1510;489;StartTrip;Chinese;1;5
1511;490;FinishTrip;French;4
1512;490;FinishTrip;0;English;3
1513;490;FinishTrip;0;German;5
1514;490;StartTrip;French;4;3
1515;490;StartTrip;German;5;2
1516;490;StartTrip;English;3;6
1517;491;FinishTrip;Russian;3
1518;491;FinishTrip;German;2
1519;491;StartTrip;Russian;3;4
1520;491;StartTrip;German;2;3
1521;492;FinishTrip;Chinese;5
1522;492;StartTrip;Chinese;5;6
1523;493;FinishTrip;0;French;3
1524;493;StartTrip;French;3;4
1525;494;FinishTrip;English;6
1526;494;StartTrip;English;6;5
1527;495;FinishTrip;0;German;3
1528;495;StartTrip;German;3;2
1529;496;FinishTrip;0;Russian;4
1530;496;StartTrip;Russian;4;3
1531;497;FinishTrip;0;Chinese;6
1532;497;FinishTrip;0;English;5
1533;497;StartTrip;Chinese;6;5
1534;497;StartTrip;English;5;6
1535;498;FinishTrip;German;2
1536;498;FinishTrip;French;4
1537;498;StartTrip;German;2;3
1538;498;StartTrip;French;4;6
1539;499;FinishTrip;Russian;3
1540;499;StartTrip;Russian;3;1
1541;500;FinishTrip;Chinese;5
1542;500;StartTrip;Chinese;5;1
1543;501;FinishTrip;American;1
1544;501;FinishTrip;0;French;6
1545;501;StartTrip;American;1;4
1546;501;StartTrip;French;6;4
1547;502;FinishTrip;French;4
1548;502;FinishTrip;English;6
1549;502;FinishTrip;0;German;3
1550;502;StartTrip;French;4;3
1551;502;StartTrip;German;3;2
1552;502;StartTrip;English;6;2
1553;503;FinishTrip;0;American;4
1554;503;StartTrip;American;4;1
1555;504;FinishTrip;0;Chinese;1
1556;504;StartTrip;Chinese;1;5
1557;505;FinishTrip;American;1
1558;505;FinishTrip;German;2
1559;505;FinishTrip;0;French;3
1560;505;StartTrip;American;1;5
1561;505;StartTrip;French;3;4
1562;505;StartTrip;German;2;1
1563;507;FinishTrip;Chinese;5
1564;507;FinishTrip;0;English;2
1565;507;StartTrip;Chinese;5;3
1566;507;StartTrip;English;2;6
1567;508;FinishTrip;0;American;5
1568;508;StartTrip;American;5;1
1569;510;FinishTrip;French;4
1570;510;FinishTrip;0;German;1
1571;510;StartTrip;French;4;6
1572;510;StartTrip;German;1;2
1573;511;FinishTrip;0;Chinese;3
1574;511;StartTrip;Chinese;3;5
1575;512;FinishTrip;American;1
1576;512;StartTrip;American;1;2
1577;513;FinishTrip;Chinese;5
1578;513;FinishTrip;0;French;6
1579;513;StartTrip;Chinese;5;3
1580;513;StartTrip;French;6;4
1581;514;FinishTrip;French;4
1582;514;StartTrip;French;4;6
1583;516;FinishTrip;German;2
1584;516;StartTrip;German;2;1
1585;517;FinishTrip;English;6
1586;517;FinishTrip;1;French;6
1587;517;FinishTrip;0;Chinese;3
1588;517;ChangePet;2;English;French;Dog;Zebra
1589;517;StartTrip;English;6;3
1590;517;StartTrip;Chinese;3;5
1591;517;StartTrip;French;6;4
1592;518;FinishTrip;French;4
1593;518;FinishTrip;0;American;2
1594;518;StartTrip;French;4;6
1595;518;StartTrip;American;2;1
1596;519;FinishTrip;Chinese;5
1597;519;FinishTrip;0;English;3
1598;519;StartTrip;Chinese;5;2
1599;519;StartTrip;English;3;6
1600;520;FinishTrip;0;Chinese;2
1601;520;StartTrip;Chinese;2;5
1602;521;FinishTrip;0;French;6
1603;521;FinishTrip;0;German;1
1604;521;StartTrip;French;6;4
1605;521;StartTrip;German;1;2
1606;522;FinishTrip;Chinese;5
1607;522;FinishTrip;French;4
1608;522;StartTrip;Chinese;5;6
1609;522;StartTrip;French;4;3
1610;523;FinishTrip;American;1
1611;523;FinishTrip;English;6
1612;523;StartTrip;American;1;4
1613;523;StartTrip;English;6;1
1614;525;FinishTrip;0;French;3
1615;525;FinishTrip;0;American;4
1616;525;StartTrip;French;3;4
1617;525;StartTrip;American;4;1
1618;527;FinishTrip;1;American;1
1619;527;FinishTrip;German;2
1620;527;FinishTrip;English;1
1621;527;FinishTrip;0;Chinese;6
1622;527;ChangePet;2;English;American;Fish;Dog
1623;527;changeHouse;2;English;American;1;6
1624;527;StartTrip;American;1;6
1625;527;StartTrip;Chinese;6;5
1626;527;StartTrip;German;2;5
1627;527;StartTrip;English;1;5
1628;528;FinishTrip;American;6
1629;528;StartTrip;American;6;5
1630;529;FinishTrip;0;German;5
1631;529;StartTrip;German;5;2
1632;530;FinishTrip;French;4
1633;530;FinishTrip;German;2
1634;530;FinishTrip;1;Chinese;5
1635;530;FinishTrip;English;5
1636;530;ChangePet;2;English;Chinese;Cat;Fish
1637;530;changeHouse;2;English;Chinese;5;1
1638;530;StartTrip;French;4;2
1639;530;StartTrip;English;5;1
1640;530;StartTrip;German;2;4
1641;530;StartTrip;Chinese;5;1
1642;531;FinishTrip;0;American;5
1643;531;FinishTrip;0;French;2
1644;531;FinishTrip;0;German;4
1645;531;StartTrip;American;5;6
1646;531;StartTrip;German;4;2
1647;531;StartTrip;French;2;4
1648;532;FinishTrip;German;2
1649;532;FinishTrip;French;4
1650;532;StartTrip;German;2;6
1651;532;StartTrip;French;4;6
1652;534;FinishTrip;1;Chinese;1
1653;534;FinishTrip;English;1
1654;534;ChangePet;2;English;Chinese;Fish;Cat
1655;534;changeHouse;2;English;Chinese;1;5
1656;534;StartTrip;Chinese;1;5
1657;534;StartTrip;English;1;3
1658;535;FinishTrip;0;French;6
1659;535;StartTrip;French;6;4
1660;536;FinishTrip;American;6
1661;536;FinishTrip;French;4
1662;536;StartTrip;American;6;5
1663;536;StartTrip;French;4;6
1664;537;FinishTrip;Chinese;5
1665;537;StartTrip;Chinese;5;3
1666;539;FinishTrip;0;French;6
1667;539;FinishTrip;0;American;5
1668;539;StartTrip;French;6;4
1669;539;StartTrip;American;5;6
1670;540;FinishTrip;French;4
1671;540;StartTrip;French;4;5
1672;541;FinishTrip;0;Chinese;3
1673;541;StartTrip;Chinese;3;5
1674;542;FinishTrip;0;German;6
1675;542;FinishTrip;0;English;3
1676;542;StartTrip;German;6;2
1677;542;StartTrip;English;3;1
1678;543;FinishTrip;Chinese;5
1679;543;StartTrip;Chinese;5;3
1680;544;FinishTrip;American;6
1681;544;StartTrip;American;6;4
1682;545;FinishTrip;0;American;4
1683;545;StartTrip;American;4;6
1684;546;FinishTrip;0;French;5
1685;546;StartTrip;French;5;4
1686;547;FinishTrip;German;2
1687;547;FinishTrip;0;Chinese;3
1688;547;StartTrip;German;2;5
1689;547;StartTrip;Chinese;3;5
1690;548;FinishTrip;American;6
1691;548;StartTrip;American;6;3
1692;549;FinishTrip;1;Chinese;5
1693;549;FinishTrip;German;5
1694;549;ChangePet;2;Chinese;German;Bear;Cat
1695;549;changeHouse;2;Chinese;German;2;5
1696;549;StartTrip;Chinese;5;2
1697;549;StartTrip;German;5;2
1698;550;FinishTrip;French;4
1699;550;FinishTrip;1;Chinese;2
1700;550;FinishTrip;0;American;3
1701;550;FinishTrip;German;2
1702;550;changeHouse;2;Chinese;German;5;2
1703;550;StartTrip;French;4;6
1704;550;StartTrip;German;2;6
1705;550;StartTrip;Chinese;2;5
1706;550;StartTrip;American;3;6
1707;551;FinishTrip;0;Russian;1
1708;551;StartTrip;Russian;1;3
1709;552;FinishTrip;Chinese;5
1710;552;StartTrip;Chinese;5;1
1711;553;FinishTrip;0;French;6
1712;553;StartTrip;French;6;4
1713;554;FinishTrip;American;6
1714;554;FinishTrip;French;4
1715;554;StartTrip;American;6;2
1716;554;StartTrip;French;4;1
1717;556;FinishTrip;0;Chinese;1
1718;556;FinishTrip;0;French;1
1719;556;StartTrip;Chinese;1;5
1720;556;StartTrip;French;1;4
1721;558;FinishTrip;French;4
1722;558;StartTrip;French;4;5
1723;559;FinishTrip;Russian;3
1724;559;FinishTrip;Chinese;5
1725;559;FinishTrip;0;American;2
1726;559;StartTrip;Russian;3;4
1727;559;StartTrip;American;2;6
1728;559;StartTrip;Chinese;5;6
1729;560;FinishTrip;0;German;6
1730;560;StartTrip;German;6;2
1731;564;FinishTrip;0;Chinese;6
1732;564;FinishTrip;0;French;5
1733;564;FinishTrip;0;Russian;4
1734;564;StartTrip;Chinese;6;5
1735;564;StartTrip;Russian;4;3
1736;564;StartTrip;French;5;4
1737;565;FinishTrip;German;2
1738;565;StartTrip;German;2;1
1739;567;FinishTrip;Chinese;5
1740;567;FinishTrip;Russian;3
1741;567;StartTrip;Chinese;5;4
1742;567;StartTrip;Russian;3;6
1743;568;FinishTrip;French;4
1744;568;StartTrip;French;4;3
1745;569;FinishTrip;American;6
1746;569;StartTrip;American;6;1
1747;570;FinishTrip;0;German;1
1748;570;StartTrip;German;1;2
1749;571;FinishTrip;0;Russian;6
1750;571;FinishTrip;0;Chinese;4
1751;571;FinishTrip;0;French;3
1752;571;StartTrip;Russian;6;3
1753;571;StartTrip;French;3;4
1754;571;StartTrip;Chinese;4;5
1755;573;FinishTrip;Russian;3
1756;573;FinishTrip;0;American;1
1757;573;StartTrip;Russian;3;2
1758;573;StartTrip;American;1;6
1759;574;FinishTrip;American;6
1760;574;StartTrip;American;6;3
1761;576;FinishTrip;French;4
1762;576;FinishTrip;German;2
1763;576;FinishTrip;0;American;3
1764;576;FinishTrip;1;Russian;2
1765;576;ChangePet;2;Russian;German;Cat;Humpster
1766;576;StartTrip;French;4;6
1767;576;StartTrip;Russian;2;3
1768;576;StartTrip;German;2;6
1769;576;StartTrip;American;3;6
1770;577;FinishTrip;Chinese;5
1771;577;StartTrip;Chinese;5;2
1772;578;FinishTrip;0;Chinese;2
1773;578;StartTrip;Chinese;2;5
1774;579;FinishTrip;0;French;6
1775;579;StartTrip;French;6;4
1776;580;FinishTrip;American;6
1777;580;FinishTrip;Chinese;5
1778;580;FinishTrip;French;4
1779;580;FinishTrip;Russian;3
1780;580;StartTrip;American;6;4
1781;580;StartTrip;Russian;3;5
1782;580;StartTrip;Chinese;5;6
1783;580;StartTrip;French;4;5
1784;581;FinishTrip;0;American;4
1785;581;StartTrip;American;4;6
1786;582;FinishTrip;0;Russian;5
1787;582;StartTrip;Russian;5;3
1788;584;FinishTrip;American;6
1789;584;StartTrip;American;6;5
1790;585;FinishTrip;0;Chinese;6
1791;585;StartTrip;Chinese;6;5
1792;586;FinishTrip;Russian;3
1793;586;FinishTrip;0;German;6
1794;586;FinishTrip;0;French;5
1795;586;StartTrip;Russian;3;5
1796;586;StartTrip;French;5;4
1797;586;StartTrip;German;6;2
1798;587;FinishTrip;0;American;5
1799;587;StartTrip;American;5;6
1800;588;FinishTrip;1;Chinese;5
1801;588;FinishTrip;Russian;5
1802;588;ChangePet;2;Russian;Chinese;Bear;Cat
1803;588;changeHouse;2;Russian;Chinese;5;3
1804;588;StartTrip;Chinese;5;3
1805;588;StartTrip;Russian;5;2
1806;589;FinishTrip;0;Russian;2
1807;589;StartTrip;Russian;2;5
1808;590;FinishTrip;French;4
1809;590;StartTrip;French;4;3
1810;591;FinishTrip;German;2
1811;591;FinishTrip;Russian;5
1812;591;StartTrip;German;2;5
1813;591;StartTrip;Russian;5;2
1814;592;FinishTrip;American;6
1815;592;FinishTrip;Chinese;3
1816;592;FinishTrip;0;Russian;2
1817;592;StartTrip;American;6;4
1818;592;StartTrip;Russian;2;5
1819;592;StartTrip;Chinese;3;2
1820;593;FinishTrip;0;German;5
1821;593;FinishTrip;0;French;3
1822;593;FinishTrip;0;American;4
1823;593;StartTrip;German;5;2
1824;593;StartTrip;American;4;6
1825;593;StartTrip;French;3;4
1826;594;FinishTrip;Russian;5
1827;594;FinishTrip;English;1
1828;594;FinishTrip;German;2
1829;594;StartTrip;Russian;5;1
1830;594;StartTrip;German;2;6
1831;594;StartTrip;English;1;3
1832;595;FinishTrip;0;Chinese;2
1833;595;StartTrip;Chinese;2;3
1834;596;FinishTrip;American;6
1835;596;StartTrip;American;6;1
1836;598;FinishTrip;French;4
1837;598;FinishTrip;0;Russian;1
1838;598;StartTrip;French;4;5
1839;598;StartTrip;Russian;1;5
1840;599;FinishTrip;Chinese;3
1841;599;StartTrip;Chinese;3;5
1842;600;FinishTrip;0;American;1
1843;600;StartTrip;American;1;6
1844;601;FinishTrip;1;Russian;5
1845;601;FinishTrip;American;6
1846;601;FinishTrip;Chinese;5
1847;601;ChangePet;2;Russian;Chinese;Cat;Bear
1848;601;changeHouse;2;Russian;Chinese;3;5
1849;601;StartTrip;Russian;5;3
1850;601;StartTrip;Chinese;5;6
1851;601;StartTrip;American;6;5
1852;602;FinishTrip;0;English;3
1853;602;StartTrip;English;3;1
1854;604;FinishTrip;0;French;5
1855;604;FinishTrip;0;American;5
1856;604;FinishTrip;0;German;6
1857;604;StartTrip;French;5;4
1858;604;StartTrip;German;6;2
1859;604;StartTrip;American;5;6
1860;605;FinishTrip;Russian;3
1861;605;StartTrip;Russian;3;1
1862;606;FinishTrip;0;Chinese;6
1863;606;StartTrip;Chinese;6;5
1864;608;FinishTrip;French;4
1865;608;StartTrip;French;4;6
1866;609;FinishTrip;American;6
1867;609;FinishTrip;Chinese;5
1868;609;FinishTrip;German;2
1869;609;StartTrip;American;6;5
1870;609;StartTrip;German;2;3
1871;609;StartTrip;Chinese;5;1
1872;611;FinishTrip;0;French;6
1873;611;StartTrip;French;6;4
1874;612;FinishTrip;French;4
1875;612;FinishTrip;0;American;5
1876;612;StartTrip;French;4;6
1877;612;StartTrip;American;5;6
1878;613;FinishTrip;0;Chinese;1
1879;613;FinishTrip;0;German;3
1880;613;StartTrip;Chinese;1;5
1881;613;StartTrip;German;3;2
1882;615;FinishTrip;0;French;6
1883;615;StartTrip;French;6;4
1884;616;FinishTrip;German;2
1885;616;FinishTrip;French;4
1886;616;FinishTrip;Chinese;5
1887;616;StartTrip;German;2;5
1888;616;StartTrip;Chinese;5;2
1889;616;StartTrip;French;4;1
1890;617;FinishTrip;American;6
1891;617;FinishTrip;0;Chinese;2
1892;617;StartTrip;American;6;5
1893;617;StartTrip;Chinese;2;5
1894;618;FinishTrip;0;French;1
1895;618;FinishTrip;0;German;5
1896;618;StartTrip;French;1;4
1897;618;StartTrip;German;5;2
1898;619;FinishTrip;Chinese;5
1899;619;FinishTrip;German;2
1900;619;StartTrip;Chinese;5;6
1901;619;StartTrip;German;2;3
1902;620;FinishTrip;French;4
1903;620;FinishTrip;0;American;5
1904;620;StartTrip;French;4;2
1905;620;StartTrip;American;5;6
1906;621;FinishTrip;0;French;2
1907;621;StartTrip;French;2;4
1908;622;FinishTrip;French;4
1909;622;StartTrip;French;4;1
1910;623;FinishTrip;0;German;3
1911;623;StartTrip;German;3;2
1912;624;FinishTrip;0;French;1
1913;624;FinishTrip;0;Chinese;6
1914;624;StartTrip;French;1;4
1915;624;StartTrip;Chinese;6;5
1916;625;FinishTrip;American;6
1917;625;StartTrip;American;6;2
1918;626;FinishTrip;German;2
1919;626;FinishTrip;French;4
1920;626;StartTrip;German;2;4
1921;626;StartTrip;French;4;2
1922;627;FinishTrip;Chinese;5
1923;627;FinishTrip;0;French;2
1924;627;FinishTrip;0;German;4
1925;627;StartTrip;Chinese;5;6
1926;627;StartTrip;German;4;2
1927;627;StartTrip;French;2;4
1928;628;FinishTrip;German;2
1929;628;FinishTrip;French;4
1930;628;StartTrip;German;2;6
1931;628;StartTrip;French;4;3
1932;630;FinishTrip;0;American;2
1933;630;StartTrip;American;2;6
1934;631;FinishTrip;0;French;3
1935;631;StartTrip;French;3;4
1936;632;FinishTrip;0;Chinese;6
1937;632;StartTrip;Chinese;6;5
1938;635;FinishTrip;Chinese;5
1939;635;StartTrip;Chinese;5;4
1940;636;FinishTrip;French;4
1941;636;StartTrip;French;4;6
1942;638;FinishTrip;0;German;6
1943;638;StartTrip;German;6;2
1944;639;FinishTrip;0;Chinese;4
1945;639;FinishTrip;0;French;6
1946;639;StartTrip;Chinese;4;5
1947;639;StartTrip;French;6;4
1948;640;FinishTrip;American;6
1949;640;FinishTrip;French;4
1950;640;StartTrip;American;6;2
1951;640;StartTrip;French;4;3
1952;643;FinishTrip;German;2
1953;643;FinishTrip;0;French;3
1954;643;StartTrip;German;2;3
1955;643;StartTrip;French;3;4
1956;645;FinishTrip;Chinese;5
1957;645;FinishTrip;0;American;2
1958;645;StartTrip;Chinese;5;3
1959;645;StartTrip;American;2;6
1960;647;FinishTrip;0;German;3
1961;647;StartTrip;German;3;2
1962;648;FinishTrip;French;4
1963;648;StartTrip;French;4;6
1964;649;FinishTrip;0;Chinese;3
1965;649;StartTrip;Chinese;3;5
1966;650;FinishTrip;German;2
1967;650;StartTrip;German;2;1
1968;651;FinishTrip;Chinese;5
1969;651;FinishTrip;0;French;6
1970;651;StartTrip;Chinese;5;2
1971;651;StartTrip;French;6;4
1972;652;FinishTrip;French;4
1973;652;FinishTrip;0;Chinese;2
1974;652;StartTrip;French;4;6
1975;652;StartTrip;Chinese;2;5
1976;654;FinishTrip;English;1
1977;654;FinishTrip;Chinese;5
1978;654;StartTrip;English;1;4
1979;654;StartTrip;Chinese;5;3
1980;655;FinishTrip;1;American;6
1981;655;FinishTrip;French;6
1982;655;FinishTrip;0;German;1
1983;655;ChangePet;2;French;American;Dog;Zebra
1984;655;changeHouse;2;French;American;6;4
1985;655;StartTrip;American;6;4
1986;655;StartTrip;German;1;2
1987;655;StartTrip;French;6;1
1988;656;FinishTrip;1;American;4
1989;656;FinishTrip;English;4
1990;656;changeHouse;2;English;American;4;1
1991;656;StartTrip;American;4;1
1992;656;StartTrip;English;4;1
1993;657;FinishTrip;0;Russian;1
1994;657;StartTrip;Russian;1;3
1995;658;FinishTrip;1;American;1
1996;658;FinishTrip;0;Chinese;3
1997;658;FinishTrip;English;1
1998;658;ChangePet;2;English;American;Zebra;Fish
1999;658;changeHouse;2;English;American;1;4
2000;658;StartTrip;American;1;4
2001;658;StartTrip;English;1;2
2002;658;StartTrip;Chinese;3;5
2003;659;FinishTrip;0;French;1
2004;659;StartTrip;French;1;6
2005;660;FinishTrip;Chinese;5
2006;660;FinishTrip;French;6
2007;660;FinishTrip;American;4
2008;660;StartTrip;Chinese;5;4
2009;660;StartTrip;American;4;2
2010;660;StartTrip;French;6;4
2011;661;FinishTrip;1;German;2
2012;661;FinishTrip;0;French;4
2013;661;FinishTrip;American;2
2014;661;ChangePet;2;German;American;Fish;Humpster
2015;661;changeHouse;2;German;American;4;2
2016;661;StartTrip;German;2;4
2017;661;StartTrip;American;2;5
2018;661;StartTrip;French;4;6
2019;662;FinishTrip;German;4
2020;662;StartTrip;German;4;5
2021;663;FinishTrip;0;American;5
2022;663;StartTrip;American;5;2
2023;664;FinishTrip;French;6
2024;664;FinishTrip;1;American;2
2025;664;FinishTrip;English;2
2026;664;FinishTrip;0;Chinese;4
2027;664;ChangePet;2;English;American;Humpster;Zebra
2028;664;changeHouse;2;English;American;2;1
2029;664;StartTrip;French;6;4
2030;664;StartTrip;Chinese;4;5
2031;664;StartTrip;American;2;1
2032;664;StartTrip;English;2;3
2033;665;FinishTrip;Russian;3
2034;665;FinishTrip;0;French;4
2035;665;StartTrip;Russian;3;4
2036;665;StartTrip;French;4;6
2037;668;FinishTrip;French;6
2038;668;FinishTrip;0;English;3
2039;668;FinishTrip;0;German;5
2040;668;StartTrip;French;6;1
2041;668;StartTrip;German;5;4
2042;668;StartTrip;English;3;2
2043;669;FinishTrip;American;1
2044;669;StartTrip;American;1;6
2045;670;FinishTrip;Chinese;5
2046;670;FinishTrip;0;Russian;4
2047;670;FinishTrip;0;American;6
2048;670;StartTrip;Chinese;5;2
2049;670;StartTrip;American;6;1
2050;670;StartTrip;Russian;4;3
2051;671;FinishTrip;1;English;2
2052;671;FinishTrip;Chinese;2
2053;671;ChangePet;2;English;Chinese;Bear;Humpster
2054;671;changeHouse;2;English;Chinese;5;2
2055;671;StartTrip;English;2;5
2056;671;StartTrip;Chinese;2;4
2057;672;FinishTrip;1;German;4
2058;672;FinishTrip;Chinese;4
2059;672;FinishTrip;0;French;1
2060;672;ChangePet;2;Chinese;German;Fish;Humpster
2061;672;changeHouse;2;Chinese;German;4;2
2062;672;StartTrip;German;4;2
2063;672;StartTrip;French;1;6
2064;672;StartTrip;Chinese;4;5
2065;673;FinishTrip;English;5
2066;673;FinishTrip;Russian;3
2067;673;FinishTrip;French;6
2068;673;FinishTrip;German;2
2069;673;StartTrip;English;5;4
2070;673;StartTrip;German;2;1
2071;673;StartTrip;Russian;3;6
2072;673;StartTrip;French;6;5
2073;674;FinishTrip;American;1
2074;674;StartTrip;American;1;4
2075;676;FinishTrip;0;French;5
2076;676;FinishTrip;0;American;4
2077;676;StartTrip;French;5;6
2078;676;StartTrip;American;4;1
2079;677;FinishTrip;0;English;4
2080;677;FinishTrip;0;Russian;6
2081;677;StartTrip;English;4;5
2082;677;StartTrip;Russian;6;3
2083;678;FinishTrip;American;1
2084;678;FinishTrip;0;Chinese;5
2085;678;FinishTrip;1;German;1
2086;678;StartTrip;American;1;3
2087;678;StartTrip;German;1;2
2088;678;StartTrip;Chinese;5;4
2089;679;FinishTrip;Russian;3
2090;679;StartTrip;Russian;3;1
2091;681;FinishTrip;French;6
2092;681;StartTrip;French;6;4
2093;682;FinishTrip;1;Chinese;4
2094;682;FinishTrip;French;4
2095;682;ChangePet;2;Chinese;French;Dog;Fish
2096;682;changeHouse;2;Chinese;French;6;4
2097;682;StartTrip;Chinese;4;6
2098;682;StartTrip;French;4;2
2099;683;FinishTrip;English;5
2100;683;FinishTrip;0;French;2
2101;683;StartTrip;English;5;3
2102;683;StartTrip;French;2;4
2103;684;FinishTrip;German;2
2104;684;FinishTrip;French;4
2105;684;StartTrip;German;2;4
2106;684;StartTrip;French;4;5
2107;685;FinishTrip;Chinese;6
2108;685;FinishTrip;0;German;4
2109;685;StartTrip;Chinese;6;4
2110;685;StartTrip;German;4;2
2111;686;FinishTrip;German;2
2112;686;FinishTrip;0;American;3
2113;686;FinishTrip;0;Chinese;4
2114;686;StartTrip;German;2;6
2115;686;StartTrip;Chinese;4;6
2116;686;StartTrip;American;3;1
2117;687;FinishTrip;0;English;3
2118;687;StartTrip;English;3;5
2119;689;FinishTrip;Chinese;6
2120;689;FinishTrip;English;5
2121;689;StartTrip;Chinese;6;4
2122;689;StartTrip;English;5;1
2123;690;FinishTrip;0;French;5
2124;690;FinishTrip;0;Chinese;4
2125;690;StartTrip;French;5;4
2126;690;StartTrip;Chinese;4;6
2127;693;FinishTrip;Chinese;6
2128;693;FinishTrip;0;English;1
2129;693;StartTrip;Chinese;6;5
2130;693;StartTrip;English;1;5
2131;694;FinishTrip;French;4
2132;694;StartTrip;French;4;1
2133;696;FinishTrip;1;English;5
2134;696;FinishTrip;0;French;1
2135;696;FinishTrip;0;German;6
2136;696;FinishTrip;Chinese;5
2137;696;ChangePet;2;English;Chinese;Dog;Bear
2138;696;changeHouse;2;English;Chinese;6;5
2139;696;StartTrip;English;5;6
2140;696;StartTrip;Chinese;5;3
2141;696;StartTrip;French;1;4
2142;696;StartTrip;German;6;2
2143;698;FinishTrip;French;4
2144;698;StartTrip;French;4;2
2145;699;FinishTrip;0;French;2
2146;699;StartTrip;French;2;4
2147;700;FinishTrip;French;4
2148;700;FinishTrip;0;Chinese;3
2149;700;StartTrip;French;4;6
2150;700;StartTrip;Chinese;3;5
2151;701;FinishTrip;German;2
2152;701;FinishTrip;English;6
2153;701;StartTrip;German;2;1
2154;701;StartTrip;English;6;5
2155;702;FinishTrip;Chinese;5
2156;702;StartTrip;Chinese;5;4
2157;703;FinishTrip;0;French;6
2158;703;StartTrip;French;6;4
2159;704;FinishTrip;French;4
2160;704;FinishTrip;0;English;5
2161;704;StartTrip;French;4;2
2162;704;StartTrip;English;5;6
2163;705;FinishTrip;0;French;2
2164;705;StartTrip;French;2;4
2165;706;FinishTrip;1;French;4
2166;706;FinishTrip;Chinese;4
2167;706;FinishTrip;0;German;1
2168;706;ChangePet;2;Chinese;French;Fish;Bear
2169;706;changeHouse;2;Chinese;French;4;5
2170;706;StartTrip;French;4;5
2171;706;StartTrip;German;1;2
2172;706;StartTrip;Chinese;4;6
2173;709;FinishTrip;English;6
2174;709;FinishTrip;1;Chinese;6
2175;709;ChangePet;2;English;Chinese;Fish;Dog
2176;709;StartTrip;English;6;5
2177;709;StartTrip;Chinese;6;4
2178;710;FinishTrip;Chinese;4
2179;710;StartTrip;Chinese;4;3
2180;712;FinishTrip;1;French;5
2181;712;FinishTrip;German;2
2182;712;FinishTrip;English;5
2183;712;ChangePet;2;English;French;Bear;Fish
2184;712;changeHouse;2;English;French;5;6
2185;712;StartTrip;French;5;6
2186;712;StartTrip;English;5;2
2187;712;StartTrip;German;2;1
2188;713;FinishTrip;0;Chinese;3
2189;713;FinishTrip;0;English;2
2190;713;StartTrip;Chinese;3;4
2191;713;StartTrip;English;2;5
2192;715;FinishTrip;English;5
2193;715;StartTrip;English;5;1
2194;717;FinishTrip;French;6
2195;717;FinishTrip;0;German;1
2196;717;StartTrip;French;6;3
2197;717;StartTrip;German;1;2
2198;718;FinishTrip;Chinese;4
2199;718;StartTrip;Chinese;4;1
2200;719;FinishTrip;0;English;1
2201;719;FinishTrip;0;French;3
2202;719;StartTrip;English;1;5
2203;719;StartTrip;French;3;6
2204;720;FinishTrip;0;Chinese;1
2205;720;StartTrip;Chinese;1;4
2206;722;FinishTrip;English;5
2207;722;FinishTrip;Chinese;4
2208;722;StartTrip;English;5;1
2209;722;StartTrip;Chinese;4;6
2210;723;FinishTrip;French;6
2211;723;FinishTrip;German;2
2212;723;StartTrip;French;6;4
2213;723;StartTrip;German;2;6
2214;724;FinishTrip;0;French;4
2215;724;StartTrip;French;4;6
2216;725;FinishTrip;0;Chinese;6
2217;725;StartTrip;Chinese;6;4
2218;726;FinishTrip;Chinese;4
2219;726;FinishTrip;0;English;1
2220;726;StartTrip;Chinese;4;3
2221;726;StartTrip;English;1;5
2222;727;FinishTrip;French;6
2223;727;StartTrip;French;6;1
2224;729;FinishTrip;English;5
2225;729;FinishTrip;0;Chinese;3
2226;729;StartTrip;English;5;1
2227;729;StartTrip;Chinese;3;4
2228;731;FinishTrip;0;French;1
2229;731;FinishTrip;0;Russian;1
2230;731;StartTrip;French;1;6
2231;731;StartTrip;Russian;1;3
2232;732;FinishTrip;French;6
2233;732;StartTrip;French;6;5
2234;733;FinishTrip;0;German;6
2235;733;FinishTrip;0;English;1
2236;733;StartTrip;German;6;2
2237;733;StartTrip;English;1;5
2238;734;FinishTrip;Chinese;4
2239;734;StartTrip;Chinese;4;6
2240;735;FinishTrip;0;French;5
2241;735;StartTrip;French;5;6
2242;736;FinishTrip;English;5
2243;736;StartTrip;English;5;6
2244;737;FinishTrip;0;Chinese;6
2245;737;StartTrip;Chinese;6;4
2246;738;FinishTrip;German;2
2247;738;FinishTrip;Chinese;4
2248;738;FinishTrip;American;1
2249;738;StartTrip;German;2;6
2250;738;StartTrip;American;1;4
2251;738;StartTrip;Chinese;4;3
2252;739;FinishTrip;Russian;3
2253;739;StartTrip;Russian;3;4
2254;740;FinishTrip;French;6
2255;740;FinishTrip;0;American;4
2256;740;StartTrip;French;6;1
2257;740;StartTrip;American;4;1
2258;741;FinishTrip;0;Chinese;3
2259;741;FinishTrip;0;English;6
2260;741;StartTrip;Chinese;3;4
2261;741;StartTrip;English;6;5
2262;742;FinishTrip;American;1
2263;742;StartTrip;American;1;5
2264;744;FinishTrip;English;5
2265;744;FinishTrip;0;Russian;4
2266;744;FinishTrip;0;French;1
2267;744;StartTrip;English;5;4
2268;744;StartTrip;French;1;6
2269;744;StartTrip;Russian;4;3
2270;745;FinishTrip;French;6
2271;745;FinishTrip;0;American;5
2272;745;StartTrip;French;6;3
2273;745;StartTrip;American;5;1
2274;746;FinishTrip;Chinese;4
2275;746;StartTrip;Chinese;4;2
2276;747;FinishTrip;1;Russian;3
2277;747;FinishTrip;0;Chinese;2
2278;747;FinishTrip;French;3
2279;747;ChangePet;2;Russian;French;Fish;Cat
2280;747;changeHouse;2;Russian;French;6;3
2281;747;StartTrip;Russian;3;6
2282;747;StartTrip;French;3;1
2283;747;StartTrip;Chinese;2;4
2284;748;FinishTrip;Chinese;4
2285;748;FinishTrip;0;German;6
2286;748;FinishTrip;1;English;4
2287;748;ChangePet;2;English;Chinese;Dog;Bear
2288;748;StartTrip;Chinese;4;3
2289;748;StartTrip;English;4;5
2290;748;StartTrip;German;6;2
2291;749;FinishTrip;American;1
2292;749;StartTrip;American;1;5
2293;751;FinishTrip;Russian;6
2294;751;FinishTrip;0;Chinese;3
2295;751;StartTrip;Russian;6;1
2296;751;StartTrip;Chinese;3;4
2297;752;FinishTrip;0;American;5
2298;752;StartTrip;American;5;1
2299;753;FinishTrip;German;2
2300;753;StartTrip;German;2;6
2301;754;FinishTrip;English;5
2302;754;StartTrip;English;5;2
2303;755;FinishTrip;0;Russian;1
2304;755;FinishTrip;0;English;2
2305;755;StartTrip;Russian;1;6
2306;755;StartTrip;English;2;5
2307;756;FinishTrip;American;1
2308;756;FinishTrip;Chinese;4
2309;756;FinishTrip;Russian;6
2310;756;StartTrip;American;1;5
2311;756;StartTrip;Russian;6;2
2312;756;StartTrip;Chinese;4;2
2313;757;FinishTrip;English;5
2314;757;FinishTrip;0;Chinese;2
2315;757;StartTrip;English;5;1
2316;757;StartTrip;Chinese;2;4
2317;758;FinishTrip;Chinese;4
2318;758;StartTrip;Chinese;4;2
2319;759;FinishTrip;0;American;5
2320;759;FinishTrip;0;Chinese;2
2321;759;StartTrip;American;5;1
2322;759;StartTrip;Chinese;2;4
2323;760;FinishTrip;Chinese;4
2324;760;StartTrip;Chinese;4;6
2325;761;FinishTrip;0;Russian;2
2326;761;FinishTrip;0;English;1
2327;761;StartTrip;Russian;2;6
2328;761;StartTrip;English;1;5
2329;763;FinishTrip;American;1
2330;763;FinishTrip;0;Chinese;6
2331;763;FinishTrip;0;German;6
2332;763;StartTrip;American;1;2
2333;763;StartTrip;German;6;2
2334;763;StartTrip;Chinese;6;4
2335;764;FinishTrip;English;5
2336;764;FinishTrip;Chinese;4
2337;764;StartTrip;English;5;2
2338;764;StartTrip;Chinese;4;2
2339;765;FinishTrip;0;English;2
2340;765;FinishTrip;0;Chinese;2
2341;765;StartTrip;English;2;5
2342;765;StartTrip;Chinese;2;4
2343;766;FinishTrip;Chinese;4
2344;766;StartTrip;Chinese;4;6
2345;767;FinishTrip;English;5
2346;767;StartTrip;English;5;2
2347;768;FinishTrip;1;German;2
2348;768;FinishTrip;English;2
2349;768;ChangePet;2;English;German;Humpster;Dog
2350;768;changeHouse;2;English;German;2;5
2351;768;StartTrip;German;2;5
2352;768;StartTrip;English;2;6
2353;769;FinishTrip;0;Chinese;6
2354;769;FinishTrip;0;American;2
2355;769;StartTrip;Chinese;6;4
2356;769;StartTrip;American;2;1
2357;770;FinishTrip;German;5
2358;770;FinishTrip;Chinese;4
2359;770;StartTrip;German;5;1
2360;770;StartTrip;Chinese;4;5
2361;771;FinishTrip;Russian;6
2362;771;StartTrip;Russian;6;5
2363;774;FinishTrip;1;American;1
2364;774;FinishTrip;0;Russian;5
2365;774;FinishTrip;German;1
2366;774;ChangePet;2;German;American;Zebra;Dog
2367;774;changeHouse;2;German;American;1;5
2368;774;StartTrip;American;1;5
2369;774;StartTrip;German;1;2
2370;774;StartTrip;Russian;5;6
2371;776;FinishTrip;0;Chinese;5
2372;776;StartTrip;Chinese;5;4
2373;777;FinishTrip;American;5
2374;777;StartTrip;American;5;4
2375;778;FinishTrip;0;English;6
2376;778;StartTrip;English;6;2
2377;779;FinishTrip;Russian;6
2378;779;StartTrip;Russian;6;5
2379;780;FinishTrip;Chinese;4
2380;780;FinishTrip;0;German;2
2381;780;StartTrip;Chinese;4;5
2382;780;StartTrip;German;2;1
2383;781;FinishTrip;0;American;4
2384;781;StartTrip;American;4;5
2385;782;FinishTrip;0;Russian;5
2386;782;StartTrip;Russian;5;6
2387;783;FinishTrip;English;2
2388;783;StartTrip;English;2;5
2389;785;FinishTrip;German;1
2390;785;FinishTrip;0;English;5
2391;785;StartTrip;German;1;4
2392;785;StartTrip;English;5;2
2393;786;FinishTrip;English;2
2394;786;FinishTrip;0;Chinese;5
2395;786;StartTrip;English;2;3
2396;786;StartTrip;Chinese;5;4
2397;787;FinishTrip;Russian;6
2398;787;FinishTrip;American;5
2399;787;FinishTrip;0;German;4
2400;787;StartTrip;Russian;6;5
2401;787;StartTrip;German;4;1
2402;787;StartTrip;American;5;6
2403;789;FinishTrip;German;1
2404;789;StartTrip;German;1;3
2405;790;FinishTrip;Chinese;4
2406;790;FinishTrip;0;English;3
2407;790;FinishTrip;0;Russian;5
2408;790;StartTrip;Chinese;4;3
2409;790;StartTrip;Russian;5;6
2410;790;StartTrip;English;3;2
2411;792;FinishTrip;0;American;6
2412;792;StartTrip;American;6;5
2413;793;FinishTrip;English;2
2414;793;FinishTrip;0;Chinese;3
2415;793;StartTrip;English;2;4
2416;793;StartTrip;Chinese;3;4
2417;794;FinishTrip;0;English;4
2418;794;StartTrip;English;4;2
2419;795;FinishTrip;American;5
2420;795;FinishTrip;English;2
2421;795;FinishTrip;Russian;6
2422;795;StartTrip;American;5;6
2423;795;StartTrip;Russian;6;3
2424;795;StartTrip;English;2;6
2425;797;FinishTrip;0;German;3
2426;797;FinishTrip;0;Russian;3
2427;797;StartTrip;German;3;1
2428;797;StartTrip;Russian;3;6
2429;798;FinishTrip;Chinese;4
2430;798;StartTrip;Chinese;4;5
2431;799;FinishTrip;0;French;1
2432;799;StartTrip;French;1;3
2433;800;FinishTrip;0;American;6
2434;800;StartTrip;American;6;5
2435;801;FinishTrip;Russian;6
2436;801;StartTrip;Russian;6;4
2437;802;FinishTrip;0;Russian;4
2438;802;StartTrip;Russian;4;6
2439;803;FinishTrip;American;5
2440;803;StartTrip;American;5;3
2441;804;FinishTrip;0;Chinese;5
2442;804;StartTrip;Chinese;5;4
2443;805;FinishTrip;Russian;6
2444;805;FinishTrip;1;English;6
2445;805;ChangePet;2;Russian;English;Humpster;Fish
2446;805;StartTrip;Russian;6;1
2447;805;StartTrip;English;6;2
2448;807;FinishTrip;1;French;3
2449;807;FinishTrip;American;3
2450;807;ChangePet;2;French;American;Dog;Cat
2451;807;changeHouse;2;French;American;5;3
2452;807;StartTrip;French;3;5
2453;807;StartTrip;American;3;2
2454;808;FinishTrip;Chinese;4
2455;808;StartTrip;Chinese;4;5
2456;809;FinishTrip;French;5
2457;809;FinishTrip;0;Russian;1
2458;809;StartTrip;French;5;4
2459;809;StartTrip;Russian;1;6
2460;810;FinishTrip;English;2
2461;810;FinishTrip;Russian;6
2462;810;FinishTrip;1;American;2
2463;810;ChangePet;2;English;American;Cat;Fish
2464;810;StartTrip;English;2;5
2465;810;StartTrip;American;2;3
2466;810;StartTrip;Russian;6;1
2467;812;FinishTrip;0;English;5
2468;812;StartTrip;English;5;2
2469;813;FinishTrip;English;2
2470;813;FinishTrip;0;French;4
2471;813;StartTrip;English;2;5
2472;813;StartTrip;French;4;5
2473;814;FinishTrip;American;3
2474;814;FinishTrip;0;Russian;1
2475;814;FinishTrip;0;Chinese;5
2476;814;StartTrip;American;3;6
2477;814;StartTrip;Chinese;5;4
2478;814;StartTrip;Russian;1;6
2479;815;FinishTrip;Russian;6
2480;815;FinishTrip;0;English;5
2481;815;StartTrip;Russian;6;1
2482;815;StartTrip;English;5;2
2483;816;FinishTrip;English;2
2484;816;StartTrip;English;2;4
2485;817;FinishTrip;0;English;4
2486;817;StartTrip;English;4;2
2487;818;FinishTrip;English;2
2488;818;FinishTrip;Chinese;4
2489;818;FinishTrip;0;American;6
2490;818;StartTrip;English;2;3
2491;818;StartTrip;American;6;3
2492;818;StartTrip;Chinese;4;5
2493;819;FinishTrip;French;5
2494;819;FinishTrip;0;Russian;1
2495;819;StartTrip;French;5;1
2496;819;StartTrip;Russian;1;6
2497;820;FinishTrip;American;3
2498;820;FinishTrip;Russian;6
2499;820;StartTrip;American;3;4
2500;820;StartTrip;Russian;6;4
2501;821;FinishTrip;0;Russian;4
2502;821;StartTrip;Russian;4;6
2503;822;FinishTrip;0;English;3
2504;822;StartTrip;English;3;2
2505;823;FinishTrip;0;French;1
2506;823;StartTrip;French;1;5
2507;824;FinishTrip;Russian;6
2508;824;FinishTrip;0;Chinese;5
2509;824;StartTrip;Russian;6;5
2510;824;StartTrip;Chinese;5;4
2511;825;FinishTrip;English;2
2512;825;FinishTrip;0;American;4
2513;825;StartTrip;English;2;5
2514;825;StartTrip;American;4;3
2515;826;FinishTrip;French;5
2516;826;StartTrip;French;5;2
2517;827;FinishTrip;0;Russian;5
2518;827;FinishTrip;0;French;2
2519;827;FinishTrip;0;English;5
2520;827;StartTrip;Russian;5;6
2521;827;StartTrip;English;5;2
2522;827;StartTrip;French;2;5
2523;828;FinishTrip;American;3
2524;828;FinishTrip;Chinese;4
2525;828;FinishTrip;English;2
2526;828;StartTrip;American;3;5
2527;828;StartTrip;English;2;5
2528;828;StartTrip;Chinese;4;3
2529;829;FinishTrip;French;5
2530;829;StartTrip;French;5;6
2531;830;FinishTrip;0;American;5
2532;830;FinishTrip;0;English;5
2533;830;StartTrip;American;5;3
2534;830;StartTrip;English;5;2
2535;831;FinishTrip;English;2
2536;831;FinishTrip;0;Chinese;3
2537;831;StartTrip;English;2;4
2538;831;StartTrip;Chinese;3;4
2539;832;FinishTrip;Russian;6
2540;832;FinishTrip;0;English;4
2541;832;StartTrip;Russian;6;4
2542;832;StartTrip;English;4;2
2543;833;FinishTrip;English;2
2544;833;FinishTrip;0;Russian;4
2545;833;StartTrip;English;2;1
2546;833;StartTrip;Russian;4;6
2547;834;FinishTrip;American;3
2548;834;FinishTrip;0;French;6
2549;834;StartTrip;American;3;4
2550;834;StartTrip;French;6;5
2551;836;FinishTrip;Chinese;4
2552;836;FinishTrip;Russian;6
2553;836;StartTrip;Chinese;4;2
2554;836;StartTrip;Russian;6;4
2555;837;FinishTrip;French;5
2556;837;FinishTrip;0;Russian;4
2557;837;FinishTrip;0;Chinese;2
2558;837;StartTrip;French;5;2
2559;837;StartTrip;Chinese;2;4
2560;837;StartTrip;Russian;4;6
2561;838;FinishTrip;Chinese;4
2562;838;FinishTrip;0;English;1
2563;838;FinishTrip;0;French;2
2564;838;StartTrip;Chinese;4;6
2565;838;StartTrip;French;2;5
2566;838;StartTrip;English;1;2
2567;839;FinishTrip;0;American;4
2568;839;StartTrip;American;4;3
2569;840;FinishTrip;Russian;6
2570;840;FinishTrip;French;5
2571;840;StartTrip;Russian;6;1
2572;840;StartTrip;French;5;2
2573;841;FinishTrip;0;Chinese;6
2574;841;FinishTrip;0;French;2
2575;841;StartTrip;Chinese;6;4
2576;841;StartTrip;French;2;5
2577;842;FinishTrip;American;3
2578;842;FinishTrip;Chinese;4
2579;842;StartTrip;American;3;4
2580;842;StartTrip;Chinese;4;6
2581;843;FinishTrip;French;5
2582;843;StartTrip;French;5;1
2583;844;FinishTrip;English;2
2584;844;FinishTrip;0;Russian;1
2585;844;StartTrip;English;2;3
2586;844;StartTrip;Russian;1;6
2587;845;FinishTrip;1;Russian;6
2588;845;FinishTrip;Chinese;6
2589;845;changeHouse;2;Russian;Chinese;4;6
2590;845;StartTrip;Russian;6;4
2591;845;StartTrip;Chinese;6;4
2592;846;FinishTrip;Russian;4
2593;846;FinishTrip;1;Chinese;4
2594;846;ChangePet;2;Russian;Chinese;Bear;Humpster
2595;846;StartTrip;Russian;4;2
2596;846;StartTrip;Chinese;4;6
2597;847;FinishTrip;0;French;1
2598;847;FinishTrip;0;American;4
2599;847;FinishTrip;0;Russian;2
2600;847;StartTrip;French;1;5
2601;847;StartTrip;Russian;2;4
2602;847;StartTrip;American;4;3
2603;848;FinishTrip;Russian;4
2604;848;FinishTrip;0;English;3
2605;848;StartTrip;Russian;4;5
2606;848;StartTrip;English;3;2
2607;849;FinishTrip;Chinese;6
2608;849;FinishTrip;German;1
2609;849;StartTrip;Chinese;6;1
2610;849;StartTrip;German;1;2
2611;850;FinishTrip;American;3
2612;850;FinishTrip;French;5
2613;850;StartTrip;American;3;4
2614;850;StartTrip;French;5;1
2615;851;FinishTrip;English;2
2616;851;StartTrip;English;2;5
2617;853;FinishTrip;0;Chinese;1
2618;853;FinishTrip;0;English;5
2619;853;StartTrip;Chinese;1;6
2620;853;StartTrip;English;5;2
2621;854;FinishTrip;English;2
2622;854;FinishTrip;Chinese;6
2623;854;FinishTrip;0;Russian;5
2624;854;FinishTrip;0;French;1
2625;854;StartTrip;English;2;4
2626;854;StartTrip;French;1;5
2627;854;StartTrip;Chinese;6;5
2628;854;StartTrip;Russian;5;4
2629;855;FinishTrip;0;American;4
2630;855;FinishTrip;0;English;4
2631;855;FinishTrip;0;German;2
2632;855;StartTrip;American;4;3
2633;855;StartTrip;German;2;1
2634;855;StartTrip;English;4;2
2635;856;FinishTrip;English;2
2636;856;StartTrip;English;2;4
2637;857;FinishTrip;1;French;5
2638;857;FinishTrip;Chinese;5
2639;857;FinishTrip;0;English;4
2640;857;ChangePet;2;Chinese;French;Dog;Humpster
2641;857;changeHouse;2;Chinese;French;5;6
2642;857;StartTrip;French;5;6
2643;857;StartTrip;English;4;2
2644;857;StartTrip;Chinese;5;4
2645;858;FinishTrip;American;3
2646;858;FinishTrip;Russian;4
2647;858;FinishTrip;English;2
2648;858;StartTrip;American;3;1
2649;858;StartTrip;English;2;6
2650;858;StartTrip;Russian;4;5
2651;860;FinishTrip;German;1
2652;860;StartTrip;German;1;5
2653;861;FinishTrip;0;Chinese;4
2654;861;StartTrip;Chinese;4;5
2655;862;FinishTrip;French;6
2656;862;StartTrip;French;6;5
2657;863;FinishTrip;0;German;5
2658;863;StartTrip;German;5;1
2659;864;FinishTrip;0;Russian;5
2660;864;StartTrip;Russian;5;4
2661;865;FinishTrip;0;French;5
2662;865;StartTrip;French;5;6
2663;867;FinishTrip;German;1
2664;867;FinishTrip;Chinese;5
2665;867;StartTrip;German;1;5
2666;867;StartTrip;Chinese;5;4
2667;868;FinishTrip;Russian;4
2668;868;FinishTrip;0;English;6
2669;868;StartTrip;Russian;4;2
2670;868;StartTrip;English;6;2
2671;869;FinishTrip;0;Russian;2
2672;869;StartTrip;Russian;2;4
2673;870;FinishTrip;French;6
2674;870;FinishTrip;Russian;4
2675;870;FinishTrip;0;German;5
2676;870;StartTrip;French;6;3
2677;870;StartTrip;German;5;1
2678;870;StartTrip;Russian;4;6
2679;871;FinishTrip;0;Chinese;4
2680;871;StartTrip;Chinese;4;5
2681;872;FinishTrip;0;French;3
2682;872;StartTrip;French;3;6
2683;873;FinishTrip;English;2
2684;873;FinishTrip;0;Russian;6
2685;873;StartTrip;English;2;4
2686;873;StartTrip;Russian;6;4
2687;874;FinishTrip;German;1
2688;874;FinishTrip;1;Russian;4
2689;874;FinishTrip;English;4
2690;874;changeHouse;2;Russian;English;2;4
2691;874;StartTrip;German;1;3
2692;874;StartTrip;English;4;6
2693;874;StartTrip;Russian;4;2
2694;875;FinishTrip;Russian;2
2695;875;StartTrip;Russian;2;4
2696;876;FinishTrip;French;6
2697;876;FinishTrip;0;Russian;4
2698;876;StartTrip;French;6;5
2699;876;StartTrip;Russian;4;2
2700;877;FinishTrip;Chinese;5
2701;877;FinishTrip;Russian;2
2702;877;FinishTrip;0;English;6
2703;877;StartTrip;Chinese;5;1
2704;877;StartTrip;English;6;4
2705;877;StartTrip;Russian;2;6
2706;878;FinishTrip;English;4
2707;878;StartTrip;English;4;5
2708;879;FinishTrip;0;French;5
2709;879;StartTrip;French;5;6
2710;881;FinishTrip;0;Chinese;1
2711;881;StartTrip;Chinese;1;5
2712;882;FinishTrip;0;German;3
2713;882;StartTrip;German;3;1
2714;884;FinishTrip;1;Chinese;5
2715;884;FinishTrip;French;6
2716;884;FinishTrip;English;5
2717;884;ChangePet;2;English;Chinese;Dog;Cat
2718;884;changeHouse;2;English;Chinese;5;4
2719;884;StartTrip;Chinese;5;4
2720;884;StartTrip;English;5;4
2721;884;StartTrip;French;6;1
2722;887;FinishTrip;0;Russian;6
2723;887;StartTrip;Russian;6;2
2724;888;FinishTrip;Chinese;4
2725;888;FinishTrip;0;French;1
2726;888;FinishTrip;1;English;4
2727;888;ChangePet;2;English;Chinese;Cat;Dog
2728;888;StartTrip;Chinese;4;3
2729;888;StartTrip;English;4;5
2730;888;StartTrip;French;1;6
2731;889;FinishTrip;French;6
2732;889;StartTrip;French;6;2
2733;891;FinishTrip;0;Chinese;3
2734;891;StartTrip;Chinese;3;4
2735;892;FinishTrip;Russian;2
2736;892;StartTrip;Russian;2;1
2737;894;FinishTrip;English;5
2738;894;FinishTrip;0;French;2
2739;894;StartTrip;English;5;1
2740;894;StartTrip;French;2;6
2741;896;FinishTrip;Chinese;4
2742;896;StartTrip;Chinese;4;3
2743;897;FinishTrip;0;Russian;1
2744;897;StartTrip;Russian;1;2
2745;898;FinishTrip;0;English;1
2746;898;StartTrip;English;1;5
2747;899;FinishTrip;0;Chinese;3
2748;899;StartTrip;Chinese;3;4
2749;901;FinishTrip;English;5
2750;901;StartTrip;English;5;1
2751;903;FinishTrip;Russian;2
2752;903;StartTrip;Russian;2;1
2753;904;FinishTrip;Chinese;4
2754;904;FinishTrip;French;6
2755;904;StartTrip;Chinese;4;1
2756;904;StartTrip;French;6;5
2757;905;FinishTrip;0;English;1
2758;905;StartTrip;English;1;5
2759;906;FinishTrip;0;Chinese;1
2760;906;StartTrip;Chinese;1;4
2761;907;FinishTrip;0;French;5
2762;907;StartTrip;French;5;6
2763;908;FinishTrip;English;5
2764;908;FinishTrip;Chinese;4
2765;908;FinishTrip;0;Russian;1
2766;908;StartTrip;English;5;2
2767;908;StartTrip;Russian;1;2
2768;908;StartTrip;Chinese;4;5
2769;909;FinishTrip;0;English;2
2770;909;StartTrip;English;2;5
2771;910;FinishTrip;0;American;1
2772;910;StartTrip;American;1;3
2773;911;FinishTrip;English;5
2774;911;StartTrip;English;5;6
2775;912;FinishTrip;French;6
2776;912;StartTrip;French;6;2
2777;914;FinishTrip;Russian;2
2778;914;FinishTrip;0;Chinese;5
2779;914;StartTrip;Russian;2;5
2780;914;StartTrip;Chinese;5;4
2781;916;FinishTrip;0;English;6
2782;916;FinishTrip;0;Russian;5
2783;916;StartTrip;English;6;5
2784;916;StartTrip;Russian;5;2
2785;917;FinishTrip;1;Russian;2
2786;917;FinishTrip;French;2
2787;917;ChangePet;2;Russian;French;Humpster;Bear
2788;917;changeHouse;2;Russian;French;6;2
2789;917;StartTrip;Russian;2;6
2790;917;StartTrip;French;2;6
2791;918;FinishTrip;American;3
2792;918;FinishTrip;Chinese;4
2793;918;StartTrip;American;3;6
2794;918;StartTrip;Chinese;4;2
2795;919;FinishTrip;English;5
2796;919;FinishTrip;0;Chinese;2
2797;919;StartTrip;English;5;1
2798;919;StartTrip;Chinese;2;4
2799;920;FinishTrip;Chinese;4
2800;920;StartTrip;Chinese;4;6
2801;922;FinishTrip;0;American;6
2802;922;StartTrip;American;6;3
2803;923;FinishTrip;0;Chinese;6
2804;923;FinishTrip;0;English;1
2805;923;StartTrip;Chinese;6;4
2806;923;StartTrip;English;1;5
2807;924;FinishTrip;American;3
2808;924;FinishTrip;Chinese;4
2809;924;StartTrip;American;3;4
2810;924;StartTrip;Chinese;4;6
2811;926;FinishTrip;English;5
2812;926;StartTrip;English;5;2
2813;927;FinishTrip;1;Russian;6
2814;927;FinishTrip;1;French;6
2815;927;FinishTrip;Chinese;6
2816;927;FinishTrip;0;English;2
2817;927;ChangePet;3;Russian;Chinese;French;Dog;Bear;Humpster
2818;927;changeHouse;2;Russian;French;2;6
2819;927;changeHouse;3;Russian;Chinese;French;4;6;2
2820;927;StartTrip;Russian;6;4
2821;927;StartTrip;English;2;5
2822;927;StartTrip;French;6;2
2823;927;StartTrip;Chinese;6;4
2824;928;FinishTrip;1;Russian;4
2825;928;FinishTrip;Chinese;4
2826;928;ChangePet;2;Russian;Chinese;Bear;Dog
2827;928;changeHouse;2;Russian;Chinese;6;4
2828;928;StartTrip;Russian;4;6
2829;928;StartTrip;Chinese;4;1
2830;929;FinishTrip;English;5
2831;929;FinishTrip;0;American;4
2832;929;StartTrip;English;5;6
2833;929;StartTrip;American;4;3
2834;930;FinishTrip;0;Chinese;1
2835;930;StartTrip;Chinese;1;4
2836;931;FinishTrip;Russian;6
2837;931;StartTrip;Russian;6;3
2838;932;FinishTrip;French;2
2839;932;FinishTrip;Chinese;4
2840;932;FinishTrip;American;3
2841;932;StartTrip;French;2;3
2842;932;StartTrip;American;3;4
2843;932;StartTrip;Chinese;4;5
2844;933;FinishTrip;0;Russian;3
2845;933;StartTrip;Russian;3;6
2846;934;FinishTrip;German;1
2847;934;FinishTrip;0;English;6
2848;934;StartTrip;German;1;6
2849;934;StartTrip;English;6;5
2850;935;FinishTrip;0;German;6
2851;935;StartTrip;German;6;1
2852;936;FinishTrip;0;French;3
2853;936;StartTrip;French;3;2
2854;937;FinishTrip;Russian;6
2855;937;FinishTrip;English;5
2856;937;FinishTrip;0;American;4
2857;937;StartTrip;Russian;6;5
2858;937;StartTrip;American;4;3
2859;937;StartTrip;English;5;6
2860;938;FinishTrip;0;Chinese;5
2861;938;StartTrip;Chinese;5;4
2862;939;FinishTrip;German;1
2863;939;FinishTrip;French;2
2864;939;StartTrip;German;1;4
2865;939;StartTrip;French;2;1
2866;940;FinishTrip;American;3
2867;940;FinishTrip;0;Russian;5
2868;940;StartTrip;American;3;4
2869;940;StartTrip;Russian;5;6
2870;941;FinishTrip;0;German;4
2871;941;StartTrip;German;4;1
2872;942;FinishTrip;Chinese;4
2873;942;FinishTrip;0;English;6
2874;942;StartTrip;Chinese;4;5
2875;942;StartTrip;English;6;5
2876;943;FinishTrip;German;1
2877;943;StartTrip;German;1;6
2878;944;FinishTrip;0;French;1
2879;944;FinishTrip;0;German;6
2880;944;StartTrip;French;1;2
2881;944;StartTrip;German;6;1
2882;945;FinishTrip;English;5
2883;945;FinishTrip;Russian;6
2884;945;FinishTrip;0;American;4
2885;945;StartTrip;English;5;1
2886;945;StartTrip;American;4;3
2887;945;StartTrip;Russian;6;1
2888;948;FinishTrip;German;1
2889;948;FinishTrip;American;3
2890;948;FinishTrip;0;Chinese;5
2891;948;StartTrip;German;1;3
2892;948;StartTrip;Chinese;5;4
2893;948;StartTrip;American;3;5
2894;949;FinishTrip;0;English;1
2895;949;FinishTrip;0;Russian;1
2896;949;StartTrip;English;1;5
2897;949;StartTrip;Russian;1;6
2898;950;FinishTrip;French;2
2899;950;FinishTrip;Russian;6
2900;950;FinishTrip;0;American;5
2901;950;StartTrip;French;2;1
2902;950;StartTrip;American;5;3
2903;950;StartTrip;Russian;6;1
2904;952;FinishTrip;English;5
2905;952;FinishTrip;Chinese;4
2906;952;StartTrip;English;5;3
2907;952;StartTrip;Chinese;4;6
2908;954;FinishTrip;American;3
2909;954;FinishTrip;0;Russian;1
2910;954;StartTrip;American;3;4
2911;954;StartTrip;Russian;1;6
2912;955;FinishTrip;1;Russian;6
2913;955;FinishTrip;Chinese;6
2914;955;FinishTrip;0;French;1
2915;955;ChangePet;2;Russian;Chinese;Dog;Bear
2916;955;changeHouse;2;Russian;Chinese;4;6
2917;955;StartTrip;Russian;6;4
2918;955;StartTrip;French;1;2
2919;955;StartTrip;Chinese;6;3
2920;956;FinishTrip;Russian;4
2921;956;FinishTrip;0;German;3
2922;956;FinishTrip;0;English;3
2923;956;StartTrip;Russian;4;1
2924;956;StartTrip;English;3;5
2925;956;StartTrip;German;3;1
2926;957;FinishTrip;0;Chinese;3
2927;957;StartTrip;Chinese;3;6
2928;958;FinishTrip;English;5
2929;958;FinishTrip;0;Russian;1
2930;958;StartTrip;English;5;3
2931;958;StartTrip;Russian;1;4
2932;959;FinishTrip;0;American;4
2933;959;StartTrip;American;4;3
2934;960;FinishTrip;Russian;4
2935;960;StartTrip;Russian;4;3
2936;961;FinishTrip;French;2
2937;961;FinishTrip;Chinese;6
2938;961;StartTrip;French;2;1
2939;961;StartTrip;Chinese;6;3
2940;962;FinishTrip;1;American;3
2941;962;FinishTrip;English;3
2942;962;ChangePet;2;English;American;Fish;Cat
2943;962;changeHouse;2;English;American;3;5
2944;962;StartTrip;American;3;5
2945;962;StartTrip;English;3;2
2946;963;FinishTrip;0;Russian;3
2947;963;FinishTrip;0;Chinese;3
2948;963;StartTrip;Russian;3;4
2949;963;StartTrip;Chinese;3;6
2950;964;FinishTrip;American;5
2951;964;StartTrip;American;5;1
2952;965;FinishTrip;0;English;2
2953;965;StartTrip;English;2;3
2954;966;FinishTrip;0;French;1
2955;966;StartTrip;French;1;2
2956;967;FinishTrip;Chinese;6
2957;967;StartTrip;Chinese;6;4
2958;968;FinishTrip;1;Russian;4
2959;968;FinishTrip;Chinese;4
2960;968;FinishTrip;0;American;1
2961;968;ChangePet;2;Russian;Chinese;Bear;Dog
2962;968;changeHouse;2;Russian;Chinese;6;4
2963;968;StartTrip;Russian;4;6
2964;968;StartTrip;American;1;5
2965;968;StartTrip;Chinese;4;3
2966;969;FinishTrip;English;3
2967;969;StartTrip;English;3;4
2968;971;FinishTrip;Russian;6
2969;971;FinishTrip;American;5
2970;971;FinishTrip;0;Chinese;3
2971;971;StartTrip;Russian;6;2
2972;971;StartTrip;Chinese;3;4
2973;971;StartTrip;American;5;1
2974;972;FinishTrip;French;2
2975;972;StartTrip;French;2;5
2976;974;FinishTrip;0;English;4
2977;974;FinishTrip;0;French;5
2978;974;StartTrip;English;4;3
2979;974;StartTrip;French;5;2
2980;975;FinishTrip;French;2
2981;975;FinishTrip;0;American;1
2982;975;StartTrip;French;2;3
2983;975;StartTrip;American;1;5
2984;976;FinishTrip;Chinese;4
2985;976;FinishTrip;0;Russian;2
2986;976;StartTrip;Chinese;4;5
2987;976;StartTrip;Russian;2;6
2988;977;FinishTrip;English;3
2989;977;StartTrip;English;3;4
2990;978;FinishTrip;American;5
2991;978;StartTrip;American;5;4
2992;979;FinishTrip;0;French;3
2993;979;StartTrip;French;3;2
2994;982;FinishTrip;French;2
2995;982;FinishTrip;0;English;4
2996;982;FinishTrip;0;American;4
2997;982;FinishTrip;0;Chinese;5
2998;982;StartTrip;French;2;5
2999;982;StartTrip;Chinese;5;4
3000;982;StartTrip;English;4;3
3001;982;StartTrip;American;4;5
3002;984;FinishTrip;0;French;5
3003;984;StartTrip;French;5;2
3004;985;FinishTrip;English;3
3005;985;FinishTrip;French;2
3006;985;StartTrip;English;3;2
3007;985;StartTrip;French;2;1
3008;986;FinishTrip;Russian;6
3009;986;FinishTrip;Chinese;4
3010;986;StartTrip;Russian;6;1
3011;986;StartTrip;Chinese;4;3
3012;988;FinishTrip;American;5
3013;988;FinishTrip;0;English;2
3014;988;StartTrip;American;5;4
3015;988;StartTrip;English;2;3
3016;989;FinishTrip;0;Chinese;3
3017;989;StartTrip;Chinese;3;4
3018;990;FinishTrip;0;French;1
3019;990;FinishTrip;0;Russian;1
3020;990;StartTrip;French;1;2
3021;990;StartTrip;Russian;1;6
3022;991;FinishTrip;Russian;6
3023;991;StartTrip;Russian;6;4
3024;992;FinishTrip;English;3
3025;992;FinishTrip;0;Russian;4
3026;992;FinishTrip;0;American;4
3027;992;StartTrip;English;3;5
3028;992;StartTrip;American;4;5
3029;992;StartTrip;Russian;4;6
3030;994;FinishTrip;Chinese;4
3031;994;FinishTrip;0;English;5
3032;994;StartTrip;Chinese;4;6
3033;994;StartTrip;English;5;3
3034;995;FinishTrip;Russian;6
3035;995;StartTrip;Russian;6;5
3036;996;FinishTrip;French;2
3037;996;StartTrip;French;2;4
3038;997;FinishTrip;0;Chinese;6
3039;997;FinishTrip;0;French;4
3040;997;StartTrip;Chinese;6;4
3041;997;StartTrip;French;4;2
3042;998;FinishTrip;English;3
3043;998;FinishTrip;French;2
3044;998;FinishTrip;Chinese;4
3045;998;FinishTrip;American;5
3046;998;FinishTrip;1;Russian;5
3047;998;ChangePet;2;Russian;American;Cat;Bear
3048;998;StartTrip;English;3;2
3049;998;StartTrip;French;2;4
3050;998;StartTrip;Russian;5;6
3051;998;StartTrip;American;5;2
3052;998;StartTrip;Chinese;4;1
3053;999;FinishTrip;0;French;4
3054;999;FinishTrip;0;American;2
3055;999;StartTrip;French;4;2
3056;999;StartTrip;American;2;5
3057;1000;FinishTrip;French;2
3058;1000;FinishTrip;0;Chinese;1
3059;1000;StartTrip;French;2;1
3060;1000;StartTrip;Chinese;1;4
3061;1001;FinishTrip;American;5
3062;1001;FinishTrip;0;English;2
3063;1001;StartTrip;American;5;2
3064;1001;StartTrip;English;2;3
3065;1002;FinishTrip;Chinese;4
3066;1002;FinishTrip;0;American;2
3067;1002;StartTrip;Chinese;4;1
3068;1002;StartTrip;American;2;5
3069;1003;FinishTrip;Russian;6
3070;1003;StartTrip;Russian;6;2
3071;1004;FinishTrip;American;5
3072;1004;FinishTrip;0;Chinese;1
3073;1004;StartTrip;American;5;2
3074;1004;StartTrip;Chinese;1;4
3075;1005;FinishTrip;English;3
3076;1005;FinishTrip;0;French;1
3077;1005;FinishTrip;0;American;2
3078;1005;StartTrip;English;3;6
3079;1005;StartTrip;American;2;5
3080;1005;StartTrip;French;1;2
3081;1006;FinishTrip;Chinese;4
3082;1006;StartTrip;Chinese;4;6
3083;1007;FinishTrip;American;5
3084;1007;StartTrip;American;5;6
3085;1008;FinishTrip;German;1
3086;1008;FinishTrip;0;Russian;2
3087;1008;StartTrip;German;1;6
3088;1008;StartTrip;Russian;2;6
3089;1009;FinishTrip;0;Chinese;6
3090;1009;FinishTrip;0;English;6
3091;1009;FinishTrip;0;German;6
3092;1009;StartTrip;Chinese;6;4
3093;1009;StartTrip;German;6;1
3094;1009;StartTrip;English;6;3
3095;1010;FinishTrip;Chinese;4
3096;1010;StartTrip;Chinese;4;6
3097;1011;FinishTrip;English;3
3098;1011;FinishTrip;French;2
3099;1011;StartTrip;English;3;1
3100;1011;StartTrip;French;2;4
3101;1012;FinishTrip;0;American;6
3102;1012;FinishTrip;0;French;4
3103;1012;StartTrip;American;6;5
3104;1012;StartTrip;French;4;2
3105;1013;FinishTrip;French;2
3106;1013;FinishTrip;German;1
3107;1013;FinishTrip;0;Chinese;6
3108;1013;StartTrip;French;2;3
3109;1013;StartTrip;Chinese;6;4
3110;1013;StartTrip;German;1;4
3111;1014;FinishTrip;Chinese;4
3112;1014;StartTrip;Chinese;4;2
3113;1015;FinishTrip;American;5
3114;1015;FinishTrip;0;German;4
3115;1015;FinishTrip;0;Chinese;2
3116;1015;StartTrip;American;5;3
3117;1015;StartTrip;Chinese;2;4
3118;1015;StartTrip;German;4;1
3119;1016;FinishTrip;Chinese;4
3120;1016;StartTrip;Chinese;4;2
3121;1017;FinishTrip;German;1
3122;1017;FinishTrip;0;Chinese;2
3123;1017;FinishTrip;0;French;3
3124;1017;StartTrip;German;1;3
3125;1017;StartTrip;French;3;2
3126;1017;StartTrip;Chinese;2;4
3127;1018;FinishTrip;Russian;6
3128;1018;FinishTrip;Chinese;4
3129;1018;StartTrip;Russian;6;2
3130;1018;StartTrip;Chinese;4;1
3131;1019;FinishTrip;0;American;3
3132;1019;StartTrip;American;3;5
3133;1020;FinishTrip;French;2
3134;1020;FinishTrip;0;Chinese;1
3135;1020;StartTrip;French;2;1
3136;1020;StartTrip;Chinese;1;4
3137;1021;FinishTrip;American;5
3138;1021;StartTrip;American;5;4
3139;1022;FinishTrip;Chinese;4
3140;1022;StartTrip;Chinese;4;5
3141;1023;FinishTrip;0;Russian;2
3142;1023;StartTrip;Russian;2;6
3143;1025;FinishTrip;0;American;4
3144;1025;FinishTrip;0;French;1
3145;1025;FinishTrip;0;German;3
3146;1025;StartTrip;American;4;5
3147;1025;StartTrip;German;3;1
3148;1025;StartTrip;French;1;2
3149;1028;FinishTrip;0;Chinese;5
3150;1028;StartTrip;Chinese;5;4
3151;1031;FinishTrip;French;2
3152;1031;FinishTrip;American;5
3153;1031;StartTrip;French;2;6
3154;1031;StartTrip;American;5;1
3155;1032;FinishTrip;Chinese;4
3156;1032;StartTrip;Chinese;4;3
3157;1033;FinishTrip;Russian;6
3158;1033;StartTrip;Russian;6;3
3159;1035;FinishTrip;0;American;1
3160;1035;FinishTrip;0;Chinese;3
3161;1035;FinishTrip;0;Russian;3
3162;1035;StartTrip;American;1;5
3163;1035;StartTrip;Russian;3;6
3164;1035;StartTrip;Chinese;3;4
3165;1038;FinishTrip;American;5
3166;1038;StartTrip;American;5;6
3167;1039;FinishTrip;Russian;6
3168;1039;StartTrip;Russian;6;5
3169;1040;FinishTrip;Chinese;4
3170;1040;StartTrip;Chinese;4;5
3171;1041;FinishTrip;0;French;6
3172;1041;StartTrip;French;6;2
3173;1042;FinishTrip;0;Russian;5
3174;1042;StartTrip;Russian;5;6
3175;1043;FinishTrip;0;American;6
3176;1043;StartTrip;American;6;5
3177;1046;FinishTrip;1;American;5
3178;1046;FinishTrip;French;2
3179;1046;FinishTrip;Chinese;5
3180;1046;ChangePet;2;Chinese;American;Bear;Dog
3181;1046;changeHouse;2;Chinese;American;5;4
3182;1046;StartTrip;American;5;4
3183;1046;StartTrip;Chinese;5;4
3184;1046;StartTrip;French;2;5
3185;1047;FinishTrip;Russian;6
3186;1047;StartTrip;Russian;6;3
3187;1048;FinishTrip;0;French;5
3188;1048;StartTrip;French;5;2
3189;1049;FinishTrip;French;2
3190;1049;FinishTrip;0;Russian;3
3191;1049;StartTrip;French;2;5
3192;1049;StartTrip;Russian;3;6
3193;1050;FinishTrip;1;American;4
3194;1050;FinishTrip;Chinese;4
3195;1050;ChangePet;2;Chinese;American;Dog;Bear
3196;1050;changeHouse;2;Chinese;American;4;5
3197;1050;StartTrip;American;4;5
3198;1050;StartTrip;Chinese;4;3
3199;1051;FinishTrip;0;French;5
3200;1051;StartTrip;French;5;2
3201;1052;FinishTrip;French;2
3202;1052;StartTrip;French;2;1
3203;1053;FinishTrip;Russian;6
3204;1053;FinishTrip;0;Chinese;3
3205;1053;StartTrip;Russian;6;1
3206;1053;StartTrip;Chinese;3;4
3207;1056;FinishTrip;American;5
3208;1056;StartTrip;American;5;4
3209;1057;FinishTrip;0;French;1
3210;1057;FinishTrip;0;Russian;1
3211;1057;StartTrip;French;1;2
3212;1057;StartTrip;Russian;1;6
3213;1058;FinishTrip;Chinese;4
3214;1058;FinishTrip;Russian;6
3215;1058;StartTrip;Chinese;4;2
3216;1058;StartTrip;Russian;6;2
3217;1059;FinishTrip;0;Chinese;2
3218;1059;StartTrip;Chinese;2;4
3219;1060;FinishTrip;1;Chinese;4
3220;1060;FinishTrip;American;4
3221;1060;ChangePet;2;Chinese;American;Bear;Dog
3222;1060;changeHouse;2;Chinese;American;5;4
3223;1060;StartTrip;Chinese;4;5
3224;1060;StartTrip;American;4;5
3225;1063;FinishTrip;1;French;2
3226;1063;FinishTrip;Russian;2
3227;1063;FinishTrip;0;English;1
3228;1063;ChangePet;2;Russian;French;Humpster;Cat
3229;1063;changeHouse;2;Russian;French;2;6
3230;1063;StartTrip;French;2;6
3231;1063;StartTrip;English;1;3
3232;1063;StartTrip;Russian;2;6
3233;1066;FinishTrip;1;Chinese;5
3234;1066;FinishTrip;American;5
3235;1066;ChangePet;2;Chinese;American;Dog;Bear
3236;1066;changeHouse;2;Chinese;American;4;5
3237;1066;StartTrip;Chinese;5;4
3238;1066;StartTrip;American;5;4
3239;1070;FinishTrip;1;Chinese;4
3240;1070;FinishTrip;American;4
3241;1070;ChangePet;2;Chinese;American;Bear;Dog
3242;1070;changeHouse;2;Chinese;American;5;4
3243;1070;StartTrip;Chinese;4;5
3244;1070;StartTrip;American;4;3
3245;1071;FinishTrip;English;3
3246;1071;StartTrip;English;3;5
3247;1073;FinishTrip;French;6
3248;1073;FinishTrip;1;Russian;6
3249;1073;FinishTrip;0;American;3
3250;1073;FinishTrip;0;English;5
3251;1073;ChangePet;2;Russian;French;Cat;Humpster
3252;1073;StartTrip;French;6;3
3253;1073;StartTrip;English;5;3
3254;1073;StartTrip;Russian;6;2
3255;1073;StartTrip;American;3;4
3256;1075;FinishTrip;0;French;3
3257;1075;StartTrip;French;3;6
3258;1076;FinishTrip;Chinese;5
3259;1076;StartTrip;Chinese;5;4
3260;1077;FinishTrip;German;1
3261;1077;FinishTrip;English;3
3262;1077;StartTrip;German;1;5
3263;1077;StartTrip;English;3;1
3264;1078;FinishTrip;American;4
3265;1078;FinishTrip;Russian;2
3266;1078;StartTrip;American;4;3
3267;1078;StartTrip;Russian;2;4
3268;1079;FinishTrip;French;6
3269;1079;FinishTrip;0;Russian;4
3270;1079;StartTrip;French;6;5
3271;1079;StartTrip;Russian;4;2
3272;1080;FinishTrip;Russian;2
3273;1080;FinishTrip;0;Chinese;4
3274;1080;FinishTrip;0;German;5
3275;1080;StartTrip;Russian;2;5
3276;1080;StartTrip;German;5;1
3277;1080;StartTrip;Chinese;4;5
3278;1081;FinishTrip;0;American;3
3279;1081;StartTrip;American;3;4
3280;1082;FinishTrip;0;French;5
3281;1082;FinishTrip;0;Russian;5
3282;1082;StartTrip;French;5;6
3283;1082;StartTrip;Russian;5;2
3284;1083;FinishTrip;Russian;2
3285;1083;StartTrip;Russian;2;6
3286;1084;FinishTrip;German;1
3287;1084;StartTrip;German;1;5
3288;1086;FinishTrip;Chinese;5
3289;1086;FinishTrip;American;4
3290;1086;StartTrip;Chinese;5;4
3291;1086;StartTrip;American;4;2
3292;1087;FinishTrip;French;6
3293;1087;FinishTrip;0;German;5
3294;1087;FinishTrip;0;American;2
3295;1087;StartTrip;French;6;5
3296;1087;StartTrip;American;2;4
3297;1087;StartTrip;German;5;1
3298;1088;FinishTrip;American;4
3299;1088;StartTrip;American;4;6
3300;1090;FinishTrip;0;Chinese;4
3301;1090;FinishTrip;0;French;5
3302;1090;StartTrip;Chinese;4;5
3303;1090;StartTrip;French;5;6
3304;1091;FinishTrip;German;1
3305;1091;FinishTrip;0;American;6
3306;1091;StartTrip;German;1;2
3307;1091;StartTrip;American;6;4
3308;1092;FinishTrip;American;4
3309;1092;StartTrip;American;4;5
3310;1093;FinishTrip;0;Russian;6
3311;1093;StartTrip;Russian;6;2
3312;1095;FinishTrip;French;6
3313;1095;StartTrip;French;6;4
3314;1096;FinishTrip;Chinese;5
3315;1096;FinishTrip;0;French;4
3316;1096;StartTrip;Chinese;5;1
3317;1096;StartTrip;French;4;6
3318;1097;FinishTrip;0;German;2
3319;1097;StartTrip;German;2;1
3320;1098;FinishTrip;Russian;2
3321;1098;FinishTrip;0;American;5
3322;1098;StartTrip;Russian;2;4
3323;1098;StartTrip;American;5;4
3324;1099;FinishTrip;French;6
3325;1099;FinishTrip;0;Russian;4
3326;1099;StartTrip;French;6;5
3327;1099;StartTrip;Russian;4;2
3328;1100;FinishTrip;Russian;2
3329;1100;FinishTrip;0;Chinese;1
3330;1100;StartTrip;Russian;2;4
3331;1100;StartTrip;Chinese;1;5
3332;1101;FinishTrip;0;Russian;4
3333;1101;StartTrip;Russian;4;2
3334;1102;FinishTrip;American;4
3335;1102;FinishTrip;Russian;2
3336;1102;FinishTrip;German;1
3337;1102;FinishTrip;0;French;5
3338;1102;StartTrip;American;4;3
3339;1102;StartTrip;French;5;6
3340;1102;StartTrip;Russian;2;3
3341;1102;StartTrip;German;1;4
3342;1103;FinishTrip;Chinese;5
3343;1103;StartTrip;Chinese;5;2
3344;1104;FinishTrip;0;German;4
3345;1104;FinishTrip;0;Chinese;2
3346;1104;StartTrip;German;4;1
3347;1104;StartTrip;Chinese;2;5
3348;1105;FinishTrip;0;American;3
3349;1105;StartTrip;American;3;4
3350;1106;FinishTrip;Chinese;5
3351;1106;FinishTrip;German;1
3352;1106;FinishTrip;0;Russian;3
3353;1106;StartTrip;Chinese;5;2
3354;1106;StartTrip;Russian;3;2
3355;1106;StartTrip;German;1;2
3356;1107;FinishTrip;French;6
3357;1107;FinishTrip;0;Chinese;2
3358;1107;StartTrip;French;6;3
3359;1107;StartTrip;Chinese;2;5
3360;1109;FinishTrip;Russian;2
3361;1109;FinishTrip;Chinese;5
3362;1109;FinishTrip;0;French;3
3363;1109;StartTrip;Russian;2;1
3364;1109;StartTrip;French;3;6
3365;1109;StartTrip;Chinese;5;6
3366;1110;FinishTrip;American;4
3367;1110;StartTrip;American;4;6
3368;1112;FinishTrip;0;German;2
3369;1112;StartTrip;German;2;1
3370;1113;FinishTrip;1;French;6
3371;1113;FinishTrip;American;6
3372;1113;ChangePet;2;French;American;Dog;Humpster
3373;1113;changeHouse;2;French;American;4;6
3374;1113;StartTrip;French;6;4
3375;1113;StartTrip;American;6;4
3376;1114;FinishTrip;1;French;4
3377;1114;FinishTrip;0;Chinese;6
3378;1114;FinishTrip;American;4
3379;1114;FinishTrip;0;Russian;1
3380;1114;ChangePet;2;French;American;Humpster;Dog
3381;1114;changeHouse;2;French;American;6;4
3382;1114;StartTrip;French;4;6
3383;1114;StartTrip;Russian;1;2
3384;1114;StartTrip;Chinese;6;5
3385;1114;StartTrip;American;4;1
3386;1116;FinishTrip;0;American;1
3387;1116;StartTrip;American;1;4
3388;1117;FinishTrip;German;1
3389;1117;FinishTrip;French;6
3390;1117;FinishTrip;Chinese;5
3391;1117;StartTrip;German;1;3
3392;1117;StartTrip;Chinese;5;1
3393;1117;StartTrip;French;6;4
3394;1118;FinishTrip;1;American;4
3395;1118;FinishTrip;French;4
3396;1118;ChangePet;2;French;American;Dog;Humpster
3397;1118;changeHouse;2;French;American;4;6
3398;1118;StartTrip;American;4;6
3399;1118;StartTrip;French;4;2
3400;1119;FinishTrip;0;French;2
3401;1119;StartTrip;French;2;4
3402;1120;FinishTrip;Russian;2
3403;1120;FinishTrip;French;4
3404;1120;StartTrip;Russian;2;5
3405;1120;StartTrip;French;4;6
3406;1121;FinishTrip;American;6
3407;1121;FinishTrip;0;Chinese;1
3408;1121;StartTrip;American;6;4
3409;1121;StartTrip;Chinese;1;5
3410;1122;FinishTrip;0;Russian;5
3411;1122;FinishTrip;0;American;4
3412;1122;StartTrip;Russian;5;2
3413;1122;StartTrip;American;4;6
3414;1123;FinishTrip;Russian;2
3415;1123;FinishTrip;0;French;6
3416;1123;StartTrip;Russian;2;5
3417;1123;StartTrip;French;6;4
3418;1124;FinishTrip;Chinese;5
3419;1124;FinishTrip;French;4
3420;1124;StartTrip;Chinese;5;4
3421;1124;StartTrip;French;4;2
3422;1125;FinishTrip;American;6
3423;1125;FinishTrip;0;Russian;5
3424;1125;FinishTrip;0;French;2
3425;1125;FinishTrip;0;German;3
3426;1125;StartTrip;American;6;4
3427;1125;StartTrip;German;3;1
3428;1125;StartTrip;Russian;5;2
3429;1125;StartTrip;French;2;4
3430;1126;FinishTrip;1;French;4
3431;1126;FinishTrip;Russian;2
3432;1126;FinishTrip;American;4
3433;1126;ChangePet;2;French;American;Humpster;Dog
3434;1126;changeHouse;2;French;American;6;4
3435;1126;StartTrip;French;4;6
3436;1126;StartTrip;American;4;3
3437;1126;StartTrip;Russian;2;5
3438;1128;FinishTrip;0;Chinese;4
3439;1128;FinishTrip;0;Russian;5
3440;1128;StartTrip;Chinese;4;5
3441;1128;StartTrip;Russian;5;2
3442;1129;FinishTrip;Russian;2
3443;1129;FinishTrip;French;6
3444;1129;FinishTrip;0;English;1
3445;1129;FinishTrip;0;American;3
3446;1129;StartTrip;Russian;2;3
3447;1129;StartTrip;American;3;4
3448;1129;StartTrip;French;6;5
3449;1129;StartTrip;English;1;3
3450;1132;FinishTrip;0;French;5
3451;1132;StartTrip;French;5;6
3452;1133;FinishTrip;0;Russian;3
3453;1133;StartTrip;Russian;3;2
3454;1134;FinishTrip;Chinese;5
3455;1134;FinishTrip;American;4
3456;1134;StartTrip;Chinese;5;1
3457;1134;StartTrip;American;4;3
3458;1136;FinishTrip;Russian;2
3459;1136;StartTrip;Russian;2;5
3460;1137;FinishTrip;French;6
3461;1137;FinishTrip;1;English;3
3462;1137;FinishTrip;American;3
3463;1137;ChangePet;2;English;American;Dog;Fish
3464;1137;changeHouse;2;English;American;4;3
3465;1137;StartTrip;French;6;4
3466;1137;StartTrip;American;3;5
3467;1137;StartTrip;English;3;4
3468;1138;FinishTrip;0;Chinese;1
3469;1138;FinishTrip;0;Russian;5
3470;1138;FinishTrip;0;French;4
3471;1138;StartTrip;Chinese;1;5
3472;1138;StartTrip;French;4;6
3473;1138;StartTrip;Russian;5;2
3474;1139;FinishTrip;Russian;2
3475;1139;FinishTrip;0;American;5
3476;1139;StartTrip;Russian;2;4
3477;1139;StartTrip;American;5;3
3478;1140;FinishTrip;0;Russian;4
3479;1140;StartTrip;Russian;4;2
3480;1141;FinishTrip;Chinese;5
3481;1141;FinishTrip;Russian;2
3482;1141;FinishTrip;French;6
3483;1141;StartTrip;Chinese;5;4
3484;1141;StartTrip;French;6;3
3485;1141;StartTrip;Russian;2;6
3486;1142;FinishTrip;English;4
3487;1142;StartTrip;English;4;2
3488;1143;FinishTrip;1;American;3
3489;1143;FinishTrip;0;English;2
3490;1143;FinishTrip;French;3
3491;1143;changeHouse;2;French;American;3;6
3492;1143;StartTrip;American;3;6
3493;1143;StartTrip;French;3;1
3494;1143;StartTrip;English;2;4
3495;1144;FinishTrip;English;4
3496;1144;StartTrip;English;4;1
3497;1145;FinishTrip;0;Chinese;4
3498;1145;StartTrip;Chinese;4;5
3499;1146;FinishTrip;0;English;1
3500;1146;StartTrip;English;1;4
3501;1147;FinishTrip;American;6
3502;1147;StartTrip;American;6;1
3503;1148;FinishTrip;English;4
3504;1148;StartTrip;English;4;3
3505;1151;FinishTrip;Chinese;5
3506;1151;FinishTrip;0;Russian;6
3507;1151;FinishTrip;0;American;1
3508;1151;FinishTrip;0;English;3
3509;1151;StartTrip;Chinese;5;6
3510;1151;StartTrip;English;3;4
3511;1151;StartTrip;Russian;6;2
3512;1151;StartTrip;American;1;6
3513;1152;FinishTrip;American;6
3514;1152;StartTrip;American;6;3
3515;1154;FinishTrip;0;American;3
3516;1154;StartTrip;American;3;6
3517;1156;FinishTrip;English;4
3518;1156;FinishTrip;Russian;2
3519;1156;FinishTrip;0;Chinese;6
3520;1156;StartTrip;English;4;3
3521;1156;StartTrip;Chinese;6;5
3522;1156;StartTrip;Russian;2;4
3523;1157;FinishTrip;0;Russian;4
3524;1157;StartTrip;Russian;4;2
3525;1158;FinishTrip;American;6
3526;1158;FinishTrip;Russian;2
3527;1158;StartTrip;American;6;2
3528;1158;StartTrip;Russian;2;4
3529;1159;FinishTrip;Chinese;5
3530;1159;FinishTrip;0;English;3
3531;1159;FinishTrip;0;Russian;4
3532;1159;StartTrip;Chinese;5;6
3533;1159;StartTrip;Russian;4;2
3534;1159;StartTrip;English;3;4
3535;1160;FinishTrip;Russian;2
3536;1160;StartTrip;Russian;2;6
3537;1163;FinishTrip;0;American;2
3538;1163;StartTrip;American;2;6
3539;1164;FinishTrip;English;4
3540;1164;FinishTrip;0;Chinese;6
3541;1164;StartTrip;English;4;6
3542;1164;StartTrip;Chinese;6;5
3543;1167;FinishTrip;Chinese;5
3544;1167;FinishTrip;0;English;6
3545;1167;StartTrip;Chinese;5;3
3546;1167;StartTrip;English;6;4
3547;1168;FinishTrip;English;4
3548;1168;StartTrip;English;4;6
3549;1170;FinishTrip;0;Russian;6
3550;1170;StartTrip;Russian;6;2
3551;1171;FinishTrip;0;English;6
3552;1171;FinishTrip;0;Chinese;3
3553;1171;StartTrip;English;6;4
3554;1171;StartTrip;Chinese;3;5
3555;1172;FinishTrip;English;4
3556;1172;StartTrip;English;4;1
3557;1173;FinishTrip;Chinese;5
3558;1173;FinishTrip;American;6
3559;1173;StartTrip;Chinese;5;3
3560;1173;StartTrip;American;6;1
3561;1174;FinishTrip;0;English;1
3562;1174;StartTrip;English;1;4
3563;1175;FinishTrip;Russian;2
3564;1175;StartTrip;Russian;2;4
3565;1176;FinishTrip;1;English;4
3566;1176;FinishTrip;Russian;4
3567;1176;changeHouse;2;Russian;English;4;2
3568;1176;StartTrip;English;4;2
3569;1176;StartTrip;Russian;4;6
3570;1177;FinishTrip;German;1
3571;1177;FinishTrip;English;2
3572;1177;FinishTrip;1;American;1
3573;1177;FinishTrip;0;Chinese;3
3574;1177;ChangePet;2;German;American;Fish;Zebra
3575;1177;StartTrip;German;1;5
3576;1177;StartTrip;Chinese;3;5
3577;1177;StartTrip;English;2;5
3578;1177;StartTrip;American;1;6
3579;1178;FinishTrip;American;6
3580;1178;StartTrip;American;6;4
3581;1179;FinishTrip;1;Chinese;5
3582;1179;FinishTrip;0;Russian;6
3583;1179;FinishTrip;0;American;4
3584;1179;FinishTrip;English;5
3585;1179;ChangePet;2;English;Chinese;Bear;Dog
3586;1179;changeHouse;2;English;Chinese;5;2
3587;1179;StartTrip;Chinese;5;2
3588;1179;StartTrip;English;5;6
3589;1179;StartTrip;Russian;6;4
3590;1179;StartTrip;American;4;6
3591;1180;FinishTrip;Chinese;2
3592;1180;FinishTrip;Russian;4
3593;1180;FinishTrip;0;German;5
3594;1180;StartTrip;Chinese;2;6
3595;1180;StartTrip;German;5;1
3596;1180;StartTrip;Russian;4;5
3597;1182;FinishTrip;American;6
3598;1182;StartTrip;American;6;2
3599;1184;FinishTrip;German;1
3600;1184;FinishTrip;0;English;6
3601;1184;StartTrip;German;1;2
3602;1184;StartTrip;English;6;5
3603;1186;FinishTrip;0;Russian;5
3604;1186;StartTrip;Russian;5;4
3605;1187;FinishTrip;English;5
3606;1187;FinishTrip;0;American;2
3607;1187;StartTrip;English;5;2
3608;1187;StartTrip;American;2;6
3609;1188;FinishTrip;0;English;2
3610;1188;StartTrip;English;2;5
3611;1190;FinishTrip;Russian;4
3612;1190;FinishTrip;English;5
3613;1190;FinishTrip;0;Chinese;6
3614;1190;FinishTrip;0;German;2
3615;1190;StartTrip;Russian;4;3
3616;1190;StartTrip;German;2;1
3617;1190;StartTrip;English;5;1
3618;1190;StartTrip;Chinese;6;2
3619;1193;FinishTrip;0;Russian;3
3620;1193;StartTrip;Russian;3;4
3621;1194;FinishTrip;0;English;1
3622;1194;StartTrip;English;1;5
3623;1195;FinishTrip;German;1
3624;1195;FinishTrip;Chinese;2
3625;1195;FinishTrip;1;French;1
3626;1195;ChangePet;2;German;French;Humpster;Fish
3627;1195;StartTrip;German;1;5
3628;1195;StartTrip;French;1;3
3629;1195;StartTrip;Chinese;2;6
3630;1197;FinishTrip;American;6
3631;1197;FinishTrip;English;5
3632;1197;StartTrip;American;6;5
3633;1197;StartTrip;English;5;1
3634;1198;FinishTrip;Russian;4
3635;1198;FinishTrip;0;German;5
3636;1198;StartTrip;Russian;4;1
3637;1198;StartTrip;German;5;1
3638;1200;FinishTrip;0;American;5
3639;1200;FinishTrip;0;Russian;1
3640;1200;StartTrip;American;5;6
3641;1200;StartTrip;Russian;1;4
3642;1201;FinishTrip;0;English;1
3643;1201;StartTrip;English;1;5
3644;1202;FinishTrip;Russian;4
3645;1202;FinishTrip;German;1
3646;1202;StartTrip;Russian;4;2
3647;1202;StartTrip;German;1;5
3648;1203;FinishTrip;French;3
3649;1203;FinishTrip;0;Russian;2
3650;1203;StartTrip;French;3;5
3651;1203;StartTrip;Russian;2;4
3652;1204;FinishTrip;English;5
3653;1204;FinishTrip;Russian;4
3654;1204;StartTrip;English;5;4
3655;1204;StartTrip;Russian;4;3
3656;1205;FinishTrip;1;American;6
3657;1205;FinishTrip;0;French;5
3658;1205;FinishTrip;0;German;5
3659;1205;FinishTrip;Chinese;6
3660;1205;ChangePet;2;Chinese;American;Zebra;Dog
3661;1205;changeHouse;2;Chinese;American;6;2
3662;1205;StartTrip;American;6;2
3663;1205;StartTrip;Chinese;6;4
3664;1205;StartTrip;French;5;3
3665;1205;StartTrip;German;5;1
3666;1206;FinishTrip;0;Chinese;4
3667;1206;StartTrip;Chinese;4;6
3668;1207;FinishTrip;0;Russian;3
3669;1207;StartTrip;Russian;3;4
3670;1208;FinishTrip;0;English;4
3671;1208;StartTrip;English;4;5
3672;1209;FinishTrip;German;1
3673;1209;FinishTrip;French;3
3674;1209;FinishTrip;Chinese;6
3675;1209;StartTrip;German;1;3
3676;1209;StartTrip;Chinese;6;5
3677;1209;StartTrip;French;3;6
3678;1210;FinishTrip;American;2
3679;1210;StartTrip;American;2;5
3680;1212;FinishTrip;Russian;4
3681;1212;FinishTrip;0;American;5
3682;1212;FinishTrip;0;Chinese;5
3683;1212;StartTrip;Russian;4;3
3684;1212;StartTrip;Chinese;5;6
3685;1212;StartTrip;American;5;2
3686;1213;FinishTrip;American;2
3687;1213;FinishTrip;0;French;6
3688;1213;StartTrip;American;2;5
3689;1213;StartTrip;French;6;3
3690;1214;FinishTrip;English;5
3691;1214;StartTrip;English;5;4
3692;1215;FinishTrip;1;French;3
3693;1215;FinishTrip;Russian;3
3694;1215;FinishTrip;0;American;5
3695;1215;ChangePet;2;Russian;French;Fish;Cat
3696;1215;changeHouse;2;Russian;French;3;4
3697;1215;StartTrip;French;3;4
3698;1215;StartTrip;American;5;2
3699;1215;StartTrip;Russian;3;1
3700;1216;FinishTrip;American;2
3701;1216;StartTrip;American;2;1
3702;1217;FinishTrip;Chinese;6
3703;1217;FinishTrip;0;German;3
3704;1217;StartTrip;Chinese;6;5
3705;1217;StartTrip;German;3;1
3706;1218;FinishTrip;0;English;4
3707;1218;StartTrip;English;4;5
3708;1220;FinishTrip;French;4
3709;1220;FinishTrip;0;Chinese;5
3710;1220;StartTrip;French;4;1
3711;1220;StartTrip;Chinese;5;6
3712;1221;FinishTrip;0;American;1
3713;1221;StartTrip;American;1;2
3714;1222;FinishTrip;0;French;1
3715;1222;StartTrip;French;1;4
3716;1224;FinishTrip;English;5
3717;1224;FinishTrip;French;4
3718;1224;StartTrip;English;5;2
3719;1224;StartTrip;French;4;2
3720;1225;FinishTrip;Chinese;6
3721;1225;FinishTrip;0;French;2
3722;1225;FinishTrip;0;English;2
3723;1225;StartTrip;Chinese;6;2
3724;1225;StartTrip;English;2;5
3725;1225;StartTrip;French;2;4
3726;1226;FinishTrip;French;4
3727;1226;StartTrip;French;4;6
3728;1227;FinishTrip;American;2
3729;1227;FinishTrip;English;5
3730;1227;StartTrip;American;2;3
3731;1227;StartTrip;English;5;6
3732;1229;FinishTrip;0;French;6
3733;1229;StartTrip;French;6;4
3734;1230;FinishTrip;French;4
3735;1230;FinishTrip;0;Chinese;2
3736;1230;StartTrip;French;4;1
3737;1230;StartTrip;Chinese;2;6
3738;1231;FinishTrip;0;American;3
3739;1231;StartTrip;American;3;2
3740;1232;FinishTrip;0;English;6
3741;1232;FinishTrip;0;French;1
3742;1232;StartTrip;English;6;5
3743;1232;StartTrip;French;1;4
3744;1234;FinishTrip;American;2
3745;1234;FinishTrip;French;4
3746;1234;StartTrip;American;2;4
3747;1234;StartTrip;French;4;2
3748;1235;FinishTrip;English;5
3749;1235;FinishTrip;0;French;2
3750;1235;FinishTrip;0;American;4
3751;1235;StartTrip;English;5;6
3752;1235;StartTrip;American;4;2
3753;1235;StartTrip;French;2;4
3754;1236;FinishTrip;American;2
3755;1236;FinishTrip;French;4
3756;1236;StartTrip;American;2;5
3757;1236;StartTrip;French;4;1
3758;1238;FinishTrip;0;American;5
3759;1238;FinishTrip;0;French;1
3760;1238;StartTrip;American;5;2
3761;1238;StartTrip;French;1;4
3762;1239;FinishTrip;American;2
3763;1239;StartTrip;American;2;4
3764;1240;FinishTrip;French;4
3765;1240;FinishTrip;1;Chinese;6
3766;1240;FinishTrip;1;American;4
3767;1240;FinishTrip;English;6
3768;1240;ChangePet;2;French;American;Dog;Cat
3769;1240;ChangePet;2;English;Chinese;Zebra;Bear
3770;1240;changeHouse;2;English;Chinese;6;5
3771;1240;StartTrip;French;4;6
3772;1240;StartTrip;English;6;4
3773;1240;StartTrip;Chinese;6;5
3774;1240;StartTrip;American;4;2
3775;1241;FinishTrip;American;2
3776;1241;FinishTrip;0;English;4
3777;1241;StartTrip;American;2;5
3778;1241;StartTrip;English;4;6
3779;1243;FinishTrip;Chinese;5
3780;1243;FinishTrip;0;French;6
3781;1243;FinishTrip;1;American;5
3782;1243;ChangePet;2;Chinese;American;Cat;Bear
3783;1243;StartTrip;Chinese;5;6
3784;1243;StartTrip;American;5;2
3785;1243;StartTrip;French;6;4
3786;1244;FinishTrip;English;6
3787;1244;FinishTrip;French;4
3788;1244;FinishTrip;American;2
3789;1244;StartTrip;English;6;5
3790;1244;StartTrip;American;2;5
3791;1244;StartTrip;French;4;2
3792;1245;FinishTrip;0;French;2
3793;1245;StartTrip;French;2;4
3794;1246;FinishTrip;French;4
3795;1246;FinishTrip;0;American;5
3796;1246;StartTrip;French;4;3
3797;1246;StartTrip;American;5;2
3798;1247;FinishTrip;American;2
3799;1247;FinishTrip;0;English;5
3800;1247;StartTrip;American;2;4
3801;1247;StartTrip;English;5;6
3802;1248;FinishTrip;0;Chinese;6
3803;1248;FinishTrip;0;American;4
3804;1248;StartTrip;Chinese;6;5
3805;1248;StartTrip;American;4;2
3806;1249;FinishTrip;American;2
3807;1249;FinishTrip;0;French;3
3808;1249;StartTrip;American;2;1
3809;1249;StartTrip;French;3;4
3810;1251;FinishTrip;Chinese;5
3811;1251;StartTrip;Chinese;5;2
3812;1252;FinishTrip;English;6
3813;1252;FinishTrip;0;Chinese;2
3814;1252;StartTrip;English;6;4
3815;1252;StartTrip;Chinese;2;5
3816;1253;FinishTrip;0;English;4
3817;1253;StartTrip;English;4;6
3818;1254;FinishTrip;Chinese;5
3819;1254;FinishTrip;French;4
3820;1254;FinishTrip;0;American;1
3821;1254;StartTrip;Chinese;5;1
3822;1254;StartTrip;American;1;2
3823;1254;StartTrip;French;4;6
3824;1256;FinishTrip;English;6
3825;1256;StartTrip;English;6;3
3826;1257;FinishTrip;0;French;6
3827;1257;StartTrip;French;6;4
3828;1258;FinishTrip;French;4
3829;1258;FinishTrip;0;English;3
3830;1258;FinishTrip;0;Chinese;1
3831;1258;StartTrip;French;4;2
3832;1258;StartTrip;Chinese;1;5
3833;1258;StartTrip;English;3;6
3834;1259;FinishTrip;0;French;2
3835;1259;StartTrip;French;2;4
3836;1260;FinishTrip;American;2
3837;1260;FinishTrip;French;4
3838;1260;StartTrip;American;2;1
3839;1260;StartTrip;French;4;5
3840;1261;FinishTrip;Chinese;5
3841;1261;StartTrip;Chinese;5;3
3842;1262;FinishTrip;English;6
3843;1262;StartTrip;English;6;1
3844;1265;FinishTrip;0;Chinese;3
3845;1265;FinishTrip;0;American;1
3846;1265;StartTrip;Chinese;3;5
3847;1265;StartTrip;American;1;2
3848;1266;FinishTrip;0;French;5
3849;1266;FinishTrip;0;English;1
3850;1266;StartTrip;French;5;4
3851;1266;StartTrip;English;1;6
3852;1267;FinishTrip;English;6
3853;1267;FinishTrip;Chinese;5
3854;1267;FinishTrip;0;Russian;1
3855;1267;StartTrip;English;6;3
3856;1267;StartTrip;Russian;1;3
3857;1267;StartTrip;Chinese;5;4
3858;1269;FinishTrip;German;1
3859;1269;FinishTrip;0;English;3
3860;1269;StartTrip;German;1;4
3861;1269;StartTrip;English;3;6
3862;1270;FinishTrip;French;4
3863;1270;StartTrip;French;4;6
3864;1271;FinishTrip;American;2
3865;1271;FinishTrip;0;Chinese;4
3866;1271;FinishTrip;0;German;4
3867;1271;StartTrip;American;2;5
3868;1271;StartTrip;German;4;1
3869;1271;StartTrip;Chinese;4;5
3870;1273;FinishTrip;1;English;6
3871;1273;FinishTrip;German;1
3872;1273;FinishTrip;French;6
3873;1273;FinishTrip;0;American;5
3874;1273;ChangePet;2;English;French;Dog;Zebra
3875;1273;changeHouse;2;English;French;4;6
3876;1273;StartTrip;English;6;4
3877;1273;StartTrip;American;5;2
3878;1273;StartTrip;German;1;2
3879;1273;StartTrip;French;6;2
3880;1274;FinishTrip;English;4
3881;1274;FinishTrip;American;2
3882;1274;StartTrip;English;4;5
3883;1274;StartTrip;American;2;6
3884;1275;FinishTrip;Russian;3
3885;1275;StartTrip;Russian;3;4
3886;1277;FinishTrip;Chinese;5
3887;1277;StartTrip;Chinese;5;6
3888;1278;FinishTrip;0;French;2
3889;1278;StartTrip;French;2;6
3890;1279;FinishTrip;0;German;2
3891;1279;StartTrip;German;2;1
3892;1280;FinishTrip;0;English;5
3893;1280;FinishTrip;0;Russian;4
3894;1280;StartTrip;English;5;4
3895;1280;StartTrip;Russian;4;3
3896;1282;FinishTrip;0;Chinese;6
3897;1282;StartTrip;Chinese;6;5
3898;1283;FinishTrip;Russian;3
3899;1283;StartTrip;Russian;3;6
3900;1284;FinishTrip;German;1
3901;1284;FinishTrip;English;4
3902;1284;FinishTrip;0;American;6
3903;1284;StartTrip;German;1;2
3904;1284;StartTrip;American;6;2
3905;1284;StartTrip;English;4;6
3906;1285;FinishTrip;Chinese;5
3907;1285;StartTrip;Chinese;5;1
3908;1287;FinishTrip;0;English;6
3909;1287;FinishTrip;0;Russian;6
3910;1287;StartTrip;English;6;4
3911;1287;StartTrip;Russian;6;3
3912;1288;FinishTrip;French;6
3913;1288;FinishTrip;English;4
3914;1288;StartTrip;French;6;4
3915;1288;StartTrip;English;4;3
3916;1289;FinishTrip;Russian;3
3917;1289;FinishTrip;American;2
3918;1289;FinishTrip;0;Chinese;1
3919;1289;FinishTrip;0;French;4
3920;1289;StartTrip;Russian;3;5
3921;1289;StartTrip;French;4;6
3922;1289;StartTrip;American;2;6
3923;1289;StartTrip;Chinese;1;5
3924;1290;FinishTrip;0;German;2
3925;1290;StartTrip;German;2;1
3926;1291;FinishTrip;0;Russian;5
3927;1291;FinishTrip;0;English;3
3928;1291;StartTrip;Russian;5;3
3929;1291;StartTrip;English;3;4
3930;1292;FinishTrip;Chinese;5
3931;1292;FinishTrip;French;6
3932;1292;StartTrip;Chinese;5;1
3933;1292;StartTrip;French;6;2
3934;1295;FinishTrip;Russian;3
3935;1295;FinishTrip;German;1
3936;1295;StartTrip;Russian;3;4
3937;1295;StartTrip;German;1;6
3938;1296;FinishTrip;English;4
3939;1296;FinishTrip;0;German;6
3940;1296;FinishTrip;0;Chinese;1
3941;1296;StartTrip;English;4;2
3942;1296;StartTrip;Chinese;1;5
3943;1296;StartTrip;German;6;1
3944;1297;FinishTrip;0;French;2
3945;1297;FinishTrip;0;English;2
3946;1297;StartTrip;French;2;6
3947;1297;StartTrip;English;2;4
3948;1298;FinishTrip;English;4
3949;1298;StartTrip;English;4;5
3950;1299;FinishTrip;Chinese;5
3951;1299;FinishTrip;0;American;6
3952;1299;StartTrip;Chinese;5;2
3953;1299;StartTrip;American;6;2
3954;1300;FinishTrip;German;1
3955;1300;FinishTrip;0;Russian;4
3956;1300;FinishTrip;0;Chinese;2
3957;1300;StartTrip;German;1;4
3958;1300;StartTrip;Chinese;2;5
3959;1300;StartTrip;Russian;4;3
3960;1302;FinishTrip;Chinese;5
3961;1302;FinishTrip;0;German;4
3962;1302;StartTrip;Chinese;5;6
3963;1302;StartTrip;German;4;1
3964;1303;FinishTrip;Russian;3
3965;1303;StartTrip;Russian;3;6
3966;1304;FinishTrip;German;1
3967;1304;FinishTrip;American;2
3968;1304;FinishTrip;0;English;5
3969;1304;StartTrip;German;1;2
3970;1304;StartTrip;English;5;4
3971;1304;StartTrip;American;2;1
3972;1307;FinishTrip;1;French;6
3973;1307;FinishTrip;1;Chinese;6
3974;1307;FinishTrip;Russian;6
3975;1307;ChangePet;2;Russian;Chinese;Cat;Fish
3976;1307;changeHouse;2;Russian;French;6;3
3977;1307;StartTrip;French;6;3
3978;1307;StartTrip;Russian;6;5
3979;1307;StartTrip;Chinese;6;5
3980;1308;FinishTrip;English;4
3981;1308;StartTrip;English;4;3
3982;1309;FinishTrip;French;3
3983;1309;FinishTrip;0;American;1
3984;1309;StartTrip;French;3;2
3985;1309;StartTrip;American;1;2
3986;1310;FinishTrip;1;Chinese;5
3987;1310;FinishTrip;0;German;2
3988;1310;FinishTrip;Russian;5
3989;1310;ChangePet;2;Russian;Chinese;Fish;Cat
3990;1310;changeHouse;2;Russian;Chinese;5;6
3991;1310;StartTrip;Chinese;5;6
3992;1310;StartTrip;Russian;5;6
3993;1310;StartTrip;German;2;1
3994;1311;FinishTrip;0;English;3
3995;1311;StartTrip;English;3;4
3996;1312;FinishTrip;0;French;2
3997;1312;StartTrip;French;2;3
3998;1315;FinishTrip;American;2
3999;1315;FinishTrip;German;1
4000;1315;FinishTrip;1;Chinese;6
4001;1315;FinishTrip;Russian;6
4002;1315;ChangePet;2;Russian;Chinese;Cat;Fish
4003;1315;changeHouse;2;Russian;Chinese;6;5
4004;1315;StartTrip;American;2;1
4005;1315;StartTrip;Russian;6;2
4006;1315;StartTrip;German;1;4
4007;1315;StartTrip;Chinese;6;5
4008;1316;FinishTrip;English;4
4009;1316;FinishTrip;French;3
4010;1316;StartTrip;English;4;6
4011;1316;StartTrip;French;3;4
4012;1317;FinishTrip;0;German;4
4013;1317;StartTrip;German;4;1
4014;1318;FinishTrip;Chinese;5
4015;1318;StartTrip;Chinese;5;3
4016;1319;FinishTrip;German;1
4017;1319;FinishTrip;0;English;6
4018;1319;StartTrip;German;1;6
4019;1319;StartTrip;English;6;4
4020;1320;FinishTrip;English;4
4021;1320;FinishTrip;0;American;1
4022;1320;FinishTrip;0;Russian;2
4023;1320;FinishTrip;0;German;6
4024;1320;StartTrip;English;4;3
4025;1320;StartTrip;German;6;1
4026;1320;StartTrip;American;1;2
4027;1320;StartTrip;Russian;2;6
4028;1321;FinishTrip;0;French;4
4029;1321;StartTrip;French;4;3
4030;1322;FinishTrip;0;Chinese;3
4031;1322;StartTrip;Chinese;3;5
4032;1323;FinishTrip;0;English;3
4033;1323;StartTrip;English;3;4
4034;1324;FinishTrip;French;3
4035;1324;FinishTrip;Chinese;5
4036;1324;FinishTrip;German;1
4037;1324;StartTrip;French;3;4
4038;1324;StartTrip;German;1;5
4039;1324;StartTrip;Chinese;5;2
4040;1325;FinishTrip;0;Chinese;2
4041;1325;StartTrip;Chinese;2;5
4042;1326;FinishTrip;American;2
4043;1326;StartTrip;American;2;4
4044;1327;FinishTrip;1;Chinese;5
4045;1327;FinishTrip;0;American;4
4046;1327;FinishTrip;German;5
4047;1327;ChangePet;2;Chinese;German;Humpster;Fish
4048;1327;changeHouse;2;Chinese;German;1;5
4049;1327;StartTrip;Chinese;5;1
4050;1327;StartTrip;German;5;6
4051;1327;StartTrip;American;4;2
4052;1328;FinishTrip;English;4
4053;1328;FinishTrip;American;2
4054;1328;StartTrip;English;4;1
4055;1328;StartTrip;American;2;3
4056;1329;FinishTrip;0;French;4
4057;1329;StartTrip;French;4;3
4058;1330;FinishTrip;Russian;6
4059;1330;FinishTrip;0;English;1
4060;1330;StartTrip;Russian;6;4
4061;1330;StartTrip;English;1;4
4062;1331;FinishTrip;Chinese;1
4063;1331;FinishTrip;0;Russian;4
4064;1331;StartTrip;Chinese;1;3
4065;1331;StartTrip;Russian;4;6
4066;1332;FinishTrip;English;4
4067;1332;FinishTrip;1;French;3
4068;1332;FinishTrip;American;3
4069;1332;FinishTrip;0;German;6
4070;1332;changeHouse;2;French;American;2;3
4071;1332;StartTrip;English;4;6
4072;1332;StartTrip;German;6;5
4073;1332;StartTrip;French;3;2
4074;1332;StartTrip;American;3;2
4075;1334;FinishTrip;Russian;6
4076;1334;StartTrip;Russian;6;4
4077;1335;FinishTrip;1;French;2
4078;1335;FinishTrip;German;5
4079;1335;FinishTrip;0;English;6
4080;1335;FinishTrip;American;2
4081;1335;FinishTrip;0;Russian;4
4082;1335;ChangePet;2;French;American;Bear;Zebra
4083;1335;changeHouse;2;French;American;3;2
4084;1335;StartTrip;French;2;3
4085;1335;StartTrip;German;5;4
4086;1335;StartTrip;Russian;4;6
4087;1335;StartTrip;American;2;1
4088;1335;StartTrip;English;6;4
4089;1336;FinishTrip;English;4
4090;1336;StartTrip;English;4;5
4091;1338;FinishTrip;Russian;6
4092;1338;StartTrip;Russian;6;5
4093;1339;FinishTrip;1;French;3
4094;1339;FinishTrip;0;German;4
4095;1339;FinishTrip;Chinese;3
4096;1339;ChangePet;2;Chinese;French;Bear;Humpster
4097;1339;changeHouse;2;Chinese;French;3;1
4098;1339;StartTrip;French;3;1
4099;1339;StartTrip;Chinese;3;6
4100;1339;StartTrip;German;4;5
4101;1340;FinishTrip;0;American;1
4102;1340;StartTrip;American;1;2
4103;1341;FinishTrip;0;Russian;5
4104;1341;StartTrip;Russian;5;6
4105;1342;FinishTrip;0;English;5
4106;1342;StartTrip;English;5;4
4107;1343;FinishTrip;0;Chinese;6
4108;1343;StartTrip;Chinese;6;3
4109;1345;FinishTrip;German;5
4110;1345;FinishTrip;Chinese;3
4111;1345;StartTrip;German;5;1
4112;1345;StartTrip;Chinese;3;6
4113;1346;FinishTrip;Russian;6
4114;1346;FinishTrip;American;2
4115;1346;FinishTrip;English;4
4116;1346;StartTrip;Russian;6;2
4117;1346;StartTrip;English;4;6
4118;1346;StartTrip;American;2;5
4119;1348;FinishTrip;0;American;5
4120;1348;StartTrip;American;5;2
4121;1349;FinishTrip;American;2
4122;1349;FinishTrip;0;German;1
4123;1349;FinishTrip;0;Chinese;6
4124;1349;FinishTrip;0;English;6
4125;1349;StartTrip;American;2;1
4126;1349;StartTrip;English;6;4
4127;1349;StartTrip;German;1;5
4128;1349;StartTrip;Chinese;6;3
4129;1350;FinishTrip;English;4
4130;1350;StartTrip;English;4;2
4131;1351;FinishTrip;Chinese;3
4132;1351;FinishTrip;0;English;2
4133;1351;FinishTrip;0;Russian;2
4134;1351;StartTrip;Chinese;3;1
4135;1351;StartTrip;Russian;2;6
4136;1351;StartTrip;English;2;4
4137;1352;FinishTrip;German;5
4138;1352;FinishTrip;English;4
4139;1352;StartTrip;German;5;1
4140;1352;StartTrip;English;4;5
4141;1354;FinishTrip;0;American;1
4142;1354;StartTrip;American;1;2
4143;1356;FinishTrip;0;German;1
4144;1356;StartTrip;German;1;5
4145;1358;FinishTrip;0;English;5
4146;1358;StartTrip;English;5;4
4147;1359;FinishTrip;German;5
4148;1359;StartTrip;German;5;6
4149;1360;FinishTrip;American;2
4150;1360;StartTrip;American;2;1
4151;1361;FinishTrip;Russian;6
4152;1361;StartTrip;Russian;6;1
4153;1362;FinishTrip;English;4
4154;1362;StartTrip;English;4;1
4155;1364;FinishTrip;0;German;6
4156;1364;FinishTrip;0;English;1
4157;1364;StartTrip;German;6;5
4158;1364;StartTrip;English;1;4
4159;1365;FinishTrip;0;American;1
4160;1365;FinishTrip;0;Russian;1
4161;1365;StartTrip;American;1;2
4162;1365;StartTrip;Russian;1;6
4163;1366;FinishTrip;English;4
4164;1366;FinishTrip;Russian;6
4165;1366;StartTrip;English;4;2
4166;1366;StartTrip;Russian;6;2
4167;1367;FinishTrip;German;5
4168;1367;FinishTrip;0;English;2
4169;1367;StartTrip;German;5;1
4170;1367;StartTrip;English;2;4
4171;1368;FinishTrip;English;4
4172;1368;StartTrip;English;4;5
4173;1371;FinishTrip;American;2
4174;1371;FinishTrip;1;Russian;2
4175;1371;FinishTrip;0;German;1
4176;1371;ChangePet;2;Russian;American;Zebra;Cat
4177;1371;StartTrip;American;2;6
4178;1371;StartTrip;German;1;5
4179;1371;StartTrip;Russian;2;6
4180;1374;FinishTrip;1;German;5
4181;1374;FinishTrip;English;5
4182;1374;ChangePet;2;English;German;Fish;Dog
4183;1374;changeHouse;2;English;German;5;4
4184;1374;StartTrip;German;5;4
4185;1374;StartTrip;English;5;4
4186;1378;FinishTrip;1;German;4
4187;1378;FinishTrip;English;4
4188;1378;ChangePet;2;English;German;Dog;Fish
4189;1378;changeHouse;2;English;German;4;5
4190;1378;StartTrip;German;4;5
4191;1378;StartTrip;English;4;2
4192;1379;FinishTrip;0;English;2
4193;1379;StartTrip;English;2;4
4194;1380;FinishTrip;English;4
4195;1380;StartTrip;English;4;6
4196;1381;FinishTrip;Russian;6
4197;1381;FinishTrip;1;American;6
4198;1381;ChangePet;2;Russian;American;Cat;Zebra
4199;1381;StartTrip;Russian;6;2
4200;1381;StartTrip;American;6;2
4201;1383;FinishTrip;0;English;6
4202;1383;StartTrip;English;6;4
4203;1384;FinishTrip;German;5
4204;1384;FinishTrip;English;4
4205;1384;StartTrip;German;5;6
4206;1384;StartTrip;English;4;1
4207;1386;FinishTrip;1;American;2
4208;1386;FinishTrip;0;English;1
4209;1386;FinishTrip;Russian;2
4210;1386;changeHouse;2;Russian;American;2;6
4211;1386;StartTrip;American;2;6
4212;1386;StartTrip;Russian;2;4
4213;1386;StartTrip;English;1;4
4214;1387;FinishTrip;0;Russian;4
4215;1387;StartTrip;Russian;4;2
4216;1388;FinishTrip;English;4
4217;1388;FinishTrip;Russian;2
4218;1388;StartTrip;English;4;5
4219;1388;StartTrip;Russian;2;4
4220;1389;FinishTrip;0;German;6
4221;1389;FinishTrip;0;Russian;4
4222;1389;StartTrip;German;6;5
4223;1389;StartTrip;Russian;4;2
4224;1390;FinishTrip;Russian;2
4225;1390;StartTrip;Russian;2;1
4226;1391;FinishTrip;French;1
4227;1391;StartTrip;French;1;3
4228;1392;FinishTrip;German;5
4229;1392;StartTrip;German;5;6
4230;1394;FinishTrip;0;English;5
4231;1394;StartTrip;English;5;4
4232;1395;FinishTrip;0;Russian;1
4233;1395;StartTrip;Russian;1;2
4234;1396;FinishTrip;American;6
4235;1396;StartTrip;American;6;4
4236;1397;FinishTrip;0;German;6
4237;1397;FinishTrip;0;American;4
4238;1397;StartTrip;German;6;5
4239;1397;StartTrip;American;4;6
4240;1398;FinishTrip;English;4
4241;1398;StartTrip;English;4;1
4242;1399;FinishTrip;0;French;3
4243;1399;StartTrip;French;3;1
4244;1400;FinishTrip;American;6
4245;1400;FinishTrip;German;5
4246;1400;FinishTrip;0;English;1
4247;1400;StartTrip;American;6;4
4248;1400;StartTrip;English;1;4
4249;1400;StartTrip;German;5;1
4250;1401;FinishTrip;Russian;2
4251;1401;FinishTrip;0;American;4
4252;1401;StartTrip;Russian;2;5
4253;1401;StartTrip;American;4;6
4254;1402;FinishTrip;English;4
4255;1402;StartTrip;English;4;5
4256;1403;FinishTrip;0;Chinese;1
4257;1403;FinishTrip;0;Russian;5
4258;1403;StartTrip;Chinese;1;3
4259;1403;StartTrip;Russian;5;2
4260;1404;FinishTrip;Russian;2
4261;1404;FinishTrip;American;6
4262;1404;FinishTrip;0;German;1
4263;1404;StartTrip;Russian;2;6
4264;1404;StartTrip;German;1;5
4265;1404;StartTrip;American;6;4
4266;1405;FinishTrip;0;American;4
4267;1405;StartTrip;American;4;6
4268;1407;FinishTrip;German;5
4269;1407;StartTrip;German;5;3
4270;1408;FinishTrip;American;6
4271;1408;FinishTrip;0;English;5
4272;1408;StartTrip;American;6;3
4273;1408;StartTrip;English;5;4
4274;1410;FinishTrip;0;American;3
4275;1410;StartTrip;American;3;6
4276;1411;FinishTrip;1;Chinese;3
4277;1411;FinishTrip;German;3
4278;1411;ChangePet;2;Chinese;German;Fish;Bear
4279;1411;changeHouse;2;Chinese;German;5;3
4280;1411;StartTrip;Chinese;3;5
4281;1411;StartTrip;German;3;2
4282;1412;FinishTrip;English;4
4283;1412;StartTrip;English;4;2
4284;1413;FinishTrip;Chinese;5
4285;1413;FinishTrip;0;English;2
4286;1413;StartTrip;Chinese;5;3
4287;1413;StartTrip;English;2;4
4288;1414;FinishTrip;English;4
4289;1414;FinishTrip;1;American;6
4290;1414;FinishTrip;0;German;2
4291;1414;FinishTrip;Russian;6
4292;1414;ChangePet;2;Russian;American;Zebra;Cat
4293;1414;changeHouse;2;Russian;American;6;2
4294;1414;StartTrip;English;4;2
4295;1414;StartTrip;Russian;6;4
4296;1414;StartTrip;American;6;2
4297;1414;StartTrip;German;2;3
4298;1415;FinishTrip;0;English;2
4299;1415;FinishTrip;0;Russian;4
4300;1415;StartTrip;English;2;4
4301;1415;StartTrip;Russian;4;6
4302;1416;FinishTrip;English;4
4303;1416;StartTrip;English;4;5
4304;1417;FinishTrip;0;Chinese;3
4305;1417;StartTrip;Chinese;3;5
4306;1418;FinishTrip;Russian;6
4307;1418;FinishTrip;German;3
4308;1418;StartTrip;Russian;6;5
4309;1418;StartTrip;German;3;1
4310;1419;FinishTrip;Chinese;5
4311;1419;FinishTrip;American;2
4312;1419;StartTrip;Chinese;5;4
4313;1419;StartTrip;American;2;4
4314;1420;FinishTrip;0;American;4
4315;1420;StartTrip;American;4;2
4316;1421;FinishTrip;American;2
4317;1421;FinishTrip;0;Russian;5
4318;1421;StartTrip;American;2;5
4319;1421;StartTrip;Russian;5;6
4320;1422;FinishTrip;0;English;5
4321;1422;StartTrip;English;5;4
4322;1423;FinishTrip;0;Chinese;4
4323;1423;FinishTrip;0;American;5
4324;1423;StartTrip;Chinese;4;5
4325;1423;StartTrip;American;5;2
4326;1424;FinishTrip;American;2
4327;1424;StartTrip;American;2;3
4328;1426;FinishTrip;Russian;6
4329;1426;FinishTrip;English;4
4330;1426;StartTrip;Russian;6;4
4331;1426;StartTrip;English;4;2
4332;1427;FinishTrip;0;Russian;4
4333;1427;FinishTrip;0;English;2
4334;1427;StartTrip;Russian;4;6
4335;1427;StartTrip;English;2;4
4336;1428;FinishTrip;English;4
4337;1428;FinishTrip;0;American;3
4338;1428;StartTrip;English;4;3
4339;1428;StartTrip;American;3;2
4340;1429;FinishTrip;Chinese;5
4341;1429;StartTrip;Chinese;5;1
4342;1430;FinishTrip;Russian;6
4343;1430;StartTrip;Russian;6;4
4344;1431;FinishTrip;American;2
4345;1431;FinishTrip;0;Russian;4
4346;1431;FinishTrip;0;English;3
4347;1431;StartTrip;American;2;1
4348;1431;StartTrip;English;3;4
4349;1431;StartTrip;Russian;4;6
4350;1433;FinishTrip;0;Chinese;1
4351;1433;StartTrip;Chinese;1;5
4352;1434;FinishTrip;Russian;6
4353;1434;StartTrip;Russian;6;1
4354;1436;FinishTrip;Chinese;5
4355;1436;FinishTrip;English;4
4356;1436;FinishTrip;0;American;1
4357;1436;StartTrip;Chinese;5;4
4358;1436;StartTrip;American;1;2
4359;1436;StartTrip;English;4;6
4360;1438;FinishTrip;0;Russian;1
4361;1438;StartTrip;Russian;1;6
4362;1439;FinishTrip;1;Russian;6
4363;1439;FinishTrip;English;6
4364;1439;ChangePet;2;Russian;English;Dog;Zebra
4365;1439;changeHouse;2;Russian;English;4;6
4366;1439;StartTrip;Russian;6;4
4367;1439;StartTrip;English;6;3
4368;1440;FinishTrip;1;Russian;4
4369;1440;FinishTrip;Chinese;4
4370;1440;ChangePet;2;Russian;Chinese;Fish;Dog
4371;1440;changeHouse;2;Russian;Chinese;5;4
4372;1440;StartTrip;Russian;4;5
4373;1440;StartTrip;Chinese;4;2
4374;1441;FinishTrip;0;English;3
4375;1441;FinishTrip;0;Chinese;2
4376;1441;StartTrip;English;3;6
4377;1441;StartTrip;Chinese;2;4
4378;1442;FinishTrip;American;2
4379;1442;FinishTrip;Chinese;4
4380;1442;StartTrip;American;2;3
4381;1442;StartTrip;Chinese;4;3
4382;1445;FinishTrip;English;6
4383;1445;FinishTrip;0;Chinese;3
4384;1445;StartTrip;English;6;4
4385;1445;StartTrip;Chinese;3;4
4386;1446;FinishTrip;Russian;5
4387;1446;FinishTrip;0;American;3
4388;1446;FinishTrip;0;English;4
4389;1446;StartTrip;Russian;5;6
4390;1446;StartTrip;English;4;6
4391;1446;StartTrip;American;3;2
4392;1449;FinishTrip;English;6
4393;1449;FinishTrip;American;2
4394;1449;StartTrip;English;6;3
4395;1449;StartTrip;American;2;3
4396;1450;FinishTrip;Chinese;4
4397;1450;StartTrip;Chinese;4;3
4398;1451;FinishTrip;French;1
4399;1451;FinishTrip;0;English;3
4400;1451;FinishTrip;0;Russian;6
4401;1451;StartTrip;French;1;2
4402;1451;StartTrip;Russian;6;5
4403;1451;StartTrip;English;3;6
4404;1453;FinishTrip;0;Chinese;3
4405;1453;FinishTrip;0;American;3
4406;1453;StartTrip;Chinese;3;4
4407;1453;StartTrip;American;3;2
4408;1454;FinishTrip;Russian;5
4409;1454;StartTrip;Russian;5;1
4410;1455;FinishTrip;English;6
4411;1455;StartTrip;English;6;5
4412;1456;FinishTrip;American;2
4413;1456;StartTrip;American;2;6
4414;1457;FinishTrip;0;French;2
4415;1457;StartTrip;French;2;1
4416;1458;FinishTrip;Chinese;4
4417;1458;FinishTrip;0;Russian;1
4418;1458;FinishTrip;0;English;5
4419;1458;StartTrip;Chinese;4;3
4420;1458;StartTrip;English;5;6
4421;1458;StartTrip;Russian;1;5
4422;1461;FinishTrip;Russian;5
4423;1461;FinishTrip;0;Chinese;3
4424;1461;StartTrip;Russian;5;6
4425;1461;StartTrip;Chinese;3;4
4426;1462;FinishTrip;French;1
4427;1462;StartTrip;French;1;3
4428;1463;FinishTrip;English;6
4429;1463;StartTrip;English;6;4
4430;1464;FinishTrip;0;English;4
4431;1464;StartTrip;English;4;6
4432;1466;FinishTrip;Chinese;4
4433;1466;FinishTrip;0;Russian;6
4434;1466;FinishTrip;0;American;6
4435;1466;StartTrip;Chinese;4;3
4436;1466;StartTrip;American;6;2
4437;1466;StartTrip;Russian;6;5
4438;1467;FinishTrip;English;6
4439;1467;StartTrip;English;6;4
4440;1468;FinishTrip;0;English;4
4441;1468;StartTrip;English;4;6
4442;1469;FinishTrip;Russian;5
4443;1469;FinishTrip;0;Chinese;3
4444;1469;StartTrip;Russian;5;4
4445;1469;StartTrip;Chinese;3;4
4446;1470;FinishTrip;0;German;1
4447;1470;FinishTrip;0;French;3
4448;1470;StartTrip;German;1;3
4449;1470;StartTrip;French;3;1
4450;1471;FinishTrip;American;2
4451;1471;FinishTrip;English;6
4452;1471;StartTrip;American;2;4
4453;1471;StartTrip;English;6;2
4454;1472;FinishTrip;0;American;4
4455;1472;StartTrip;American;4;2
4456;1473;FinishTrip;American;2
4457;1473;FinishTrip;0;Russian;4
4458;1473;StartTrip;American;2;4
4459;1473;StartTrip;Russian;4;5
4460;1474;FinishTrip;Chinese;4
4461;1474;FinishTrip;1;American;4
4462;1474;StartTrip;Chinese;4;5
4463;1474;StartTrip;American;4;2
4464;1475;FinishTrip;American;2
4465;1475;StartTrip;American;2;1
4466;1476;FinishTrip;0;English;2
4467;1476;StartTrip;English;2;6
4468;1478;FinishTrip;German;3
4469;1478;StartTrip;German;3;5
4470;1479;FinishTrip;Russian;5
4471;1479;StartTrip;Russian;5;6
4472;1480;FinishTrip;0;German;5
4473;1480;FinishTrip;0;Chinese;5
4474;1480;FinishTrip;0;American;1
4475;1480;StartTrip;German;5;3
4476;1480;StartTrip;American;1;2
4477;1480;StartTrip;Chinese;5;4
4478;1484;FinishTrip;Chinese;4
4479;1484;FinishTrip;German;3
4480;1484;FinishTrip;0;Russian;6
4481;1484;StartTrip;Chinese;4;1
4482;1484;StartTrip;Russian;6;5
4483;1484;StartTrip;German;3;4
4484;1486;FinishTrip;American;2
4485;1486;FinishTrip;English;6
4486;1486;FinishTrip;0;Chinese;1
4487;1486;StartTrip;American;2;4
4488;1486;StartTrip;Chinese;1;4
4489;1486;StartTrip;English;6;3
4490;1487;FinishTrip;Russian;5
4491;1487;FinishTrip;0;American;4
4492;1487;StartTrip;Russian;5;1
4493;1487;StartTrip;American;4;2
4494;1488;FinishTrip;American;2
4495;1488;FinishTrip;Chinese;4
4496;1488;FinishTrip;0;English;3
4497;1488;StartTrip;American;2;1
4498;1488;StartTrip;English;3;6
4499;1488;StartTrip;Chinese;4;5
4500;1489;FinishTrip;0;German;4
4501;1489;StartTrip;German;4;3
4502;1491;FinishTrip;0;Russian;1
4503;1491;StartTrip;Russian;1;5
4504;1492;FinishTrip;German;3
4505;1492;FinishTrip;English;6
4506;1492;StartTrip;German;3;4
4507;1492;StartTrip;English;6;1
4508;1493;FinishTrip;0;American;1
4509;1493;StartTrip;American;1;2
4510;1494;FinishTrip;Russian;5
4511;1494;FinishTrip;1;Chinese;5
4512;1494;StartTrip;Russian;5;6
4513;1494;StartTrip;Chinese;5;4
4514;1496;FinishTrip;0;English;1
4515;1496;StartTrip;English;1;6
4516;1497;FinishTrip;English;6
4517;1497;FinishTrip;0;German;4
4518;1497;StartTrip;English;6;1
4519;1497;StartTrip;German;4;3
4520;1498;FinishTrip;Chinese;4
4521;1498;StartTrip;Chinese;4;3
4522;1499;FinishTrip;American;2
4523;1499;FinishTrip;0;Russian;6
4524;1499;StartTrip;American;2;3
4525;1499;StartTrip;Russian;6;5
4526;1500;FinishTrip;German;3
4527;1500;StartTrip;German;3;5
4528;1501;FinishTrip;0;Chinese;3
4529;1501;FinishTrip;0;English;1
4530;1501;StartTrip;Chinese;3;4
4531;1501;StartTrip;English;1;6
4532;1502;FinishTrip;1;Russian;5
4533;1502;FinishTrip;English;6
4534;1502;FinishTrip;German;5
4535;1502;ChangePet;2;Russian;German;Bear;Fish
4536;1502;changeHouse;2;Russian;German;3;5
4537;1502;StartTrip;Russian;5;3
4538;1502;StartTrip;German;5;1
4539;1502;StartTrip;English;6;1
4540;1503;FinishTrip;0;American;3
4541;1503;StartTrip;American;3;2
4542;1506;FinishTrip;American;2
4543;1506;FinishTrip;Chinese;4
4544;1506;FinishTrip;Russian;3
4545;1506;FinishTrip;0;English;1
4546;1506;FinishTrip;0;German;1
4547;1506;StartTrip;American;2;5
4548;1506;StartTrip;Chinese;4;5
4549;1506;StartTrip;German;1;5
4550;1506;StartTrip;English;1;6
4551;1506;StartTrip;Russian;3;4
4552;1507;FinishTrip;English;6
4553;1507;StartTrip;English;6;4
4554;1508;FinishTrip;0;American;5
4555;1508;FinishTrip;0;English;4
4556;1508;StartTrip;American;5;2
4557;1508;StartTrip;English;4;6
4558;1509;FinishTrip;German;5
4559;1509;FinishTrip;American;2
4560;1509;StartTrip;German;5;6
4561;1509;StartTrip;American;2;5
4562;1511;FinishTrip;English;6
4563;1511;FinishTrip;0;Russian;4
4564;1511;FinishTrip;0;American;5
4565;1511;StartTrip;English;6;1
4566;1511;StartTrip;American;5;2
4567;1511;StartTrip;Russian;4;3
4568;1512;FinishTrip;American;2
4569;1512;FinishTrip;0;Chinese;5
4570;1512;StartTrip;American;2;4
4571;1512;StartTrip;Chinese;5;4
4572;1513;FinishTrip;0;American;4
4573;1513;StartTrip;American;4;2
4574;1514;FinishTrip;Russian;3
4575;1514;FinishTrip;American;2
4576;1514;FinishTrip;0;German;6
4577;1514;StartTrip;Russian;3;5
4578;1514;StartTrip;German;6;5
4579;1514;StartTrip;American;2;5
4580;1515;FinishTrip;0;English;1
4581;1515;StartTrip;English;1;6
4582;1516;FinishTrip;Chinese;4
4583;1516;FinishTrip;English;6
4584;1516;FinishTrip;0;American;5
4585;1516;FinishTrip;0;Russian;5
4586;1516;StartTrip;Chinese;4;5
4587;1516;StartTrip;Russian;5;3
4588;1516;StartTrip;English;6;4
4589;1516;StartTrip;American;5;2
4590;1517;FinishTrip;German;5
4591;1517;FinishTrip;American;2
4592;1517;FinishTrip;0;English;4
4593;1517;StartTrip;German;5;2
4594;1517;StartTrip;English;4;6
4595;1517;StartTrip;American;2;4
4596;1518;FinishTrip;0;German;2
4597;1518;FinishTrip;0;American;4
4598;1518;StartTrip;German;2;5
4599;1518;StartTrip;American;4;2
4600;1519;FinishTrip;American;2
4601;1519;StartTrip;American;2;4
4602;1520;FinishTrip;Russian;3
4603;1520;FinishTrip;English;6
4604;1520;FinishTrip;German;5
4605;1520;FinishTrip;0;American;4
4606;1520;StartTrip;Russian;3;6
4607;1520;StartTrip;American;4;2
4608;1520;StartTrip;English;6;5
4609;1520;StartTrip;German;5;6
4610;1521;FinishTrip;American;2
4611;1521;StartTrip;American;2;6
4612;1522;FinishTrip;French;1
4613;1522;FinishTrip;0;Chinese;5
4614;1522;StartTrip;French;1;5
4615;1522;StartTrip;Chinese;5;4
4616;1523;FinishTrip;0;English;5
4617;1523;StartTrip;English;5;6
4618;1524;FinishTrip;0;Russian;6
4619;1524;StartTrip;Russian;6;3
4620;1525;FinishTrip;0;German;6
4621;1525;FinishTrip;0;French;5
4622;1525;StartTrip;German;6;5
4623;1525;StartTrip;French;5;1
4624;1526;FinishTrip;Chinese;4
4625;1526;FinishTrip;Russian;3
4626;1526;StartTrip;Chinese;4;6
4627;1526;StartTrip;Russian;3;6
4628;1528;FinishTrip;English;6
4629;1528;FinishTrip;German;5
4630;1528;StartTrip;English;6;1
4631;1528;StartTrip;German;5;6
4632;1529;FinishTrip;French;1
4633;1529;FinishTrip;0;Chinese;6
4634;1529;StartTrip;French;1;2
4635;1529;StartTrip;Chinese;6;4
4636;1530;FinishTrip;Chinese;4
4637;1530;FinishTrip;0;Russian;6
4638;1530;StartTrip;Chinese;4;3
4639;1530;StartTrip;Russian;6;3
4640;1531;FinishTrip;0;American;6
4641;1531;StartTrip;American;6;2
4642;1532;FinishTrip;Russian;3
4643;1532;FinishTrip;0;English;1
4644;1532;StartTrip;Russian;3;6
4645;1532;StartTrip;English;1;6
4646;1533;FinishTrip;1;English;6
4647;1533;FinishTrip;German;6
4648;1533;FinishTrip;0;Chinese;3
4649;1533;changeHouse;2;English;German;5;6
4650;1533;StartTrip;English;6;5
4651;1533;StartTrip;Chinese;3;4
4652;1533;StartTrip;German;6;2
4653;1535;FinishTrip;0;French;2
4654;1535;StartTrip;French;2;1
4655;1536;FinishTrip;American;2
4656;1536;FinishTrip;English;5
4657;1536;FinishTrip;0;Russian;6
4658;1536;StartTrip;American;2;4
4659;1536;StartTrip;Russian;6;3
4660;1536;StartTrip;English;5;3
4661;1537;FinishTrip;0;American;4
4662;1537;StartTrip;American;4;2
4663;1538;FinishTrip;Chinese;4
4664;1538;FinishTrip;1;American;2
4665;1538;FinishTrip;Russian;3
4666;1538;FinishTrip;German;2
4667;1538;ChangePet;2;German;American;Cat;Fish
4668;1538;changeHouse;2;German;American;2;6
4669;1538;StartTrip;Chinese;4;1
4670;1538;StartTrip;German;2;3
4671;1538;StartTrip;American;2;6
4672;1538;StartTrip;Russian;3;6
4673;1540;FinishTrip;French;1
4674;1540;FinishTrip;1;Chinese;1
4675;1540;FinishTrip;0;English;3
4676;1540;ChangePet;2;Chinese;French;Humpster;Dog
4677;1540;StartTrip;French;1;4
4678;1540;StartTrip;English;3;5
4679;1540;StartTrip;Chinese;1;4
4680;1542;FinishTrip;1;Chinese;4
4681;1542;FinishTrip;English;5
4682;1542;FinishTrip;0;German;3
4683;1542;FinishTrip;0;Russian;6
4684;1542;FinishTrip;French;4
4685;1542;ChangePet;2;Chinese;French;Dog;Humpster
4686;1542;changeHouse;2;Chinese;French;1;4
4687;1542;StartTrip;Chinese;4;1
4688;1542;StartTrip;English;5;6
4689;1542;StartTrip;French;4;3
4690;1542;StartTrip;Russian;6;3
4691;1542;StartTrip;German;3;2
4692;1544;FinishTrip;Chinese;1
4693;1544;FinishTrip;Russian;3
4694;1544;StartTrip;Chinese;1;4
4695;1544;StartTrip;Russian;3;4
4696;1545;FinishTrip;German;2
4697;1545;FinishTrip;0;French;3
4698;1545;StartTrip;German;2;5
4699;1545;StartTrip;French;3;4
4700;1546;FinishTrip;0;Chinese;4
4701;1546;StartTrip;Chinese;4;1
4702;1547;FinishTrip;0;English;6
4703;1547;FinishTrip;0;German;5
4704;1547;StartTrip;English;6;5
4705;1547;StartTrip;German;5;2
4706;1548;FinishTrip;Chinese;1
4707;1548;FinishTrip;German;2
4708;1548;FinishTrip;American;6
4709;1548;StartTrip;Chinese;1;4
4710;1548;StartTrip;American;6;5
4711;1548;StartTrip;German;2;5
4712;1549;FinishTrip;0;Russian;4
4713;1549;StartTrip;Russian;4;3
4714;1550;FinishTrip;1;French;4
4715;1550;FinishTrip;1;English;5
4716;1550;FinishTrip;German;5
4717;1550;FinishTrip;Chinese;4
4718;1550;ChangePet;2;Chinese;French;Humpster;Dog
4719;1550;ChangePet;2;English;German;Cat;Zebra
4720;1550;changeHouse;2;English;German;2;5
4721;1550;changeHouse;2;Chinese;French;4;1
4722;1550;StartTrip;French;4;1
4723;1550;StartTrip;Chinese;4;3
4724;1550;StartTrip;English;5;2
4725;1550;StartTrip;German;5;2
4726;1551;FinishTrip;1;English;2
4727;1551;FinishTrip;0;American;5
4728;1551;FinishTrip;German;2
4729;1551;ChangePet;2;English;German;Zebra;Cat
4730;1551;changeHouse;2;English;German;5;2
4731;1551;StartTrip;English;2;5
4732;1551;StartTrip;German;2;3
4733;1551;StartTrip;American;5;6
4734;1552;FinishTrip;Russian;3
4735;1552;FinishTrip;French;1
4736;1552;StartTrip;Russian;3;5
4737;1552;StartTrip;French;1;2
4738;1553;FinishTrip;English;5
4739;1553;FinishTrip;0;Chinese;3
4740;1553;StartTrip;English;5;1
4741;1553;StartTrip;Chinese;3;4
4742;1554;FinishTrip;0;Russian;5
4743;1554;StartTrip;Russian;5;3
4744;1555;FinishTrip;0;German;3
4745;1555;StartTrip;German;3;2
4746;1556;FinishTrip;American;6
4747;1556;StartTrip;American;6;2
4748;1557;FinishTrip;0;English;1
4749;1557;StartTrip;English;1;5
4750;1558;FinishTrip;Chinese;4
4751;1558;FinishTrip;Russian;3
4752;1558;FinishTrip;1;German;2
4753;1558;FinishTrip;French;2
4754;1558;ChangePet;2;German;French;Dog;Cat
4755;1558;changeHouse;2;German;French;1;2
4756;1558;StartTrip;Chinese;4;2
4757;1558;StartTrip;French;2;5
4758;1558;StartTrip;Russian;3;4
4759;1558;StartTrip;German;2;1
4760;1559;FinishTrip;0;Chinese;2
4761;1559;StartTrip;Chinese;2;4
4762;1560;FinishTrip;English;5
4763;1560;FinishTrip;Chinese;4
4764;1560;FinishTrip;1;French;5
4765;1560;ChangePet;2;English;French;Cat;Zebra
4766;1560;StartTrip;English;5;2
4767;1560;StartTrip;French;5;2
4768;1560;StartTrip;Chinese;4;2
4769;1561;FinishTrip;1;French;2
4770;1561;FinishTrip;1;American;2
4771;1561;FinishTrip;Chinese;2
4772;1561;FinishTrip;1;English;2
4773;1561;ChangePet;4;English;Chinese;French;American;Humpster;Zebra;Fish;Cat
4774;1561;changeHouse;2;French;American;6;2
4775;1561;changeHouse;3;Chinese;French;American;6;2;4
4776;1561;changeHouse;4;English;Chinese;French;American;6;2;4;5
4777;1561;StartTrip;French;2;4
4778;1561;StartTrip;English;2;6
4779;1561;StartTrip;American;2;5
4780;1561;StartTrip;Chinese;2;6
4781;1562;FinishTrip;French;4
4782;1562;StartTrip;French;4;1
4783;1563;FinishTrip;German;1
4784;1563;FinishTrip;American;5
4785;1563;FinishTrip;0;Russian;4
4786;1563;StartTrip;German;1;2
4787;1563;StartTrip;Russian;4;3
4788;1563;StartTrip;American;5;6
4789;1564;FinishTrip;0;French;1
4790;1564;StartTrip;French;1;4
4791;1566;FinishTrip;Russian;3
4792;1566;FinishTrip;French;4
4793;1566;StartTrip;Russian;3;5
4794;1566;StartTrip;French;4;3
4795;1568;FinishTrip;0;American;6
4796;1568;FinishTrip;0;Russian;5
4797;1568;StartTrip;American;6;5
4798;1568;StartTrip;Russian;5;3
4799;1569;FinishTrip;0;French;3
4800;1569;FinishTrip;0;German;2
4801;1569;StartTrip;French;3;4
4802;1569;StartTrip;German;2;1
4803;1571;FinishTrip;1;English;6
4804;1571;FinishTrip;American;5
4805;1571;FinishTrip;Chinese;6
4806;1571;ChangePet;2;English;Chinese;Zebra;Humpster
4807;1571;changeHouse;2;English;Chinese;2;6
4808;1571;StartTrip;English;6;2
4809;1571;StartTrip;Chinese;6;1
4810;1571;StartTrip;American;5;4
4811;1572;FinishTrip;Russian;3
4812;1572;StartTrip;Russian;3;5
4813;1574;FinishTrip;French;4
4814;1574;FinishTrip;German;1
4815;1574;FinishTrip;0;Russian;5
4816;1574;StartTrip;French;4;2
4817;1574;StartTrip;Russian;5;3
4818;1574;StartTrip;German;1;4
4819;1575;FinishTrip;0;Chinese;1
4820;1575;FinishTrip;0;American;4
4821;1575;FinishTrip;0;French;2
4822;1575;StartTrip;Chinese;1;6
4823;1575;StartTrip;French;2;4
4824;1575;StartTrip;American;4;5
4825;1576;FinishTrip;English;2
4826;1576;FinishTrip;1;French;4
4827;1576;FinishTrip;Chinese;6
4828;1576;FinishTrip;German;4
4829;1576;changeHouse;2;German;French;4;1
4830;1576;StartTrip;English;2;6
4831;1576;StartTrip;German;4;2
4832;1576;StartTrip;French;4;1
4833;1576;StartTrip;Chinese;6;4
4834;1577;FinishTrip;0;German;2
4835;1577;FinishTrip;0;Chinese;4
4836;1577;StartTrip;German;2;4
4837;1577;StartTrip;Chinese;4;6
4838;1578;FinishTrip;Russian;3
4839;1578;FinishTrip;French;1
4840;1578;FinishTrip;German;4
4841;1578;StartTrip;Russian;3;5
4842;1578;StartTrip;German;4;3
4843;1578;StartTrip;French;1;4
4844;1580;FinishTrip;Chinese;6
4845;1580;FinishTrip;0;French;4
4846;1580;FinishTrip;0;Russian;5
4847;1580;StartTrip;Chinese;6;1
4848;1580;StartTrip;Russian;5;3
4849;1580;StartTrip;French;4;1
4850;1581;FinishTrip;American;5
4851;1581;FinishTrip;0;German;3
4852;1581;StartTrip;American;5;1
4853;1581;StartTrip;German;3;4
4854;1582;FinishTrip;French;1
4855;1582;StartTrip;French;1;5
4856;1584;FinishTrip;Russian;3
4857;1584;FinishTrip;0;Chinese;1
4858;1584;StartTrip;Russian;3;6
4859;1584;StartTrip;Chinese;1;6
4860;1585;FinishTrip;Chinese;6
4861;1585;FinishTrip;0;French;5
4862;1585;FinishTrip;0;American;1
4863;1585;StartTrip;Chinese;6;2
4864;1585;StartTrip;American;1;5
4865;1585;StartTrip;French;5;1
4866;1586;FinishTrip;German;4
4867;1586;FinishTrip;0;English;6
4868;1586;StartTrip;German;4;6
4869;1586;StartTrip;English;6;2
4870;1588;FinishTrip;American;5
4871;1588;FinishTrip;0;Russian;6
4872;1588;StartTrip;American;5;6
4873;1588;StartTrip;Russian;6;3
4874;1589;FinishTrip;French;1
4875;1589;FinishTrip;0;German;6
4876;1589;StartTrip;French;1;4
4877;1589;StartTrip;German;6;4
4878;1590;FinishTrip;Russian;3
4879;1590;FinishTrip;German;4
4880;1590;FinishTrip;0;Chinese;2
4881;1590;StartTrip;Russian;3;6
4882;1590;StartTrip;Chinese;2;6
4883;1590;StartTrip;German;4;3
4884;1591;FinishTrip;English;2
4885;1591;FinishTrip;0;French;4
4886;1591;StartTrip;English;2;5
4887;1591;StartTrip;French;4;1
4888;1593;FinishTrip;French;1
4889;1593;FinishTrip;0;American;6
4890;1593;FinishTrip;0;German;3
4891;1593;FinishTrip;0;English;5
4892;1593;StartTrip;French;1;3
4893;1593;StartTrip;English;5;2
4894;1593;StartTrip;American;6;5
4895;1593;StartTrip;German;3;4
4896;1594;FinishTrip;English;2
4897;1594;FinishTrip;0;Russian;6
4898;1594;StartTrip;English;2;1
4899;1594;StartTrip;Russian;6;3
4900;1596;FinishTrip;American;5
4901;1596;FinishTrip;Russian;3
4902;1596;StartTrip;American;5;1
4903;1596;StartTrip;Russian;3;5
4904;1598;FinishTrip;German;4
4905;1598;FinishTrip;0;Russian;5
4906;1598;StartTrip;German;4;2
4907;1598;StartTrip;Russian;5;3
4908;1599;FinishTrip;0;English;1
4909;1599;FinishTrip;0;German;2
4910;1599;StartTrip;English;1;2
4911;1599;StartTrip;German;2;4
4912;1600;FinishTrip;Chinese;6
4913;1600;FinishTrip;German;4
4914;1600;FinishTrip;0;American;1
4915;1600;StartTrip;Chinese;6;3
4916;1600;StartTrip;American;1;5
4917;1600;StartTrip;German;4;5
4918;1601;FinishTrip;0;French;3
4919;1601;StartTrip;French;3;1
4920;1602;FinishTrip;Russian;3
4921;1602;FinishTrip;1;Chinese;3
4922;1602;ChangePet;2;Russian;Chinese;Humpster;Bear
4923;1602;StartTrip;Russian;3;4
4924;1602;StartTrip;Chinese;3;6
4925;1603;FinishTrip;American;5
4926;1603;StartTrip;American;5;3
4927;1605;FinishTrip;English;2
4928;1605;StartTrip;English;2;5
4929;1606;FinishTrip;Chinese;6
4930;1606;FinishTrip;0;German;5
4931;1606;StartTrip;Chinese;6;3
4932;1606;StartTrip;German;5;4
4933;1607;FinishTrip;0;English;5
4934;1607;FinishTrip;0;Russian;4
4935;1607;FinishTrip;0;American;3
4936;1607;StartTrip;English;5;2
4937;1607;StartTrip;American;3;5
4938;1607;StartTrip;Russian;4;3
4939;1608;FinishTrip;English;2
4940;1608;FinishTrip;0;Chinese;3
4941;1608;StartTrip;English;2;3
4942;1608;StartTrip;Chinese;3;6
4943;1609;FinishTrip;American;5
4944;1609;StartTrip;American;5;6
4945;1610;FinishTrip;German;4
4946;1610;FinishTrip;Russian;3
4947;1610;StartTrip;German;4;3
4948;1610;StartTrip;Russian;3;2
4949;1612;FinishTrip;Chinese;6
4950;1612;FinishTrip;0;English;3
4951;1612;StartTrip;Chinese;6;2
4952;1612;StartTrip;English;3;2
4953;1613;FinishTrip;0;Russian;2
4954;1613;FinishTrip;0;German;3
4955;1613;StartTrip;Russian;2;3
4956;1613;StartTrip;German;3;4
4957;1614;FinishTrip;0;American;6
4958;1614;StartTrip;American;6;5
4959;1615;FinishTrip;English;2
4960;1615;StartTrip;English;2;1
4961;1617;FinishTrip;American;5
4962;1617;FinishTrip;Russian;3
4963;1617;FinishTrip;0;Chinese;2
4964;1617;StartTrip;American;5;2
4965;1617;StartTrip;Chinese;2;6
4966;1617;StartTrip;Russian;3;1
4967;1618;FinishTrip;German;4
4968;1618;FinishTrip;0;American;2
4969;1618;StartTrip;German;4;6
4970;1618;StartTrip;American;2;5
4971;1620;FinishTrip;American;5
4972;1620;FinishTrip;0;English;1
4973;1620;StartTrip;American;5;2
4974;1620;StartTrip;English;1;2
4975;1621;FinishTrip;0;German;6
4976;1621;FinishTrip;0;American;2
4977;1621;StartTrip;German;6;4
4978;1621;StartTrip;American;2;5
4979;1622;FinishTrip;German;4
4980;1622;StartTrip;German;4;6
4981;1623;FinishTrip;American;5
4982;1623;StartTrip;American;5;1
4983;1625;FinishTrip;0;German;6
4984;1625;StartTrip;German;6;4
4985;1626;FinishTrip;English;2
4986;1626;FinishTrip;German;4
4987;1626;StartTrip;English;2;6
4988;1626;StartTrip;German;4;1
4989;1627;FinishTrip;Chinese;6
4990;1627;FinishTrip;0;American;1
4991;1627;StartTrip;Chinese;6;1
4992;1627;StartTrip;American;1;5
4993;1628;FinishTrip;0;German;1
4994;1628;StartTrip;German;1;4
4995;1630;FinishTrip;American;5
4996;1630;FinishTrip;German;4
4997;1630;StartTrip;American;5;2
4998;1630;StartTrip;German;4;6
4999;1631;FinishTrip;0;Chinese;1
5000;1631;FinishTrip;0;American;2
5001;1631;StartTrip;Chinese;1;6
5002;1631;StartTrip;American;2;5
5003;1632;FinishTrip;Chinese;6
5004;1632;StartTrip;Chinese;6;2
5005;1633;FinishTrip;American;5
5006;1633;FinishTrip;0;German;6
5007;1633;StartTrip;American;5;6
5008;1633;StartTrip;German;6;4
5009;1634;FinishTrip;German;4
5010;1634;StartTrip;German;4;1
5011;1636;FinishTrip;0;English;6
5012;1636;FinishTrip;0;German;1
5013;1636;StartTrip;English;6;2
5014;1636;StartTrip;German;1;4
5015;1637;FinishTrip;0;Chinese;2
5016;1637;StartTrip;Chinese;2;6
5017;1638;FinishTrip;German;4
5018;1638;FinishTrip;0;American;6
5019;1638;StartTrip;German;4;2
5020;1638;StartTrip;American;6;5
5021;1639;FinishTrip;0;German;2
5022;1639;StartTrip;German;2;4
5023;1640;FinishTrip;German;4
5024;1640;StartTrip;German;4;2
5025;1641;FinishTrip;American;5
5026;1641;FinishTrip;1;English;2
5027;1641;FinishTrip;German;2
5028;1641;ChangePet;2;English;German;Dog;Zebra
5029;1641;changeHouse;2;English;German;4;2
5030;1641;StartTrip;American;5;3
5031;1641;StartTrip;German;2;5
5032;1641;StartTrip;English;2;4
5033;1642;FinishTrip;English;4
5034;1642;StartTrip;English;4;3
5035;1643;FinishTrip;0;German;5
5036;1643;StartTrip;German;5;2
5037;1644;FinishTrip;German;2
5038;1644;StartTrip;German;2;5
5039;1645;FinishTrip;0;English;3
5040;1645;FinishTrip;0;American;3
5041;1645;StartTrip;English;3;4
5042;1645;StartTrip;American;3;5
5043;1646;FinishTrip;0;German;5
5044;1646;StartTrip;German;5;2
5045;1647;FinishTrip;American;5
5046;1647;FinishTrip;German;2
5047;1647;FinishTrip;Chinese;6
5048;1647;StartTrip;American;5;4
5049;1647;StartTrip;Chinese;6;4
5050;1647;StartTrip;German;2;4
5051;1648;FinishTrip;0;Chinese;4
5052;1648;FinishTrip;0;German;4
5053;1648;StartTrip;Chinese;4;6
5054;1648;StartTrip;German;4;2
5055;1649;FinishTrip;German;2
5056;1649;StartTrip;German;2;5
5057;1650;FinishTrip;English;4
5058;1650;StartTrip;English;4;1
5059;1651;FinishTrip;Chinese;6
5060;1651;FinishTrip;0;German;5
5061;1651;FinishTrip;0;American;4
5062;1651;StartTrip;Chinese;6;5
5063;1651;StartTrip;American;4;5
5064;1651;StartTrip;German;5;2
5065;1652;FinishTrip;German;2
5066;1652;FinishTrip;0;English;1
5067;1652;StartTrip;German;2;5
5068;1652;StartTrip;English;1;4
5069;1653;FinishTrip;French;1
5070;1653;StartTrip;French;1;2
5071;1654;FinishTrip;English;4
5072;1654;FinishTrip;0;Chinese;5
5073;1654;FinishTrip;0;German;5
5074;1654;StartTrip;English;4;5
5075;1654;StartTrip;German;5;2
5076;1654;StartTrip;Chinese;5;6
5077;1655;FinishTrip;German;2
5078;1655;StartTrip;German;2;1
5079;1657;FinishTrip;American;5
5080;1657;StartTrip;American;5;4
5081;1659;FinishTrip;Chinese;6
5082;1659;FinishTrip;0;French;2
5083;1659;StartTrip;Chinese;6;1
5084;1659;StartTrip;French;2;1
5085;1660;FinishTrip;0;German;1
5086;1660;FinishTrip;0;English;5
5087;1660;StartTrip;German;1;2
5088;1660;StartTrip;English;5;4
5089;1661;FinishTrip;0;American;4
5090;1661;StartTrip;American;4;5
5091;1663;FinishTrip;0;Chinese;1
5092;1663;StartTrip;Chinese;1;6
5093;1664;FinishTrip;French;1
5094;1664;FinishTrip;Chinese;6
5095;1664;FinishTrip;English;4
5096;1664;StartTrip;French;1;2
5097;1664;StartTrip;English;4;6
5098;1664;StartTrip;Chinese;6;5
5099;1666;FinishTrip;German;2
5100;1666;StartTrip;German;2;1
5101;1667;FinishTrip;1;American;5
5102;1667;FinishTrip;Chinese;5
5103;1667;FinishTrip;0;English;6
5104;1667;ChangePet;2;Chinese;American;Cat;Bear
5105;1667;changeHouse;2;Chinese;American;5;6
5106;1667;StartTrip;American;5;6
5107;1667;StartTrip;English;6;4
5108;1667;StartTrip;Chinese;5;4
5109;1668;FinishTrip;English;4
5110;1668;StartTrip;English;4;5
5111;1669;FinishTrip;0;Russian;1
5112;1669;StartTrip;Russian;1;3
5113;1670;FinishTrip;0;French;2
5114;1670;StartTrip;French;2;1
5115;1671;FinishTrip;0;German;1
5116;1671;FinishTrip;0;Chinese;4
5117;1671;StartTrip;German;1;2
5118;1671;StartTrip;Chinese;4;5
5119;1672;FinishTrip;American;6
5120;1672;StartTrip;American;6;4
5121;1673;FinishTrip;0;American;4
5122;1673;StartTrip;American;4;6
5123;1674;FinishTrip;0;English;5
5124;1674;StartTrip;English;5;4
5125;1675;FinishTrip;French;1
5126;1675;StartTrip;French;1;3
5127;1676;FinishTrip;American;6
5128;1676;StartTrip;American;6;3
5129;1677;FinishTrip;German;2
5130;1677;FinishTrip;Chinese;5
5131;1677;FinishTrip;Russian;3
5132;1677;StartTrip;German;2;4
5133;1677;StartTrip;Russian;3;5
5134;1677;StartTrip;Chinese;5;3
5135;1678;FinishTrip;English;4
5136;1678;FinishTrip;0;American;3
5137;1678;FinishTrip;1;German;4
5138;1678;ChangePet;2;English;German;Zebra;Dog
5139;1678;StartTrip;English;4;3
5140;1678;StartTrip;German;4;2
5141;1678;StartTrip;American;3;6
5142;1679;FinishTrip;German;2
5143;1679;FinishTrip;0;Russian;5
5144;1679;StartTrip;German;2;6
5145;1679;StartTrip;Russian;5;3
5146;1681;FinishTrip;0;Chinese;3
5147;1681;FinishTrip;0;English;3
5148;1681;StartTrip;Chinese;3;5
5149;1681;StartTrip;English;3;4
5150;1682;FinishTrip;American;6
5151;1682;StartTrip;American;6;2
5152;1683;FinishTrip;1;Russian;3
5153;1683;FinishTrip;Chinese;5
5154;1683;FinishTrip;French;3
5155;1683;ChangePet;2;Russian;French;Fish;Humpster
5156;1683;changeHouse;2;Russian;French;1;3
5157;1683;StartTrip;Russian;3;1
5158;1683;StartTrip;French;3;2
5159;1683;StartTrip;Chinese;5;4
5160;1686;FinishTrip;English;4
5161;1686;FinishTrip;0;French;2
5162;1686;StartTrip;English;4;3
5163;1686;StartTrip;French;2;3
5164;1687;FinishTrip;0;Chinese;4
5165;1687;FinishTrip;0;American;2
5166;1687;StartTrip;Chinese;4;5
5167;1687;StartTrip;American;2;6
5168;1689;FinishTrip;0;German;6
5169;1689;FinishTrip;0;English;3
5170;1689;StartTrip;German;6;2
5171;1689;StartTrip;English;3;4
5172;1690;FinishTrip;French;3
5173;1690;StartTrip;French;3;1
5174;1693;FinishTrip;Chinese;5
5175;1693;StartTrip;Chinese;5;4
5176;1694;FinishTrip;English;4
5177;1694;FinishTrip;German;2
5178;1694;StartTrip;English;4;2
5179;1694;StartTrip;German;2;3
5180;1695;FinishTrip;0;English;2
5181;1695;StartTrip;English;2;4
5182;1696;FinishTrip;English;4
5183;1696;StartTrip;English;4;5
5184;1697;FinishTrip;American;6
5185;1697;FinishTrip;0;Chinese;4
5186;1697;StartTrip;American;6;5
5187;1697;StartTrip;Chinese;4;5
5188;1698;FinishTrip;0;German;3
5189;1698;StartTrip;German;3;2
5190;1700;FinishTrip;0;American;5
5191;1700;StartTrip;American;5;6
5192;1701;FinishTrip;German;2
5193;1701;StartTrip;German;2;6
5194;1702;FinishTrip;0;English;5
5195;1702;StartTrip;English;5;4
5196;1703;FinishTrip;Chinese;5
5197;1703;StartTrip;Chinese;5;1
5198;1705;FinishTrip;American;6
5199;1705;StartTrip;American;6;2
5200;1706;FinishTrip;English;4
5201;1706;StartTrip;English;4;6
5202;1707;FinishTrip;0;Chinese;1
5203;1707;StartTrip;Chinese;1;5
5204;1709;FinishTrip;0;English;6
5205;1709;StartTrip;English;6;4
5206;1710;FinishTrip;Chinese;5
5207;1710;FinishTrip;English;4
5208;1710;FinishTrip;0;American;2
5209;1710;StartTrip;Chinese;5;6
5210;1710;StartTrip;American;2;6
5211;1710;StartTrip;English;4;3
5212;1711;FinishTrip;0;German;6
5213;1711;StartTrip;German;6;2
5214;1713;FinishTrip;0;English;3
5215;1713;StartTrip;English;3;4
5216;1715;FinishTrip;0;Chinese;6
5217;1715;StartTrip;Chinese;6;5
5218;1716;FinishTrip;German;2
5219;1716;StartTrip;German;2;6
5220;1718;FinishTrip;English;4
5221;1718;FinishTrip;Chinese;5
5222;1718;StartTrip;English;4;1
5223;1718;StartTrip;Chinese;5;2
5224;1719;FinishTrip;0;Chinese;2
5225;1719;StartTrip;Chinese;2;5
5226;1720;FinishTrip;American;6
5227;1720;FinishTrip;0;English;1
5228;1720;StartTrip;American;6;1
5229;1720;StartTrip;English;1;4
5230;1721;FinishTrip;Chinese;5
5231;1721;StartTrip;Chinese;5;4
5232;1722;FinishTrip;English;4
5233;1722;StartTrip;English;4;5
5234;1724;FinishTrip;0;American;1
5235;1724;StartTrip;American;1;6
5236;1725;FinishTrip;American;6
5237;1725;FinishTrip;0;Chinese;4
5238;1725;StartTrip;American;6;3
5239;1725;StartTrip;Chinese;4;5
5240;1726;FinishTrip;0;German;6
5241;1726;StartTrip;German;6;2
5242;1727;FinishTrip;0;American;3
5243;1727;StartTrip;American;3;6
5244;1728;FinishTrip;0;English;5
5245;1728;StartTrip;English;5;4
5246;1731;FinishTrip;German;2
5247;1731;FinishTrip;American;6
5248;1731;FinishTrip;Chinese;5
5249;1731;StartTrip;German;2;5
5250;1731;StartTrip;Chinese;5;2
5251;1731;StartTrip;American;6;4
5252;1732;FinishTrip;1;English;4
5253;1732;FinishTrip;American;4
5254;1732;FinishTrip;0;Chinese;2
5255;1732;ChangePet;2;English;American;Bear;Zebra
5256;1732;changeHouse;2;English;American;6;4
5257;1732;StartTrip;English;4;6
5258;1732;StartTrip;Chinese;2;5
5259;1732;StartTrip;American;4;5
5260;1733;FinishTrip;0;German;5
5261;1733;StartTrip;German;5;2
5262;1734;FinishTrip;Chinese;5
5263;1734;FinishTrip;German;2
5264;1734;StartTrip;Chinese;5;2
5265;1734;StartTrip;German;2;1
5266;1735;FinishTrip;Russian;1
5267;1735;FinishTrip;English;6
5268;1735;FinishTrip;0;Chinese;2
5269;1735;StartTrip;Russian;1;3
5270;1735;StartTrip;Chinese;2;5
5271;1735;StartTrip;English;6;2
5272;1737;FinishTrip;Chinese;5
5273;1737;StartTrip;Chinese;5;3
5274;1738;FinishTrip;0;American;5
5275;1738;StartTrip;American;5;4
5276;1739;FinishTrip;0;German;1
5277;1739;StartTrip;German;1;2
5278;1740;FinishTrip;0;English;2
5279;1740;StartTrip;English;2;6
5280;1741;FinishTrip;0;Chinese;3
5281;1741;StartTrip;Chinese;3;5
5282;1742;FinishTrip;American;4
5283;1742;FinishTrip;0;French;1
5284;1742;StartTrip;American;4;2
5285;1742;StartTrip;French;1;3
5286;1743;FinishTrip;Chinese;5
5287;1743;FinishTrip;0;Russian;3
5288;1743;FinishTrip;0;American;2
5289;1743;StartTrip;Chinese;5;1
5290;1743;StartTrip;American;2;4
5291;1743;StartTrip;Russian;3;1
5292;1744;FinishTrip;American;4
5293;1744;StartTrip;American;4;5
5294;1745;FinishTrip;German;2
5295;1745;StartTrip;German;2;5
5296;1747;FinishTrip;0;Chinese;1
5297;1747;FinishTrip;0;German;5
5298;1747;StartTrip;Chinese;1;5
5299;1747;StartTrip;German;5;2
5300;1748;FinishTrip;German;2
5301;1748;StartTrip;German;2;3
5302;1750;FinishTrip;French;3
5303;1750;FinishTrip;1;Chinese;5
5304;1750;FinishTrip;English;6
5305;1750;FinishTrip;American;5
5306;1750;ChangePet;2;Chinese;American;Zebra;Cat
5307;1750;changeHouse;2;Chinese;American;4;5
5308;1750;StartTrip;French;3;4
5309;1750;StartTrip;American;5;1
5310;1750;StartTrip;Chinese;5;4
5311;1750;StartTrip;English;6;5
5312;1752;FinishTrip;0;German;3
5313;1752;StartTrip;German;3;2
5314;1753;FinishTrip;0;English;5
5315;1753;StartTrip;English;5;6
5316;1754;FinishTrip;Chinese;4
5317;1754;FinishTrip;0;American;1
5318;1754;StartTrip;Chinese;4;1
5319;1754;StartTrip;American;1;5
5320;1755;FinishTrip;German;2
5321;1755;FinishTrip;0;French;4
5322;1755;StartTrip;German;2;1
5323;1755;StartTrip;French;4;3
5324;1756;FinishTrip;0;Chinese;1
5325;1756;StartTrip;Chinese;1;4
5326;1757;FinishTrip;American;5
5327;1757;StartTrip;American;5;2
5328;1758;FinishTrip;French;3
5329;1758;FinishTrip;Chinese;4
5330;1758;FinishTrip;English;6
5331;1758;FinishTrip;0;American;2
5332;1758;StartTrip;French;3;5
5333;1758;StartTrip;American;2;5
5334;1758;StartTrip;Chinese;4;2
5335;1758;StartTrip;English;6;3
5336;1759;FinishTrip;0;Chinese;2
5337;1759;StartTrip;Chinese;2;4
5338;1760;FinishTrip;Chinese;4
5339;1760;FinishTrip;1;American;5
5340;1760;FinishTrip;French;5
5341;1760;FinishTrip;0;English;3
5342;1760;FinishTrip;0;German;1
5343;1760;ChangePet;2;French;American;Cat;Humpster
5344;1760;changeHouse;2;French;American;5;3
5345;1760;StartTrip;Chinese;4;2
5346;1760;StartTrip;American;5;3
5347;1760;StartTrip;German;1;2
5348;1760;StartTrip;English;3;6
5349;1760;StartTrip;French;5;6
5350;1761;FinishTrip;0;Chinese;2
5351;1761;StartTrip;Chinese;2;4
5352;1762;FinishTrip;Chinese;4
5353;1762;StartTrip;Chinese;4;3
5354;1764;FinishTrip;American;3
5355;1764;FinishTrip;English;6
5356;1764;StartTrip;American;3;4
5357;1764;StartTrip;English;6;2
5358;1765;FinishTrip;0;French;6
5359;1765;FinishTrip;0;Chinese;3
5360;1765;StartTrip;French;6;5
5361;1765;StartTrip;Chinese;3;4
5362;1766;FinishTrip;German;2
5363;1766;StartTrip;German;2;5
5364;1768;FinishTrip;1;French;5
5365;1768;FinishTrip;German;5
5366;1768;ChangePet;2;German;French;Cat;Dog
5367;1768;changeHouse;2;German;French;5;2
5368;1768;StartTrip;French;5;2
5369;1768;StartTrip;German;5;3
5370;1769;FinishTrip;1;French;2
5371;1769;FinishTrip;English;2
5372;1769;FinishTrip;0;American;4
5373;1769;ChangePet;2;English;French;Dog;Bear
5374;1769;changeHouse;2;English;French;2;6
5375;1769;StartTrip;French;2;6
5376;1769;StartTrip;American;4;3
5377;1769;StartTrip;English;2;4
5378;1770;FinishTrip;Chinese;4
5379;1770;FinishTrip;1;English;4
5380;1770;ChangePet;2;English;Chinese;Zebra;Dog
5381;1770;StartTrip;Chinese;4;2
5382;1770;StartTrip;English;4;2
5383;1771;FinishTrip;1;English;2
5384;1771;FinishTrip;Chinese;2
5385;1771;ChangePet;2;English;Chinese;Dog;Zebra
5386;1771;changeHouse;2;English;Chinese;4;2
5387;1771;StartTrip;English;2;4
5388;1771;StartTrip;Chinese;2;6
5389;1772;FinishTrip;1;American;3
5390;1772;FinishTrip;English;4
5391;1772;FinishTrip;German;3
5392;1772;ChangePet;2;German;American;Humpster;Cat
5393;1772;changeHouse;2;German;American;3;5
5394;1772;StartTrip;American;3;5
5395;1772;StartTrip;German;3;2
5396;1772;StartTrip;English;4;1
5397;1774;FinishTrip;American;5
5398;1774;FinishTrip;0;English;1
5399;1774;StartTrip;American;5;3
5400;1774;StartTrip;English;1;4
5401;1775;FinishTrip;0;German;2
5402;1775;StartTrip;German;2;3
5403;1776;FinishTrip;English;4
5404;1776;StartTrip;English;4;6
5405;1778;FinishTrip;0;American;3
5406;1778;StartTrip;American;3;5
5407;1779;FinishTrip;German;3
5408;1779;FinishTrip;French;6
5409;1779;FinishTrip;1;English;6
5410;1779;ChangePet;2;English;French;Bear;Dog
5411;1779;StartTrip;German;3;5
5412;1779;StartTrip;English;6;4
5413;1779;StartTrip;French;6;2
5414;1780;FinishTrip;American;5
5415;1780;FinishTrip;English;4
5416;1780;StartTrip;American;5;3
5417;1780;StartTrip;English;4;3
5418;1781;FinishTrip;0;Chinese;6
5419;1781;FinishTrip;0;German;5
5420;1781;StartTrip;Chinese;6;2
5421;1781;StartTrip;German;5;3
5422;1783;FinishTrip;0;English;3
5423;1783;StartTrip;English;3;4
5424;1784;FinishTrip;0;French;2
5425;1784;FinishTrip;0;American;3
5426;1784;StartTrip;French;2;6
5427;1784;StartTrip;American;3;5
5428;1785;FinishTrip;German;3
5429;1785;StartTrip;German;3;2
5430;1786;FinishTrip;American;5
5431;1786;FinishTrip;Chinese;2
5432;1786;StartTrip;American;5;2
5433;1786;StartTrip;Chinese;2;6
5434;1787;FinishTrip;0;American;2
5435;1787;StartTrip;American;2;5
5436;1788;FinishTrip;English;4
5437;1788;FinishTrip;0;German;2
5438;1788;StartTrip;English;4;5
5439;1788;StartTrip;German;2;3
5440;1789;FinishTrip;American;5
5441;1789;StartTrip;American;5;4
5442;1792;FinishTrip;German;3
5443;1792;StartTrip;German;3;2
5444;1793;FinishTrip;0;American;4
5445;1793;StartTrip;American;4;5
5446;1794;FinishTrip;French;6
5447;1794;FinishTrip;0;English;5
5448;1794;StartTrip;French;6;1
5449;1794;StartTrip;English;5;4
5450;1795;FinishTrip;Russian;1
5451;1795;FinishTrip;0;German;2
5452;1795;StartTrip;Russian;1;4
5453;1795;StartTrip;German;2;3
5454;1796;FinishTrip;0;Chinese;6
5455;1796;StartTrip;Chinese;6;2
5456;1797;FinishTrip;0;Russian;4
5457;1797;StartTrip;Russian;4;1
5458;1798;FinishTrip;English;4
5459;1798;FinishTrip;0;French;1
5460;1798;StartTrip;English;4;1
5461;1798;StartTrip;French;1;6
5462;1799;FinishTrip;Russian;1
5463;1799;FinishTrip;French;6
5464;1799;FinishTrip;American;5
5465;1799;FinishTrip;German;3
5466;1799;StartTrip;Russian;1;2
5467;1799;StartTrip;German;3;6
5468;1799;StartTrip;French;6;1
5469;1799;StartTrip;American;5;6
5470;1800;FinishTrip;0;English;1
5471;1800;StartTrip;English;1;4
5472;1801;FinishTrip;Chinese;2
5473;1801;StartTrip;Chinese;2;1
5474;1802;FinishTrip;English;4
5475;1802;StartTrip;English;4;2
5476;1803;FinishTrip;0;French;1
5477;1803;FinishTrip;0;English;2
5478;1803;FinishTrip;0;German;6
5479;1803;StartTrip;French;1;6
5480;1803;StartTrip;German;6;3
5481;1803;StartTrip;English;2;4
5482;1804;FinishTrip;English;4
5483;1804;FinishTrip;French;6
5484;1804;FinishTrip;1;American;6
5485;1804;ChangePet;2;French;American;Cat;Dog
5486;1804;StartTrip;English;4;3
5487;1804;StartTrip;American;6;5
5488;1804;StartTrip;French;6;5
5489;1805;FinishTrip;German;3
5490;1805;FinishTrip;0;Russian;2
5491;1805;StartTrip;German;3;4
5492;1805;StartTrip;Russian;2;1
5493;1806;FinishTrip;0;Chinese;1
5494;1806;StartTrip;Chinese;1;2
5495;1807;FinishTrip;1;American;5
5496;1807;FinishTrip;French;5
5497;1807;FinishTrip;0;English;3
5498;1807;ChangePet;2;French;American;Dog;Cat
5499;1807;changeHouse;2;French;American;5;6
5500;1807;StartTrip;American;5;6
5501;1807;StartTrip;English;3;4
5502;1807;StartTrip;French;5;4
5503;1810;FinishTrip;Russian;1
5504;1810;FinishTrip;0;German;4
5505;1810;StartTrip;Russian;1;6
5506;1810;StartTrip;German;4;3
5507;1811;FinishTrip;0;French;4
5508;1811;FinishTrip;0;Russian;6
5509;1811;StartTrip;French;4;5
5510;1811;StartTrip;Russian;6;1
5511;1812;FinishTrip;Chinese;2
5512;1812;FinishTrip;English;4
5513;1812;FinishTrip;American;6
5514;1812;StartTrip;Chinese;2;6
5515;1812;StartTrip;American;6;2
5516;1812;StartTrip;English;4;2
5517;1813;FinishTrip;German;3
5518;1813;FinishTrip;0;English;2
5519;1813;StartTrip;German;3;2
5520;1813;StartTrip;English;2;4
5521;1814;FinishTrip;English;4
5522;1814;StartTrip;English;4;2
5523;1815;FinishTrip;Russian;1
5524;1815;FinishTrip;0;English;2
5525;1815;StartTrip;Russian;1;4
5526;1815;StartTrip;English;2;4
5527;1816;FinishTrip;English;4
5528;1816;FinishTrip;0;German;2
5529;1816;StartTrip;English;4;6
5530;1816;StartTrip;German;2;3
5531;1817;FinishTrip;French;5
5532;1817;FinishTrip;0;Russian;4
5533;1817;FinishTrip;0;American;2
5534;1817;StartTrip;French;5;2
5535;1817;StartTrip;American;2;6
5536;1817;StartTrip;Russian;4;1
5537;1818;FinishTrip;0;French;2
5538;1818;StartTrip;French;2;5
5539;1819;FinishTrip;Russian;1
5540;1819;FinishTrip;0;English;6
5541;1819;StartTrip;Russian;1;5
5542;1819;StartTrip;English;6;4
5543;1820;FinishTrip;German;3
5544;1820;FinishTrip;English;4
5545;1820;FinishTrip;French;5
5546;1820;StartTrip;German;3;2
5547;1820;StartTrip;French;5;2
5548;1820;StartTrip;English;4;5
5549;1821;FinishTrip;0;French;2
5550;1821;StartTrip;French;2;5
5551;1822;FinishTrip;0;Russian;5
5552;1822;FinishTrip;0;Chinese;6
5553;1822;StartTrip;Russian;5;1
5554;1822;StartTrip;Chinese;6;2
5555;1823;FinishTrip;French;5
5556;1823;FinishTrip;0;German;2
5557;1823;StartTrip;French;5;3
5558;1823;StartTrip;German;2;3
5559;1826;FinishTrip;Russian;1
5560;1826;FinishTrip;0;English;5
5561;1826;StartTrip;Russian;1;6
5562;1826;StartTrip;English;5;4
5563;1827;FinishTrip;1;German;3
5564;1827;FinishTrip;American;6
5565;1827;FinishTrip;Chinese;2
5566;1827;FinishTrip;French;3
5567;1827;FinishTrip;1;Russian;6
5568;1827;ChangePet;2;German;French;Dog;Humpster
5569;1827;ChangePet;2;Russian;American;Cat;Fish
5570;1827;changeHouse;2;German;French;5;3
5571;1827;StartTrip;German;3;5
5572;1827;StartTrip;American;6;3
5573;1827;StartTrip;Russian;6;1
5574;1827;StartTrip;French;3;4
5575;1827;StartTrip;Chinese;2;5
5576;1829;FinishTrip;1;German;5
5577;1829;FinishTrip;0;American;3
5578;1829;FinishTrip;Chinese;5
5579;1829;ChangePet;2;Chinese;German;Dog;Zebra
5580;1829;changeHouse;2;Chinese;German;5;2
5581;1829;StartTrip;German;5;2
5582;1829;StartTrip;Chinese;5;1
5583;1829;StartTrip;American;3;6
5584;1830;FinishTrip;English;4
5585;1830;FinishTrip;German;2
5586;1830;StartTrip;English;4;2
5587;1830;StartTrip;German;2;4
5588;1831;FinishTrip;Russian;1
5589;1831;FinishTrip;0;German;4
5590;1831;FinishTrip;0;English;2
5591;1831;StartTrip;Russian;1;5
5592;1831;StartTrip;English;2;4
5593;1831;StartTrip;German;4;2
5594;1832;FinishTrip;German;2
5595;1832;FinishTrip;English;4
5596;1832;FinishTrip;1;French;4
5597;1832;ChangePet;2;English;French;Humpster;Bear
5598;1832;StartTrip;German;2;6
5599;1832;StartTrip;French;4;3
5600;1832;StartTrip;English;4;5
5601;1833;FinishTrip;American;6
5602;1833;FinishTrip;0;Chinese;1
5603;1833;StartTrip;American;6;1
5604;1833;StartTrip;Chinese;1;5
5605;1834;FinishTrip;0;Russian;5
5606;1834;StartTrip;Russian;5;1
5607;1835;FinishTrip;French;3
5608;1835;StartTrip;French;3;1
5609;1836;FinishTrip;Chinese;5
5610;1836;StartTrip;Chinese;5;2
5611;1837;FinishTrip;0;American;1
5612;1837;FinishTrip;0;Chinese;2
5613;1837;StartTrip;American;1;6
5614;1837;StartTrip;Chinese;2;5
5615;1838;FinishTrip;Russian;1
5616;1838;FinishTrip;American;6
5617;1838;FinishTrip;0;English;5
5618;1838;StartTrip;Russian;1;6
5619;1838;StartTrip;English;5;4
5620;1838;StartTrip;American;6;2
5621;1839;FinishTrip;Chinese;5
5622;1839;FinishTrip;0;Russian;6
5623;1839;StartTrip;Chinese;5;3
5624;1839;StartTrip;Russian;6;1
5625;1842;FinishTrip;English;4
5626;1842;FinishTrip;0;German;6
5627;1842;StartTrip;English;4;2
5628;1842;StartTrip;German;6;2
5629;1843;FinishTrip;Russian;1
5630;1843;FinishTrip;0;Chinese;3
5631;1843;FinishTrip;0;American;2
5632;1843;FinishTrip;0;English;2
5633;1843;StartTrip;Russian;1;3
5634;1843;StartTrip;English;2;4
5635;1843;StartTrip;Chinese;3;5
5636;1843;StartTrip;American;2;6
5637;1844;FinishTrip;English;4
5638;1844;StartTrip;English;4;6
5639;1845;FinishTrip;Chinese;5
5640;1845;StartTrip;Chinese;5;1
5641;1847;FinishTrip;German;2
5642;1847;FinishTrip;0;English;6
5643;1847;StartTrip;German;2;5
5644;1847;StartTrip;English;6;4
5645;1848;FinishTrip;English;4
5646;1848;StartTrip;English;4;3
5647;1849;FinishTrip;0;Chinese;1
5648;1849;FinishTrip;0;German;5
5649;1849;StartTrip;Chinese;1;5
5650;1849;StartTrip;German;5;2
5651;1850;FinishTrip;German;2
5652;1850;StartTrip;German;2;3
5653;1851;FinishTrip;0;English;3
5654;1851;FinishTrip;0;Russian;3
5655;1851;StartTrip;English;3;4
5656;1851;StartTrip;Russian;3;1
5657;1852;FinishTrip;Chinese;5
5658;1852;StartTrip;Chinese;5;6
5659;1853;FinishTrip;American;6
5660;1853;StartTrip;American;6;4
5661;1854;FinishTrip;0;German;3
5662;1854;FinishTrip;0;American;4
5663;1854;StartTrip;German;3;2
5664;1854;StartTrip;American;4;6
5665;1856;FinishTrip;English;4
5666;1856;StartTrip;English;4;6
5667;1857;FinishTrip;American;6
5668;1857;FinishTrip;German;2
5669;1857;FinishTrip;1;Chinese;6
5670;1857;ChangePet;2;Chinese;American;Fish;Dog
5671;1857;StartTrip;American;6;4
5672;1857;StartTrip;Chinese;6;5
5673;1857;StartTrip;German;2;5
5674;1858;FinishTrip;0;American;4
5675;1858;StartTrip;American;4;6
5676;1859;FinishTrip;0;German;5
5677;1859;FinishTrip;0;English;6
5678;1859;StartTrip;German;5;2
5679;1859;StartTrip;English;6;4
5680;1860;FinishTrip;Chinese;5
5681;1860;FinishTrip;English;4
5682;1860;FinishTrip;German;2
5683;1860;StartTrip;Chinese;5;4
5684;1860;StartTrip;German;2;1
5685;1860;StartTrip;English;4;2
5686;1861;FinishTrip;American;6
5687;1861;FinishTrip;0;English;2
5688;1861;StartTrip;American;6;1
5689;1861;StartTrip;English;2;4
5690;1862;FinishTrip;English;4
5691;1862;StartTrip;English;4;1
5692;1864;FinishTrip;0;Chinese;4
5693;1864;FinishTrip;0;English;1
5694;1864;StartTrip;Chinese;4;5
5695;1864;StartTrip;English;1;4
5696;1865;FinishTrip;0;German;1
5697;1865;FinishTrip;0;American;1
5698;1865;StartTrip;German;1;2
5699;1865;StartTrip;American;1;6
5700;1866;FinishTrip;English;4
5701;1866;FinishTrip;American;6
5702;1866;StartTrip;English;4;1
5703;1866;StartTrip;American;6;1
5704;1868;FinishTrip;0;English;1
5705;1868;StartTrip;English;1;4
5706;1870;FinishTrip;English;4
5707;1870;FinishTrip;Chinese;5
5708;1870;FinishTrip;0;American;1
5709;1870;StartTrip;English;4;3
5710;1870;StartTrip;American;1;6
5711;1870;StartTrip;Chinese;5;6
5712;1871;FinishTrip;German;2
5713;1871;FinishTrip;American;6
5714;1871;StartTrip;German;2;4
5715;1871;StartTrip;American;6;3
5716;1872;FinishTrip;0;German;4
5717;1872;StartTrip;German;4;2
5718;1873;FinishTrip;German;2
5719;1873;FinishTrip;0;American;3
5720;1873;FinishTrip;0;English;3
5721;1873;StartTrip;German;2;3
5722;1873;StartTrip;English;3;4
5723;1873;StartTrip;American;3;6
5724;1875;FinishTrip;0;Chinese;6
5725;1875;StartTrip;Chinese;6;5
5726;1877;FinishTrip;American;6
5727;1877;FinishTrip;0;German;3
5728;1877;StartTrip;American;6;2
5729;1877;StartTrip;German;3;2
5730;1878;FinishTrip;Chinese;5
5731;1878;FinishTrip;English;4
5732;1878;StartTrip;Chinese;5;4
5733;1878;StartTrip;English;4;2
5734;1879;FinishTrip;0;English;2
5735;1879;StartTrip;English;2;4
5736;1880;FinishTrip;German;2
5737;1880;FinishTrip;English;4
5738;1880;StartTrip;German;2;6
5739;1880;StartTrip;English;4;1
5740;1882;FinishTrip;0;American;2
5741;1882;FinishTrip;0;English;1
5742;1882;FinishTrip;0;Chinese;4
5743;1882;StartTrip;American;2;6
5744;1882;StartTrip;Chinese;4;5
5745;1882;StartTrip;English;1;4
5746;1884;FinishTrip;English;4
5747;1884;StartTrip;English;4;3
5748;1887;FinishTrip;0;French;1
5749;1887;FinishTrip;0;English;3
5750;1887;StartTrip;French;1;3
5751;1887;StartTrip;English;3;4
5752;1888;FinishTrip;Chinese;5
5753;1888;StartTrip;Chinese;5;2
5754;1889;FinishTrip;0;Chinese;2
5755;1889;StartTrip;Chinese;2;5
5756;1890;FinishTrip;0;German;6
5757;1890;StartTrip;German;6;2
5758;1891;FinishTrip;Chinese;5
5759;1891;StartTrip;Chinese;5;2
5760;1892;FinishTrip;English;4
5761;1892;FinishTrip;American;6
5762;1892;FinishTrip;0;Chinese;2
5763;1892;StartTrip;English;4;5
5764;1892;StartTrip;Chinese;2;5
5765;1892;StartTrip;American;6;5
5766;1894;FinishTrip;Chinese;5
5767;1894;StartTrip;Chinese;5;3
5768;1895;FinishTrip;French;3
5769;1895;FinishTrip;German;2
5770;1895;FinishTrip;0;American;5
5771;1895;StartTrip;French;3;4
5772;1895;StartTrip;American;5;6
5773;1895;StartTrip;German;2;3
5774;1898;FinishTrip;0;English;5
5775;1898;FinishTrip;0;Chinese;3
5776;1898;StartTrip;English;5;4
5777;1898;StartTrip;Chinese;3;5
5778;1899;FinishTrip;0;German;3
5779;1899;StartTrip;German;3;2
5780;1900;FinishTrip;Chinese;5
5781;1900;FinishTrip;American;6
5782;1900;FinishTrip;0;French;4
5783;1900;StartTrip;Chinese;5;1
5784;1900;StartTrip;French;4;3
5785;1900;StartTrip;American;6;3
5786;1902;FinishTrip;English;4
5787;1902;FinishTrip;German;2
5788;1902;FinishTrip;0;American;3
5789;1902;StartTrip;English;4;6
5790;1902;StartTrip;American;3;6
5791;1902;StartTrip;German;2;6
5792;1903;FinishTrip;French;3
5793;1903;FinishTrip;Russian;1
5794;1903;StartTrip;French;3;4
5795;1903;StartTrip;Russian;1;2
5796;1904;FinishTrip;0;Chinese;1
5797;1904;StartTrip;Chinese;1;5
5798;1905;FinishTrip;0;English;6
5799;1905;StartTrip;English;6;4
5800;1906;FinishTrip;American;6
5801;1906;FinishTrip;English;4
5802;1906;StartTrip;American;6;3
5803;1906;StartTrip;English;4;1
5804;1907;FinishTrip;Chinese;5
5805;1907;StartTrip;Chinese;5;2
5806;1908;FinishTrip;0;English;1
5807;1908;FinishTrip;0;Chinese;2
5808;1908;FinishTrip;0;French;4
5809;1908;FinishTrip;0;American;3
5810;1908;StartTrip;English;1;4
5811;1908;StartTrip;American;3;6
5812;1908;StartTrip;Chinese;2;5
5813;1908;StartTrip;French;4;3
5814;1909;FinishTrip;0;Russian;2
5815;1909;StartTrip;Russian;2;1
5816;1910;FinishTrip;English;4
5817;1910;FinishTrip;Chinese;5
5818;1910;StartTrip;English;4;6
5819;1910;StartTrip;Chinese;5;4
5820;1911;FinishTrip;French;3
5821;1911;StartTrip;French;3;1
5822;1912;FinishTrip;1;American;6
5823;1912;FinishTrip;German;6
5824;1912;changeHouse;2;German;American;6;2
5825;1912;StartTrip;American;6;2
5826;1912;StartTrip;German;6;3
5827;1913;FinishTrip;0;English;6
5828;1913;StartTrip;English;6;4
5829;1914;FinishTrip;Russian;1
5830;1914;FinishTrip;English;4
5831;1914;FinishTrip;0;German;3
5832;1914;FinishTrip;1;Chinese;4
5833;1914;ChangePet;2;English;Chinese;Fish;Humpster
5834;1914;StartTrip;Russian;1;3
5835;1914;StartTrip;Chinese;4;5
5836;1914;StartTrip;English;4;6
5837;1914;StartTrip;German;3;6
5838;1917;FinishTrip;American;2
5839;1917;FinishTrip;0;English;6
5840;1917;StartTrip;American;2;6
5841;1917;StartTrip;English;6;4
5842;1918;FinishTrip;German;6
5843;1918;FinishTrip;English;4
5844;1918;StartTrip;German;6;1
5845;1918;StartTrip;English;4;2
5846;1919;FinishTrip;0;English;2
5847;1919;StartTrip;English;2;4
5848;1920;FinishTrip;Chinese;5
5849;1920;FinishTrip;English;4
5850;1920;StartTrip;Chinese;5;2
5851;1920;StartTrip;English;4;5
5852;1921;FinishTrip;0;Chinese;2
5853;1921;StartTrip;Chinese;2;5
5854;1922;FinishTrip;0;Russian;3
5855;1922;FinishTrip;0;German;1
5856;1922;StartTrip;Russian;3;1
5857;1922;StartTrip;German;1;6
5858;1923;FinishTrip;Chinese;5
5859;1923;FinishTrip;German;6
5860;1923;StartTrip;Chinese;5;1
5861;1923;StartTrip;German;6;5
5862;1926;FinishTrip;0;English;5
5863;1926;FinishTrip;0;German;5
5864;1926;StartTrip;English;5;4
5865;1926;StartTrip;German;5;6
5866;1927;FinishTrip;0;American;6
5867;1927;FinishTrip;0;Chinese;1
5868;1927;StartTrip;American;6;2
5869;1927;StartTrip;Chinese;1;5
5870;1930;FinishTrip;English;4
5871;1930;FinishTrip;Chinese;5
5872;1930;StartTrip;English;4;5
5873;1930;StartTrip;Chinese;5;2
5874;1931;FinishTrip;German;6
5875;1931;FinishTrip;0;Chinese;2
5876;1931;StartTrip;German;6;3
5877;1931;StartTrip;Chinese;2;5
5878;1932;FinishTrip;American;2
5879;1932;StartTrip;American;2;6
5880;1933;FinishTrip;Chinese;5
5881;1933;FinishTrip;0;German;3
5882;1933;StartTrip;Chinese;5;3
5883;1933;StartTrip;German;3;6
5884;1936;FinishTrip;0;English;5
5885;1936;StartTrip;English;5;4
5886;1937;FinishTrip;German;6
5887;1937;FinishTrip;0;Chinese;3
5888;1937;StartTrip;German;6;4
5889;1937;StartTrip;Chinese;3;5
5890;1938;FinishTrip;0;German;4
5891;1938;StartTrip;German;4;6
5892;1939;FinishTrip;Chinese;5
5893;1939;StartTrip;Chinese;5;6
5894;1940;FinishTrip;English;4
5895;1940;StartTrip;English;4;6
5896;1941;FinishTrip;German;6
5897;1941;StartTrip;German;6;1
5898;1942;FinishTrip;0;American;6
5899;1942;StartTrip;American;6;2
5900;1943;FinishTrip;0;English;6
5901;1943;StartTrip;English;6;4
5902;1944;FinishTrip;English;4
5903;1944;FinishTrip;0;Chinese;6
5904;1944;StartTrip;English;4;2
5905;1944;StartTrip;Chinese;6;5
5906;1945;FinishTrip;0;German;1
5907;1945;FinishTrip;0;English;2
5908;1945;StartTrip;German;1;6
5909;1945;StartTrip;English;2;4
5910;1946;FinishTrip;German;6
5911;1946;FinishTrip;English;4
5912;1946;StartTrip;German;6;5
5913;1946;StartTrip;English;4;1
5914;1947;FinishTrip;Chinese;5
5915;1947;FinishTrip;American;2
5916;1947;StartTrip;Chinese;5;6
5917;1947;StartTrip;American;2;6
5918;1948;FinishTrip;0;English;1
5919;1948;StartTrip;English;1;4
5920;1949;FinishTrip;0;German;5
5921;1949;StartTrip;German;5;6
5922;1950;FinishTrip;English;4
5923;1950;StartTrip;English;4;1
5924;1952;FinishTrip;0;Chinese;6
5925;1952;FinishTrip;0;English;1
5926;1952;StartTrip;Chinese;6;5
5927;1952;StartTrip;English;1;4
5928;1954;FinishTrip;German;6
5929;1954;FinishTrip;English;4
5930;1954;StartTrip;German;6;3
5931;1954;StartTrip;English;4;5
5932;1955;FinishTrip;Chinese;5
5933;1955;StartTrip;Chinese;5;6
5934;1956;FinishTrip;0;German;3
5935;1956;StartTrip;German;3;6
5936;1957;FinishTrip;0;American;6
5937;1957;StartTrip;American;6;2
5938;1960;FinishTrip;1;German;6
5939;1960;FinishTrip;0;English;5
5940;1960;FinishTrip;Chinese;6
5941;1960;changeHouse;2;Chinese;German;6;5
5942;1960;StartTrip;German;6;5
5943;1960;StartTrip;Chinese;6;2
5944;1960;StartTrip;English;5;4
5945;1962;FinishTrip;American;2
5946;1962;StartTrip;American;2;4
5947;1963;FinishTrip;German;5
5948;1963;FinishTrip;0;French;1
5949;1963;FinishTrip;0;American;4
5950;1963;StartTrip;German;5;4
5951;1963;StartTrip;American;4;2
5952;1963;StartTrip;French;1;3
5953;1964;FinishTrip;English;4
5954;1964;FinishTrip;American;2
5955;1964;StartTrip;English;4;5
5956;1964;StartTrip;American;2;5
5957;1965;FinishTrip;0;Chinese;2
5958;1965;StartTrip;Chinese;2;6
5959;1966;FinishTrip;0;American;5
5960;1966;StartTrip;American;5;2
5961;1967;FinishTrip;American;2
5962;1967;FinishTrip;0;German;4
5963;1967;StartTrip;American;2;3
5964;1967;StartTrip;German;4;5
5965;1970;FinishTrip;0;English;5
5966;1970;StartTrip;English;5;4
5967;1971;FinishTrip;1;French;3
5968;1971;FinishTrip;American;3
5969;1971;ChangePet;2;French;American;Dog;Bear
5970;1971;changeHouse;2;French;American;2;3
5971;1971;StartTrip;French;3;2
5972;1971;StartTrip;American;3;6
5973;1973;FinishTrip;German;5
5974;1973;StartTrip;German;5;3
5975;1974;FinishTrip;English;4
5976;1974;FinishTrip;Russian;1
5977;1974;FinishTrip;French;2
5978;1974;StartTrip;English;4;1
5979;1974;StartTrip;French;2;1
5980;1974;StartTrip;Russian;1;5
5981;1975;FinishTrip;1;Chinese;6
5982;1975;FinishTrip;American;6
5983;1975;ChangePet;2;Chinese;American;Bear;Humpster
5984;1975;changeHouse;2;Chinese;American;3;6
5985;1975;StartTrip;Chinese;6;3
5986;1975;StartTrip;American;6;4
5987;1976;FinishTrip;0;English;1
5988;1976;FinishTrip;0;American;4
5989;1976;StartTrip;English;1;4
5990;1976;StartTrip;American;4;6
5991;1977;FinishTrip;1;Chinese;3
5992;1977;FinishTrip;0;Russian;5
5993;1977;FinishTrip;German;3
5994;1977;ChangePet;2;Chinese;German;Zebra;Bear
5995;1977;changeHouse;2;Chinese;German;5;3
5996;1977;StartTrip;Chinese;3;5
5997;1977;StartTrip;German;3;1
5998;1977;StartTrip;Russian;5;1
5999;1978;FinishTrip;English;4
6000;1978;StartTrip;English;4;5
6001;1979;FinishTrip;American;6
6002;1979;FinishTrip;Chinese;5
6003;1979;FinishTrip;0;French;1
6004;1979;StartTrip;American;6;1
6005;1979;StartTrip;Chinese;5;2
6006;1979;StartTrip;French;1;2
6007;1980;FinishTrip;0;Chinese;2
6008;1980;StartTrip;Chinese;2;5
6009;1981;FinishTrip;Russian;1
6010;1981;StartTrip;Russian;1;3
6011;1982;FinishTrip;Chinese;5
6012;1982;StartTrip;Chinese;5;1
6013;1983;FinishTrip;0;American;1
6014;1983;StartTrip;American;1;6
6015;1984;FinishTrip;American;6
6016;1984;FinishTrip;0;English;5
6017;1984;StartTrip;American;6;3
6018;1984;StartTrip;English;5;4
6019;1985;FinishTrip;French;2
6020;1985;StartTrip;French;2;1
6021;1986;FinishTrip;0;Chinese;1
6022;1986;FinishTrip;0;American;3
6023;1986;StartTrip;Chinese;1;5
6024;1986;StartTrip;American;3;6
6025;1988;FinishTrip;English;4
6026;1988;StartTrip;English;4;2
6027;1989;FinishTrip;Chinese;5
6028;1989;FinishTrip;0;Russian;3
6029;1989;FinishTrip;0;English;2
6030;1989;StartTrip;Chinese;5;3
6031;1989;StartTrip;Russian;3;1
6032;1989;StartTrip;English;2;4
6033;1990;FinishTrip;American;6
6034;1990;FinishTrip;English;4
6035;1990;FinishTrip;0;French;1
6036;1990;StartTrip;American;6;2
6037;1990;StartTrip;English;4;5
6038;1990;StartTrip;French;1;2
6039;1993;FinishTrip;0;Chinese;3
6040;1993;StartTrip;Chinese;3;5
6041;1995;FinishTrip;Chinese;5
6042;1995;FinishTrip;0;American;2
6043;1995;StartTrip;Chinese;5;2
6044;1995;StartTrip;American;2;6
6045;1996;FinishTrip;French;2
6046;1996;FinishTrip;0;English;5
6047;1996;FinishTrip;1;Chinese;2
6048;1996;ChangePet;2;Chinese;French;Dog;Zebra
6049;1996;StartTrip;French;2;1
6050;1996;StartTrip;English;5;4
6051;1996;StartTrip;Chinese;2;5
6052;1998;FinishTrip;Chinese;5
6053;1998;StartTrip;Chinese;5;1
6054;2000;FinishTrip;English;4
6055;2000;StartTrip;English;4;3
---- KNOWLEDGE ----
1;{1: {'pet': 'Cat', 'house': 1, 'location': 6, 't': 1827}, 6: {'pet': 'Fish', 'house': 6, 'location': 6, 't': 1827}, 2: {'pet': 'Zebra', 'house': 6, 'location': 6, 't': 1439}, 3: {'pet': 'Bear', 'house': 6, 'location': 3, 't': 1602}, 4: {'pet': 'Fish', 'house': 5, 'location': 5, 't': 1502}, 5: {'pet': 'Humpster', 'house': 3, 'location': 3, 't': 1683}}
2;{2: {'pet': 'Fish', 'house': 4, 'location': 4, 't': 1914}, 4: {'pet': 'Dog', 'house': 2, 'location': 4, 't': 1678}, 6: {'pet': 'Zebra', 'house': 4, 'location': 4, 't': 1732}, 3: {'pet': 'Humpster', 'house': 5, 'location': 4, 't': 1914}, 5: {'pet': 'Bear', 'house': 3, 'location': 4, 't': 1832}, 1: {'pet': 'Dog', 'house': 4, 'location': 6, 't': 1439}}
3;{3: {'pet': 'Dog', 'house': 5, 'location': 2, 't': 1996}, 5: {'pet': 'Zebra', 'house': 2, 'location': 2, 't': 1996}, 2: {'pet': 'Fish', 'house': 4, 'location': 4, 't': 1914}, 6: {'pet': 'Humpster', 'house': 6, 'location': 6, 't': 1975}, 4: {'pet': 'Bear', 'house': 3, 'location': 3, 't': 1977}, 1: {'pet': 'Humpster', 'house': 3, 'location': 3, 't': 1602}}
4;{4: {'pet': 'Bear', 'house': 3, 'location': 3, 't': 1977}, 6: {'pet': 'Dog', 'house': 2, 'location': 6, 't': 1912}, 2: {'pet': 'Zebra', 'house': 4, 'location': 4, 't': 1678}, 3: {'pet': 'Zebra', 'house': 5, 'location': 3, 't': 1977}, 5: {'pet': 'Humpster', 'house': 3, 'location': 3, 't': 1827}, 1: {'pet': 'Bear', 'house': 3, 'location': 5, 't': 1502}}
5;{5: {'pet': 'Zebra', 'house': 2, 'location': 2, 't': 1996}, 6: {'pet': 'Bear', 'house': 3, 'location': 3, 't': 1971}, 3: {'pet': 'Dog', 'house': 5, 'location': 2, 't': 1996}, 2: {'pet': 'Humpster', 'house': 4, 'location': 4, 't': 1832}, 4: {'pet': 'Dog', 'house': 5, 'location': 3, 't': 1827}, 1: {'pet': 'Fish', 'house': 1, 'location': 3, 't': 1683}}
6;{6: {'pet': 'Humpster', 'house': 6, 'location': 6, 't': 1975}, 4: {'pet': 'Zebra', 'house': 6, 'location': 6, 't': 1912}, 5: {'pet': 'Dog', 'house': 2, 'location': 3, 't': 1971}, 2: {'pet': 'Bear', 'house': 6, 'location': 4, 't': 1732}, 3: {'pet': 'Bear', 'house': 3, 'location': 6, 't': 1975}, 1: {'pet': 'Cat', 'house': 1, 'location': 6, 't': 1827}}
