agent_id;t;value
1;0;0.666667
1;1;0.673333
1;2;0.670000
1;3;0.666667
1;4;0.676667
1;5;0.673333
1;6;0.670000
1;7;0.666667
1;8;0.673333
1;9;0.670000
1;10;0.666667
1;11;0.676667
1;12;0.673333
1;13;0.670000
1;14;0.666667
1;15;0.690000
1;16;0.686667
1;17;0.683333
1;18;0.680000
1;19;0.676667
1;20;0.673333
1;21;0.670000
1;22;0.666667
1;23;0.836667
1;24;0.833333
1;25;0.830000
1;26;0.826667
1;27;0.823333
1;28;0.820000
1;29;0.816667
1;30;0.813333
1;31;0.810000
1;32;0.806667
1;33;0.803333
1;34;0.800000
1;35;0.796667
1;36;0.793333
1;37;0.790000
1;38;0.786667
1;39;0.783333
1;40;0.780000
1;41;0.776667
1;42;0.773333
1;43;0.770000
1;44;0.766667
1;45;0.763333
1;46;0.760000
1;47;0.756667
1;48;0.753333
1;49;0.750000
1;50;0.746667
1;51;0.743333
1;52;0.740000
1;53;0.736667
1;54;0.733333
1;55;0.730000
1;56;0.726667
1;57;0.723333
1;58;0.720000
1;59;0.716667
1;60;0.713333
1;61;0.710000
1;62;0.706667
1;63;0.703333
1;64;0.700000
1;65;0.696667
1;66;0.693333
1;67;0.690000
1;68;0.686667
1;69;0.683333
1;70;0.680000
1;71;0.676667
1;72;0.673333
1;73;0.670000
1;74;0.666667
1;75;0.670000
1;76;0.666667
1;77;0.663333
1;78;0.653333
1;79;0.653333
1;80;0.643333
1;81;0.633333
1;82;0.636667
1;83;0.626667
1;84;0.616667
1;85;0.606667
1;86;0.616667
1;87;0.606667
1;88;0.596667
1;89;0.586667
1;90;0.576667
1;91;0.566667
1;92;0.573333
1;93;0.563333
1;94;0.553333
1;95;0.543333
1;96;0.533333
1;97;0.533333
1;98;0.523333
1;99;0.513333
1;100;0.516667
1;101;0.506667
1;102;0.496667
1;103;0.486667
1;104;0.503333
1;105;0.493333
1;106;0.483333
1;107;0.473333
1;108;0.463333
1;109;0.453333
1;110;0.443333
1;111;0.433333
1;112;0.596667
1;113;0.586667
1;114;0.576667
1;115;0.566667
1;116;0.556667
1;117;0.546667
1;118;0.536667
1;119;0.526667
1;120;0.516667
1;121;0.506667
1;122;0.496667
1;123;0.486667
1;124;0.476667
1;125;0.466667
1;126;0.456667
1;127;0.446667
1;128;0.436667
1;129;0.426667
1;130;0.416667
1;131;0.406667
1;132;0.396667
1;133;0.386667
1;134;0.376667
1;135;0.366667
1;136;0.356667
1;137;0.346667
1;138;0.336667
1;139;0.326667
1;140;0.316667
1;141;0.306667
1;142;0.296667
1;143;0.286667
1;144;0.276667
1;145;0.266667
1;146;0.256667
1;147;0.246667
1;148;0.236667
1;149;0.226667
1;150;0.216667
1;151;0.206667
1;152;0.196667
1;153;0.186667
1;154;0.176667
1;155;0.166667
1;156;0.156667
1;157;0.146667
1;158;0.136667
1;159;0.126667
1;160;0.116667
1;161;0.106667
1;162;0.096667
1;163;0.086667
1;164;0.083333
1;165;0.073333
1;166;0.070000
1;167;0.060000
1;168;0.060000
1;169;0.050000
1;170;0.040000
1;171;0.043333
1;172;0.033333
1;173;0.023333
1;174;0.013333
1;175;0.010000
1;176;0.000000
1;177;0.248333
1;178;0.241667
1;179;0.240000
1;180;0.231667
1;181;0.230000
1;182;0.221667
1;183;0.228333
1;184;0.220000
1;185;0.211667
1;186;0.205000
1;187;0.200000
1;188;0.191667
1;189;0.195000
1;190;0.124444
1;191;0.261111
1;192;0.252222
1;193;0.243333
1;194;0.242222
1;195;0.236667
1;196;0.227778
1;197;0.223333
1;198;0.247778
1;199;0.242222
1;200;0.351111
1;201;0.346667
1;202;0.344444
1;203;0.336667
1;204;0.333333
1;205;0.328889
1;206;0.321111
1;207;0.315556
1;208;0.318889
1;209;0.313333
1;210;0.305556
1;211;0.300000
1;212;0.295556
1;213;0.290000
1;214;0.286667
1;215;0.290000
1;216;0.282222
1;217;0.274444
1;218;0.270000
1;219;0.263333
1;220;0.260000
1;221;0.313333
1;222;0.307778
1;223;0.300000
1;224;0.300000
1;225;0.296667
1;226;0.288889
1;227;0.305556
1;228;0.300000
1;229;0.295556
1;230;0.298889
1;231;0.291111
1;232;0.288889
1;233;0.281111
1;234;0.273333
1;235;0.270000
1;236;0.266667
1;237;0.260000
1;238;0.254444
1;239;0.252222
1;240;0.247778
1;241;0.245556
1;242;0.253333
1;243;0.251667
1;244;0.247500
1;245;0.191333
1;246;0.250667
1;247;0.249333
1;248;0.240667
1;249;0.469333
1;250;0.463333
1;251;0.458000
1;252;0.451333
1;253;0.448000
1;254;0.444000
1;255;0.473333
1;256;0.470667
1;257;0.466667
1;258;0.460667
1;259;0.457333
1;260;0.456667
1;261;0.452000
1;262;0.446667
1;263;0.439333
1;264;0.430667
1;265;0.426667
1;266;0.418000
1;267;0.412000
1;268;0.402667
1;269;0.395333
1;270;0.396667
1;271;0.388667
1;272;0.382667
1;273;0.376000
1;274;0.366667
1;275;0.360667
1;276;0.351333
1;277;0.347333
1;278;0.338000
1;279;0.329333
1;280;0.326667
1;281;0.317333
1;282;0.313333
1;283;0.306667
1;284;0.297333
1;285;0.288000
1;286;0.282000
1;287;0.453333
1;288;0.587333
1;289;0.588000
1;290;0.584667
1;291;0.578000
1;292;0.571333
1;293;0.564667
1;294;0.560000
1;295;0.561333
1;296;0.553333
1;297;0.546000
1;298;0.542667
1;299;0.538667
1;300;0.533333
1;301;0.525333
1;302;0.517333
1;303;0.510000
1;304;0.504667
1;305;0.506667
1;306;0.500667
1;307;0.500667
1;308;0.492667
1;309;0.490667
1;310;0.482667
1;311;0.476000
1;312;0.471333
1;313;0.466000
1;314;0.458000
1;315;0.490667
1;316;0.482667
1;317;0.475333
1;318;0.468000
1;319;0.464000
1;320;0.455333
1;321;0.448667
1;322;0.446000
1;323;0.436667
1;324;0.432667
1;325;0.423333
1;326;0.414000
1;327;0.416000
1;328;0.406667
1;329;0.399333
1;330;0.390000
1;331;0.380667
1;332;0.376667
1;333;0.376667
1;334;0.367333
1;335;0.360667
1;336;0.351333
1;337;0.346000
1;338;0.336667
1;339;0.331333
1;340;0.326000
1;341;0.320667
1;342;0.311333
1;343;0.305333
1;344;0.296000
1;345;0.288000
1;346;0.282000
1;347;0.275333
1;348;0.271333
1;349;0.263333
1;350;0.254000
1;351;0.254667
1;352;0.249333
1;353;0.241333
1;354;0.232000
1;355;0.239333
1;356;0.230000
1;357;0.220667
1;358;0.211333
1;359;0.202667
1;360;0.231333
1;361;0.224667
1;362;0.218000
1;363;0.211333
1;364;0.202000
1;365;0.200000
1;366;0.193333
1;367;0.260000
1;368;0.251333
1;369;0.244000
1;370;0.246000
1;371;0.242000
1;372;0.235333
1;373;0.228000
1;374;0.219333
1;375;0.308000
1;376;0.301333
1;377;0.294000
1;378;0.288000
1;379;0.284000
1;380;0.278667
1;381;0.271333
1;382;0.264000
1;383;0.291333
1;384;0.292667
1;385;0.286000
1;386;0.278000
1;387;0.274667
1;388;0.266000
1;389;0.259333
1;390;0.254000
1;391;0.245333
1;392;0.243333
1;393;0.234667
1;394;0.226667
1;395;0.230000
1;396;0.223333
1;397;0.214667
1;398;0.268667
1;399;0.265333
1;400;0.256667
1;401;0.248000
1;402;0.242000
1;403;0.242000
1;404;0.235333
1;405;0.227333
1;406;0.220000
1;407;0.221333
1;408;0.213333
1;409;0.205333
1;410;0.197333
1;411;0.191333
1;412;0.183333
1;413;0.176000
1;414;0.170667
1;415;0.164000
1;416;0.156000
1;417;0.172000
1;418;0.163333
1;419;0.154667
1;420;0.146667
1;421;0.309333
1;422;0.413333
1;423;0.406000
1;424;0.399333
1;425;0.393333
1;426;0.388000
1;427;0.382667
1;428;0.375333
1;429;0.374000
1;430;0.368667
1;431;0.360000
1;432;0.351333
1;433;0.342667
1;434;0.336667
1;435;0.329333
1;436;0.322667
1;437;0.314000
1;438;0.308667
1;439;0.303333
1;440;0.297333
1;441;0.291333
1;442;0.287333
1;443;0.282778
1;444;0.309444
1;445;0.301111
1;446;0.295556
1;447;0.285556
1;448;0.276111
1;449;0.270556
1;450;0.291111
1;451;0.282778
1;452;0.277222
1;453;0.267778
1;454;0.258333
1;455;0.252222
1;456;0.242222
1;457;0.236667
1;458;0.227778
1;459;0.221111
1;460;0.216667
1;461;0.212222
1;462;0.205556
1;463;0.236111
1;464;0.235000
1;465;0.226667
1;466;0.218333
1;467;0.210000
1;468;0.200000
1;469;0.192778
1;470;0.187778
1;471;0.179444
1;472;0.169444
1;473;0.159444
1;474;0.163889
1;475;0.155556
1;476;0.146111
1;477;0.137222
1;478;0.138333
1;479;0.193889
1;480;0.183889
1;481;0.174444
1;482;0.166667
1;483;0.168333
1;484;0.158333
1;485;0.148333
1;486;0.397778
1;487;0.388889
1;488;0.382222
1;489;0.375000
1;490;0.367222
1;491;0.362222
1;492;0.357778
1;493;0.351111
1;494;0.344444
1;495;0.336667
1;496;0.328889
1;497;0.321111
1;498;0.316111
1;499;0.310556
1;500;0.330000
1;501;0.322778
1;502;0.315000
1;503;0.311667
1;504;0.303333
1;505;0.295556
1;506;0.293333
1;507;0.283889
1;508;0.282222
1;509;0.275000
1;510;0.265556
1;511;0.261111
1;512;0.252778
1;513;0.246667
1;514;0.240000
1;515;0.232222
1;516;0.222778
1;517;0.216111
1;518;0.271111
1;519;0.266667
1;520;0.260556
1;521;0.252778
1;522;0.247778
1;523;0.243333
1;524;0.237778
1;525;0.228889
1;526;0.223889
1;527;0.215000
1;528;0.326667
1;529;0.320556
1;530;0.313333
1;531;0.320000
1;532;0.316111
1;533;0.315556
1;534;0.307778
1;535;0.435000
1;536;0.428889
1;537;0.425556
1;538;0.421111
1;539;0.414444
1;540;0.411111
1;541;0.407778
1;542;0.402222
1;543;0.427222
1;544;0.422778
1;545;0.416667
1;546;0.411667
1;547;0.407222
1;548;0.402778
1;549;0.397222
1;550;0.429444
1;551;0.510556
1;552;0.508889
1;553;0.505000
1;554;0.499444
1;555;0.497222
1;556;0.488889
1;557;0.482778
1;558;0.473889
1;559;0.467778
1;560;0.469444
1;561;0.462778
1;562;0.452778
1;563;0.442778
1;564;0.432778
1;565;0.428333
1;566;0.421111
1;567;0.411111
1;568;0.405556
1;569;0.397222
1;570;0.389444
1;571;0.382778
1;572;0.380000
1;573;0.370000
1;574;0.362222
1;575;0.353333
1;576;0.343333
1;577;0.398889
1;578;0.389444
1;579;0.380556
1;580;0.371111
1;581;0.368889
1;582;0.360556
1;583;0.352778
1;584;0.342778
1;585;0.334444
1;586;0.326111
1;587;0.322222
1;588;0.315000
1;589;0.336667
1;590;0.327778
1;591;0.319444
1;592;0.311111
1;593;0.304444
1;594;0.299444
1;595;0.301667
1;596;0.293889
1;597;0.286111
1;598;0.276111
1;599;0.271111
1;600;0.262222
1;601;0.252778
1;602;0.439444
1;603;0.459444
1;604;0.450556
1;605;0.449444
1;606;0.469444
1;607;0.462222
1;608;0.453333
1;609;0.446111
1;610;0.443333
1;611;0.434444
1;612;0.426111
1;613;0.421667
1;614;0.416111
1;615;0.407222
1;616;0.398889
1;617;0.392778
1;618;0.386667
1;619;0.379444
1;620;0.375556
1;621;0.370000
1;622;0.361667
1;623;0.353889
1;624;0.346667
1;625;0.340556
1;626;0.334444
1;627;0.326667
1;628;0.321667
1;629;0.320000
1;630;0.311111
1;631;0.307778
1;632;0.301667
1;633;0.294444
1;634;0.285556
1;635;0.276667
1;636;0.270000
1;637;0.262778
1;638;0.253889
1;639;0.247778
1;640;0.242778
1;641;0.238333
1;642;0.229444
1;643;0.220556
1;644;0.216667
1;645;0.207778
1;646;0.206667
1;647;0.197778
1;648;0.189444
1;649;0.181111
1;650;0.172222
1;651;0.165000
1;652;0.156111
1;653;0.148889
1;654;0.138889
1;655;0.132222
1;656;0.160556
1;657;0.155000
1;658;0.149444
1;659;0.155000
1;660;0.145556
1;661;0.138889
1;662;0.147778
1;663;0.141111
1;664;0.131667
1;665;0.250556
1;666;0.246111
1;667;0.237222
1;668;0.228333
1;669;0.225556
1;670;0.217222
1;671;0.212778
1;672;0.234444
1;673;0.347778
1;674;0.347778
1;675;0.338889
1;676;0.328889
1;677;0.322778
1;678;0.317222
1;679;0.317222
1;680;0.336111
1;681;0.326111
1;682;0.316667
1;683;0.351111
1;684;0.343889
1;685;0.337778
1;686;0.328889
1;687;0.355000
1;688;0.346111
1;689;0.336111
1;690;0.328889
1;691;0.322778
1;692;0.312778
1;693;0.302778
1;694;0.296111
1;695;0.287222
1;696;0.277222
1;697;0.303333
1;698;0.293333
1;699;0.283889
1;700;0.274444
1;701;0.267222
1;702;0.261667
1;703;0.253889
1;704;0.244444
1;705;0.237778
1;706;0.228333
1;707;0.291111
1;708;0.281667
1;709;0.272222
1;710;0.288333
1;711;0.280556
1;712;0.271111
1;713;0.357778
1;714;0.352222
1;715;0.342778
1;716;0.335556
1;717;0.326111
1;718;0.321111
1;719;0.312778
1;720;0.307222
1;721;0.298889
1;722;0.289444
1;723;0.283889
1;724;0.280556
1;725;0.272778
1;726;0.263889
1;727;0.257778
1;728;0.250556
1;729;0.241111
1;730;0.236667
1;731;0.227222
1;732;0.222778
1;733;0.215000
1;734;0.210000
1;735;0.202222
1;736;0.195556
1;737;0.188889
1;738;0.180000
1;739;0.178889
1;740;0.172222
1;741;0.166111
1;742;0.161111
1;743;0.153333
1;744;0.143889
1;745;0.138889
1;746;0.132222
1;747;0.122778
1;748;0.297778
1;749;0.361111
1;750;0.352778
1;751;0.342778
1;752;0.337778
1;753;0.330000
1;754;0.325556
1;755;0.316111
1;756;0.307778
1;757;0.302778
1;758;0.295556
1;759;0.286111
1;760;0.278889
1;761;0.270556
1;762;0.267778
1;763;0.257778
1;764;0.254444
1;765;0.245556
1;766;0.237222
1;767;0.228889
1;768;0.219444
1;769;0.299444
1;770;0.293333
1;771;0.289444
1;772;0.281667
1;773;0.272222
1;774;0.262778
1;775;0.409444
1;776;0.400556
1;777;0.393889
1;778;0.387222
1;779;0.381111
1;780;0.373889
1;781;0.371111
1;782;0.365556
1;783;0.359444
1;784;0.351667
1;785;0.342778
1;786;0.335556
1;787;0.331111
1;788;0.327778
1;789;0.318889
1;790;0.314444
1;791;0.311667
1;792;0.302778
1;793;0.295556
1;794;0.290000
1;795;0.281667
1;796;0.282222
1;797;0.273333
1;798;0.295556
1;799;0.290000
1;800;0.285556
1;801;0.278333
1;802;0.270000
1;803;0.262778
1;804;0.256111
1;805;0.249444
1;806;0.271111
1;807;0.262222
1;808;0.369444
1;809;0.364444
1;810;0.358889
1;811;0.453333
1;812;0.445556
1;813;0.438333
1;814;0.435000
1;815;0.432222
1;816;0.427222
1;817;0.420000
1;818;0.412778
1;819;0.411667
1;820;0.406667
1;821;0.402222
1;822;0.396111
1;823;0.390000
1;824;0.383889
1;825;0.380000
1;826;0.375000
1;827;0.367778
1;828;0.364444
1;829;0.360556
1;830;0.355556
1;831;0.350556
1;832;0.346111
1;833;0.339444
1;834;0.336111
1;835;0.332778
1;836;0.325000
1;837;0.318333
1;838;0.313333
1;839;0.311667
1;840;0.305556
1;841;0.300556
1;842;0.294444
1;843;0.291111
1;844;0.285556
1;845;0.280556
1;846;0.296667
1;847;0.336667
1;848;0.332778
1;849;0.330000
1;850;0.327778
1;851;0.325000
1;852;0.318333
1;853;0.310556
1;854;0.303889
1;855;0.302222
1;856;0.299444
1;857;0.292222
1;858;0.386667
1;859;0.416667
1;860;0.408889
1;861;0.402778
1;862;0.398333
1;863;0.391111
1;864;0.384444
1;865;0.377778
1;866;0.371667
1;867;0.362778
1;868;0.357778
1;869;0.352222
1;870;0.343889
1;871;0.340000
1;872;0.334444
1;873;0.327778
1;874;0.320000
1;875;0.347222
1;876;0.338889
1;877;0.332222
1;878;0.331667
1;879;0.326111
1;880;0.320000
1;881;0.311111
1;882;0.303889
1;883;0.323889
1;884;0.315000
1;885;0.384444
1;886;0.375556
1;887;0.366667
1;888;0.360556
1;889;0.420000
1;890;0.413889
1;891;0.405000
1;892;0.398889
1;893;0.392778
1;894;0.383889
1;895;0.382778
1;896;0.373889
1;897;0.366667
1;898;0.361111
1;899;0.353889
1;900;0.347778
1;901;0.338889
1;902;0.332222
1;903;0.323333
1;904;0.317222
1;905;0.311111
1;906;0.303889
1;907;0.296111
1;908;0.290000
1;909;0.288333
1;910;0.280556
1;911;0.276111
1;912;0.270000
1;913;0.263889
1;914;0.255000
1;915;0.249444
1;916;0.240556
1;917;0.233889
1;918;0.258333
1;919;0.252222
1;920;0.246111
1;921;0.238889
1;922;0.230000
1;923;0.222222
1;924;0.215556
1;925;0.211111
1;926;0.202222
1;927;0.193889
1;928;0.304444
1;929;0.359444
1;930;0.356111
1;931;0.349444
1;932;0.342778
1;933;0.343333
1;934;0.337778
1;935;0.332222
1;936;0.326667
1;937;0.320556
1;938;0.318889
1;939;0.313333
1;940;0.309444
1;941;0.307222
1;942;0.300556
1;943;0.297778
1;944;0.290556
1;945;0.288333
1;946;0.286667
1;947;0.278889
1;948;0.271111
1;949;0.271111
1;950;0.265556
1;951;0.265000
1;952;0.257222
1;953;0.253333
1;954;0.245556
1;955;0.241111
1;956;0.267222
1;957;0.290556
1;958;0.285000
1;959;0.280556
1;960;0.274444
1;961;0.268333
1;962;0.264444
1;963;0.438333
1;964;0.435556
1;965;0.430000
1;966;0.424444
1;967;0.420000
1;968;0.412778
1;969;0.566111
1;970;0.561111
1;971;0.553333
1;972;0.553333
1;973;0.546667
1;974;0.538889
1;975;0.533333
1;976;0.529444
1;977;0.530556
1;978;0.525556
1;979;0.520000
1;980;0.513889
1;981;0.506111
1;982;0.498333
1;983;0.498889
1;984;0.491111
1;985;0.483889
1;986;0.480556
1;987;0.476667
1;988;0.468889
1;989;0.465556
1;990;0.460556
1;991;0.456667
1;992;0.449444
1;993;0.447778
1;994;0.440000
1;995;0.436111
1;996;0.430000
1;997;0.422778
1;998;0.416111
1;999;0.477778
1;1000;0.471667
1;1001;0.467778
1;1002;0.462778
1;1003;0.457222
1;1004;0.452222
1;1005;0.446111
1;1006;0.445000
1;1007;0.438889
1;1008;0.433889
1;1009;0.432222
1;1010;0.428333
1;1011;0.422222
1;1012;0.443889
1;1013;0.438333
1;1014;0.434444
1;1015;0.427222
1;1016;0.423333
1;1017;0.416111
1;1018;0.415000
1;1019;0.411111
1;1020;0.404444
1;1021;0.400556
1;1022;0.395000
1;1023;0.390556
1;1024;0.388333
1;1025;0.380556
1;1026;0.408333
1;1027;0.400556
1;1028;0.392778
1;1029;0.387222
1;1030;0.379444
1;1031;0.371667
1;1032;0.371667
1;1033;0.365556
1;1034;0.358889
1;1035;0.351111
1;1036;0.350000
1;1037;0.342222
1;1038;0.333333
1;1039;0.327222
1;1040;0.320000
1;1041;0.314444
1;1042;0.308333
1;1043;0.302222
1;1044;0.295000
1;1045;0.286111
1;1046;0.277222
1;1047;0.282778
1;1048;0.275000
1;1049;0.266667
1;1050;0.261111
1;1051;0.279444
1;1052;0.271111
1;1053;0.265000
1;1054;0.261111
1;1055;0.252222
1;1056;0.243333
1;1057;0.236667
1;1058;0.231667
1;1059;0.226111
1;1060;0.217778
1;1061;0.228889
1;1062;0.220000
1;1063;0.211111
1;1064;0.312778
1;1065;0.304444
1;1066;0.296111
1;1067;0.301111
1;1068;0.292778
1;1069;0.284444
1;1070;0.276111
1;1071;0.432778
1;1072;0.426667
1;1073;0.419444
1;1074;0.499444
1;1075;0.492778
1;1076;0.488333
1;1077;0.483333
1;1078;0.506111
1;1079;0.500556
1;1080;0.493889
1;1081;0.491667
1;1082;0.485556
1;1083;0.480000
1;1084;0.476667
1;1085;0.469444
1;1086;0.460556
1;1087;0.454444
1;1088;0.450000
1;1089;0.442778
1;1090;0.433889
1;1091;0.431111
1;1092;0.426111
1;1093;0.420556
1;1094;0.414444
1;1095;0.405556
1;1096;0.397222
1;1097;0.392222
1;1098;0.386111
1;1099;0.380000
1;1100;0.373333
1;1101;0.366667
1;1102;0.358333
1;1103;0.357222
1;1104;0.348889
1;1105;0.342222
1;1106;0.336111
1;1107;0.332778
1;1108;0.326111
1;1109;0.317222
1;1110;0.316111
1;1111;0.308889
1;1112;0.300000
1;1113;0.293889
1;1114;0.288333
1;1115;0.296111
1;1116;0.286667
1;1117;0.278333
1;1118;0.276111
1;1119;0.286667
1;1120;0.277778
1;1121;0.271111
1;1122;0.263889
1;1123;0.256667
1;1124;0.248889
1;1125;0.242222
1;1126;0.263333
1;1127;0.318333
1;1128;0.308889
1;1129;0.303333
1;1130;0.305000
1;1131;0.295556
1;1132;0.286111
1;1133;0.279444
1;1134;0.271667
1;1135;0.266111
1;1136;0.256667
1;1137;0.248333
1;1138;0.313889
1;1139;0.308333
1;1140;0.301667
1;1141;0.292778
1;1142;0.292222
1;1143;0.283333
1;1144;0.380000
1;1145;0.371667
1;1146;0.365556
1;1147;0.357222
1;1148;0.350000
1;1149;0.342222
1;1150;0.332778
1;1151;0.323333
1;1152;0.322778
1;1153;0.314444
1;1154;0.305000
1;1155;0.297778
1;1156;0.288333
1;1157;0.282778
1;1158;0.273889
1;1159;0.267778
1;1160;0.264444
1;1161;0.260556
1;1162;0.251111
1;1163;0.241667
1;1164;0.237778
1;1165;0.231667
1;1166;0.222222
1;1167;0.212778
1;1168;0.206111
1;1169;0.198333
1;1170;0.188889
1;1171;0.182222
1;1172;0.174444
1;1173;0.166111
1;1174;0.161111
1;1175;0.152778
1;1176;0.143889
1;1177;0.160000
1;1178;0.180556
1;1179;0.171667
1;1180;0.264444
1;1181;0.266111
1;1182;0.256667
1;1183;0.250000
1;1184;0.240556
1;1185;0.236111
1;1186;0.226667
1;1187;0.219444
1;1188;0.216111
1;1189;0.207778
1;1190;0.198333
1;1191;0.198333
1;1192;0.188889
1;1193;0.179444
1;1194;0.172778
1;1195;0.165000
1;1196;0.234444
1;1197;0.225556
1;1198;0.220556
1;1199;0.215000
1;1200;0.206111
1;1201;0.201111
1;1202;0.193889
1;1203;0.187222
1;1204;0.180000
1;1205;0.175000
1;1206;0.288333
1;1207;0.281667
1;1208;0.276111
1;1209;0.271111
1;1210;0.271111
1;1211;0.263889
1;1212;0.255556
1;1213;0.252222
1;1214;0.246111
1;1215;0.240000
1;1216;0.412222
1;1217;0.406667
1;1218;0.428889
1;1219;0.423889
1;1220;0.415556
1;1221;0.411111
1;1222;0.406111
1;1223;0.398889
1;1224;0.390556
1;1225;0.383333
1;1226;0.379444
1;1227;0.372778
1;1228;0.368333
1;1229;0.358889
1;1230;0.350000
1;1231;0.347222
1;1232;0.339444
1;1233;0.332222
1;1234;0.322222
1;1235;0.313333
1;1236;0.307222
1;1237;0.299444
1;1238;0.289444
1;1239;0.281111
1;1240;0.271667
1;1241;0.363333
1;1242;0.356111
1;1243;0.346111
1;1244;0.426667
1;1245;0.420000
1;1246;0.410556
1;1247;0.402778
1;1248;0.396111
1;1249;0.388333
1;1250;0.383889
1;1251;0.373889
1;1252;0.364444
1;1253;0.356111
1;1254;0.347778
1;1255;0.345000
1;1256;0.335000
1;1257;0.326111
1;1258;0.316667
1;1259;0.311111
1;1260;0.301667
1;1261;0.297778
1;1262;0.290000
1;1263;0.282222
1;1264;0.272222
1;1265;0.262222
1;1266;0.256667
1;1267;0.249444
1;1268;0.247222
1;1269;0.237222
1;1270;0.230556
1;1271;0.222222
1;1272;0.217778
1;1273;0.207778
1;1274;0.370556
1;1275;0.369444
1;1276;0.362222
1;1277;0.352222
1;1278;0.345000
1;1279;0.340556
1;1280;0.333333
1;1281;0.327222
1;1282;0.317222
1;1283;0.308889
1;1284;0.301111
1;1285;0.298889
1;1286;0.291111
1;1287;0.281111
1;1288;0.272778
1;1289;0.265000
1;1290;0.265000
1;1291;0.257778
1;1292;0.252778
1;1293;0.247778
1;1294;0.237778
1;1295;0.227778
1;1296;0.221111
1;1297;0.215556
1;1298;0.211667
1;1299;0.205000
1;1300;0.198333
1;1301;0.192222
1;1302;0.182222
1;1303;0.176111
1;1304;0.168333
1;1305;0.166667
1;1306;0.156667
1;1307;0.146667
1;1308;0.160000
1;1309;0.151667
1;1310;0.146667
1;1311;0.156111
1;1312;0.148889
1;1313;0.141111
1;1314;0.131111
1;1315;0.121111
1;1316;0.203333
1;1317;0.197778
1;1318;0.188889
1;1319;0.181111
1;1320;0.172222
1;1321;0.175000
1;1322;0.166667
1;1323;0.157778
1;1324;0.150556
1;1325;0.145556
1;1326;0.136667
1;1327;0.127222
1;1328;0.188333
1;1329;0.181667
1;1330;0.173333
1;1331;0.165000
1;1332;0.161111
1;1333;0.161111
1;1334;0.151111
1;1335;0.141667
1;1336;0.193889
1;1337;0.187222
1;1338;0.177222
1;1339;0.168889
1;1340;0.385556
1;1341;0.380000
1;1342;0.373889
1;1343;0.367222
1;1344;0.359444
1;1345;0.350556
1;1346;0.346111
1;1347;0.342778
1;1348;0.333889
1;1349;0.325556
1;1350;0.322778
1;1351;0.314444
1;1352;0.340556
1;1353;0.337222
1;1354;0.328333
1;1355;0.322778
1;1356;0.313889
1;1357;0.306667
1;1358;0.297778
1;1359;0.291111
1;1360;0.285000
1;1361;0.278889
1;1362;0.272222
1;1363;0.264444
1;1364;0.255556
1;1365;0.249444
1;1366;0.244444
1;1367;0.238889
1;1368;0.232778
1;1369;0.227222
1;1370;0.218333
1;1371;0.209444
1;1372;0.224444
1;1373;0.215556
1;1374;0.206667
1;1375;0.211111
1;1376;0.202222
1;1377;0.193333
1;1378;0.184444
1;1379;0.283889
1;1380;0.275556
1;1381;0.268333
1;1382;0.301667
1;1383;0.292778
1;1384;0.284444
1;1385;0.279444
1;1386;0.270556
1;1387;0.300000
1;1388;0.291667
1;1389;0.286667
1;1390;0.280000
1;1391;0.273889
1;1392;0.269444
1;1393;0.263333
1;1394;0.254444
1;1395;0.247778
1;1396;0.242222
1;1397;0.233889
1;1398;0.228333
1;1399;0.220556
1;1400;0.240556
1;1401;0.235556
1;1402;0.229444
1;1403;0.223889
1;1404;0.220000
1;1405;0.218889
1;1406;0.211667
1;1407;0.202778
1;1408;0.196111
1;1409;0.190556
1;1410;0.181667
1;1411;0.175000
1;1412;0.302222
1;1413;0.293889
1;1414;0.287778
1;1415;0.425000
1;1416;0.419444
1;1417;0.415000
1;1418;0.408333
1;1419;0.431111
1;1420;0.426111
1;1421;0.418889
1;1422;0.415000
1;1423;0.409444
1;1424;0.405556
1;1425;0.400000
1;1426;0.392222
1;1427;0.385556
1;1428;0.380000
1;1429;0.375556
1;1430;0.370000
1;1431;0.362778
1;1432;0.362222
1;1433;0.354444
1;1434;0.348333
1;1435;0.342778
1;1436;0.335000
1;1437;0.334444
1;1438;0.326667
1;1439;0.318333
1;1440;0.420556
1;1441;0.596111
1;1442;0.590556
1;1443;0.585000
1;1444;0.575556
1;1445;0.566111
1;1446;0.560000
1;1447;0.556667
1;1448;0.547222
1;1449;0.537778
1;1450;0.531667
1;1451;0.523333
1;1452;0.520556
1;1453;0.510556
1;1454;0.505000
1;1455;0.497222
1;1456;0.488889
1;1457;0.484444
1;1458;0.477222
1;1459;0.473333
1;1460;0.463333
1;1461;0.453333
1;1462;0.448889
1;1463;0.443333
1;1464;0.433889
1;1465;0.425556
1;1466;0.415556
1;1467;0.411667
1;1468;0.402222
1;1469;0.393889
1;1470;0.388889
1;1471;0.412222
1;1472;0.405556
1;1473;0.396111
1;1474;0.390000
1;1475;0.383889
1;1476;0.376667
1;1477;0.372222
1;1478;0.362222
1;1479;0.353333
1;1480;0.346111
1;1481;0.343889
1;1482;0.333889
1;1483;0.323889
1;1484;0.313889
1;1485;0.309444
1;1486;0.299444
1;1487;0.292222
1;1488;0.285000
1;1489;0.283333
1;1490;0.275000
1;1491;0.265000
1;1492;0.256667
1;1493;0.251667
1;1494;0.245000
1;1495;0.240000
1;1496;0.230000
1;1497;0.220556
1;1498;0.214444
1;1499;0.206111
1;1500;0.200000
1;1501;0.191111
1;1502;0.184444
1;1503;0.330000
1;1504;0.322222
1;1505;0.312778
1;1506;0.303333
1;1507;0.303333
1;1508;0.294444
1;1509;0.287222
1;1510;0.281667
1;1511;0.272222
1;1512;0.267222
1;1513;0.260556
1;1514;0.251667
1;1515;0.246111
1;1516;0.237222
1;1517;0.234444
1;1518;0.227778
1;1519;0.220000
1;1520;0.211111
1;1521;0.208889
1;1522;0.205000
1;1523;0.199444
1;1524;0.192778
1;1525;0.184444
1;1526;0.178889
1;1527;0.173333
1;1528;0.163889
1;1529;0.159444
1;1530;0.153889
1;1531;0.147222
1;1532;0.140556
1;1533;0.133889
1;1534;0.143889
1;1535;0.134444
1;1536;0.127778
1;1537;0.122222
1;1538;0.113333
1;1539;0.153889
1;1540;0.144444
1;1541;0.140556
1;1542;0.131111
1;1543;0.147778
1;1544;0.138333
1;1545;0.132778
1;1546;0.127222
1;1547;0.118889
1;1548;0.111667
1;1549;0.106111
1;1550;0.098333
1;1551;0.116111
1;1552;0.131111
1;1553;0.126111
1;1554;0.121667
1;1555;0.114444
1;1556;0.106667
1;1557;0.100000
1;1558;0.092222
1;1559;0.148889
1;1560;0.140000
1;1561;0.133333
1;1562;0.335556
1;1563;0.328889
1;1564;0.328889
1;1565;0.322222
1;1566;0.314444
1;1567;0.309444
1;1568;0.300556
1;1569;0.295556
1;1570;0.292222
1;1571;0.283333
1;1572;0.430000
1;1573;0.422222
1;1574;0.413333
1;1575;0.408333
1;1576;0.403889
1;1577;0.495000
1;1578;0.488889
1;1579;0.484444
1;1580;0.476111
1;1581;0.473333
1;1582;0.470000
1;1583;0.463333
1;1584;0.453333
1;1585;0.446111
1;1586;0.442778
1;1587;0.437222
1;1588;0.427222
1;1589;0.421111
1;1590;0.412778
1;1591;0.412222
1;1592;0.404444
1;1593;0.394444
1;1594;0.393889
1;1595;0.387778
1;1596;0.377778
1;1597;0.371111
1;1598;0.361111
1;1599;0.353889
1;1600;0.347778
1;1601;0.343889
1;1602;0.362778
1;1603;0.438889
1;1604;0.431111
1;1605;0.421111
1;1606;0.412222
1;1607;0.405556
1;1608;0.398889
1;1609;0.393333
1;1610;0.386111
1;1611;0.379444
1;1612;0.369444
1;1613;0.363889
1;1614;0.358889
1;1615;0.350556
1;1616;0.343333
1;1617;0.333333
1;1618;0.358333
1;1619;0.351111
1;1620;0.341111
1;1621;0.335000
1;1622;0.326667
1;1623;0.318333
1;1624;0.310556
1;1625;0.300556
1;1626;0.291111
1;1627;0.287778
1;1628;0.281667
1;1629;0.272778
1;1630;0.262778
1;1631;0.255000
1;1632;0.246667
1;1633;0.239444
1;1634;0.232778
1;1635;0.223889
1;1636;0.213889
1;1637;0.207778
1;1638;0.203333
1;1639;0.195556
1;1640;0.186111
1;1641;0.176667
1;1642;0.318333
1;1643;0.310556
1;1644;0.301667
1;1645;0.293333
1;1646;0.287778
1;1647;0.278889
1;1648;0.272778
1;1649;0.265556
1;1650;0.257222
1;1651;0.248889
1;1652;0.245000
1;1653;0.237778
1;1654;0.231667
1;1655;0.228889
1;1656;0.222222
1;1657;0.212778
1;1658;0.205556
1;1659;0.196111
1;1660;0.191667
1;1661;0.187778
1;1662;0.181667
1;1663;0.172222
1;1664;0.163333
1;1665;0.160556
1;1666;0.151111
1;1667;0.144444
1;1668;0.305000
1;1669;0.298333
1;1670;0.292778
1;1671;0.285556
1;1672;0.282222
1;1673;0.272778
1;1674;0.264444
1;1675;0.256667
1;1676;0.251111
1;1677;0.242222
1;1678;0.236111
1;1679;0.310556
1;1680;0.308333
1;1681;0.298333
1;1682;0.292222
1;1683;0.285000
1;1684;0.505556
1;1685;0.496667
1;1686;0.487778
1;1687;0.482778
1;1688;0.482778
1;1689;0.473889
1;1690;0.470556
1;1691;0.490556
1;1692;0.481667
1;1693;0.472778
1;1694;0.466111
1;1695;0.460000
1;1696;0.451667
1;1697;0.446111
1;1698;0.442222
1;1699;0.435000
1;1700;0.426111
1;1701;0.420000
1;1702;0.416667
1;1703;0.410000
1;1704;0.403333
1;1705;0.394444
1;1706;0.388333
1;1707;0.381111
1;1708;0.373889
1;1709;0.365000
1;1710;0.356667
1;1711;0.357778
1;1712;0.351667
1;1713;0.342778
1;1714;0.336667
1;1715;0.327778
1;1716;0.320556
1;1717;0.317222
1;1718;0.308333
1;1719;0.301111
1;1720;0.293333
1;1721;0.287778
1;1722;0.281111
1;1723;0.275556
1;1724;0.266667
1;1725;0.258333
1;1726;0.253889
1;1727;0.247778
1;1728;0.240556
1;1729;0.233333
1;1730;0.223889
1;1731;0.214444
1;1732;0.207222
1;1733;0.265000
1;1734;0.256111
1;1735;0.250000
1;1736;0.248889
1;1737;0.239444
1;1738;0.232222
1;1739;0.225000
1;1740;0.218889
1;1741;0.215000
1;1742;0.206667
1;1743;0.202222
1;1744;0.224444
1;1745;0.218333
1;1746;0.210000
1;1747;0.200556
1;1748;0.193333
1;1749;0.186111
1;1750;0.176667
1;1751;0.210000
1;1752;0.200556
1;1753;0.192778
1;1754;0.186111
1;1755;0.179444
1;1756;0.174444
1;1757;0.166111
1;1758;0.157222
1;1759;0.151667
1;1760;0.142778
1;1761;0.166667
1;1762;0.157778
1;1763;0.150000
1;1764;0.140556
1;1765;0.136667
1;1766;0.131667
1;1767;0.123333
1;1768;0.113889
1;1769;0.112778
1;1770;0.139444
1;1771;0.132222
1;1772;0.253889
1;1773;0.347222
1;1774;0.338333
1;1775;0.332778
1;1776;0.326111
1;1777;0.318889
1;1778;0.310000
1;1779;0.302222
1;1780;0.341111
1;1781;0.336111
1;1782;0.332222
1;1783;0.323333
1;1784;0.317222
1;1785;0.315000
1;1786;0.307778
1;1787;0.305000
1;1788;0.297222
1;1789;0.293889
1;1790;0.287222
1;1791;0.278333
1;1792;0.269444
1;1793;0.262222
1;1794;0.256667
1;1795;0.252222
1;1796;0.246667
1;1797;0.240556
1;1798;0.232778
1;1799;0.225556
1;1800;0.227222
1;1801;0.219444
1;1802;0.213333
1;1803;0.205000
1;1804;0.198333
1;1805;0.197778
1;1806;0.194444
1;1807;0.188889
1;1808;0.277222
1;1809;0.268889
1;1810;0.260556
1;1811;0.254444
1;1812;0.251667
1;1813;0.251667
1;1814;0.245000
1;1815;0.236667
1;1816;0.229444
1;1817;0.224444
1;1818;0.222778
1;1819;0.215000
1;1820;0.208333
1;1821;0.205000
1;1822;0.197222
1;1823;0.193333
1;1824;0.188889
1;1825;0.180000
1;1826;0.171111
1;1827;0.165000
1;1828;0.298333
1;1829;0.290556
1;1830;0.461667
1;1831;0.456111
1;1832;0.452222
1;1833;0.557778
1;1834;0.555556
1;1835;0.551667
1;1836;0.574444
1;1837;0.568889
1;1838;0.564444
1;1839;0.563889
1;1840;0.562222
1;1841;0.556111
1;1842;0.550000
1;1843;0.547222
1;1844;0.552778
1;1845;0.548333
1;1846;0.544444
1;1847;0.538333
1;1848;0.533889
1;1849;0.529444
1;1850;0.525556
1;1851;0.521667
1;1852;0.547222
1;1853;0.543889
1;1854;0.538333
1;1855;0.535556
1;1856;0.529444
1;1857;0.525000
1;1858;0.610000
1;1859;0.606111
1;1860;0.601667
1;1861;0.601111
1;1862;0.597778
1;1863;0.592778
1;1864;0.586667
1;1865;0.585000
1;1866;0.582778
1;1867;0.580000
1;1868;0.573889
1;1869;0.568889
1;1870;0.562778
1;1871;0.561667
1;1872;0.555556
1;1873;0.548333
1;1874;0.547778
1;1875;0.540000
1;1876;0.533889
1;1877;0.526111
1;1878;0.522222
1;1879;0.516667
1;1880;0.508889
1;1881;0.507222
1;1882;0.498889
1;1883;0.500556
1;1884;0.492222
1;1885;0.485556
1;1886;0.477222
1;1887;0.468889
1;1888;0.467778
1;1889;0.460000
1;1890;0.452778
1;1891;0.447222
1;1892;0.439444
1;1893;0.437222
1;1894;0.428889
1;1895;0.422778
1;1896;0.422222
1;1897;0.413889
1;1898;0.405556
1;1899;0.400556
1;1900;0.393889
1;1901;0.390556
1;1902;0.382222
1;1903;0.383333
1;1904;0.381111
1;1905;0.374444
1;1906;0.366667
1;1907;0.360556
1;1908;0.352778
1;1909;0.350556
1;1910;0.345000
1;1911;0.340556
1;1912;0.361111
1;1913;0.416111
1;1914;0.408333
1;1915;0.501667
1;1916;0.493889
1;1917;0.486111
1;1918;0.484444
1;1919;0.479444
1;1920;0.472222
1;1921;0.468333
1;1922;0.461667
1;1923;0.483333
1;1924;0.479444
1;1925;0.471667
1;1926;0.463889
1;1927;0.461111
1;1928;0.457778
1;1929;0.450000
1;1930;0.442222
1;1931;0.438333
1;1932;0.432778
1;1933;0.430556
1;1934;0.427222
1;1935;0.419444
1;1936;0.411667
1;1937;0.406111
1;1938;0.400000
1;1939;0.393889
1;1940;0.388889
1;1941;0.382778
1;1942;0.377222
1;1943;0.372222
1;1944;0.365000
1;1945;0.359444
1;1946;0.352778
1;1947;0.347778
1;1948;0.348333
1;1949;0.341667
1;1950;0.336667
1;1951;0.330000
1;1952;0.322222
1;1953;0.317222
1;1954;0.309444
1;1955;0.306111
1;1956;0.301111
1;1957;0.295556
1;1958;0.290556
1;1959;0.282778
1;1960;0.275000
1;1961;0.291667
1;1962;0.283889
1;1963;0.276667
1;1964;0.276111
1;1965;0.272778
1;1966;0.270556
1;1967;0.263333
1;1968;0.261111
1;1969;0.253333
1;1970;0.245556
1;1971;0.240000
1;1972;0.310556
1;1973;0.303333
1;1974;0.298333
1;1975;0.296667
1;1976;0.405556
1;1977;0.402222
1;1978;0.634444
1;1979;0.633889
1;1980;0.636111
1;1981;0.633333
1;1982;0.633889
1;1983;0.632222
1;1984;0.628889
1;1985;0.628333
1;1986;0.627222
1;1987;0.627222
1;1988;0.623333
1;1989;0.620000
1;1990;0.675000
1;1991;0.681111
1;1992;0.677778
1;1993;0.674444
1;1994;0.672222
1;1995;0.668889
1;1996;0.722222
1;1997;0.891111
1;1998;0.890000
1;1999;0.945000
1;2000;0.944444
2;0;0.100000
2;1;0.123333
2;2;0.113333
2;3;0.103333
2;4;0.093333
2;5;0.083333
2;6;0.073333
2;7;0.063333
2;8;0.053333
2;9;0.043333
2;10;0.033333
2;11;0.040000
2;12;0.030000
2;13;0.020000
2;14;0.010000
2;15;0.000000
2;16;0.621667
2;17;0.618333
2;18;0.613333
2;19;0.626667
2;20;0.620000
2;21;0.618333
2;22;0.611667
2;23;0.605000
2;24;0.606667
2;25;0.600000
2;26;0.593333
2;27;0.586667
2;28;0.580000
2;29;0.586667
2;30;0.580000
2;31;0.573333
2;32;0.568333
2;33;0.571667
2;34;0.568333
2;35;0.561667
2;36;0.556667
2;37;0.553333
2;38;0.546667
2;39;0.548333
2;40;0.558333
2;41;0.551667
2;42;0.545000
2;43;0.548333
2;44;0.541667
2;45;0.535000
2;46;0.528333
2;47;0.521667
2;48;0.515000
2;49;0.515000
2;50;0.516667
2;51;0.510000
2;52;0.503333
2;53;0.498333
2;54;0.493333
2;55;0.491667
2;56;0.486667
2;57;0.486667
2;58;0.486667
2;59;0.480000
2;60;0.481667
2;61;0.475000
2;62;0.473333
2;63;0.466667
2;64;0.460000
2;65;0.458333
2;66;0.453333
2;67;0.451667
2;68;0.448333
2;69;0.445000
2;70;0.440000
2;71;0.446667
2;72;0.440000
2;73;0.433333
2;74;0.435000
2;75;0.428333
2;76;0.431667
2;77;0.425000
2;78;0.418333
2;79;0.416667
2;80;0.410000
2;81;0.403333
2;82;0.401667
2;83;0.396667
2;84;0.388333
2;85;0.380000
2;86;0.373333
2;87;0.368333
2;88;0.360000
2;89;0.361667
2;90;0.288889
2;91;0.427778
2;92;0.418889
2;93;0.415556
2;94;0.414444
2;95;0.404444
2;96;0.398889
2;97;0.388889
2;98;0.378889
2;99;0.373333
2;100;0.371111
2;101;0.361111
2;102;0.352222
2;103;0.344444
2;104;0.336667
2;105;0.341111
2;106;0.332222
2;107;0.328889
2;108;0.318889
2;109;0.315556
2;110;0.305556
2;111;0.298889
2;112;0.288889
2;113;0.278889
2;114;0.255833
2;115;0.325833
2;116;0.319167
2;117;0.313333
2;118;0.306667
2;119;0.305833
2;120;0.295833
2;121;0.285833
2;122;0.282500
2;123;0.272500
2;124;0.275000
2;125;0.268333
2;126;0.258333
2;127;0.248333
2;128;0.246667
2;129;0.240833
2;130;0.230833
2;131;0.222500
2;132;0.215833
2;133;0.207500
2;134;0.199167
2;135;0.190833
2;136;0.185833
2;137;0.178333
2;138;0.176667
2;139;0.166667
2;140;0.186667
2;141;0.179167
2;142;0.169167
2;143;0.167500
2;144;0.161667
2;145;0.152500
2;146;0.144167
2;147;0.136667
2;148;0.130000
2;149;0.123333
2;150;0.127222
2;151;0.117778
2;152;0.108333
2;153;0.102222
2;154;0.099444
2;155;0.092778
2;156;0.099444
2;157;0.090000
2;158;0.083333
2;159;0.077222
2;160;0.068889
2;161;0.061667
2;162;0.084444
2;163;0.076111
2;164;0.067222
2;165;0.057222
2;166;0.060556
2;167;0.053889
2;168;0.093889
2;169;0.083889
2;170;0.075556
2;171;0.070000
2;172;0.063889
2;173;0.058889
2;174;0.051111
2;175;0.043889
2;176;0.033889
2;177;0.113333
2;178;0.131111
2;179;0.123889
2;180;0.114444
2;181;0.109444
2;182;0.101111
2;183;0.186667
2;184;0.180000
2;185;0.172222
2;186;0.163889
2;187;0.160000
2;188;0.152778
2;189;0.147222
2;190;0.138889
2;191;0.202222
2;192;0.194444
2;193;0.189444
2;194;0.186111
2;195;0.178333
2;196;0.168889
2;197;0.163889
2;198;0.300000
2;199;0.292778
2;200;0.397778
2;201;0.391111
2;202;0.388333
2;203;0.381667
2;204;0.375556
2;205;0.368889
2;206;0.365000
2;207;0.357778
2;208;0.355000
2;209;0.350000
2;210;0.344444
2;211;0.340000
2;212;0.333333
2;213;0.328333
2;214;0.322222
2;215;0.320556
2;216;0.317778
2;217;0.311111
2;218;0.310000
2;219;0.304444
2;220;0.298333
2;221;0.320556
2;222;0.313333
2;223;0.306111
2;224;0.301667
2;225;0.296667
2;226;0.290556
2;227;0.352778
2;228;0.348889
2;229;0.342778
2;230;0.341111
2;231;0.365000
2;232;0.360000
2;233;0.354444
2;234;0.346667
2;235;0.341111
2;236;0.341111
2;237;0.335556
2;238;0.328889
2;239;0.323889
2;240;0.318333
2;241;0.313889
2;242;0.307222
2;243;0.303889
2;244;0.298889
2;245;0.291111
2;246;0.340000
2;247;0.338333
2;248;0.330556
2;249;0.520556
2;250;0.515000
2;251;0.509444
2;252;0.502778
2;253;0.498889
2;254;0.494444
2;255;0.517778
2;256;0.514444
2;257;0.510000
2;258;0.503889
2;259;0.500000
2;260;0.498333
2;261;0.493333
2;262;0.487778
2;263;0.480556
2;264;0.472222
2;265;0.467778
2;266;0.459444
2;267;0.453333
2;268;0.444444
2;269;0.437222
2;270;0.437222
2;271;0.429444
2;272;0.423333
2;273;0.416667
2;274;0.407778
2;275;0.401667
2;276;0.392778
2;277;0.388333
2;278;0.379444
2;279;0.371111
2;280;0.367778
2;281;0.358889
2;282;0.354444
2;283;0.352222
2;284;0.343333
2;285;0.334444
2;286;0.328333
2;287;0.470000
2;288;0.580556
2;289;0.580000
2;290;0.576111
2;291;0.598333
2;292;0.591667
2;293;0.585000
2;294;0.580000
2;295;0.580000
2;296;0.572222
2;297;0.565000
2;298;0.561111
2;299;0.556667
2;300;0.551111
2;301;0.543333
2;302;0.535556
2;303;0.528333
2;304;0.522778
2;305;0.523333
2;306;0.517222
2;307;0.516111
2;308;0.508333
2;309;0.505556
2;310;0.497778
2;311;0.491111
2;312;0.486111
2;313;0.480556
2;314;0.472778
2;315;0.498889
2;316;0.491111
2;317;0.483889
2;318;0.476667
2;319;0.472222
2;320;0.463889
2;321;0.457222
2;322;0.453889
2;323;0.445000
2;324;0.440556
2;325;0.431667
2;326;0.422778
2;327;0.423333
2;328;0.414444
2;329;0.407222
2;330;0.398333
2;331;0.389444
2;332;0.385000
2;333;0.383889
2;334;0.375000
2;335;0.368333
2;336;0.359444
2;337;0.353889
2;338;0.345000
2;339;0.339444
2;340;0.333889
2;341;0.328333
2;342;0.319444
2;343;0.317778
2;344;0.308889
2;345;0.301111
2;346;0.295000
2;347;0.288333
2;348;0.283889
2;349;0.276111
2;350;0.267222
2;351;0.351667
2;352;0.346667
2;353;0.339444
2;354;0.331111
2;355;0.336667
2;356;0.328333
2;357;0.320000
2;358;0.311667
2;359;0.303889
2;360;0.327222
2;361;0.321111
2;362;0.315000
2;363;0.308889
2;364;0.300556
2;365;0.298333
2;366;0.292222
2;367;0.347222
2;368;0.339444
2;369;0.332778
2;370;0.333889
2;371;0.330000
2;372;0.323889
2;373;0.317222
2;374;0.309444
2;375;0.382778
2;376;0.376667
2;377;0.370000
2;378;0.363889
2;379;0.359444
2;380;0.353889
2;381;0.346667
2;382;0.339444
2;383;0.360556
2;384;0.360000
2;385;0.352778
2;386;0.344444
2;387;0.340000
2;388;0.331111
2;389;0.323889
2;390;0.317778
2;391;0.308889
2;392;0.305556
2;393;0.296667
2;394;0.288333
2;395;0.289444
2;396;0.282222
2;397;0.273333
2;398;0.316667
2;399;0.312222
2;400;0.303333
2;401;0.294444
2;402;0.287778
2;403;0.290556
2;404;0.283333
2;405;0.275000
2;406;0.267222
2;407;0.266667
2;408;0.258333
2;409;0.250000
2;410;0.241667
2;411;0.263889
2;412;0.255556
2;413;0.247778
2;414;0.241667
2;415;0.234444
2;416;0.226111
2;417;0.237778
2;418;0.228889
2;419;0.220000
2;420;0.211667
2;421;0.345556
2;422;0.430556
2;423;0.422778
2;424;0.415556
2;425;0.408889
2;426;0.402778
2;427;0.396667
2;428;0.388889
2;429;0.386111
2;430;0.380000
2;431;0.371111
2;432;0.362222
2;433;0.353333
2;434;0.346667
2;435;0.338889
2;436;0.331667
2;437;0.322778
2;438;0.316667
2;439;0.310556
2;440;0.303889
2;441;0.297222
2;442;0.292222
2;443;0.282778
2;444;0.309444
2;445;0.301111
2;446;0.295556
2;447;0.285556
2;448;0.276111
2;449;0.270556
2;450;0.291111
2;451;0.282778
2;452;0.277222
2;453;0.267778
2;454;0.258333
2;455;0.252222
2;456;0.242222
2;457;0.236667
2;458;0.227778
2;459;0.221111
2;460;0.216667
2;461;0.212222
2;462;0.205556
2;463;0.236111
2;464;0.235000
2;465;0.226667
2;466;0.218333
2;467;0.210000
2;468;0.200000
2;469;0.192778
2;470;0.187778
2;471;0.179444
2;472;0.169444
2;473;0.159444
2;474;0.163889
2;475;0.155556
2;476;0.146111
2;477;0.137222
2;478;0.138333
2;479;0.193889
2;480;0.183889
2;481;0.174444
2;482;0.166667
2;483;0.168333
2;484;0.158333
2;485;0.148333
2;486;0.397778
2;487;0.388889
2;488;0.382222
2;489;0.375000
2;490;0.367222
2;491;0.362222
2;492;0.357778
2;493;0.351111
2;494;0.344444
2;495;0.336667
2;496;0.328889
2;497;0.321111
2;498;0.316111
2;499;0.310556
2;500;0.330000
2;501;0.322778
2;502;0.315000
2;503;0.311667
2;504;0.303333
2;505;0.295556
2;506;0.293333
2;507;0.283889
2;508;0.282222
2;509;0.275000
2;510;0.265556
2;511;0.261111
2;512;0.252778
2;513;0.246667
2;514;0.240000
2;515;0.232222
2;516;0.222778
2;517;0.216111
2;518;0.271111
2;519;0.266667
2;520;0.260556
2;521;0.252778
2;522;0.247778
2;523;0.243333
2;524;0.237778
2;525;0.228889
2;526;0.223889
2;527;0.215000
2;528;0.326667
2;529;0.320556
2;530;0.313333
2;531;0.320000
2;532;0.316111
2;533;0.315556
2;534;0.307778
2;535;0.435000
2;536;0.428889
2;537;0.425556
2;538;0.421111
2;539;0.414444
2;540;0.411111
2;541;0.407778
2;542;0.402222
2;543;0.427222
2;544;0.422778
2;545;0.416667
2;546;0.411667
2;547;0.407222
2;548;0.402778
2;549;0.397222
2;550;0.429444
2;551;0.510556
2;552;0.508889
2;553;0.505000
2;554;0.499444
2;555;0.497222
2;556;0.488889
2;557;0.482778
2;558;0.473889
2;559;0.467778
2;560;0.469444
2;561;0.462778
2;562;0.452778
2;563;0.442778
2;564;0.432778
2;565;0.428333
2;566;0.421111
2;567;0.411111
2;568;0.405556
2;569;0.397222
2;570;0.389444
2;571;0.382778
2;572;0.380000
2;573;0.370000
2;574;0.362222
2;575;0.353333
2;576;0.343333
2;577;0.398889
2;578;0.389444
2;579;0.380556
2;580;0.371111
2;581;0.368889
2;582;0.360556
2;583;0.352778
2;584;0.342778
2;585;0.334444
2;586;0.326111
2;587;0.322222
2;588;0.315000
2;589;0.336667
2;590;0.327778
2;591;0.319444
2;592;0.311111
2;593;0.304444
2;594;0.299444
2;595;0.301667
2;596;0.293889
2;597;0.286111
2;598;0.276111
2;599;0.271111
2;600;0.262222
2;601;0.252778
2;602;0.439444
2;603;0.459444
2;604;0.450556
2;605;0.449444
2;606;0.469444
2;607;0.462222
2;608;0.453333
2;609;0.446111
2;610;0.443333
2;611;0.434444
2;612;0.426111
2;613;0.421667
2;614;0.416111
2;615;0.407222
2;616;0.398889
2;617;0.392778
2;618;0.386667
2;619;0.379444
2;620;0.375556
2;621;0.370000
2;622;0.361667
2;623;0.353889
2;624;0.346667
2;625;0.340556
2;626;0.334444
2;627;0.326667
2;628;0.321667
2;629;0.320000
2;630;0.311111
2;631;0.307778
2;632;0.301667
2;633;0.294444
2;634;0.285556
2;635;0.276667
2;636;0.270000
2;637;0.262778
2;638;0.253889
2;639;0.247778
2;640;0.242778
2;641;0.238333
2;642;0.229444
2;643;0.220556
2;644;0.216667
2;645;0.207778
2;646;0.206667
2;647;0.197778
2;648;0.189444
2;649;0.181111
2;650;0.172222
2;651;0.165000
2;652;0.156111
2;653;0.148889
2;654;0.138889
2;655;0.132222
2;656;0.160556
2;657;0.155000
2;658;0.149444
2;659;0.155000
2;660;0.145556
2;661;0.138889
2;662;0.147778
2;663;0.141111
2;664;0.131667
2;665;0.250556
2;666;0.246111
2;667;0.237222
2;668;0.228333
2;669;0.225556
2;670;0.217222
2;671;0.212778
2;672;0.234444
2;673;0.347778
2;674;0.347778
2;675;0.338889
2;676;0.328889
2;677;0.322778
2;678;0.317222
2;679;0.317222
2;680;0.336111
2;681;0.326111
2;682;0.316667
2;683;0.351111
2;684;0.343889
2;685;0.337778
2;686;0.328889
2;687;0.355000
2;688;0.346111
2;689;0.336111
2;690;0.328889
2;691;0.322778
2;692;0.312778
2;693;0.302778
2;694;0.296111
2;695;0.287222
2;696;0.277222
2;697;0.303333
2;698;0.293333
2;699;0.283889
2;700;0.274444
2;701;0.267222
2;702;0.261667
2;703;0.253889
2;704;0.244444
2;705;0.237778
2;706;0.228333
2;707;0.291111
2;708;0.281667
2;709;0.272222
2;710;0.288333
2;711;0.280556
2;712;0.271111
2;713;0.357778
2;714;0.352222
2;715;0.342778
2;716;0.335556
2;717;0.326111
2;718;0.321111
2;719;0.312778
2;720;0.307222
2;721;0.298889
2;722;0.289444
2;723;0.283889
2;724;0.280556
2;725;0.272778
2;726;0.263889
2;727;0.257778
2;728;0.250556
2;729;0.241111
2;730;0.236667
2;731;0.227222
2;732;0.222778
2;733;0.215000
2;734;0.210000
2;735;0.202222
2;736;0.195556
2;737;0.188889
2;738;0.180000
2;739;0.178889
2;740;0.172222
2;741;0.166111
2;742;0.161111
2;743;0.153333
2;744;0.143889
2;745;0.138889
2;746;0.132222
2;747;0.122778
2;748;0.297778
2;749;0.361111
2;750;0.352778
2;751;0.342778
2;752;0.337778
2;753;0.330000
2;754;0.325556
2;755;0.316111
2;756;0.307778
2;757;0.302778
2;758;0.295556
2;759;0.286111
2;760;0.278889
2;761;0.270556
2;762;0.267778
2;763;0.257778
2;764;0.254444
2;765;0.245556
2;766;0.237222
2;767;0.228889
2;768;0.219444
2;769;0.299444
2;770;0.293333
2;771;0.289444
2;772;0.281667
2;773;0.272222
2;774;0.262778
2;775;0.409444
2;776;0.400556
2;777;0.393889
2;778;0.387222
2;779;0.381111
2;780;0.373889
2;781;0.371111
2;782;0.365556
2;783;0.359444
2;784;0.351667
2;785;0.342778
2;786;0.335556
2;787;0.331111
2;788;0.327778
2;789;0.318889
2;790;0.314444
2;791;0.311667
2;792;0.302778
2;793;0.295556
2;794;0.290000
2;795;0.281667
2;796;0.282222
2;797;0.273333
2;798;0.295556
2;799;0.290000
2;800;0.285556
2;801;0.278333
2;802;0.270000
2;803;0.262778
2;804;0.256111
2;805;0.249444
2;806;0.271111
2;807;0.262222
2;808;0.369444
2;809;0.364444
2;810;0.358889
2;811;0.453333
2;812;0.445556
2;813;0.438333
2;814;0.435000
2;815;0.432222
2;816;0.427222
2;817;0.420000
2;818;0.412778
2;819;0.411667
2;820;0.406667
2;821;0.402222
2;822;0.396111
2;823;0.390000
2;824;0.383889
2;825;0.380000
2;826;0.375000
2;827;0.367778
2;828;0.364444
2;829;0.360556
2;830;0.355556
2;831;0.350556
2;832;0.346111
2;833;0.339444
2;834;0.336111
2;835;0.332778
2;836;0.325000
2;837;0.318333
2;838;0.313333
2;839;0.311667
2;840;0.305556
2;841;0.300556
2;842;0.294444
2;843;0.291111
2;844;0.285556
2;845;0.280556
2;846;0.296667
2;847;0.336667
2;848;0.332778
2;849;0.330000
2;850;0.327778
2;851;0.325000
2;852;0.318333
2;853;0.310556
2;854;0.303889
2;855;0.302222
2;856;0.299444
2;857;0.292222
2;858;0.386667
2;859;0.416667
2;860;0.408889
2;861;0.402778
2;862;0.398333
2;863;0.391111
2;864;0.384444
2;865;0.377778
2;866;0.371667
2;867;0.362778
2;868;0.357778
2;869;0.352222
2;870;0.343889
2;871;0.340000
2;872;0.334444
2;873;0.327778
2;874;0.320000
2;875;0.347222
2;876;0.338889
2;877;0.332222
2;878;0.331667
2;879;0.326111
2;880;0.320000
2;881;0.311111
2;882;0.303889
2;883;0.323889
2;884;0.315000
2;885;0.384444
2;886;0.375556
2;887;0.366667
2;888;0.360556
2;889;0.420000
2;890;0.413889
2;891;0.405000
2;892;0.398889
2;893;0.392778
2;894;0.383889
2;895;0.382778
2;896;0.373889
2;897;0.366667
2;898;0.361111
2;899;0.353889
2;900;0.347778
2;901;0.338889
2;902;0.332222
2;903;0.323333
2;904;0.317222
2;905;0.311111
2;906;0.303889
2;907;0.296111
2;908;0.290000
2;909;0.288333
2;910;0.280556
2;911;0.276111
2;912;0.270000
2;913;0.263889
2;914;0.255000
2;915;0.249444
2;916;0.240556
2;917;0.233889
2;918;0.258333
2;919;0.252222
2;920;0.246111
2;921;0.238889
2;922;0.230000
2;923;0.222222
2;924;0.215556
2;925;0.211111
2;926;0.202222
2;927;0.193889
2;928;0.304444
2;929;0.359444
2;930;0.356111
2;931;0.349444
2;932;0.342778
2;933;0.343333
2;934;0.337778
2;935;0.332222
2;936;0.326667
2;937;0.320556
2;938;0.318889
2;939;0.313333
2;940;0.309444
2;941;0.307222
2;942;0.300556
2;943;0.297778
2;944;0.290556
2;945;0.288333
2;946;0.286667
2;947;0.278889
2;948;0.271111
2;949;0.271111
2;950;0.265556
2;951;0.265000
2;952;0.257222
2;953;0.253333
2;954;0.245556
2;955;0.241111
2;956;0.267222
2;957;0.290556
2;958;0.285000
2;959;0.280556
2;960;0.274444
2;961;0.268333
2;962;0.264444
2;963;0.438333
2;964;0.435556
2;965;0.430000
2;966;0.424444
2;967;0.420000
2;968;0.412778
2;969;0.566111
2;970;0.561111
2;971;0.553333
2;972;0.553333
2;973;0.546667
2;974;0.538889
2;975;0.533333
2;976;0.529444
2;977;0.530556
2;978;0.525556
2;979;0.520000
2;980;0.513889
2;981;0.506111
2;982;0.498333
2;983;0.498889
2;984;0.491111
2;985;0.483889
2;986;0.480556
2;987;0.476667
2;988;0.468889
2;989;0.465556
2;990;0.460556
2;991;0.456667
2;992;0.449444
2;993;0.447778
2;994;0.440000
2;995;0.436111
2;996;0.430000
2;997;0.422778
2;998;0.416111
2;999;0.477778
2;1000;0.471667
2;1001;0.467778
2;1002;0.462778
2;1003;0.457222
2;1004;0.452222
2;1005;0.446111
2;1006;0.445000
2;1007;0.438889
2;1008;0.433889
2;1009;0.432222
2;1010;0.428333
2;1011;0.422222
2;1012;0.443889
2;1013;0.438333
2;1014;0.434444
2;1015;0.427222
2;1016;0.423333
2;1017;0.416111
2;1018;0.415000
2;1019;0.411111
2;1020;0.404444
2;1021;0.400556
2;1022;0.395000
2;1023;0.390556
2;1024;0.388333
2;1025;0.380556
2;1026;0.408333
2;1027;0.400556
2;1028;0.392778
2;1029;0.387222
2;1030;0.379444
2;1031;0.371667
2;1032;0.371667
2;1033;0.365556
2;1034;0.358889
2;1035;0.351111
2;1036;0.350000
2;1037;0.342222
2;1038;0.333333
2;1039;0.327222
2;1040;0.320000
2;1041;0.314444
2;1042;0.308333
2;1043;0.302222
2;1044;0.295000
2;1045;0.286111
2;1046;0.277222
2;1047;0.282778
2;1048;0.275000
2;1049;0.266667
2;1050;0.261111
2;1051;0.279444
2;1052;0.271111
2;1053;0.265000
2;1054;0.261111
2;1055;0.252222
2;1056;0.243333
2;1057;0.236667
2;1058;0.231667
2;1059;0.226111
2;1060;0.217778
2;1061;0.228889
2;1062;0.220000
2;1063;0.211111
2;1064;0.312778
2;1065;0.304444
2;1066;0.296111
2;1067;0.301111
2;1068;0.292778
2;1069;0.284444
2;1070;0.276111
2;1071;0.432778
2;1072;0.426667
2;1073;0.419444
2;1074;0.499444
2;1075;0.492778
2;1076;0.488333
2;1077;0.483333
2;1078;0.506111
2;1079;0.500556
2;1080;0.493889
2;1081;0.491667
2;1082;0.485556
2;1083;0.480000
2;1084;0.476667
2;1085;0.469444
2;1086;0.460556
2;1087;0.454444
2;1088;0.450000
2;1089;0.442778
2;1090;0.433889
2;1091;0.431111
2;1092;0.426111
2;1093;0.420556
2;1094;0.414444
2;1095;0.405556
2;1096;0.397222
2;1097;0.392222
2;1098;0.386111
2;1099;0.380000
2;1100;0.373333
2;1101;0.366667
2;1102;0.358333
2;1103;0.357222
2;1104;0.348889
2;1105;0.342222
2;1106;0.336111
2;1107;0.332778
2;1108;0.326111
2;1109;0.317222
2;1110;0.316111
2;1111;0.308889
2;1112;0.300000
2;1113;0.293889
2;1114;0.288333
2;1115;0.296111
2;1116;0.286667
2;1117;0.278333
2;1118;0.276111
2;1119;0.286667
2;1120;0.277778
2;1121;0.271111
2;1122;0.263889
2;1123;0.256667
2;1124;0.248889
2;1125;0.242222
2;1126;0.263333
2;1127;0.318333
2;1128;0.308889
2;1129;0.303333
2;1130;0.305000
2;1131;0.295556
2;1132;0.286111
2;1133;0.279444
2;1134;0.271667
2;1135;0.266111
2;1136;0.256667
2;1137;0.248333
2;1138;0.313889
2;1139;0.308333
2;1140;0.301667
2;1141;0.292778
2;1142;0.292222
2;1143;0.283333
2;1144;0.380000
2;1145;0.371667
2;1146;0.365556
2;1147;0.357222
2;1148;0.350000
2;1149;0.342222
2;1150;0.332778
2;1151;0.323333
2;1152;0.322778
2;1153;0.314444
2;1154;0.305000
2;1155;0.297778
2;1156;0.288333
2;1157;0.282778
2;1158;0.273889
2;1159;0.267778
2;1160;0.264444
2;1161;0.260556
2;1162;0.251111
2;1163;0.241667
2;1164;0.237778
2;1165;0.231667
2;1166;0.222222
2;1167;0.212778
2;1168;0.206111
2;1169;0.198333
2;1170;0.188889
2;1171;0.182222
2;1172;0.174444
2;1173;0.166111
2;1174;0.161111
2;1175;0.152778
2;1176;0.143889
2;1177;0.160000
2;1178;0.180556
2;1179;0.171667
2;1180;0.264444
2;1181;0.266111
2;1182;0.256667
2;1183;0.250000
2;1184;0.240556
2;1185;0.236111
2;1186;0.226667
2;1187;0.219444
2;1188;0.216111
2;1189;0.207778
2;1190;0.198333
2;1191;0.198333
2;1192;0.188889
2;1193;0.179444
2;1194;0.172778
2;1195;0.165000
2;1196;0.234444
2;1197;0.225556
2;1198;0.220556
2;1199;0.215000
2;1200;0.206111
2;1201;0.201111
2;1202;0.193889
2;1203;0.187222
2;1204;0.180000
2;1205;0.175000
2;1206;0.288333
2;1207;0.281667
2;1208;0.276111
2;1209;0.271111
2;1210;0.271111
2;1211;0.263889
2;1212;0.255556
2;1213;0.252222
2;1214;0.246111
2;1215;0.240000
2;1216;0.412222
2;1217;0.406667
2;1218;0.428889
2;1219;0.423889
2;1220;0.415556
2;1221;0.411111
2;1222;0.406111
2;1223;0.398889
2;1224;0.390556
2;1225;0.383333
2;1226;0.379444
2;1227;0.372778
2;1228;0.368333
2;1229;0.358889
2;1230;0.350000
2;1231;0.347222
2;1232;0.339444
2;1233;0.332222
2;1234;0.322222
2;1235;0.313333
2;1236;0.307222
2;1237;0.299444
2;1238;0.289444
2;1239;0.281111
2;1240;0.271667
2;1241;0.363333
2;1242;0.356111
2;1243;0.346111
2;1244;0.426667
2;1245;0.420000
2;1246;0.410556
2;1247;0.402778
2;1248;0.396111
2;1249;0.388333
2;1250;0.383889
2;1251;0.373889
2;1252;0.364444
2;1253;0.356111
2;1254;0.347778
2;1255;0.345000
2;1256;0.335000
2;1257;0.326111
2;1258;0.316667
2;1259;0.311111
2;1260;0.301667
2;1261;0.297778
2;1262;0.290000
2;1263;0.282222
2;1264;0.272222
2;1265;0.262222
2;1266;0.256667
2;1267;0.249444
2;1268;0.247222
2;1269;0.237222
2;1270;0.230556
2;1271;0.222222
2;1272;0.217778
2;1273;0.207778
2;1274;0.370556
2;1275;0.369444
2;1276;0.362222
2;1277;0.352222
2;1278;0.345000
2;1279;0.340556
2;1280;0.333333
2;1281;0.327222
2;1282;0.317222
2;1283;0.308889
2;1284;0.301111
2;1285;0.298889
2;1286;0.291111
2;1287;0.281111
2;1288;0.272778
2;1289;0.265000
2;1290;0.265000
2;1291;0.257778
2;1292;0.252778
2;1293;0.247778
2;1294;0.237778
2;1295;0.227778
2;1296;0.221111
2;1297;0.215556
2;1298;0.211667
2;1299;0.205000
2;1300;0.198333
2;1301;0.192222
2;1302;0.182222
2;1303;0.176111
2;1304;0.168333
2;1305;0.166667
2;1306;0.156667
2;1307;0.146667
2;1308;0.160000
2;1309;0.151667
2;1310;0.146667
2;1311;0.156111
2;1312;0.148889
2;1313;0.141111
2;1314;0.131111
2;1315;0.121111
2;1316;0.203333
2;1317;0.197778
2;1318;0.188889
2;1319;0.181111
2;1320;0.172222
2;1321;0.175000
2;1322;0.166667
2;1323;0.157778
2;1324;0.150556
2;1325;0.145556
2;1326;0.136667
2;1327;0.127222
2;1328;0.188333
2;1329;0.181667
2;1330;0.173333
2;1331;0.165000
2;1332;0.161111
2;1333;0.161111
2;1334;0.151111
2;1335;0.141667
2;1336;0.193889
2;1337;0.187222
2;1338;0.177222
2;1339;0.168889
2;1340;0.385556
2;1341;0.380000
2;1342;0.373889
2;1343;0.367222
2;1344;0.359444
2;1345;0.350556
2;1346;0.346111
2;1347;0.342778
2;1348;0.333889
2;1349;0.325556
2;1350;0.322778
2;1351;0.314444
2;1352;0.340556
2;1353;0.337222
2;1354;0.328333
2;1355;0.322778
2;1356;0.313889
2;1357;0.306667
2;1358;0.297778
2;1359;0.291111
2;1360;0.285000
2;1361;0.278889
2;1362;0.272222
2;1363;0.264444
2;1364;0.255556
2;1365;0.249444
2;1366;0.244444
2;1367;0.238889
2;1368;0.232778
2;1369;0.227222
2;1370;0.218333
2;1371;0.209444
2;1372;0.224444
2;1373;0.215556
2;1374;0.206667
2;1375;0.211111
2;1376;0.202222
2;1377;0.193333
2;1378;0.184444
2;1379;0.283889
2;1380;0.275556
2;1381;0.268333
2;1382;0.301667
2;1383;0.292778
2;1384;0.284444
2;1385;0.279444
2;1386;0.270556
2;1387;0.300000
2;1388;0.291667
2;1389;0.286667
2;1390;0.280000
2;1391;0.273889
2;1392;0.269444
2;1393;0.263333
2;1394;0.254444
2;1395;0.247778
2;1396;0.242222
2;1397;0.233889
2;1398;0.228333
2;1399;0.220556
2;1400;0.240556
2;1401;0.235556
2;1402;0.229444
2;1403;0.223889
2;1404;0.220000
2;1405;0.218889
2;1406;0.211667
2;1407;0.202778
2;1408;0.196111
2;1409;0.190556
2;1410;0.181667
2;1411;0.175000
2;1412;0.302222
2;1413;0.293889
2;1414;0.287778
2;1415;0.425000
2;1416;0.419444
2;1417;0.415000
2;1418;0.408333
2;1419;0.431111
2;1420;0.426111
2;1421;0.418889
2;1422;0.415000
2;1423;0.409444
2;1424;0.405556
2;1425;0.400000
2;1426;0.392222
2;1427;0.385556
2;1428;0.380000
2;1429;0.375556
2;1430;0.370000
2;1431;0.362778
2;1432;0.362222
2;1433;0.354444
2;1434;0.348333
2;1435;0.342778
2;1436;0.335000
2;1437;0.334444
2;1438;0.326667
2;1439;0.318333
2;1440;0.420556
2;1441;0.596111
2;1442;0.590556
2;1443;0.585000
2;1444;0.575556
2;1445;0.566111
2;1446;0.560000
2;1447;0.556667
2;1448;0.547222
2;1449;0.537778
2;1450;0.531667
2;1451;0.523333
2;1452;0.520556
2;1453;0.510556
2;1454;0.505000
2;1455;0.497222
2;1456;0.488889
2;1457;0.484444
2;1458;0.477222
2;1459;0.473333
2;1460;0.463333
2;1461;0.453333
2;1462;0.448889
2;1463;0.443333
2;1464;0.433889
2;1465;0.425556
2;1466;0.415556
2;1467;0.411667
2;1468;0.402222
2;1469;0.393889
2;1470;0.388889
2;1471;0.412222
2;1472;0.405556
2;1473;0.396111
2;1474;0.390000
2;1475;0.383889
2;1476;0.376667
2;1477;0.372222
2;1478;0.362222
2;1479;0.353333
2;1480;0.346111
2;1481;0.343889
2;1482;0.333889
2;1483;0.323889
2;1484;0.313889
2;1485;0.309444
2;1486;0.299444
2;1487;0.292222
2;1488;0.285000
2;1489;0.283333
2;1490;0.275000
2;1491;0.265000
2;1492;0.256667
2;1493;0.251667
2;1494;0.245000
2;1495;0.240000
2;1496;0.230000
2;1497;0.220556
2;1498;0.214444
2;1499;0.206111
2;1500;0.200000
2;1501;0.191111
2;1502;0.184444
2;1503;0.330000
2;1504;0.322222
2;1505;0.312778
2;1506;0.303333
2;1507;0.303333
2;1508;0.294444
2;1509;0.287222
2;1510;0.281667
2;1511;0.272222
2;1512;0.267222
2;1513;0.260556
2;1514;0.251667
2;1515;0.246111
2;1516;0.237222
2;1517;0.234444
2;1518;0.227778
2;1519;0.220000
2;1520;0.211111
2;1521;0.208889
2;1522;0.205000
2;1523;0.199444
2;1524;0.192778
2;1525;0.184444
2;1526;0.178889
2;1527;0.173333
2;1528;0.163889
2;1529;0.159444
2;1530;0.153889
2;1531;0.147222
2;1532;0.140556
2;1533;0.133889
2;1534;0.143889
2;1535;0.134444
2;1536;0.127778
2;1537;0.122222
2;1538;0.113333
2;1539;0.153889
2;1540;0.144444
2;1541;0.140556
2;1542;0.131111
2;1543;0.147778
2;1544;0.138333
2;1545;0.132778
2;1546;0.127222
2;1547;0.118889
2;1548;0.111667
2;1549;0.106111
2;1550;0.098333
2;1551;0.116111
2;1552;0.131111
2;1553;0.126111
2;1554;0.121667
2;1555;0.114444
2;1556;0.106667
2;1557;0.100000
2;1558;0.092222
2;1559;0.148889
2;1560;0.140000
2;1561;0.133333
2;1562;0.335556
2;1563;0.328889
2;1564;0.328889
2;1565;0.322222
2;1566;0.314444
2;1567;0.309444
2;1568;0.300556
2;1569;0.295556
2;1570;0.292222
2;1571;0.283333
2;1572;0.430000
2;1573;0.422222
2;1574;0.413333
2;1575;0.408333
2;1576;0.403889
2;1577;0.495000
2;1578;0.488889
2;1579;0.484444
2;1580;0.476111
2;1581;0.473333
2;1582;0.470000
2;1583;0.463333
2;1584;0.453333
2;1585;0.446111
2;1586;0.442778
2;1587;0.437222
2;1588;0.427222
2;1589;0.421111
2;1590;0.412778
2;1591;0.412222
2;1592;0.404444
2;1593;0.394444
2;1594;0.393889
2;1595;0.387778
2;1596;0.377778
2;1597;0.371111
2;1598;0.361111
2;1599;0.353889
2;1600;0.347778
2;1601;0.343889
2;1602;0.362778
2;1603;0.438889
2;1604;0.431111
2;1605;0.421111
2;1606;0.412222
2;1607;0.405556
2;1608;0.398889
2;1609;0.393333
2;1610;0.386111
2;1611;0.379444
2;1612;0.369444
2;1613;0.363889
2;1614;0.358889
2;1615;0.350556
2;1616;0.343333
2;1617;0.333333
2;1618;0.358333
2;1619;0.351111
2;1620;0.341111
2;1621;0.335000
2;1622;0.326667
2;1623;0.318333
2;1624;0.310556
2;1625;0.300556
2;1626;0.291111
2;1627;0.287778
2;1628;0.281667
2;1629;0.272778
2;1630;0.262778
2;1631;0.255000
2;1632;0.246667
2;1633;0.239444
2;1634;0.232778
2;1635;0.223889
2;1636;0.213889
2;1637;0.207778
2;1638;0.203333
2;1639;0.195556
2;1640;0.186111
2;1641;0.176667
2;1642;0.318333
2;1643;0.310556
2;1644;0.301667
2;1645;0.293333
2;1646;0.287778
2;1647;0.278889
2;1648;0.272778
2;1649;0.265556
2;1650;0.257222
2;1651;0.248889
2;1652;0.245000
2;1653;0.237778
2;1654;0.231667
2;1655;0.228889
2;1656;0.222222
2;1657;0.212778
2;1658;0.205556
2;1659;0.196111
2;1660;0.191667
2;1661;0.187778
2;1662;0.181667
2;1663;0.172222
2;1664;0.163333
2;1665;0.160556
2;1666;0.151111
2;1667;0.144444
2;1668;0.305000
2;1669;0.298333
2;1670;0.292778
2;1671;0.285556
2;1672;0.282222
2;1673;0.272778
2;1674;0.264444
2;1675;0.256667
2;1676;0.251111
2;1677;0.242222
2;1678;0.236111
2;1679;0.310556
2;1680;0.308333
2;1681;0.298333
2;1682;0.292222
2;1683;0.285000
2;1684;0.505556
2;1685;0.496667
2;1686;0.487778
2;1687;0.482778
2;1688;0.482778
2;1689;0.473889
2;1690;0.470556
2;1691;0.490556
2;1692;0.481667
2;1693;0.472778
2;1694;0.466111
2;1695;0.460000
2;1696;0.451667
2;1697;0.446111
2;1698;0.442222
2;1699;0.435000
2;1700;0.426111
2;1701;0.420000
2;1702;0.416667
2;1703;0.410000
2;1704;0.403333
2;1705;0.394444
2;1706;0.388333
2;1707;0.381111
2;1708;0.373889
2;1709;0.365000
2;1710;0.356667
2;1711;0.357778
2;1712;0.351667
2;1713;0.342778
2;1714;0.336667
2;1715;0.327778
2;1716;0.320556
2;1717;0.317222
2;1718;0.308333
2;1719;0.301111
2;1720;0.293333
2;1721;0.287778
2;1722;0.281111
2;1723;0.275556
2;1724;0.266667
2;1725;0.258333
2;1726;0.253889
2;1727;0.247778
2;1728;0.240556
2;1729;0.233333
2;1730;0.223889
2;1731;0.214444
2;1732;0.207222
2;1733;0.265000
2;1734;0.256111
2;1735;0.250000
2;1736;0.248889
2;1737;0.239444
2;1738;0.232222
2;1739;0.225000
2;1740;0.218889
2;1741;0.215000
2;1742;0.206667
2;1743;0.202222
2;1744;0.224444
2;1745;0.218333
2;1746;0.210000
2;1747;0.200556
2;1748;0.193333
2;1749;0.186111
2;1750;0.176667
2;1751;0.210000
2;1752;0.200556
2;1753;0.192778
2;1754;0.186111
2;1755;0.179444
2;1756;0.174444
2;1757;0.166111
2;1758;0.157222
2;1759;0.151667
2;1760;0.142778
2;1761;0.166667
2;1762;0.157778
2;1763;0.150000
2;1764;0.140556
2;1765;0.136667
2;1766;0.131667
2;1767;0.123333
2;1768;0.113889
2;1769;0.112778
2;1770;0.139444
2;1771;0.132222
2;1772;0.253889
2;1773;0.347222
2;1774;0.338333
2;1775;0.332778
2;1776;0.326111
2;1777;0.318889
2;1778;0.310000
2;1779;0.302222
2;1780;0.341111
2;1781;0.336111
2;1782;0.332222
2;1783;0.323333
2;1784;0.317222
2;1785;0.315000
2;1786;0.307778
2;1787;0.305000
2;1788;0.297222
2;1789;0.293889
2;1790;0.287222
2;1791;0.278333
2;1792;0.269444
2;1793;0.262222
2;1794;0.256667
2;1795;0.252222
2;1796;0.246667
2;1797;0.240556
2;1798;0.232778
2;1799;0.225556
2;1800;0.227222
2;1801;0.219444
2;1802;0.213333
2;1803;0.205000
2;1804;0.198333
2;1805;0.197778
2;1806;0.194444
2;1807;0.188889
2;1808;0.277222
2;1809;0.268889
2;1810;0.260556
2;1811;0.254444
2;1812;0.251667
2;1813;0.251667
2;1814;0.245000
2;1815;0.236667
2;1816;0.229444
2;1817;0.224444
2;1818;0.222778
2;1819;0.215000
2;1820;0.208333
2;1821;0.205000
2;1822;0.197222
2;1823;0.193333
2;1824;0.188889
2;1825;0.180000
2;1826;0.171111
2;1827;0.165000
2;1828;0.298333
2;1829;0.290556
2;1830;0.461667
2;1831;0.456111
2;1832;0.452222
2;1833;0.557778
2;1834;0.555556
2;1835;0.551667
2;1836;0.574444
2;1837;0.568889
2;1838;0.564444
2;1839;0.563889
2;1840;0.562222
2;1841;0.556111
2;1842;0.550000
2;1843;0.547222
2;1844;0.552778
2;1845;0.548333
2;1846;0.544444
2;1847;0.538333
2;1848;0.533889
2;1849;0.529444
2;1850;0.525556
2;1851;0.521667
2;1852;0.547222
2;1853;0.543889
2;1854;0.538333
2;1855;0.535556
2;1856;0.529444
2;1857;0.525000
2;1858;0.610000
2;1859;0.606111
2;1860;0.601667
2;1861;0.601111
2;1862;0.597778
2;1863;0.592778
2;1864;0.586667
2;1865;0.585000
2;1866;0.582778
2;1867;0.580000
2;1868;0.573889
2;1869;0.568889
2;1870;0.562778
2;1871;0.561667
2;1872;0.555556
2;1873;0.548333
2;1874;0.547778
2;1875;0.540000
2;1876;0.533889
2;1877;0.526111
2;1878;0.522222
2;1879;0.516667
2;1880;0.508889
2;1881;0.507222
2;1882;0.498889
2;1883;0.500556
2;1884;0.492222
2;1885;0.485556
2;1886;0.477222
2;1887;0.468889
2;1888;0.467778
2;1889;0.460000
2;1890;0.452778
2;1891;0.447222
2;1892;0.439444
2;1893;0.437222
2;1894;0.428889
2;1895;0.422778
2;1896;0.422222
2;1897;0.413889
2;1898;0.405556
2;1899;0.400556
2;1900;0.393889
2;1901;0.390556
2;1902;0.382222
2;1903;0.383333
2;1904;0.381111
2;1905;0.374444
2;1906;0.366667
2;1907;0.360556
2;1908;0.352778
2;1909;0.350556
2;1910;0.345000
2;1911;0.340556
2;1912;0.361111
2;1913;0.416111
2;1914;0.408333
2;1915;0.501667
2;1916;0.493889
2;1917;0.486111
2;1918;0.484444
2;1919;0.479444
2;1920;0.472222
2;1921;0.468333
2;1922;0.461667
2;1923;0.483333
2;1924;0.479444
2;1925;0.471667
2;1926;0.463889
2;1927;0.461111
2;1928;0.457778
2;1929;0.450000
2;1930;0.442222
2;1931;0.438333
2;1932;0.432778
2;1933;0.430556
2;1934;0.427222
2;1935;0.419444
2;1936;0.411667
2;1937;0.406111
2;1938;0.400000
2;1939;0.393889
2;1940;0.388889
2;1941;0.382778
2;1942;0.377222
2;1943;0.372222
2;1944;0.365000
2;1945;0.359444
2;1946;0.352778
2;1947;0.347778
2;1948;0.348333
2;1949;0.341667
2;1950;0.336667
2;1951;0.330000
2;1952;0.322222
2;1953;0.317222
2;1954;0.309444
2;1955;0.306111
2;1956;0.301111
2;1957;0.295556
2;1958;0.290556
2;1959;0.282778
2;1960;0.275000
2;1961;0.291667
2;1962;0.283889
2;1963;0.276667
2;1964;0.276111
2;1965;0.272778
2;1966;0.270556
2;1967;0.263333
2;1968;0.261111
2;1969;0.253333
2;1970;0.245556
2;1971;0.240000
2;1972;0.310556
2;1973;0.303333
2;1974;0.298333
2;1975;0.296667
2;1976;0.405556
2;1977;0.402222
2;1978;0.634444
2;1979;0.633889
2;1980;0.636111
2;1981;0.633333
2;1982;0.633889
2;1983;0.632222
2;1984;0.628889
2;1985;0.628333
2;1986;0.627222
2;1987;0.627222
2;1988;0.623333
2;1989;0.620000
2;1990;0.675000
2;1991;0.681111
2;1992;0.677778
2;1993;0.674444
2;1994;0.672222
2;1995;0.668889
2;1996;0.722222
2;1997;0.891111
2;1998;0.890000
2;1999;0.945000
2;2000;0.944444
3;0;0.513333
3;1;0.513333
3;2;0.503333
3;3;0.493333
3;4;0.496667
3;5;0.486667
3;6;0.476667
3;7;0.466667
3;8;0.473333
3;9;0.463333
3;10;0.453333
3;11;0.443333
3;12;0.433333
3;13;0.433333
3;14;0.423333
3;15;0.413333
3;16;0.576667
3;17;0.566667
3;18;0.556667
3;19;0.546667
3;20;0.536667
3;21;0.526667
3;22;0.516667
3;23;0.506667
3;24;0.496667
3;25;0.486667
3;26;0.476667
3;27;0.466667
3;28;0.456667
3;29;0.446667
3;30;0.436667
3;31;0.426667
3;32;0.416667
3;33;0.406667
3;34;0.396667
3;35;0.386667
3;36;0.376667
3;37;0.366667
3;38;0.356667
3;39;0.346667
3;40;0.336667
3;41;0.326667
3;42;0.316667
3;43;0.306667
3;44;0.296667
3;45;0.286667
3;46;0.276667
3;47;0.266667
3;48;0.256667
3;49;0.246667
3;50;0.236667
3;51;0.226667
3;52;0.216667
3;53;0.206667
3;54;0.196667
3;55;0.186667
3;56;0.176667
3;57;0.166667
3;58;0.156667
3;59;0.146667
3;60;0.136667
3;61;0.126667
3;62;0.116667
3;63;0.106667
3;64;0.096667
3;65;0.086667
3;66;0.076667
3;67;0.066667
3;68;0.083333
3;69;0.073333
3;70;0.063333
3;71;0.053333
3;72;0.043333
3;73;0.033333
3;74;0.023333
3;75;0.013333
3;76;0.010000
3;77;0.000000
3;78;0.473333
3;79;0.463333
3;80;0.453333
3;81;0.443333
3;82;0.520000
3;83;0.515000
3;84;0.505000
3;85;0.495000
3;86;0.491667
3;87;0.481667
3;88;0.471667
3;89;0.461667
3;90;0.455000
3;91;0.445000
3;92;0.441667
3;93;0.431667
3;94;0.421667
3;95;0.411667
3;96;0.405000
3;97;0.395000
3;98;0.391667
3;99;0.381667
3;100;0.371667
3;101;0.361667
3;102;0.355000
3;103;0.345000
3;104;0.341667
3;105;0.331667
3;106;0.321667
3;107;0.311667
3;108;0.305000
3;109;0.295000
3;110;0.293333
3;111;0.283333
3;112;0.273333
3;113;0.263333
3;114;0.207778
3;115;0.300000
3;116;0.293333
3;117;0.283333
3;118;0.277778
3;119;0.273333
3;120;0.263333
3;121;0.253333
3;122;0.245556
3;123;0.235556
3;124;0.242222
3;125;0.232222
3;126;0.222222
3;127;0.212222
3;128;0.202222
3;129;0.195556
3;130;0.185556
3;131;0.175556
3;132;0.170000
3;133;0.160000
3;134;0.161111
3;135;0.151111
3;136;0.147778
3;137;0.137778
3;138;0.133333
3;139;0.123333
3;140;0.127778
3;141;0.117778
3;142;0.113333
3;143;0.112222
3;144;0.102222
3;145;0.092222
3;146;0.083333
3;147;0.078889
3;148;0.071111
3;149;0.065556
3;150;0.082222
3;151;0.072222
3;152;0.062222
3;153;0.058889
3;154;0.062222
3;155;0.052222
3;156;0.075556
3;157;0.065556
3;158;0.060000
3;159;0.054444
3;160;0.046667
3;161;0.036667
3;162;0.053333
3;163;0.046667
3;164;0.036667
3;165;0.026667
3;166;0.034444
3;167;0.024444
3;168;0.111111
3;169;0.101111
3;170;0.094444
3;171;0.088889
3;172;0.067500
3;173;0.065000
3;174;0.058333
3;175;0.050833
3;176;0.040833
3;177;0.135833
3;178;0.166667
3;179;0.159167
3;180;0.150000
3;181;0.145833
3;182;0.110667
3;183;0.213333
3;184;0.207333
3;185;0.200000
3;186;0.191333
3;187;0.187333
3;188;0.180667
3;189;0.174667
3;190;0.166667
3;191;0.184000
3;192;0.176667
3;193;0.172667
3;194;0.170667
3;195;0.163333
3;196;0.154000
3;197;0.147333
3;198;0.312667
3;199;0.292778
3;200;0.397778
3;201;0.391111
3;202;0.388333
3;203;0.381667
3;204;0.375556
3;205;0.368889
3;206;0.365000
3;207;0.357778
3;208;0.355000
3;209;0.350000
3;210;0.344444
3;211;0.340000
3;212;0.333333
3;213;0.328333
3;214;0.322222
3;215;0.320556
3;216;0.317778
3;217;0.311111
3;218;0.310000
3;219;0.304444
3;220;0.298333
3;221;0.320556
3;222;0.313333
3;223;0.306111
3;224;0.301667
3;225;0.296667
3;226;0.290556
3;227;0.352778
3;228;0.348889
3;229;0.342778
3;230;0.341111
3;231;0.365000
3;232;0.360000
3;233;0.354444
3;234;0.346667
3;235;0.341111
3;236;0.341111
3;237;0.335556
3;238;0.328889
3;239;0.323889
3;240;0.318333
3;241;0.313889
3;242;0.307222
3;243;0.303889
3;244;0.298889
3;245;0.291111
3;246;0.340000
3;247;0.338333
3;248;0.330556
3;249;0.520556
3;250;0.515000
3;251;0.509444
3;252;0.502778
3;253;0.498889
3;254;0.494444
3;255;0.517778
3;256;0.514444
3;257;0.510000
3;258;0.503889
3;259;0.500000
3;260;0.498333
3;261;0.493333
3;262;0.487778
3;263;0.480556
3;264;0.472222
3;265;0.467778
3;266;0.459444
3;267;0.453333
3;268;0.444444
3;269;0.437222
3;270;0.437222
3;271;0.429444
3;272;0.423333
3;273;0.416667
3;274;0.407778
3;275;0.401667
3;276;0.392778
3;277;0.388333
3;278;0.379444
3;279;0.371111
3;280;0.367778
3;281;0.358889
3;282;0.354444
3;283;0.352222
3;284;0.343333
3;285;0.334444
3;286;0.328333
3;287;0.470000
3;288;0.580556
3;289;0.580000
3;290;0.576111
3;291;0.598333
3;292;0.591667
3;293;0.585000
3;294;0.580000
3;295;0.580000
3;296;0.572222
3;297;0.565000
3;298;0.561111
3;299;0.556667
3;300;0.551111
3;301;0.543333
3;302;0.535556
3;303;0.528333
3;304;0.522778
3;305;0.523333
3;306;0.517222
3;307;0.516111
3;308;0.508333
3;309;0.505556
3;310;0.497778
3;311;0.491111
3;312;0.486111
3;313;0.480556
3;314;0.472778
3;315;0.498889
3;316;0.491111
3;317;0.483889
3;318;0.476667
3;319;0.472222
3;320;0.463889
3;321;0.457222
3;322;0.453889
3;323;0.445000
3;324;0.440556
3;325;0.431667
3;326;0.422778
3;327;0.423333
3;328;0.414444
3;329;0.407222
3;330;0.398333
3;331;0.389444
3;332;0.385000
3;333;0.383889
3;334;0.375000
3;335;0.368333
3;336;0.359444
3;337;0.353889
3;338;0.345000
3;339;0.339444
3;340;0.333889
3;341;0.328333
3;342;0.319444
3;343;0.317778
3;344;0.308889
3;345;0.301111
3;346;0.295000
3;347;0.288333
3;348;0.283889
3;349;0.276111
3;350;0.267222
3;351;0.351667
3;352;0.346667
3;353;0.339444
3;354;0.331111
3;355;0.336667
3;356;0.328333
3;357;0.320000
3;358;0.311667
3;359;0.303889
3;360;0.327222
3;361;0.321111
3;362;0.315000
3;363;0.308889
3;364;0.300556
3;365;0.298333
3;366;0.292222
3;367;0.347222
3;368;0.339444
3;369;0.332778
3;370;0.333889
3;371;0.330000
3;372;0.323889
3;373;0.317222
3;374;0.309444
3;375;0.382778
3;376;0.376667
3;377;0.370000
3;378;0.363889
3;379;0.359444
3;380;0.353889
3;381;0.346667
3;382;0.339444
3;383;0.360556
3;384;0.360000
3;385;0.352778
3;386;0.344444
3;387;0.340000
3;388;0.331111
3;389;0.323889
3;390;0.317778
3;391;0.308889
3;392;0.305556
3;393;0.296667
3;394;0.288333
3;395;0.289444
3;396;0.282222
3;397;0.273333
3;398;0.316667
3;399;0.312222
3;400;0.303333
3;401;0.294444
3;402;0.287778
3;403;0.290556
3;404;0.283333
3;405;0.275000
3;406;0.267222
3;407;0.266667
3;408;0.258333
3;409;0.250000
3;410;0.241667
3;411;0.263889
3;412;0.255556
3;413;0.247778
3;414;0.241667
3;415;0.234444
3;416;0.226111
3;417;0.237778
3;418;0.228889
3;419;0.220000
3;420;0.211667
3;421;0.345556
3;422;0.430556
3;423;0.422778
3;424;0.415556
3;425;0.408889
3;426;0.402778
3;427;0.396667
3;428;0.388889
3;429;0.386111
3;430;0.380000
3;431;0.371111
3;432;0.362222
3;433;0.353333
3;434;0.346667
3;435;0.338889
3;436;0.331667
3;437;0.322778
3;438;0.316667
3;439;0.310556
3;440;0.303889
3;441;0.297222
3;442;0.292222
3;443;0.282778
3;444;0.309444
3;445;0.301111
3;446;0.295556
3;447;0.285556
3;448;0.276111
3;449;0.270556
3;450;0.291111
3;451;0.282778
3;452;0.277222
3;453;0.267778
3;454;0.258333
3;455;0.252222
3;456;0.242222
3;457;0.236667
3;458;0.227778
3;459;0.221111
3;460;0.216667
3;461;0.212222
3;462;0.205556
3;463;0.236111
3;464;0.235000
3;465;0.226667
3;466;0.218333
3;467;0.210000
3;468;0.200000
3;469;0.192778
3;470;0.187778
3;471;0.179444
3;472;0.169444
3;473;0.159444
3;474;0.163889
3;475;0.155556
3;476;0.146111
3;477;0.137222
3;478;0.138333
3;479;0.193889
3;480;0.183889
3;481;0.174444
3;482;0.166667
3;483;0.168333
3;484;0.158333
3;485;0.148333
3;486;0.397778
3;487;0.388889
3;488;0.382222
3;489;0.375000
3;490;0.367222
3;491;0.362222
3;492;0.357778
3;493;0.351111
3;494;0.344444
3;495;0.336667
3;496;0.328889
3;497;0.321111
3;498;0.316111
3;499;0.310556
3;500;0.330000
3;501;0.322778
3;502;0.315000
3;503;0.311667
3;504;0.303333
3;505;0.295556
3;506;0.293333
3;507;0.283889
3;508;0.282222
3;509;0.275000
3;510;0.265556
3;511;0.261111
3;512;0.252778
3;513;0.246667
3;514;0.240000
3;515;0.232222
3;516;0.222778
3;517;0.216111
3;518;0.271111
3;519;0.266667
3;520;0.260556
3;521;0.252778
3;522;0.247778
3;523;0.243333
3;524;0.237778
3;525;0.228889
3;526;0.223889
3;527;0.215000
3;528;0.326667
3;529;0.320556
3;530;0.313333
3;531;0.320000
3;532;0.316111
3;533;0.315556
3;534;0.307778
3;535;0.435000
3;536;0.428889
3;537;0.425556
3;538;0.421111
3;539;0.414444
3;540;0.411111
3;541;0.407778
3;542;0.402222
3;543;0.427222
3;544;0.422778
3;545;0.416667
3;546;0.411667
3;547;0.407222
3;548;0.402778
3;549;0.397222
3;550;0.429444
3;551;0.510556
3;552;0.508889
3;553;0.505000
3;554;0.499444
3;555;0.497222
3;556;0.488889
3;557;0.482778
3;558;0.473889
3;559;0.467778
3;560;0.469444
3;561;0.462778
3;562;0.452778
3;563;0.442778
3;564;0.432778
3;565;0.428333
3;566;0.421111
3;567;0.411111
3;568;0.405556
3;569;0.397222
3;570;0.389444
3;571;0.382778
3;572;0.380000
3;573;0.370000
3;574;0.362222
3;575;0.353333
3;576;0.343333
3;577;0.398889
3;578;0.389444
3;579;0.380556
3;580;0.371111
3;581;0.368889
3;582;0.360556
3;583;0.352778
3;584;0.342778
3;585;0.334444
3;586;0.326111
3;587;0.322222
3;588;0.315000
3;589;0.336667
3;590;0.327778
3;591;0.319444
3;592;0.311111
3;593;0.304444
3;594;0.299444
3;595;0.301667
3;596;0.293889
3;597;0.286111
3;598;0.276111
3;599;0.271111
3;600;0.262222
3;601;0.252778
3;602;0.439444
3;603;0.459444
3;604;0.450556
3;605;0.449444
3;606;0.469444
3;607;0.462222
3;608;0.453333
3;609;0.446111
3;610;0.443333
3;611;0.434444
3;612;0.426111
3;613;0.421667
3;614;0.416111
3;615;0.407222
3;616;0.398889
3;617;0.392778
3;618;0.386667
3;619;0.379444
3;620;0.375556
3;621;0.370000
3;622;0.361667
3;623;0.353889
3;624;0.346667
3;625;0.340556
3;626;0.334444
3;627;0.326667
3;628;0.321667
3;629;0.320000
3;630;0.311111
3;631;0.307778
3;632;0.301667
3;633;0.294444
3;634;0.285556
3;635;0.276667
3;636;0.270000
3;637;0.262778
3;638;0.253889
3;639;0.247778
3;640;0.242778
3;641;0.238333
3;642;0.229444
3;643;0.220556
3;644;0.216667
3;645;0.207778
3;646;0.206667
3;647;0.197778
3;648;0.189444
3;649;0.181111
3;650;0.172222
3;651;0.165000
3;652;0.156111
3;653;0.148889
3;654;0.138889
3;655;0.132222
3;656;0.160556
3;657;0.155000
3;658;0.149444
3;659;0.155000
3;660;0.145556
3;661;0.138889
3;662;0.147778
3;663;0.141111
3;664;0.131667
3;665;0.250556
3;666;0.246111
3;667;0.237222
3;668;0.228333
3;669;0.225556
3;670;0.217222
3;671;0.212778
3;672;0.234444
3;673;0.347778
3;674;0.347778
3;675;0.338889
3;676;0.328889
3;677;0.322778
3;678;0.317222
3;679;0.317222
3;680;0.336111
3;681;0.326111
3;682;0.316667
3;683;0.351111
3;684;0.343889
3;685;0.337778
3;686;0.328889
3;687;0.355000
3;688;0.346111
3;689;0.336111
3;690;0.328889
3;691;0.322778
3;692;0.312778
3;693;0.302778
3;694;0.296111
3;695;0.287222
3;696;0.277222
3;697;0.303333
3;698;0.293333
3;699;0.283889
3;700;0.274444
3;701;0.267222
3;702;0.261667
3;703;0.253889
3;704;0.244444
3;705;0.237778
3;706;0.228333
3;707;0.291111
3;708;0.281667
3;709;0.272222
3;710;0.288333
3;711;0.280556
3;712;0.271111
3;713;0.357778
3;714;0.352222
3;715;0.342778
3;716;0.335556
3;717;0.326111
3;718;0.321111
3;719;0.312778
3;720;0.307222
3;721;0.298889
3;722;0.289444
3;723;0.283889
3;724;0.280556
3;725;0.272778
3;726;0.263889
3;727;0.257778
3;728;0.250556
3;729;0.241111
3;730;0.236667
3;731;0.227222
3;732;0.222778
3;733;0.215000
3;734;0.210000
3;735;0.202222
3;736;0.195556
3;737;0.188889
3;738;0.180000
3;739;0.178889
3;740;0.172222
3;741;0.166111
3;742;0.161111
3;743;0.153333
3;744;0.143889
3;745;0.138889
3;746;0.132222
3;747;0.122778
3;748;0.297778
3;749;0.361111
3;750;0.352778
3;751;0.342778
3;752;0.337778
3;753;0.330000
3;754;0.325556
3;755;0.316111
3;756;0.307778
3;757;0.302778
3;758;0.295556
3;759;0.286111
3;760;0.278889
3;761;0.270556
3;762;0.267778
3;763;0.257778
3;764;0.254444
3;765;0.245556
3;766;0.237222
3;767;0.228889
3;768;0.219444
3;769;0.299444
3;770;0.293333
3;771;0.289444
3;772;0.281667
3;773;0.272222
3;774;0.262778
3;775;0.409444
3;776;0.400556
3;777;0.393889
3;778;0.387222
3;779;0.381111
3;780;0.373889
3;781;0.371111
3;782;0.365556
3;783;0.359444
3;784;0.351667
3;785;0.342778
3;786;0.335556
3;787;0.331111
3;788;0.327778
3;789;0.318889
3;790;0.314444
3;791;0.311667
3;792;0.302778
3;793;0.295556
3;794;0.290000
3;795;0.281667
3;796;0.282222
3;797;0.273333
3;798;0.295556
3;799;0.290000
3;800;0.285556
3;801;0.278333
3;802;0.270000
3;803;0.262778
3;804;0.256111
3;805;0.249444
3;806;0.271111
3;807;0.262222
3;808;0.369444
3;809;0.364444
3;810;0.358889
3;811;0.453333
3;812;0.445556
3;813;0.438333
3;814;0.435000
3;815;0.432222
3;816;0.427222
3;817;0.420000
3;818;0.412778
3;819;0.411667
3;820;0.406667
3;821;0.402222
3;822;0.396111
3;823;0.390000
3;824;0.383889
3;825;0.380000
3;826;0.375000
3;827;0.367778
3;828;0.364444
3;829;0.360556
3;830;0.355556
3;831;0.350556
3;832;0.346111
3;833;0.339444
3;834;0.336111
3;835;0.332778
3;836;0.325000
3;837;0.318333
3;838;0.313333
3;839;0.311667
3;840;0.305556
3;841;0.300556
3;842;0.294444
3;843;0.291111
3;844;0.285556
3;845;0.280556
3;846;0.296667
3;847;0.336667
3;848;0.332778
3;849;0.330000
3;850;0.327778
3;851;0.325000
3;852;0.318333
3;853;0.310556
3;854;0.303889
3;855;0.302222
3;856;0.299444
3;857;0.292222
3;858;0.386667
3;859;0.416667
3;860;0.408889
3;861;0.402778
3;862;0.398333
3;863;0.391111
3;864;0.384444
3;865;0.377778
3;866;0.371667
3;867;0.362778
3;868;0.357778
3;869;0.352222
3;870;0.343889
3;871;0.340000
3;872;0.334444
3;873;0.327778
3;874;0.320000
3;875;0.347222
3;876;0.338889
3;877;0.332222
3;878;0.331667
3;879;0.326111
3;880;0.320000
3;881;0.311111
3;882;0.303889
3;883;0.323889
3;884;0.315000
3;885;0.384444
3;886;0.375556
3;887;0.366667
3;888;0.360556
3;889;0.420000
3;890;0.413889
3;891;0.405000
3;892;0.398889
3;893;0.392778
3;894;0.383889
3;895;0.382778
3;896;0.373889
3;897;0.366667
3;898;0.361111
3;899;0.353889
3;900;0.347778
3;901;0.338889
3;902;0.332222
3;903;0.323333
3;904;0.317222
3;905;0.311111
3;906;0.303889
3;907;0.296111
3;908;0.290000
3;909;0.288333
3;910;0.280556
3;911;0.276111
3;912;0.270000
3;913;0.263889
3;914;0.255000
3;915;0.249444
3;916;0.240556
3;917;0.233889
3;918;0.258333
3;919;0.252222
3;920;0.246111
3;921;0.238889
3;922;0.230000
3;923;0.222222
3;924;0.215556
3;925;0.211111
3;926;0.202222
3;927;0.193889
3;928;0.304444
3;929;0.359444
3;930;0.356111
3;931;0.349444
3;932;0.342778
3;933;0.343333
3;934;0.337778
3;935;0.332222
3;936;0.326667
3;937;0.320556
3;938;0.318889
3;939;0.313333
3;940;0.309444
3;941;0.307222
3;942;0.300556
3;943;0.297778
3;944;0.290556
3;945;0.288333
3;946;0.286667
3;947;0.278889
3;948;0.271111
3;949;0.271111
3;950;0.265556
3;951;0.265000
3;952;0.257222
3;953;0.253333
3;954;0.245556
3;955;0.241111
3;956;0.267222
3;957;0.290556
3;958;0.285000
3;959;0.280556
3;960;0.274444
3;961;0.268333
3;962;0.264444
3;963;0.438333
3;964;0.435556
3;965;0.430000
3;966;0.424444
3;967;0.420000
3;968;0.412778
3;969;0.566111
3;970;0.561111
3;971;0.553333
3;972;0.553333
3;973;0.546667
3;974;0.538889
3;975;0.533333
3;976;0.529444
3;977;0.530556
3;978;0.525556
3;979;0.520000
3;980;0.513889
3;981;0.506111
3;982;0.498333
3;983;0.498889
3;984;0.491111
3;985;0.483889
3;986;0.480556
3;987;0.476667
3;988;0.468889
3;989;0.465556
3;990;0.460556
3;991;0.456667
3;992;0.449444
3;993;0.447778
3;994;0.440000
3;995;0.436111
3;996;0.430000
3;997;0.422778
3;998;0.416111
3;999;0.477778
3;1000;0.471667
3;1001;0.467778
3;1002;0.462778
3;1003;0.457222
3;1004;0.452222
3;1005;0.446111
3;1006;0.445000
3;1007;0.438889
3;1008;0.433889
3;1009;0.432222
3;1010;0.428333
3;1011;0.422222
3;1012;0.443889
3;1013;0.438333
3;1014;0.434444
3;1015;0.427222
3;1016;0.423333
3;1017;0.416111
3;1018;0.415000
3;1019;0.411111
3;1020;0.404444
3;1021;0.400556
3;1022;0.395000
3;1023;0.390556
3;1024;0.388333
3;1025;0.380556
3;1026;0.408333
3;1027;0.400556
3;1028;0.392778
3;1029;0.387222
3;1030;0.379444
3;1031;0.371667
3;1032;0.371667
3;1033;0.365556
3;1034;0.358889
3;1035;0.351111
3;1036;0.350000
3;1037;0.342222
3;1038;0.333333
3;1039;0.327222
3;1040;0.320000
3;1041;0.314444
3;1042;0.308333
3;1043;0.302222
3;1044;0.295000
3;1045;0.286111
3;1046;0.277222
3;1047;0.282778
3;1048;0.275000
3;1049;0.266667
3;1050;0.261111
3;1051;0.279444
3;1052;0.271111
3;1053;0.265000
3;1054;0.261111
3;1055;0.252222
3;1056;0.243333
3;1057;0.236667
3;1058;0.231667
3;1059;0.226111
3;1060;0.217778
3;1061;0.228889
3;1062;0.220000
3;1063;0.211111
3;1064;0.312778
3;1065;0.304444
3;1066;0.296111
3;1067;0.301111
3;1068;0.292778
3;1069;0.284444
3;1070;0.276111
3;1071;0.432778
3;1072;0.426667
3;1073;0.419444
3;1074;0.499444
3;1075;0.492778
3;1076;0.488333
3;1077;0.483333
3;1078;0.506111
3;1079;0.500556
3;1080;0.493889
3;1081;0.491667
3;1082;0.485556
3;1083;0.480000
3;1084;0.476667
3;1085;0.469444
3;1086;0.460556
3;1087;0.454444
3;1088;0.450000
3;1089;0.442778
3;1090;0.433889
3;1091;0.431111
3;1092;0.426111
3;1093;0.420556
3;1094;0.414444
3;1095;0.405556
3;1096;0.397222
3;1097;0.392222
3;1098;0.386111
3;1099;0.380000
3;1100;0.373333
3;1101;0.366667
3;1102;0.358333
3;1103;0.357222
3;1104;0.348889
3;1105;0.342222
3;1106;0.336111
3;1107;0.332778
3;1108;0.326111
3;1109;0.317222
3;1110;0.316111
3;1111;0.308889
3;1112;0.300000
3;1113;0.293889
3;1114;0.288333
3;1115;0.296111
3;1116;0.286667
3;1117;0.278333
3;1118;0.276111
3;1119;0.286667
3;1120;0.277778
3;1121;0.271111
3;1122;0.263889
3;1123;0.256667
3;1124;0.248889
3;1125;0.242222
3;1126;0.263333
3;1127;0.318333
3;1128;0.308889
3;1129;0.303333
3;1130;0.305000
3;1131;0.295556
3;1132;0.286111
3;1133;0.279444
3;1134;0.271667
3;1135;0.266111
3;1136;0.256667
3;1137;0.248333
3;1138;0.313889
3;1139;0.308333
3;1140;0.301667
3;1141;0.292778
3;1142;0.292222
3;1143;0.283333
3;1144;0.380000
3;1145;0.371667
3;1146;0.365556
3;1147;0.357222
3;1148;0.350000
3;1149;0.342222
3;1150;0.332778
3;1151;0.323333
3;1152;0.322778
3;1153;0.314444
3;1154;0.305000
3;1155;0.297778
3;1156;0.288333
3;1157;0.282778
3;1158;0.273889
3;1159;0.267778
3;1160;0.264444
3;1161;0.260556
3;1162;0.251111
3;1163;0.241667
3;1164;0.237778
3;1165;0.231667
3;1166;0.222222
3;1167;0.212778
3;1168;0.206111
3;1169;0.198333
3;1170;0.188889
3;1171;0.182222
3;1172;0.174444
3;1173;0.166111
3;1174;0.161111
3;1175;0.152778
3;1176;0.143889
3;1177;0.160000
3;1178;0.180556
3;1179;0.171667
3;1180;0.264444
3;1181;0.266111
3;1182;0.256667
3;1183;0.250000
3;1184;0.240556
3;1185;0.236111
3;1186;0.226667
3;1187;0.219444
3;1188;0.216111
3;1189;0.207778
3;1190;0.198333
3;1191;0.198333
3;1192;0.188889
3;1193;0.179444
3;1194;0.172778
3;1195;0.165000
3;1196;0.234444
3;1197;0.225556
3;1198;0.220556
3;1199;0.215000
3;1200;0.206111
3;1201;0.201111
3;1202;0.193889
3;1203;0.187222
3;1204;0.180000
3;1205;0.175000
3;1206;0.288333
3;1207;0.281667
3;1208;0.276111
3;1209;0.271111
3;1210;0.271111
3;1211;0.263889
3;1212;0.255556
3;1213;0.252222
3;1214;0.246111
3;1215;0.240000
3;1216;0.412222
3;1217;0.406667
3;1218;0.428889
3;1219;0.423889
3;1220;0.415556
3;1221;0.411111
3;1222;0.406111
3;1223;0.398889
3;1224;0.390556
3;1225;0.383333
3;1226;0.379444
3;1227;0.372778
3;1228;0.368333
3;1229;0.358889
3;1230;0.350000
3;1231;0.347222
3;1232;0.339444
3;1233;0.332222
3;1234;0.322222
3;1235;0.313333
3;1236;0.307222
3;1237;0.299444
3;1238;0.289444
3;1239;0.281111
3;1240;0.271667
3;1241;0.363333
3;1242;0.356111
3;1243;0.346111
3;1244;0.426667
3;1245;0.420000
3;1246;0.410556
3;1247;0.402778
3;1248;0.396111
3;1249;0.388333
3;1250;0.383889
3;1251;0.373889
3;1252;0.364444
3;1253;0.356111
3;1254;0.347778
3;1255;0.345000
3;1256;0.335000
3;1257;0.326111
3;1258;0.316667
3;1259;0.311111
3;1260;0.301667
3;1261;0.297778
3;1262;0.290000
3;1263;0.282222
3;1264;0.272222
3;1265;0.262222
3;1266;0.256667
3;1267;0.249444
3;1268;0.247222
3;1269;0.237222
3;1270;0.230556
3;1271;0.222222
3;1272;0.217778
3;1273;0.207778
3;1274;0.370556
3;1275;0.369444
3;1276;0.362222
3;1277;0.352222
3;1278;0.345000
3;1279;0.340556
3;1280;0.333333
3;1281;0.327222
3;1282;0.317222
3;1283;0.308889
3;1284;0.301111
3;1285;0.298889
3;1286;0.291111
3;1287;0.281111
3;1288;0.272778
3;1289;0.265000
3;1290;0.265000
3;1291;0.257778
3;1292;0.252778
3;1293;0.247778
3;1294;0.237778
3;1295;0.227778
3;1296;0.221111
3;1297;0.215556
3;1298;0.211667
3;1299;0.205000
3;1300;0.198333
3;1301;0.192222
3;1302;0.182222
3;1303;0.176111
3;1304;0.168333
3;1305;0.166667
3;1306;0.156667
3;1307;0.146667
3;1308;0.160000
3;1309;0.151667
3;1310;0.146667
3;1311;0.156111
3;1312;0.148889
3;1313;0.141111
3;1314;0.131111
3;1315;0.121111
3;1316;0.203333
3;1317;0.197778
3;1318;0.188889
3;1319;0.181111
3;1320;0.172222
3;1321;0.175000
3;1322;0.166667
3;1323;0.157778
3;1324;0.150556
3;1325;0.145556
3;1326;0.136667
3;1327;0.127222
3;1328;0.188333
3;1329;0.181667
3;1330;0.173333
3;1331;0.165000
3;1332;0.161111
3;1333;0.161111
3;1334;0.151111
3;1335;0.141667
3;1336;0.193889
3;1337;0.187222
3;1338;0.177222
3;1339;0.168889
3;1340;0.385556
3;1341;0.380000
3;1342;0.373889
3;1343;0.367222
3;1344;0.359444
3;1345;0.350556
3;1346;0.346111
3;1347;0.342778
3;1348;0.333889
3;1349;0.325556
3;1350;0.322778
3;1351;0.314444
3;1352;0.340556
3;1353;0.337222
3;1354;0.328333
3;1355;0.322778
3;1356;0.313889
3;1357;0.306667
3;1358;0.297778
3;1359;0.291111
3;1360;0.285000
3;1361;0.278889
3;1362;0.272222
3;1363;0.264444
3;1364;0.255556
3;1365;0.249444
3;1366;0.244444
3;1367;0.238889
3;1368;0.232778
3;1369;0.227222
3;1370;0.218333
3;1371;0.209444
3;1372;0.224444
3;1373;0.215556
3;1374;0.206667
3;1375;0.211111
3;1376;0.202222
3;1377;0.193333
3;1378;0.184444
3;1379;0.283889
3;1380;0.275556
3;1381;0.268333
3;1382;0.301667
3;1383;0.292778
3;1384;0.284444
3;1385;0.279444
3;1386;0.270556
3;1387;0.300000
3;1388;0.291667
3;1389;0.286667
3;1390;0.280000
3;1391;0.273889
3;1392;0.269444
3;1393;0.263333
3;1394;0.254444
3;1395;0.247778
3;1396;0.242222
3;1397;0.233889
3;1398;0.228333
3;1399;0.220556
3;1400;0.240556
3;1401;0.235556
3;1402;0.229444
3;1403;0.223889
3;1404;0.220000
3;1405;0.218889
3;1406;0.211667
3;1407;0.202778
3;1408;0.196111
3;1409;0.190556
3;1410;0.181667
3;1411;0.175000
3;1412;0.302222
3;1413;0.293889
3;1414;0.287778
3;1415;0.425000
3;1416;0.419444
3;1417;0.415000
3;1418;0.408333
3;1419;0.431111
3;1420;0.426111
3;1421;0.418889
3;1422;0.415000
3;1423;0.409444
3;1424;0.405556
3;1425;0.400000
3;1426;0.392222
3;1427;0.385556
3;1428;0.380000
3;1429;0.375556
3;1430;0.370000
3;1431;0.362778
3;1432;0.362222
3;1433;0.354444
3;1434;0.348333
3;1435;0.342778
3;1436;0.335000
3;1437;0.334444
3;1438;0.326667
3;1439;0.318333
3;1440;0.420556
3;1441;0.596111
3;1442;0.590556
3;1443;0.585000
3;1444;0.575556
3;1445;0.566111
3;1446;0.560000
3;1447;0.556667
3;1448;0.547222
3;1449;0.537778
3;1450;0.531667
3;1451;0.523333
3;1452;0.520556
3;1453;0.510556
3;1454;0.505000
3;1455;0.497222
3;1456;0.488889
3;1457;0.484444
3;1458;0.477222
3;1459;0.473333
3;1460;0.463333
3;1461;0.453333
3;1462;0.448889
3;1463;0.443333
3;1464;0.433889
3;1465;0.425556
3;1466;0.415556
3;1467;0.411667
3;1468;0.402222
3;1469;0.393889
3;1470;0.388889
3;1471;0.412222
3;1472;0.405556
3;1473;0.396111
3;1474;0.390000
3;1475;0.383889
3;1476;0.376667
3;1477;0.372222
3;1478;0.362222
3;1479;0.353333
3;1480;0.346111
3;1481;0.343889
3;1482;0.333889
3;1483;0.323889
3;1484;0.313889
3;1485;0.309444
3;1486;0.299444
3;1487;0.292222
3;1488;0.285000
3;1489;0.283333
3;1490;0.275000
3;1491;0.265000
3;1492;0.256667
3;1493;0.251667
3;1494;0.245000
3;1495;0.240000
3;1496;0.230000
3;1497;0.220556
3;1498;0.214444
3;1499;0.206111
3;1500;0.200000
3;1501;0.191111
3;1502;0.184444
3;1503;0.330000
3;1504;0.322222
3;1505;0.312778
3;1506;0.303333
3;1507;0.303333
3;1508;0.294444
3;1509;0.287222
3;1510;0.281667
3;1511;0.272222
3;1512;0.267222
3;1513;0.260556
3;1514;0.251667
3;1515;0.246111
3;1516;0.237222
3;1517;0.234444
3;1518;0.227778
3;1519;0.220000
3;1520;0.211111
3;1521;0.208889
3;1522;0.205000
3;1523;0.199444
3;1524;0.192778
3;1525;0.184444
3;1526;0.178889
3;1527;0.173333
3;1528;0.163889
3;1529;0.159444
3;1530;0.153889
3;1531;0.147222
3;1532;0.140556
3;1533;0.133889
3;1534;0.143889
3;1535;0.134444
3;1536;0.127778
3;1537;0.122222
3;1538;0.113333
3;1539;0.153889
3;1540;0.144444
3;1541;0.140556
3;1542;0.131111
3;1543;0.147778
3;1544;0.138333
3;1545;0.132778
3;1546;0.127222
3;1547;0.118889
3;1548;0.111667
3;1549;0.106111
3;1550;0.098333
3;1551;0.116111
3;1552;0.131111
3;1553;0.126111
3;1554;0.121667
3;1555;0.114444
3;1556;0.106667
3;1557;0.100000
3;1558;0.092222
3;1559;0.148889
3;1560;0.140000
3;1561;0.133333
3;1562;0.335556
3;1563;0.328889
3;1564;0.328889
3;1565;0.322222
3;1566;0.314444
3;1567;0.309444
3;1568;0.300556
3;1569;0.295556
3;1570;0.292222
3;1571;0.283333
3;1572;0.430000
3;1573;0.422222
3;1574;0.413333
3;1575;0.408333
3;1576;0.403889
3;1577;0.495000
3;1578;0.488889
3;1579;0.484444
3;1580;0.476111
3;1581;0.473333
3;1582;0.470000
3;1583;0.463333
3;1584;0.453333
3;1585;0.446111
3;1586;0.442778
3;1587;0.437222
3;1588;0.427222
3;1589;0.421111
3;1590;0.412778
3;1591;0.412222
3;1592;0.404444
3;1593;0.394444
3;1594;0.393889
3;1595;0.387778
3;1596;0.377778
3;1597;0.371111
3;1598;0.361111
3;1599;0.353889
3;1600;0.347778
3;1601;0.343889
3;1602;0.362778
3;1603;0.438889
3;1604;0.431111
3;1605;0.421111
3;1606;0.412222
3;1607;0.405556
3;1608;0.398889
3;1609;0.393333
3;1610;0.386111
3;1611;0.379444
3;1612;0.369444
3;1613;0.363889
3;1614;0.358889
3;1615;0.350556
3;1616;0.343333
3;1617;0.333333
3;1618;0.358333
3;1619;0.351111
3;1620;0.341111
3;1621;0.335000
3;1622;0.326667
3;1623;0.318333
3;1624;0.310556
3;1625;0.300556
3;1626;0.291111
3;1627;0.287778
3;1628;0.281667
3;1629;0.272778
3;1630;0.262778
3;1631;0.255000
3;1632;0.246667
3;1633;0.239444
3;1634;0.232778
3;1635;0.223889
3;1636;0.213889
3;1637;0.207778
3;1638;0.203333
3;1639;0.195556
3;1640;0.186111
3;1641;0.176667
3;1642;0.318333
3;1643;0.310556
3;1644;0.301667
3;1645;0.293333
3;1646;0.287778
3;1647;0.278889
3;1648;0.272778
3;1649;0.265556
3;1650;0.257222
3;1651;0.248889
3;1652;0.245000
3;1653;0.237778
3;1654;0.231667
3;1655;0.228889
3;1656;0.222222
3;1657;0.212778
3;1658;0.205556
3;1659;0.196111
3;1660;0.191667
3;1661;0.187778
3;1662;0.181667
3;1663;0.172222
3;1664;0.163333
3;1665;0.160556
3;1666;0.151111
3;1667;0.144444
3;1668;0.305000
3;1669;0.298333
3;1670;0.292778
3;1671;0.285556
3;1672;0.282222
3;1673;0.272778
3;1674;0.264444
3;1675;0.256667
3;1676;0.251111
3;1677;0.242222
3;1678;0.236111
3;1679;0.310556
3;1680;0.308333
3;1681;0.298333
3;1682;0.292222
3;1683;0.285000
3;1684;0.505556
3;1685;0.496667
3;1686;0.487778
3;1687;0.482778
3;1688;0.482778
3;1689;0.473889
3;1690;0.470556
3;1691;0.490556
3;1692;0.481667
3;1693;0.472778
3;1694;0.466111
3;1695;0.460000
3;1696;0.451667
3;1697;0.446111
3;1698;0.442222
3;1699;0.435000
3;1700;0.426111
3;1701;0.420000
3;1702;0.416667
3;1703;0.410000
3;1704;0.403333
3;1705;0.394444
3;1706;0.388333
3;1707;0.381111
3;1708;0.373889
3;1709;0.365000
3;1710;0.356667
3;1711;0.357778
3;1712;0.351667
3;1713;0.342778
3;1714;0.336667
3;1715;0.327778
3;1716;0.320556
3;1717;0.317222
3;1718;0.308333
3;1719;0.301111
3;1720;0.293333
3;1721;0.287778
3;1722;0.281111
3;1723;0.275556
3;1724;0.266667
3;1725;0.258333
3;1726;0.253889
3;1727;0.247778
3;1728;0.240556
3;1729;0.233333
3;1730;0.223889
3;1731;0.214444
3;1732;0.207222
3;1733;0.265000
3;1734;0.256111
3;1735;0.250000
3;1736;0.248889
3;1737;0.239444
3;1738;0.232222
3;1739;0.225000
3;1740;0.218889
3;1741;0.215000
3;1742;0.206667
3;1743;0.202222
3;1744;0.224444
3;1745;0.218333
3;1746;0.210000
3;1747;0.200556
3;1748;0.193333
3;1749;0.186111
3;1750;0.176667
3;1751;0.210000
3;1752;0.200556
3;1753;0.192778
3;1754;0.186111
3;1755;0.179444
3;1756;0.174444
3;1757;0.166111
3;1758;0.157222
3;1759;0.151667
3;1760;0.142778
3;1761;0.166667
3;1762;0.157778
3;1763;0.150000
3;1764;0.140556
3;1765;0.136667
3;1766;0.131667
3;1767;0.123333
3;1768;0.113889
3;1769;0.112778
3;1770;0.139444
3;1771;0.132222
3;1772;0.253889
3;1773;0.347222
3;1774;0.338333
3;1775;0.332778
3;1776;0.326111
3;1777;0.318889
3;1778;0.310000
3;1779;0.302222
3;1780;0.341111
3;1781;0.336111
3;1782;0.332222
3;1783;0.323333
3;1784;0.317222
3;1785;0.315000
3;1786;0.307778
3;1787;0.305000
3;1788;0.297222
3;1789;0.293889
3;1790;0.287222
3;1791;0.278333
3;1792;0.269444
3;1793;0.262222
3;1794;0.256667
3;1795;0.252222
3;1796;0.246667
3;1797;0.240556
3;1798;0.232778
3;1799;0.225556
3;1800;0.227222
3;1801;0.219444
3;1802;0.213333
3;1803;0.205000
3;1804;0.198333
3;1805;0.197778
3;1806;0.194444
3;1807;0.188889
3;1808;0.277222
3;1809;0.268889
3;1810;0.260556
3;1811;0.254444
3;1812;0.251667
3;1813;0.251667
3;1814;0.245000
3;1815;0.236667
3;1816;0.229444
3;1817;0.224444
3;1818;0.222778
3;1819;0.215000
3;1820;0.208333
3;1821;0.205000
3;1822;0.197222
3;1823;0.193333
3;1824;0.188889
3;1825;0.180000
3;1826;0.171111
3;1827;0.165000
3;1828;0.298333
3;1829;0.290556
3;1830;0.461667
3;1831;0.456111
3;1832;0.452222
3;1833;0.557778
3;1834;0.555556
3;1835;0.551667
3;1836;0.574444
3;1837;0.568889
3;1838;0.564444
3;1839;0.563889
3;1840;0.562222
3;1841;0.556111
3;1842;0.550000
3;1843;0.547222
3;1844;0.552778
3;1845;0.548333
3;1846;0.544444
3;1847;0.538333
3;1848;0.533889
3;1849;0.529444
3;1850;0.525556
3;1851;0.521667
3;1852;0.547222
3;1853;0.543889
3;1854;0.538333
3;1855;0.535556
3;1856;0.529444
3;1857;0.525000
3;1858;0.610000
3;1859;0.606111
3;1860;0.601667
3;1861;0.601111
3;1862;0.597778
3;1863;0.592778
3;1864;0.586667
3;1865;0.585000
3;1866;0.582778
3;1867;0.580000
3;1868;0.573889
3;1869;0.568889
3;1870;0.562778
3;1871;0.561667
3;1872;0.555556
3;1873;0.548333
3;1874;0.547778
3;1875;0.540000
3;1876;0.533889
3;1877;0.526111
3;1878;0.522222
3;1879;0.516667
3;1880;0.508889
3;1881;0.507222
3;1882;0.498889
3;1883;0.500556
3;1884;0.492222
3;1885;0.485556
3;1886;0.477222
3;1887;0.468889
3;1888;0.467778
3;1889;0.460000
3;1890;0.452778
3;1891;0.447222
3;1892;0.439444
3;1893;0.437222
3;1894;0.428889
3;1895;0.422778
3;1896;0.422222
3;1897;0.413889
3;1898;0.405556
3;1899;0.400556
3;1900;0.393889
3;1901;0.390556
3;1902;0.382222
3;1903;0.383333
3;1904;0.381111
3;1905;0.374444
3;1906;0.366667
3;1907;0.360556
3;1908;0.352778
3;1909;0.350556
3;1910;0.345000
3;1911;0.340556
3;1912;0.361111
3;1913;0.416111
3;1914;0.408333
3;1915;0.501667
3;1916;0.493889
3;1917;0.486111
3;1918;0.484444
3;1919;0.479444
3;1920;0.472222
3;1921;0.468333
3;1922;0.461667
3;1923;0.483333
3;1924;0.479444
3;1925;0.471667
3;1926;0.463889
3;1927;0.461111
3;1928;0.457778
3;1929;0.450000
3;1930;0.442222
3;1931;0.438333
3;1932;0.432778
3;1933;0.430556
3;1934;0.427222
3;1935;0.419444
3;1936;0.411667
3;1937;0.406111
3;1938;0.400000
3;1939;0.393889
3;1940;0.388889
3;1941;0.382778
3;1942;0.377222
3;1943;0.372222
3;1944;0.365000
3;1945;0.359444
3;1946;0.352778
3;1947;0.347778
3;1948;0.348333
3;1949;0.341667
3;1950;0.336667
3;1951;0.330000
3;1952;0.322222
3;1953;0.317222
3;1954;0.309444
3;1955;0.306111
3;1956;0.301111
3;1957;0.295556
3;1958;0.290556
3;1959;0.282778
3;1960;0.275000
3;1961;0.291667
3;1962;0.283889
3;1963;0.276667
3;1964;0.276111
3;1965;0.272778
3;1966;0.270556
3;1967;0.263333
3;1968;0.261111
3;1969;0.253333
3;1970;0.245556
3;1971;0.240000
3;1972;0.310556
3;1973;0.303333
3;1974;0.298333
3;1975;0.296667
3;1976;0.405556
3;1977;0.402222
3;1978;0.634444
3;1979;0.633889
3;1980;0.636111
3;1981;0.633333
3;1982;0.633889
3;1983;0.632222
3;1984;0.628889
3;1985;0.628333
3;1986;0.627222
3;1987;0.627222
3;1988;0.623333
3;1989;0.620000
3;1990;0.675000
3;1991;0.681111
3;1992;0.677778
3;1993;0.674444
3;1994;0.672222
3;1995;0.668889
3;1996;0.722222
3;1997;0.891111
3;1998;0.890000
3;1999;0.945000
3;2000;0.944444
4;0;0.070000
4;1;0.063333
4;2;0.056667
4;3;0.050000
4;4;0.043333
4;5;0.036667
4;6;0.155000
4;7;0.245000
4;8;0.235000
4;9;0.225000
4;10;0.226667
4;11;0.216667
4;12;0.213333
4;13;0.203333
4;14;0.193333
4;15;0.123333
4;16;0.540000
4;17;0.534444
4;18;0.527778
4;19;0.533333
4;20;0.525556
4;21;0.532222
4;22;0.524444
4;23;0.516667
4;24;0.514444
4;25;0.506667
4;26;0.498889
4;27;0.491111
4;28;0.483333
4;29;0.484444
4;30;0.476667
4;31;0.471111
4;32;0.464444
4;33;0.467778
4;34;0.462222
4;35;0.454444
4;36;0.447778
4;37;0.447778
4;38;0.440000
4;39;0.437778
4;40;0.441111
4;41;0.433333
4;42;0.436667
4;43;0.435556
4;44;0.427778
4;45;0.420000
4;46;0.412222
4;47;0.404444
4;48;0.396667
4;49;0.393333
4;50;0.391111
4;51;0.383333
4;52;0.475556
4;53;0.468889
4;54;0.466667
4;55;0.462222
4;56;0.455556
4;57;0.452222
4;58;0.453333
4;59;0.445556
4;60;0.443333
4;61;0.435556
4;62;0.432222
4;63;0.426667
4;64;0.418889
4;65;0.418889
4;66;0.412222
4;67;0.407778
4;68;0.402222
4;69;0.400000
4;70;0.393333
4;71;0.394444
4;72;0.392222
4;73;0.384444
4;74;0.382222
4;75;0.374444
4;76;0.373333
4;77;0.368889
4;78;0.361111
4;79;0.356667
4;80;0.354444
4;81;0.346667
4;82;0.342222
4;83;0.335556
4;84;0.326667
4;85;0.322222
4;86;0.314444
4;87;0.307778
4;88;0.298889
4;89;0.297778
4;90;0.288889
4;91;0.427778
4;92;0.418889
4;93;0.415556
4;94;0.414444
4;95;0.404444
4;96;0.398889
4;97;0.388889
4;98;0.378889
4;99;0.373333
4;100;0.371111
4;101;0.361111
4;102;0.352222
4;103;0.344444
4;104;0.336667
4;105;0.341111
4;106;0.332222
4;107;0.328889
4;108;0.318889
4;109;0.315556
4;110;0.305556
4;111;0.298889
4;112;0.288889
4;113;0.278889
4;114;0.271111
4;115;0.294444
4;116;0.288889
4;117;0.284444
4;118;0.274444
4;119;0.276667
4;120;0.266667
4;121;0.256667
4;122;0.253333
4;123;0.243333
4;124;0.244444
4;125;0.238889
4;126;0.228889
4;127;0.218889
4;128;0.220000
4;129;0.212222
4;130;0.202222
4;131;0.194444
4;132;0.184444
4;133;0.176667
4;134;0.168889
4;135;0.161111
4;136;0.155556
4;137;0.148889
4;138;0.144444
4;139;0.134444
4;140;0.164444
4;141;0.157778
4;142;0.147778
4;143;0.145556
4;144;0.141111
4;145;0.132222
4;146;0.123333
4;147;0.114444
4;148;0.108889
4;149;0.105556
4;150;0.110000
4;151;0.101111
4;152;0.092222
4;153;0.083333
4;154;0.081111
4;155;0.077778
4;156;0.083333
4;157;0.074444
4;158;0.071111
4;159;0.064444
4;160;0.055556
4;161;0.051111
4;162;0.093333
4;163;0.083333
4;164;0.073333
4;165;0.063333
4;166;0.066667
4;167;0.063333
4;168;0.080000
4;169;0.070000
4;170;0.060000
4;171;0.050000
4;172;0.047778
4;173;0.042222
4;174;0.036667
4;175;0.026667
4;176;0.016667
4;177;0.153333
4;178;0.176667
4;179;0.170000
4;180;0.161111
4;181;0.158889
4;182;0.112500
4;183;0.243333
4;184;0.235000
4;185;0.228333
4;186;0.220000
4;187;0.217500
4;188;0.208333
4;189;0.203333
4;190;0.195833
4;191;0.220000
4;192;0.211667
4;193;0.209167
4;194;0.205833
4;195;0.199167
4;196;0.190000
4;197;0.147333
4;198;0.312667
4;199;0.306000
4;200;0.434000
4;201;0.426000
4;202;0.424667
4;203;0.418667
4;204;0.410667
4;205;0.404667
4;206;0.402000
4;207;0.395333
4;208;0.390000
4;209;0.386000
4;210;0.381333
4;211;0.378000
4;212;0.372000
4;213;0.368000
4;214;0.360000
4;215;0.360000
4;216;0.358667
4;217;0.352667
4;218;0.351333
4;219;0.346667
4;220;0.341333
4;221;0.350667
4;222;0.344000
4;223;0.337333
4;224;0.334000
4;225;0.328667
4;226;0.323333
4;227;0.398667
4;228;0.396000
4;229;0.388667
4;230;0.388667
4;231;0.419333
4;232;0.412000
4;233;0.407333
4;234;0.400000
4;235;0.395333
4;236;0.397333
4;237;0.392000
4;238;0.385333
4;239;0.379333
4;240;0.374667
4;241;0.371333
4;242;0.364667
4;243;0.360667
4;244;0.356667
4;245;0.291111
4;246;0.340000
4;247;0.338333
4;248;0.330556
4;249;0.520556
4;250;0.515000
4;251;0.509444
4;252;0.502778
4;253;0.498889
4;254;0.494444
4;255;0.517778
4;256;0.514444
4;257;0.510000
4;258;0.503889
4;259;0.500000
4;260;0.498333
4;261;0.493333
4;262;0.487778
4;263;0.480556
4;264;0.472222
4;265;0.467778
4;266;0.459444
4;267;0.453333
4;268;0.444444
4;269;0.437222
4;270;0.437222
4;271;0.429444
4;272;0.423333
4;273;0.416667
4;274;0.407778
4;275;0.401667
4;276;0.392778
4;277;0.388333
4;278;0.379444
4;279;0.371111
4;280;0.367778
4;281;0.358889
4;282;0.354444
4;283;0.352222
4;284;0.343333
4;285;0.334444
4;286;0.328333
4;287;0.470000
4;288;0.580556
4;289;0.580000
4;290;0.576111
4;291;0.598333
4;292;0.591667
4;293;0.585000
4;294;0.580000
4;295;0.580000
4;296;0.572222
4;297;0.565000
4;298;0.561111
4;299;0.556667
4;300;0.551111
4;301;0.543333
4;302;0.535556
4;303;0.528333
4;304;0.522778
4;305;0.523333
4;306;0.517222
4;307;0.516111
4;308;0.508333
4;309;0.505556
4;310;0.497778
4;311;0.491111
4;312;0.486111
4;313;0.480556
4;314;0.472778
4;315;0.498889
4;316;0.491111
4;317;0.483889
4;318;0.476667
4;319;0.472222
4;320;0.463889
4;321;0.457222
4;322;0.453889
4;323;0.445000
4;324;0.440556
4;325;0.431667
4;326;0.422778
4;327;0.423333
4;328;0.414444
4;329;0.407222
4;330;0.398333
4;331;0.389444
4;332;0.385000
4;333;0.383889
4;334;0.375000
4;335;0.368333
4;336;0.359444
4;337;0.353889
4;338;0.345000
4;339;0.339444
4;340;0.333889
4;341;0.328333
4;342;0.319444
4;343;0.317778
4;344;0.308889
4;345;0.301111
4;346;0.295000
4;347;0.288333
4;348;0.283889
4;349;0.276111
4;350;0.267222
4;351;0.351667
4;352;0.346667
4;353;0.339444
4;354;0.331111
4;355;0.336667
4;356;0.328333
4;357;0.320000
4;358;0.311667
4;359;0.303889
4;360;0.327222
4;361;0.321111
4;362;0.315000
4;363;0.308889
4;364;0.300556
4;365;0.298333
4;366;0.292222
4;367;0.347222
4;368;0.339444
4;369;0.332778
4;370;0.333889
4;371;0.330000
4;372;0.323889
4;373;0.317222
4;374;0.309444
4;375;0.382778
4;376;0.376667
4;377;0.370000
4;378;0.363889
4;379;0.359444
4;380;0.353889
4;381;0.346667
4;382;0.339444
4;383;0.360556
4;384;0.360000
4;385;0.352778
4;386;0.344444
4;387;0.340000
4;388;0.331111
4;389;0.323889
4;390;0.317778
4;391;0.308889
4;392;0.305556
4;393;0.296667
4;394;0.288333
4;395;0.289444
4;396;0.282222
4;397;0.273333
4;398;0.316667
4;399;0.312222
4;400;0.303333
4;401;0.294444
4;402;0.287778
4;403;0.290556
4;404;0.283333
4;405;0.275000
4;406;0.267222
4;407;0.266667
4;408;0.258333
4;409;0.250000
4;410;0.241667
4;411;0.263889
4;412;0.255556
4;413;0.247778
4;414;0.241667
4;415;0.234444
4;416;0.226111
4;417;0.237778
4;418;0.228889
4;419;0.220000
4;420;0.211667
4;421;0.345556
4;422;0.430556
4;423;0.422778
4;424;0.415556
4;425;0.408889
4;426;0.402778
4;427;0.396667
4;428;0.388889
4;429;0.386111
4;430;0.380000
4;431;0.371111
4;432;0.362222
4;433;0.353333
4;434;0.346667
4;435;0.338889
4;436;0.331667
4;437;0.322778
4;438;0.316667
4;439;0.310556
4;440;0.303889
4;441;0.297222
4;442;0.292222
4;443;0.282778
4;444;0.309444
4;445;0.301111
4;446;0.295556
4;447;0.285556
4;448;0.276111
4;449;0.270556
4;450;0.291111
4;451;0.282778
4;452;0.277222
4;453;0.267778
4;454;0.258333
4;455;0.252222
4;456;0.242222
4;457;0.236667
4;458;0.227778
4;459;0.221111
4;460;0.216667
4;461;0.212222
4;462;0.205556
4;463;0.236111
4;464;0.235000
4;465;0.226667
4;466;0.218333
4;467;0.210000
4;468;0.200000
4;469;0.192778
4;470;0.187778
4;471;0.179444
4;472;0.169444
4;473;0.159444
4;474;0.163889
4;475;0.155556
4;476;0.146111
4;477;0.137222
4;478;0.138333
4;479;0.193889
4;480;0.183889
4;481;0.174444
4;482;0.166667
4;483;0.168333
4;484;0.158333
4;485;0.148333
4;486;0.397778
4;487;0.388889
4;488;0.382222
4;489;0.375000
4;490;0.367222
4;491;0.362222
4;492;0.357778
4;493;0.351111
4;494;0.344444
4;495;0.336667
4;496;0.328889
4;497;0.321111
4;498;0.316111
4;499;0.310556
4;500;0.330000
4;501;0.322778
4;502;0.315000
4;503;0.311667
4;504;0.303333
4;505;0.295556
4;506;0.293333
4;507;0.283889
4;508;0.282222
4;509;0.275000
4;510;0.265556
4;511;0.261111
4;512;0.252778
4;513;0.246667
4;514;0.240000
4;515;0.232222
4;516;0.222778
4;517;0.216111
4;518;0.271111
4;519;0.266667
4;520;0.260556
4;521;0.252778
4;522;0.247778
4;523;0.243333
4;524;0.237778
4;525;0.228889
4;526;0.223889
4;527;0.215000
4;528;0.326667
4;529;0.320556
4;530;0.313333
4;531;0.320000
4;532;0.316111
4;533;0.315556
4;534;0.307778
4;535;0.435000
4;536;0.428889
4;537;0.425556
4;538;0.421111
4;539;0.414444
4;540;0.411111
4;541;0.407778
4;542;0.402222
4;543;0.427222
4;544;0.422778
4;545;0.416667
4;546;0.411667
4;547;0.407222
4;548;0.402778
4;549;0.397222
4;550;0.429444
4;551;0.510556
4;552;0.508889
4;553;0.505000
4;554;0.499444
4;555;0.497222
4;556;0.488889
4;557;0.482778
4;558;0.473889
4;559;0.467778
4;560;0.469444
4;561;0.462778
4;562;0.452778
4;563;0.442778
4;564;0.432778
4;565;0.428333
4;566;0.421111
4;567;0.411111
4;568;0.405556
4;569;0.397222
4;570;0.389444
4;571;0.382778
4;572;0.380000
4;573;0.370000
4;574;0.362222
4;575;0.353333
4;576;0.343333
4;577;0.398889
4;578;0.389444
4;579;0.380556
4;580;0.371111
4;581;0.368889
4;582;0.360556
4;583;0.352778
4;584;0.342778
4;585;0.334444
4;586;0.326111
4;587;0.322222
4;588;0.315000
4;589;0.336667
4;590;0.327778
4;591;0.319444
4;592;0.311111
4;593;0.304444
4;594;0.299444
4;595;0.301667
4;596;0.293889
4;597;0.286111
4;598;0.276111
4;599;0.271111
4;600;0.262222
4;601;0.252778
4;602;0.439444
4;603;0.459444
4;604;0.450556
4;605;0.449444
4;606;0.469444
4;607;0.462222
4;608;0.453333
4;609;0.446111
4;610;0.443333
4;611;0.434444
4;612;0.426111
4;613;0.421667
4;614;0.416111
4;615;0.407222
4;616;0.398889
4;617;0.392778
4;618;0.386667
4;619;0.379444
4;620;0.375556
4;621;0.370000
4;622;0.361667
4;623;0.353889
4;624;0.346667
4;625;0.340556
4;626;0.334444
4;627;0.326667
4;628;0.321667
4;629;0.320000
4;630;0.311111
4;631;0.307778
4;632;0.301667
4;633;0.294444
4;634;0.285556
4;635;0.276667
4;636;0.270000
4;637;0.262778
4;638;0.253889
4;639;0.247778
4;640;0.242778
4;641;0.238333
4;642;0.229444
4;643;0.220556
4;644;0.216667
4;645;0.207778
4;646;0.206667
4;647;0.197778
4;648;0.189444
4;649;0.181111
4;650;0.172222
4;651;0.165000
4;652;0.156111
4;653;0.148889
4;654;0.138889
4;655;0.132222
4;656;0.160556
4;657;0.155000
4;658;0.149444
4;659;0.155000
4;660;0.145556
4;661;0.138889
4;662;0.147778
4;663;0.141111
4;664;0.131667
4;665;0.250556
4;666;0.246111
4;667;0.237222
4;668;0.228333
4;669;0.225556
4;670;0.217222
4;671;0.212778
4;672;0.234444
4;673;0.347778
4;674;0.347778
4;675;0.338889
4;676;0.328889
4;677;0.322778
4;678;0.317222
4;679;0.317222
4;680;0.336111
4;681;0.326111
4;682;0.316667
4;683;0.351111
4;684;0.343889
4;685;0.337778
4;686;0.328889
4;687;0.355000
4;688;0.346111
4;689;0.336111
4;690;0.328889
4;691;0.322778
4;692;0.312778
4;693;0.302778
4;694;0.296111
4;695;0.287222
4;696;0.277222
4;697;0.303333
4;698;0.293333
4;699;0.283889
4;700;0.274444
4;701;0.267222
4;702;0.261667
4;703;0.253889
4;704;0.244444
4;705;0.237778
4;706;0.228333
4;707;0.291111
4;708;0.281667
4;709;0.272222
4;710;0.288333
4;711;0.280556
4;712;0.271111
4;713;0.357778
4;714;0.352222
4;715;0.342778
4;716;0.335556
4;717;0.326111
4;718;0.321111
4;719;0.312778
4;720;0.307222
4;721;0.298889
4;722;0.289444
4;723;0.283889
4;724;0.280556
4;725;0.272778
4;726;0.263889
4;727;0.257778
4;728;0.250556
4;729;0.241111
4;730;0.236667
4;731;0.227222
4;732;0.222778
4;733;0.215000
4;734;0.210000
4;735;0.202222
4;736;0.195556
4;737;0.188889
4;738;0.180000
4;739;0.178889
4;740;0.172222
4;741;0.166111
4;742;0.161111
4;743;0.153333
4;744;0.143889
4;745;0.138889
4;746;0.132222
4;747;0.122778
4;748;0.297778
4;749;0.361111
4;750;0.352778
4;751;0.342778
4;752;0.337778
4;753;0.330000
4;754;0.325556
4;755;0.316111
4;756;0.307778
4;757;0.302778
4;758;0.295556
4;759;0.286111
4;760;0.278889
4;761;0.270556
4;762;0.267778
4;763;0.257778
4;764;0.254444
4;765;0.245556
4;766;0.237222
4;767;0.228889
4;768;0.219444
4;769;0.299444
4;770;0.293333
4;771;0.289444
4;772;0.281667
4;773;0.272222
4;774;0.262778
4;775;0.409444
4;776;0.400556
4;777;0.393889
4;778;0.387222
4;779;0.381111
4;780;0.373889
4;781;0.371111
4;782;0.365556
4;783;0.359444
4;784;0.351667
4;785;0.342778
4;786;0.335556
4;787;0.331111
4;788;0.327778
4;789;0.318889
4;790;0.314444
4;791;0.311667
4;792;0.302778
4;793;0.295556
4;794;0.290000
4;795;0.281667
4;796;0.282222
4;797;0.273333
4;798;0.295556
4;799;0.290000
4;800;0.285556
4;801;0.278333
4;802;0.270000
4;803;0.262778
4;804;0.256111
4;805;0.249444
4;806;0.271111
4;807;0.262222
4;808;0.369444
4;809;0.364444
4;810;0.358889
4;811;0.453333
4;812;0.445556
4;813;0.438333
4;814;0.435000
4;815;0.432222
4;816;0.427222
4;817;0.420000
4;818;0.412778
4;819;0.411667
4;820;0.406667
4;821;0.402222
4;822;0.396111
4;823;0.390000
4;824;0.383889
4;825;0.380000
4;826;0.375000
4;827;0.367778
4;828;0.364444
4;829;0.360556
4;830;0.355556
4;831;0.350556
4;832;0.346111
4;833;0.339444
4;834;0.336111
4;835;0.332778
4;836;0.325000
4;837;0.318333
4;838;0.313333
4;839;0.311667
4;840;0.305556
4;841;0.300556
4;842;0.294444
4;843;0.291111
4;844;0.285556
4;845;0.280556
4;846;0.296667
4;847;0.336667
4;848;0.332778
4;849;0.330000
4;850;0.327778
4;851;0.325000
4;852;0.318333
4;853;0.310556
4;854;0.303889
4;855;0.302222
4;856;0.299444
4;857;0.292222
4;858;0.386667
4;859;0.416667
4;860;0.408889
4;861;0.402778
4;862;0.398333
4;863;0.391111
4;864;0.384444
4;865;0.377778
4;866;0.371667
4;867;0.362778
4;868;0.357778
4;869;0.352222
4;870;0.343889
4;871;0.340000
4;872;0.334444
4;873;0.327778
4;874;0.320000
4;875;0.347222
4;876;0.338889
4;877;0.332222
4;878;0.331667
4;879;0.326111
4;880;0.320000
4;881;0.311111
4;882;0.303889
4;883;0.323889
4;884;0.315000
4;885;0.384444
4;886;0.375556
4;887;0.366667
4;888;0.360556
4;889;0.420000
4;890;0.413889
4;891;0.405000
4;892;0.398889
4;893;0.392778
4;894;0.383889
4;895;0.382778
4;896;0.373889
4;897;0.366667
4;898;0.361111
4;899;0.353889
4;900;0.347778
4;901;0.338889
4;902;0.332222
4;903;0.323333
4;904;0.317222
4;905;0.311111
4;906;0.303889
4;907;0.296111
4;908;0.290000
4;909;0.288333
4;910;0.280556
4;911;0.276111
4;912;0.270000
4;913;0.263889
4;914;0.255000
4;915;0.249444
4;916;0.240556
4;917;0.233889
4;918;0.258333
4;919;0.252222
4;920;0.246111
4;921;0.238889
4;922;0.230000
4;923;0.222222
4;924;0.215556
4;925;0.211111
4;926;0.202222
4;927;0.193889
4;928;0.304444
4;929;0.359444
4;930;0.356111
4;931;0.349444
4;932;0.342778
4;933;0.343333
4;934;0.337778
4;935;0.332222
4;936;0.326667
4;937;0.320556
4;938;0.318889
4;939;0.313333
4;940;0.309444
4;941;0.307222
4;942;0.300556
4;943;0.297778
4;944;0.290556
4;945;0.288333
4;946;0.286667
4;947;0.278889
4;948;0.271111
4;949;0.271111
4;950;0.265556
4;951;0.265000
4;952;0.257222
4;953;0.253333
4;954;0.245556
4;955;0.241111
4;956;0.267222
4;957;0.290556
4;958;0.285000
4;959;0.280556
4;960;0.274444
4;961;0.268333
4;962;0.264444
4;963;0.438333
4;964;0.435556
4;965;0.430000
4;966;0.424444
4;967;0.420000
4;968;0.412778
4;969;0.566111
4;970;0.561111
4;971;0.553333
4;972;0.553333
4;973;0.546667
4;974;0.538889
4;975;0.533333
4;976;0.529444
4;977;0.530556
4;978;0.525556
4;979;0.520000
4;980;0.513889
4;981;0.506111
4;982;0.498333
4;983;0.498889
4;984;0.491111
4;985;0.483889
4;986;0.480556
4;987;0.476667
4;988;0.468889
4;989;0.465556
4;990;0.460556
4;991;0.456667
4;992;0.449444
4;993;0.447778
4;994;0.440000
4;995;0.436111
4;996;0.430000
4;997;0.422778
4;998;0.416111
4;999;0.477778
4;1000;0.471667
4;1001;0.467778
4;1002;0.462778
4;1003;0.457222
4;1004;0.452222
4;1005;0.446111
4;1006;0.445000
4;1007;0.438889
4;1008;0.433889
4;1009;0.432222
4;1010;0.428333
4;1011;0.422222
4;1012;0.443889
4;1013;0.438333
4;1014;0.434444
4;1015;0.427222
4;1016;0.423333
4;1017;0.416111
4;1018;0.415000
4;1019;0.411111
4;1020;0.404444
4;1021;0.400556
4;1022;0.395000
4;1023;0.390556
4;1024;0.388333
4;1025;0.380556
4;1026;0.408333
4;1027;0.400556
4;1028;0.392778
4;1029;0.387222
4;1030;0.379444
4;1031;0.371667
4;1032;0.371667
4;1033;0.365556
4;1034;0.358889
4;1035;0.351111
4;1036;0.350000
4;1037;0.342222
4;1038;0.333333
4;1039;0.327222
4;1040;0.320000
4;1041;0.314444
4;1042;0.308333
4;1043;0.302222
4;1044;0.295000
4;1045;0.286111
4;1046;0.277222
4;1047;0.282778
4;1048;0.275000
4;1049;0.266667
4;1050;0.261111
4;1051;0.279444
4;1052;0.271111
4;1053;0.265000
4;1054;0.261111
4;1055;0.252222
4;1056;0.243333
4;1057;0.236667
4;1058;0.231667
4;1059;0.226111
4;1060;0.217778
4;1061;0.228889
4;1062;0.220000
4;1063;0.211111
4;1064;0.312778
4;1065;0.304444
4;1066;0.296111
4;1067;0.301111
4;1068;0.292778
4;1069;0.284444
4;1070;0.276111
4;1071;0.432778
4;1072;0.426667
4;1073;0.419444
4;1074;0.499444
4;1075;0.492778
4;1076;0.488333
4;1077;0.483333
4;1078;0.506111
4;1079;0.500556
4;1080;0.493889
4;1081;0.491667
4;1082;0.485556
4;1083;0.480000
4;1084;0.476667
4;1085;0.469444
4;1086;0.460556
4;1087;0.454444
4;1088;0.450000
4;1089;0.442778
4;1090;0.433889
4;1091;0.431111
4;1092;0.426111
4;1093;0.420556
4;1094;0.414444
4;1095;0.405556
4;1096;0.397222
4;1097;0.392222
4;1098;0.386111
4;1099;0.380000
4;1100;0.373333
4;1101;0.366667
4;1102;0.358333
4;1103;0.357222
4;1104;0.348889
4;1105;0.342222
4;1106;0.336111
4;1107;0.332778
4;1108;0.326111
4;1109;0.317222
4;1110;0.316111
4;1111;0.308889
4;1112;0.300000
4;1113;0.293889
4;1114;0.288333
4;1115;0.296111
4;1116;0.286667
4;1117;0.278333
4;1118;0.276111
4;1119;0.286667
4;1120;0.277778
4;1121;0.271111
4;1122;0.263889
4;1123;0.256667
4;1124;0.248889
4;1125;0.242222
4;1126;0.263333
4;1127;0.318333
4;1128;0.308889
4;1129;0.303333
4;1130;0.305000
4;1131;0.295556
4;1132;0.286111
4;1133;0.279444
4;1134;0.271667
4;1135;0.266111
4;1136;0.256667
4;1137;0.248333
4;1138;0.313889
4;1139;0.308333
4;1140;0.301667
4;1141;0.292778
4;1142;0.292222
4;1143;0.283333
4;1144;0.380000
4;1145;0.371667
4;1146;0.365556
4;1147;0.357222
4;1148;0.350000
4;1149;0.342222
4;1150;0.332778
4;1151;0.323333
4;1152;0.322778
4;1153;0.314444
4;1154;0.305000
4;1155;0.297778
4;1156;0.288333
4;1157;0.282778
4;1158;0.273889
4;1159;0.267778
4;1160;0.264444
4;1161;0.260556
4;1162;0.251111
4;1163;0.241667
4;1164;0.237778
4;1165;0.231667
4;1166;0.222222
4;1167;0.212778
4;1168;0.206111
4;1169;0.198333
4;1170;0.188889
4;1171;0.182222
4;1172;0.174444
4;1173;0.166111
4;1174;0.161111
4;1175;0.152778
4;1176;0.143889
4;1177;0.160000
4;1178;0.180556
4;1179;0.171667
4;1180;0.264444
4;1181;0.266111
4;1182;0.256667
4;1183;0.250000
4;1184;0.240556
4;1185;0.236111
4;1186;0.226667
4;1187;0.219444
4;1188;0.216111
4;1189;0.207778
4;1190;0.198333
4;1191;0.198333
4;1192;0.188889
4;1193;0.179444
4;1194;0.172778
4;1195;0.165000
4;1196;0.234444
4;1197;0.225556
4;1198;0.220556
4;1199;0.215000
4;1200;0.206111
4;1201;0.201111
4;1202;0.193889
4;1203;0.187222
4;1204;0.180000
4;1205;0.175000
4;1206;0.288333
4;1207;0.281667
4;1208;0.276111
4;1209;0.271111
4;1210;0.271111
4;1211;0.263889
4;1212;0.255556
4;1213;0.252222
4;1214;0.246111
4;1215;0.240000
4;1216;0.412222
4;1217;0.406667
4;1218;0.428889
4;1219;0.423889
4;1220;0.415556
4;1221;0.411111
4;1222;0.406111
4;1223;0.398889
4;1224;0.390556
4;1225;0.383333
4;1226;0.379444
4;1227;0.372778
4;1228;0.368333
4;1229;0.358889
4;1230;0.350000
4;1231;0.347222
4;1232;0.339444
4;1233;0.332222
4;1234;0.322222
4;1235;0.313333
4;1236;0.307222
4;1237;0.299444
4;1238;0.289444
4;1239;0.281111
4;1240;0.271667
4;1241;0.363333
4;1242;0.356111
4;1243;0.346111
4;1244;0.426667
4;1245;0.420000
4;1246;0.410556
4;1247;0.402778
4;1248;0.396111
4;1249;0.388333
4;1250;0.383889
4;1251;0.373889
4;1252;0.364444
4;1253;0.356111
4;1254;0.347778
4;1255;0.345000
4;1256;0.335000
4;1257;0.326111
4;1258;0.316667
4;1259;0.311111
4;1260;0.301667
4;1261;0.297778
4;1262;0.290000
4;1263;0.282222
4;1264;0.272222
4;1265;0.262222
4;1266;0.256667
4;1267;0.249444
4;1268;0.247222
4;1269;0.237222
4;1270;0.230556
4;1271;0.222222
4;1272;0.217778
4;1273;0.207778
4;1274;0.370556
4;1275;0.369444
4;1276;0.362222
4;1277;0.352222
4;1278;0.345000
4;1279;0.340556
4;1280;0.333333
4;1281;0.327222
4;1282;0.317222
4;1283;0.308889
4;1284;0.301111
4;1285;0.298889
4;1286;0.291111
4;1287;0.281111
4;1288;0.272778
4;1289;0.265000
4;1290;0.265000
4;1291;0.257778
4;1292;0.252778
4;1293;0.247778
4;1294;0.237778
4;1295;0.227778
4;1296;0.221111
4;1297;0.215556
4;1298;0.211667
4;1299;0.205000
4;1300;0.198333
4;1301;0.192222
4;1302;0.182222
4;1303;0.176111
4;1304;0.168333
4;1305;0.166667
4;1306;0.156667
4;1307;0.146667
4;1308;0.160000
4;1309;0.151667
4;1310;0.146667
4;1311;0.156111
4;1312;0.148889
4;1313;0.141111
4;1314;0.131111
4;1315;0.121111
4;1316;0.203333
4;1317;0.197778
4;1318;0.188889
4;1319;0.181111
4;1320;0.172222
4;1321;0.175000
4;1322;0.166667
4;1323;0.157778
4;1324;0.150556
4;1325;0.145556
4;1326;0.136667
4;1327;0.127222
4;1328;0.188333
4;1329;0.181667
4;1330;0.173333
4;1331;0.165000
4;1332;0.161111
4;1333;0.161111
4;1334;0.151111
4;1335;0.141667
4;1336;0.193889
4;1337;0.187222
4;1338;0.177222
4;1339;0.168889
4;1340;0.385556
4;1341;0.380000
4;1342;0.373889
4;1343;0.367222
4;1344;0.359444
4;1345;0.350556
4;1346;0.346111
4;1347;0.342778
4;1348;0.333889
4;1349;0.325556
4;1350;0.322778
4;1351;0.314444
4;1352;0.340556
4;1353;0.337222
4;1354;0.328333
4;1355;0.322778
4;1356;0.313889
4;1357;0.306667
4;1358;0.297778
4;1359;0.291111
4;1360;0.285000
4;1361;0.278889
4;1362;0.272222
4;1363;0.264444
4;1364;0.255556
4;1365;0.249444
4;1366;0.244444
4;1367;0.238889
4;1368;0.232778
4;1369;0.227222
4;1370;0.218333
4;1371;0.209444
4;1372;0.224444
4;1373;0.215556
4;1374;0.206667
4;1375;0.211111
4;1376;0.202222
4;1377;0.193333
4;1378;0.184444
4;1379;0.283889
4;1380;0.275556
4;1381;0.268333
4;1382;0.301667
4;1383;0.292778
4;1384;0.284444
4;1385;0.279444
4;1386;0.270556
4;1387;0.300000
4;1388;0.291667
4;1389;0.286667
4;1390;0.280000
4;1391;0.273889
4;1392;0.269444
4;1393;0.263333
4;1394;0.254444
4;1395;0.247778
4;1396;0.242222
4;1397;0.233889
4;1398;0.228333
4;1399;0.220556
4;1400;0.240556
4;1401;0.235556
4;1402;0.229444
4;1403;0.223889
4;1404;0.220000
4;1405;0.218889
4;1406;0.211667
4;1407;0.202778
4;1408;0.196111
4;1409;0.190556
4;1410;0.181667
4;1411;0.175000
4;1412;0.302222
4;1413;0.293889
4;1414;0.287778
4;1415;0.425000
4;1416;0.419444
4;1417;0.415000
4;1418;0.408333
4;1419;0.431111
4;1420;0.426111
4;1421;0.418889
4;1422;0.415000
4;1423;0.409444
4;1424;0.405556
4;1425;0.400000
4;1426;0.392222
4;1427;0.385556
4;1428;0.380000
4;1429;0.375556
4;1430;0.370000
4;1431;0.362778
4;1432;0.362222
4;1433;0.354444
4;1434;0.348333
4;1435;0.342778
4;1436;0.335000
4;1437;0.334444
4;1438;0.326667
4;1439;0.318333
4;1440;0.420556
4;1441;0.596111
4;1442;0.590556
4;1443;0.585000
4;1444;0.575556
4;1445;0.566111
4;1446;0.560000
4;1447;0.556667
4;1448;0.547222
4;1449;0.537778
4;1450;0.531667
4;1451;0.523333
4;1452;0.520556
4;1453;0.510556
4;1454;0.505000
4;1455;0.497222
4;1456;0.488889
4;1457;0.484444
4;1458;0.477222
4;1459;0.473333
4;1460;0.463333
4;1461;0.453333
4;1462;0.448889
4;1463;0.443333
4;1464;0.433889
4;1465;0.425556
4;1466;0.415556
4;1467;0.411667
4;1468;0.402222
4;1469;0.393889
4;1470;0.388889
4;1471;0.412222
4;1472;0.405556
4;1473;0.396111
4;1474;0.390000
4;1475;0.383889
4;1476;0.376667
4;1477;0.372222
4;1478;0.362222
4;1479;0.353333
4;1480;0.346111
4;1481;0.343889
4;1482;0.333889
4;1483;0.323889
4;1484;0.313889
4;1485;0.309444
4;1486;0.299444
4;1487;0.292222
4;1488;0.285000
4;1489;0.283333
4;1490;0.275000
4;1491;0.265000
4;1492;0.256667
4;1493;0.251667
4;1494;0.245000
4;1495;0.240000
4;1496;0.230000
4;1497;0.220556
4;1498;0.214444
4;1499;0.206111
4;1500;0.200000
4;1501;0.191111
4;1502;0.184444
4;1503;0.330000
4;1504;0.322222
4;1505;0.312778
4;1506;0.303333
4;1507;0.303333
4;1508;0.294444
4;1509;0.287222
4;1510;0.281667
4;1511;0.272222
4;1512;0.267222
4;1513;0.260556
4;1514;0.251667
4;1515;0.246111
4;1516;0.237222
4;1517;0.234444
4;1518;0.227778
4;1519;0.220000
4;1520;0.211111
4;1521;0.208889
4;1522;0.205000
4;1523;0.199444
4;1524;0.192778
4;1525;0.184444
4;1526;0.178889
4;1527;0.173333
4;1528;0.163889
4;1529;0.159444
4;1530;0.153889
4;1531;0.147222
4;1532;0.140556
4;1533;0.133889
4;1534;0.143889
4;1535;0.134444
4;1536;0.127778
4;1537;0.122222
4;1538;0.113333
4;1539;0.153889
4;1540;0.144444
4;1541;0.140556
4;1542;0.131111
4;1543;0.147778
4;1544;0.138333
4;1545;0.132778
4;1546;0.127222
4;1547;0.118889
4;1548;0.111667
4;1549;0.106111
4;1550;0.098333
4;1551;0.116111
4;1552;0.131111
4;1553;0.126111
4;1554;0.121667
4;1555;0.114444
4;1556;0.106667
4;1557;0.100000
4;1558;0.092222
4;1559;0.148889
4;1560;0.140000
4;1561;0.133333
4;1562;0.335556
4;1563;0.328889
4;1564;0.328889
4;1565;0.322222
4;1566;0.314444
4;1567;0.309444
4;1568;0.300556
4;1569;0.295556
4;1570;0.292222
4;1571;0.283333
4;1572;0.430000
4;1573;0.422222
4;1574;0.413333
4;1575;0.408333
4;1576;0.403889
4;1577;0.495000
4;1578;0.488889
4;1579;0.484444
4;1580;0.476111
4;1581;0.473333
4;1582;0.470000
4;1583;0.463333
4;1584;0.453333
4;1585;0.446111
4;1586;0.442778
4;1587;0.437222
4;1588;0.427222
4;1589;0.421111
4;1590;0.412778
4;1591;0.412222
4;1592;0.404444
4;1593;0.394444
4;1594;0.393889
4;1595;0.387778
4;1596;0.377778
4;1597;0.371111
4;1598;0.361111
4;1599;0.353889
4;1600;0.347778
4;1601;0.343889
4;1602;0.362778
4;1603;0.438889
4;1604;0.431111
4;1605;0.421111
4;1606;0.412222
4;1607;0.405556
4;1608;0.398889
4;1609;0.393333
4;1610;0.386111
4;1611;0.379444
4;1612;0.369444
4;1613;0.363889
4;1614;0.358889
4;1615;0.350556
4;1616;0.343333
4;1617;0.333333
4;1618;0.358333
4;1619;0.351111
4;1620;0.341111
4;1621;0.335000
4;1622;0.326667
4;1623;0.318333
4;1624;0.310556
4;1625;0.300556
4;1626;0.291111
4;1627;0.287778
4;1628;0.281667
4;1629;0.272778
4;1630;0.262778
4;1631;0.255000
4;1632;0.246667
4;1633;0.239444
4;1634;0.232778
4;1635;0.223889
4;1636;0.213889
4;1637;0.207778
4;1638;0.203333
4;1639;0.195556
4;1640;0.186111
4;1641;0.176667
4;1642;0.318333
4;1643;0.310556
4;1644;0.301667
4;1645;0.293333
4;1646;0.287778
4;1647;0.278889
4;1648;0.272778
4;1649;0.265556
4;1650;0.257222
4;1651;0.248889
4;1652;0.245000
4;1653;0.237778
4;1654;0.231667
4;1655;0.228889
4;1656;0.222222
4;1657;0.212778
4;1658;0.205556
4;1659;0.196111
4;1660;0.191667
4;1661;0.187778
4;1662;0.181667
4;1663;0.172222
4;1664;0.163333
4;1665;0.160556
4;1666;0.151111
4;1667;0.144444
4;1668;0.305000
4;1669;0.298333
4;1670;0.292778
4;1671;0.285556
4;1672;0.282222
4;1673;0.272778
4;1674;0.264444
4;1675;0.256667
4;1676;0.251111
4;1677;0.242222
4;1678;0.236111
4;1679;0.310556
4;1680;0.308333
4;1681;0.298333
4;1682;0.292222
4;1683;0.285000
4;1684;0.505556
4;1685;0.496667
4;1686;0.487778
4;1687;0.482778
4;1688;0.482778
4;1689;0.473889
4;1690;0.470556
4;1691;0.490556
4;1692;0.481667
4;1693;0.472778
4;1694;0.466111
4;1695;0.460000
4;1696;0.451667
4;1697;0.446111
4;1698;0.442222
4;1699;0.435000
4;1700;0.426111
4;1701;0.420000
4;1702;0.416667
4;1703;0.410000
4;1704;0.403333
4;1705;0.394444
4;1706;0.388333
4;1707;0.381111
4;1708;0.373889
4;1709;0.365000
4;1710;0.356667
4;1711;0.357778
4;1712;0.351667
4;1713;0.342778
4;1714;0.336667
4;1715;0.327778
4;1716;0.320556
4;1717;0.317222
4;1718;0.308333
4;1719;0.301111
4;1720;0.293333
4;1721;0.287778
4;1722;0.281111
4;1723;0.275556
4;1724;0.266667
4;1725;0.258333
4;1726;0.253889
4;1727;0.247778
4;1728;0.240556
4;1729;0.233333
4;1730;0.223889
4;1731;0.214444
4;1732;0.207222
4;1733;0.265000
4;1734;0.256111
4;1735;0.250000
4;1736;0.248889
4;1737;0.239444
4;1738;0.232222
4;1739;0.225000
4;1740;0.218889
4;1741;0.215000
4;1742;0.206667
4;1743;0.202222
4;1744;0.224444
4;1745;0.218333
4;1746;0.210000
4;1747;0.200556
4;1748;0.193333
4;1749;0.186111
4;1750;0.176667
4;1751;0.210000
4;1752;0.200556
4;1753;0.192778
4;1754;0.186111
4;1755;0.179444
4;1756;0.174444
4;1757;0.166111
4;1758;0.157222
4;1759;0.151667
4;1760;0.142778
4;1761;0.166667
4;1762;0.157778
4;1763;0.150000
4;1764;0.140556
4;1765;0.136667
4;1766;0.131667
4;1767;0.123333
4;1768;0.113889
4;1769;0.112778
4;1770;0.139444
4;1771;0.132222
4;1772;0.253889
4;1773;0.347222
4;1774;0.338333
4;1775;0.332778
4;1776;0.326111
4;1777;0.318889
4;1778;0.310000
4;1779;0.302222
4;1780;0.341111
4;1781;0.336111
4;1782;0.332222
4;1783;0.323333
4;1784;0.317222
4;1785;0.315000
4;1786;0.307778
4;1787;0.305000
4;1788;0.297222
4;1789;0.293889
4;1790;0.287222
4;1791;0.278333
4;1792;0.269444
4;1793;0.262222
4;1794;0.256667
4;1795;0.252222
4;1796;0.246667
4;1797;0.240556
4;1798;0.232778
4;1799;0.225556
4;1800;0.227222
4;1801;0.219444
4;1802;0.213333
4;1803;0.205000
4;1804;0.198333
4;1805;0.197778
4;1806;0.194444
4;1807;0.188889
4;1808;0.277222
4;1809;0.268889
4;1810;0.260556
4;1811;0.254444
4;1812;0.251667
4;1813;0.251667
4;1814;0.245000
4;1815;0.236667
4;1816;0.229444
4;1817;0.224444
4;1818;0.222778
4;1819;0.215000
4;1820;0.208333
4;1821;0.205000
4;1822;0.197222
4;1823;0.193333
4;1824;0.188889
4;1825;0.180000
4;1826;0.171111
4;1827;0.165000
4;1828;0.298333
4;1829;0.290556
4;1830;0.461667
4;1831;0.456111
4;1832;0.452222
4;1833;0.557778
4;1834;0.555556
4;1835;0.551667
4;1836;0.574444
4;1837;0.568889
4;1838;0.564444
4;1839;0.563889
4;1840;0.562222
4;1841;0.556111
4;1842;0.550000
4;1843;0.547222
4;1844;0.552778
4;1845;0.548333
4;1846;0.544444
4;1847;0.538333
4;1848;0.533889
4;1849;0.529444
4;1850;0.525556
4;1851;0.521667
4;1852;0.547222
4;1853;0.543889
4;1854;0.538333
4;1855;0.535556
4;1856;0.529444
4;1857;0.525000
4;1858;0.610000
4;1859;0.606111
4;1860;0.601667
4;1861;0.601111
4;1862;0.597778
4;1863;0.592778
4;1864;0.586667
4;1865;0.585000
4;1866;0.582778
4;1867;0.580000
4;1868;0.573889
4;1869;0.568889
4;1870;0.562778
4;1871;0.561667
4;1872;0.555556
4;1873;0.548333
4;1874;0.547778
4;1875;0.540000
4;1876;0.533889
4;1877;0.526111
4;1878;0.522222
4;1879;0.516667
4;1880;0.508889
4;1881;0.507222
4;1882;0.498889
4;1883;0.500556
4;1884;0.492222
4;1885;0.485556
4;1886;0.477222
4;1887;0.468889
4;1888;0.467778
4;1889;0.460000
4;1890;0.452778
4;1891;0.447222
4;1892;0.439444
4;1893;0.437222
4;1894;0.428889
4;1895;0.422778
4;1896;0.422222
4;1897;0.413889
4;1898;0.405556
4;1899;0.400556
4;1900;0.393889
4;1901;0.390556
4;1902;0.382222
4;1903;0.383333
4;1904;0.381111
4;1905;0.374444
4;1906;0.366667
4;1907;0.360556
4;1908;0.352778
4;1909;0.350556
4;1910;0.345000
4;1911;0.340556
4;1912;0.361111
4;1913;0.416111
4;1914;0.408333
4;1915;0.501667
4;1916;0.493889
4;1917;0.486111
4;1918;0.484444
4;1919;0.479444
4;1920;0.472222
4;1921;0.468333
4;1922;0.461667
4;1923;0.483333
4;1924;0.479444
4;1925;0.471667
4;1926;0.463889
4;1927;0.461111
4;1928;0.457778
4;1929;0.450000
4;1930;0.442222
4;1931;0.438333
4;1932;0.432778
4;1933;0.430556
4;1934;0.427222
4;1935;0.419444
4;1936;0.411667
4;1937;0.406111
4;1938;0.400000
4;1939;0.393889
4;1940;0.388889
4;1941;0.382778
4;1942;0.377222
4;1943;0.372222
4;1944;0.365000
4;1945;0.359444
4;1946;0.352778
4;1947;0.347778
4;1948;0.348333
4;1949;0.341667
4;1950;0.336667
4;1951;0.330000
4;1952;0.322222
4;1953;0.317222
4;1954;0.309444
4;1955;0.306111
4;1956;0.301111
4;1957;0.295556
4;1958;0.290556
4;1959;0.282778
4;1960;0.275000
4;1961;0.291667
4;1962;0.283889
4;1963;0.276667
4;1964;0.276111
4;1965;0.272778
4;1966;0.270556
4;1967;0.263333
4;1968;0.261111
4;1969;0.253333
4;1970;0.245556
4;1971;0.240000
4;1972;0.310556
4;1973;0.303333
4;1974;0.298333
4;1975;0.296667
4;1976;0.405556
4;1977;0.402222
4;1978;0.634444
4;1979;0.633889
4;1980;0.636111
4;1981;0.633333
4;1982;0.633889
4;1983;0.632222
4;1984;0.628889
4;1985;0.628333
4;1986;0.627222
4;1987;0.627222
4;1988;0.623333
4;1989;0.620000
4;1990;0.675000
4;1991;0.681111
4;1992;0.677778
4;1993;0.674444
4;1994;0.672222
4;1995;0.668889
4;1996;0.722222
4;1997;0.891111
4;1998;0.890000
4;1999;0.945000
4;2000;0.944444
5;0;0.426667
5;1;0.430000
5;2;0.420000
5;3;0.410000
5;4;0.400000
5;5;0.396667
5;6;0.386667
5;7;0.390000
5;8;0.380000
5;9;0.370000
5;10;0.360000
5;11;0.370000
5;12;0.360000
5;13;0.350000
5;14;0.340000
5;15;0.330000
5;16;0.320000
5;17;0.323333
5;18;0.313333
5;19;0.303333
5;20;0.293333
5;21;0.293333
5;22;0.283333
5;23;0.273333
5;24;0.276667
5;25;0.266667
5;26;0.256667
5;27;0.246667
5;28;0.246667
5;29;0.236667
5;30;0.226667
5;31;0.230000
5;32;0.220000
5;33;0.210000
5;34;0.200000
5;35;0.210000
5;36;0.200000
5;37;0.190000
5;38;0.180000
5;39;0.170000
5;40;0.160000
5;41;0.153333
5;42;0.150000
5;43;0.140000
5;44;0.133333
5;45;0.130000
5;46;0.120000
5;47;0.126667
5;48;0.116667
5;49;0.106667
5;50;0.096667
5;51;0.108333
5;52;0.296667
5;53;0.286667
5;54;0.283333
5;55;0.280000
5;56;0.270000
5;57;0.260000
5;58;0.256667
5;59;0.250000
5;60;0.240000
5;61;0.236667
5;62;0.228333
5;63;0.221667
5;64;0.211667
5;65;0.213333
5;66;0.203333
5;67;0.193333
5;68;0.190000
5;69;0.185000
5;70;0.175000
5;71;0.165000
5;72;0.173333
5;73;0.163333
5;74;0.153333
5;75;0.143333
5;76;0.133333
5;77;0.085556
5;78;0.397778
5;79;0.387778
5;80;0.383333
5;81;0.373333
5;82;0.421111
5;83;0.414444
5;84;0.404444
5;85;0.398889
5;86;0.393333
5;87;0.383333
5;88;0.373333
5;89;0.364444
5;90;0.357778
5;91;0.427778
5;92;0.423333
5;93;0.420000
5;94;0.410000
5;95;0.400000
5;96;0.392222
5;97;0.382222
5;98;0.376667
5;99;0.371111
5;100;0.361111
5;101;0.351111
5;102;0.343333
5;103;0.334444
5;104;0.330000
5;105;0.322222
5;106;0.312222
5;107;0.304444
5;108;0.296667
5;109;0.293333
5;110;0.288889
5;111;0.278889
5;112;0.268889
5;113;0.258889
5;114;0.248889
5;115;0.316667
5;116;0.306667
5;117;0.296667
5;118;0.291111
5;119;0.287778
5;120;0.277778
5;121;0.267778
5;122;0.260000
5;123;0.250000
5;124;0.245556
5;125;0.240000
5;126;0.230000
5;127;0.220000
5;128;0.210000
5;129;0.205556
5;130;0.195556
5;131;0.187778
5;132;0.182222
5;133;0.174444
5;134;0.173333
5;135;0.165556
5;136;0.157778
5;137;0.151111
5;138;0.146667
5;139;0.136667
5;140;0.152222
5;141;0.145556
5;142;0.141111
5;143;0.134444
5;144;0.130000
5;145;0.120000
5;146;0.111111
5;147;0.106667
5;148;0.096667
5;149;0.073333
5;150;0.083333
5;151;0.073333
5;152;0.063333
5;153;0.058333
5;154;0.058333
5;155;0.051667
5;156;0.066667
5;157;0.056667
5;158;0.050000
5;159;0.045833
5;160;0.037500
5;161;0.027500
5;162;0.066667
5;163;0.059167
5;164;0.049167
5;165;0.039167
5;166;0.042500
5;167;0.037500
5;168;0.100000
5;169;0.090000
5;170;0.082500
5;171;0.075833
5;172;0.067500
5;173;0.065000
5;174;0.058333
5;175;0.050833
5;176;0.040833
5;177;0.135833
5;178;0.166667
5;179;0.159167
5;180;0.150000
5;181;0.145833
5;182;0.138333
5;183;0.235833
5;184;0.230833
5;185;0.224167
5;186;0.215833
5;187;0.213333
5;188;0.207500
5;189;0.202500
5;190;0.195000
5;191;0.219167
5;192;0.212500
5;193;0.206667
5;194;0.206667
5;195;0.200000
5;196;0.190833
5;197;0.147333
5;198;0.312667
5;199;0.306000
5;200;0.434000
5;201;0.426000
5;202;0.424667
5;203;0.418667
5;204;0.410667
5;205;0.404667
5;206;0.402000
5;207;0.395333
5;208;0.390000
5;209;0.386000
5;210;0.381333
5;211;0.378000
5;212;0.372000
5;213;0.368000
5;214;0.360000
5;215;0.360000
5;216;0.358667
5;217;0.352667
5;218;0.351333
5;219;0.346667
5;220;0.341333
5;221;0.350667
5;222;0.344000
5;223;0.337333
5;224;0.334000
5;225;0.328667
5;226;0.323333
5;227;0.398667
5;228;0.396000
5;229;0.388667
5;230;0.388667
5;231;0.419333
5;232;0.412000
5;233;0.407333
5;234;0.400000
5;235;0.395333
5;236;0.397333
5;237;0.392000
5;238;0.385333
5;239;0.379333
5;240;0.374667
5;241;0.371333
5;242;0.364667
5;243;0.360667
5;244;0.356667
5;245;0.349333
5;246;0.404000
5;247;0.404000
5;248;0.396667
5;249;0.489333
5;250;0.483333
5;251;0.477333
5;252;0.470000
5;253;0.464000
5;254;0.459333
5;255;0.488000
5;256;0.482000
5;257;0.477333
5;258;0.470667
5;259;0.466667
5;260;0.465333
5;261;0.461333
5;262;0.453333
5;263;0.446667
5;264;0.438667
5;265;0.435333
5;266;0.427333
5;267;0.420000
5;268;0.411333
5;269;0.404667
5;270;0.406000
5;271;0.397333
5;272;0.392000
5;273;0.383333
5;274;0.374667
5;275;0.369333
5;276;0.360667
5;277;0.356000
5;278;0.347333
5;279;0.338667
5;280;0.335333
5;281;0.326667
5;282;0.320667
5;283;0.320000
5;284;0.311333
5;285;0.302667
5;286;0.295333
5;287;0.467333
5;288;0.602000
5;289;0.600000
5;290;0.597333
5;291;0.626000
5;292;0.620000
5;293;0.614000
5;294;0.608000
5;295;0.610000
5;296;0.602667
5;297;0.595333
5;298;0.591333
5;299;0.588000
5;300;0.580667
5;301;0.573333
5;302;0.566000
5;303;0.559333
5;304;0.552667
5;305;0.555333
5;306;0.550000
5;307;0.548000
5;308;0.540667
5;309;0.539333
5;310;0.532000
5;311;0.524667
5;312;0.520667
5;313;0.513333
5;314;0.506000
5;315;0.539333
5;316;0.532000
5;317;0.524000
5;318;0.517333
5;319;0.510667
5;320;0.502667
5;321;0.496667
5;322;0.494667
5;323;0.486000
5;324;0.480667
5;325;0.472000
5;326;0.463333
5;327;0.462667
5;328;0.454000
5;329;0.447333
5;330;0.438667
5;331;0.430000
5;332;0.424667
5;333;0.425333
5;334;0.416667
5;335;0.408000
5;336;0.399333
5;337;0.394667
5;338;0.386000
5;339;0.377333
5;340;0.372667
5;341;0.368000
5;342;0.359333
5;343;0.359333
5;344;0.350667
5;345;0.342667
5;346;0.336000
5;347;0.330000
5;348;0.324000
5;349;0.316667
5;350;0.308000
5;351;0.411333
5;352;0.405333
5;353;0.398667
5;354;0.390667
5;355;0.396000
5;356;0.388000
5;357;0.380000
5;358;0.372000
5;359;0.364667
5;360;0.373333
5;361;0.368000
5;362;0.360000
5;363;0.354667
5;364;0.346667
5;365;0.346000
5;366;0.338000
5;367;0.406000
5;368;0.398667
5;369;0.392667
5;370;0.395333
5;371;0.392000
5;372;0.384667
5;373;0.378667
5;374;0.371333
5;375;0.398000
5;376;0.392667
5;377;0.386667
5;378;0.378667
5;379;0.375333
5;380;0.370667
5;381;0.364000
5;382;0.356000
5;383;0.383333
5;384;0.381333
5;385;0.374667
5;386;0.366667
5;387;0.363333
5;388;0.354667
5;389;0.346000
5;390;0.340667
5;391;0.332000
5;392;0.327333
5;393;0.318667
5;394;0.310667
5;395;0.314000
5;396;0.305333
5;397;0.296667
5;398;0.350667
5;399;0.344000
5;400;0.335333
5;401;0.326667
5;402;0.320667
5;403;0.326000
5;404;0.317333
5;405;0.309333
5;406;0.302000
5;407;0.300667
5;408;0.292667
5;409;0.284667
5;410;0.276667
5;411;0.303333
5;412;0.295333
5;413;0.288000
5;414;0.282000
5;415;0.274000
5;416;0.266000
5;417;0.279333
5;418;0.270667
5;419;0.262000
5;420;0.254000
5;421;0.384000
5;422;0.488000
5;423;0.480667
5;424;0.473333
5;425;0.466000
5;426;0.460667
5;427;0.454000
5;428;0.446667
5;429;0.444667
5;430;0.438667
5;431;0.428667
5;432;0.420000
5;433;0.410000
5;434;0.404000
5;435;0.396000
5;436;0.388667
5;437;0.378667
5;438;0.373333
5;439;0.366667
5;440;0.360667
5;441;0.354000
5;442;0.349333
5;443;0.339333
5;444;0.350000
5;445;0.342000
5;446;0.337333
5;447;0.327333
5;448;0.318000
5;449;0.309333
5;450;0.336000
5;451;0.328000
5;452;0.323333
5;453;0.314000
5;454;0.304667
5;455;0.298000
5;456;0.288000
5;457;0.282667
5;458;0.273333
5;459;0.265333
5;460;0.260000
5;461;0.254667
5;462;0.246667
5;463;0.260667
5;464;0.261333
5;465;0.252000
5;466;0.244000
5;467;0.234000
5;468;0.224000
5;469;0.217333
5;470;0.210000
5;471;0.202000
5;472;0.192000
5;473;0.182000
5;474;0.189333
5;475;0.179333
5;476;0.170000
5;477;0.137222
5;478;0.138333
5;479;0.193889
5;480;0.183889
5;481;0.174444
5;482;0.166667
5;483;0.168333
5;484;0.158333
5;485;0.148333
5;486;0.397778
5;487;0.388889
5;488;0.382222
5;489;0.375000
5;490;0.367222
5;491;0.362222
5;492;0.357778
5;493;0.351111
5;494;0.344444
5;495;0.336667
5;496;0.328889
5;497;0.321111
5;498;0.316111
5;499;0.310556
5;500;0.330000
5;501;0.322778
5;502;0.315000
5;503;0.311667
5;504;0.303333
5;505;0.295556
5;506;0.293333
5;507;0.283889
5;508;0.282222
5;509;0.275000
5;510;0.265556
5;511;0.261111
5;512;0.252778
5;513;0.246667
5;514;0.240000
5;515;0.232222
5;516;0.222778
5;517;0.216111
5;518;0.271111
5;519;0.266667
5;520;0.260556
5;521;0.252778
5;522;0.247778
5;523;0.243333
5;524;0.237778
5;525;0.228889
5;526;0.223889
5;527;0.215000
5;528;0.326667
5;529;0.320556
5;530;0.313333
5;531;0.320000
5;532;0.316111
5;533;0.315556
5;534;0.307778
5;535;0.435000
5;536;0.428889
5;537;0.425556
5;538;0.421111
5;539;0.414444
5;540;0.411111
5;541;0.407778
5;542;0.402222
5;543;0.427222
5;544;0.422778
5;545;0.416667
5;546;0.411667
5;547;0.407222
5;548;0.402778
5;549;0.397222
5;550;0.429444
5;551;0.510556
5;552;0.508889
5;553;0.505000
5;554;0.499444
5;555;0.497222
5;556;0.488889
5;557;0.482778
5;558;0.473889
5;559;0.467778
5;560;0.469444
5;561;0.462778
5;562;0.452778
5;563;0.442778
5;564;0.432778
5;565;0.428333
5;566;0.421111
5;567;0.411111
5;568;0.405556
5;569;0.397222
5;570;0.389444
5;571;0.382778
5;572;0.380000
5;573;0.370000
5;574;0.362222
5;575;0.353333
5;576;0.343333
5;577;0.398889
5;578;0.389444
5;579;0.380556
5;580;0.371111
5;581;0.368889
5;582;0.360556
5;583;0.352778
5;584;0.342778
5;585;0.334444
5;586;0.326111
5;587;0.322222
5;588;0.315000
5;589;0.336667
5;590;0.327778
5;591;0.319444
5;592;0.311111
5;593;0.304444
5;594;0.299444
5;595;0.301667
5;596;0.293889
5;597;0.286111
5;598;0.276111
5;599;0.271111
5;600;0.262222
5;601;0.252778
5;602;0.439444
5;603;0.459444
5;604;0.450556
5;605;0.449444
5;606;0.469444
5;607;0.462222
5;608;0.453333
5;609;0.446111
5;610;0.443333
5;611;0.434444
5;612;0.426111
5;613;0.421667
5;614;0.416111
5;615;0.407222
5;616;0.398889
5;617;0.392778
5;618;0.386667
5;619;0.379444
5;620;0.375556
5;621;0.370000
5;622;0.361667
5;623;0.353889
5;624;0.346667
5;625;0.340556
5;626;0.334444
5;627;0.326667
5;628;0.321667
5;629;0.320000
5;630;0.311111
5;631;0.307778
5;632;0.301667
5;633;0.294444
5;634;0.285556
5;635;0.276667
5;636;0.270000
5;637;0.262778
5;638;0.253889
5;639;0.247778
5;640;0.242778
5;641;0.238333
5;642;0.229444
5;643;0.220556
5;644;0.216667
5;645;0.207778
5;646;0.206667
5;647;0.197778
5;648;0.189444
5;649;0.181111
5;650;0.172222
5;651;0.165000
5;652;0.156111
5;653;0.148889
5;654;0.138889
5;655;0.132222
5;656;0.160556
5;657;0.155000
5;658;0.149444
5;659;0.155000
5;660;0.145556
5;661;0.138889
5;662;0.147778
5;663;0.141111
5;664;0.131667
5;665;0.250556
5;666;0.246111
5;667;0.237222
5;668;0.228333
5;669;0.225556
5;670;0.217222
5;671;0.212778
5;672;0.234444
5;673;0.347778
5;674;0.347778
5;675;0.338889
5;676;0.328889
5;677;0.322778
5;678;0.317222
5;679;0.317222
5;680;0.336111
5;681;0.326111
5;682;0.316667
5;683;0.351111
5;684;0.343889
5;685;0.337778
5;686;0.328889
5;687;0.355000
5;688;0.346111
5;689;0.336111
5;690;0.328889
5;691;0.322778
5;692;0.312778
5;693;0.302778
5;694;0.296111
5;695;0.287222
5;696;0.277222
5;697;0.303333
5;698;0.293333
5;699;0.283889
5;700;0.274444
5;701;0.267222
5;702;0.261667
5;703;0.253889
5;704;0.244444
5;705;0.237778
5;706;0.228333
5;707;0.291111
5;708;0.281667
5;709;0.272222
5;710;0.288333
5;711;0.280556
5;712;0.271111
5;713;0.357778
5;714;0.352222
5;715;0.342778
5;716;0.335556
5;717;0.326111
5;718;0.321111
5;719;0.312778
5;720;0.307222
5;721;0.298889
5;722;0.289444
5;723;0.283889
5;724;0.280556
5;725;0.272778
5;726;0.263889
5;727;0.257778
5;728;0.250556
5;729;0.241111
5;730;0.236667
5;731;0.227222
5;732;0.222778
5;733;0.215000
5;734;0.210000
5;735;0.202222
5;736;0.195556
5;737;0.188889
5;738;0.180000
5;739;0.178889
5;740;0.172222
5;741;0.166111
5;742;0.161111
5;743;0.153333
5;744;0.143889
5;745;0.138889
5;746;0.132222
5;747;0.122778
5;748;0.297778
5;749;0.361111
5;750;0.352778
5;751;0.342778
5;752;0.337778
5;753;0.330000
5;754;0.325556
5;755;0.316111
5;756;0.307778
5;757;0.302778
5;758;0.295556
5;759;0.286111
5;760;0.278889
5;761;0.270556
5;762;0.267778
5;763;0.257778
5;764;0.254444
5;765;0.245556
5;766;0.237222
5;767;0.228889
5;768;0.219444
5;769;0.299444
5;770;0.293333
5;771;0.289444
5;772;0.281667
5;773;0.272222
5;774;0.262778
5;775;0.409444
5;776;0.400556
5;777;0.393889
5;778;0.387222
5;779;0.381111
5;780;0.373889
5;781;0.371111
5;782;0.365556
5;783;0.359444
5;784;0.351667
5;785;0.342778
5;786;0.335556
5;787;0.331111
5;788;0.327778
5;789;0.318889
5;790;0.314444
5;791;0.311667
5;792;0.302778
5;793;0.295556
5;794;0.290000
5;795;0.281667
5;796;0.282222
5;797;0.273333
5;798;0.295556
5;799;0.290000
5;800;0.285556
5;801;0.278333
5;802;0.270000
5;803;0.262778
5;804;0.256111
5;805;0.249444
5;806;0.271111
5;807;0.262222
5;808;0.369444
5;809;0.364444
5;810;0.358889
5;811;0.453333
5;812;0.445556
5;813;0.438333
5;814;0.435000
5;815;0.432222
5;816;0.427222
5;817;0.420000
5;818;0.412778
5;819;0.411667
5;820;0.406667
5;821;0.402222
5;822;0.396111
5;823;0.390000
5;824;0.383889
5;825;0.380000
5;826;0.375000
5;827;0.367778
5;828;0.364444
5;829;0.360556
5;830;0.355556
5;831;0.350556
5;832;0.346111
5;833;0.339444
5;834;0.336111
5;835;0.332778
5;836;0.325000
5;837;0.318333
5;838;0.313333
5;839;0.311667
5;840;0.305556
5;841;0.300556
5;842;0.294444
5;843;0.291111
5;844;0.285556
5;845;0.280556
5;846;0.296667
5;847;0.336667
5;848;0.332778
5;849;0.330000
5;850;0.327778
5;851;0.325000
5;852;0.318333
5;853;0.310556
5;854;0.303889
5;855;0.302222
5;856;0.299444
5;857;0.292222
5;858;0.386667
5;859;0.416667
5;860;0.408889
5;861;0.402778
5;862;0.398333
5;863;0.391111
5;864;0.384444
5;865;0.377778
5;866;0.371667
5;867;0.362778
5;868;0.357778
5;869;0.352222
5;870;0.343889
5;871;0.340000
5;872;0.334444
5;873;0.327778
5;874;0.320000
5;875;0.347222
5;876;0.338889
5;877;0.332222
5;878;0.331667
5;879;0.326111
5;880;0.320000
5;881;0.311111
5;882;0.303889
5;883;0.323889
5;884;0.315000
5;885;0.384444
5;886;0.375556
5;887;0.366667
5;888;0.360556
5;889;0.420000
5;890;0.413889
5;891;0.405000
5;892;0.398889
5;893;0.392778
5;894;0.383889
5;895;0.382778
5;896;0.373889
5;897;0.366667
5;898;0.361111
5;899;0.353889
5;900;0.347778
5;901;0.338889
5;902;0.332222
5;903;0.323333
5;904;0.317222
5;905;0.311111
5;906;0.303889
5;907;0.296111
5;908;0.290000
5;909;0.288333
5;910;0.280556
5;911;0.276111
5;912;0.270000
5;913;0.263889
5;914;0.255000
5;915;0.249444
5;916;0.240556
5;917;0.233889
5;918;0.258333
5;919;0.252222
5;920;0.246111
5;921;0.238889
5;922;0.230000
5;923;0.222222
5;924;0.215556
5;925;0.211111
5;926;0.202222
5;927;0.193889
5;928;0.304444
5;929;0.359444
5;930;0.356111
5;931;0.349444
5;932;0.342778
5;933;0.343333
5;934;0.337778
5;935;0.332222
5;936;0.326667
5;937;0.320556
5;938;0.318889
5;939;0.313333
5;940;0.309444
5;941;0.307222
5;942;0.300556
5;943;0.297778
5;944;0.290556
5;945;0.288333
5;946;0.286667
5;947;0.278889
5;948;0.271111
5;949;0.271111
5;950;0.265556
5;951;0.265000
5;952;0.257222
5;953;0.253333
5;954;0.245556
5;955;0.241111
5;956;0.267222
5;957;0.290556
5;958;0.285000
5;959;0.280556
5;960;0.274444
5;961;0.268333
5;962;0.264444
5;963;0.438333
5;964;0.435556
5;965;0.430000
5;966;0.424444
5;967;0.420000
5;968;0.412778
5;969;0.566111
5;970;0.561111
5;971;0.553333
5;972;0.553333
5;973;0.546667
5;974;0.538889
5;975;0.533333
5;976;0.529444
5;977;0.530556
5;978;0.525556
5;979;0.520000
5;980;0.513889
5;981;0.506111
5;982;0.498333
5;983;0.498889
5;984;0.491111
5;985;0.483889
5;986;0.480556
5;987;0.476667
5;988;0.468889
5;989;0.465556
5;990;0.460556
5;991;0.456667
5;992;0.449444
5;993;0.447778
5;994;0.440000
5;995;0.436111
5;996;0.430000
5;997;0.422778
5;998;0.416111
5;999;0.477778
5;1000;0.471667
5;1001;0.467778
5;1002;0.462778
5;1003;0.457222
5;1004;0.452222
5;1005;0.446111
5;1006;0.445000
5;1007;0.438889
5;1008;0.433889
5;1009;0.432222
5;1010;0.428333
5;1011;0.422222
5;1012;0.443889
5;1013;0.438333
5;1014;0.434444
5;1015;0.427222
5;1016;0.423333
5;1017;0.416111
5;1018;0.415000
5;1019;0.411111
5;1020;0.404444
5;1021;0.400556
5;1022;0.395000
5;1023;0.390556
5;1024;0.388333
5;1025;0.380556
5;1026;0.408333
5;1027;0.400556
5;1028;0.392778
5;1029;0.387222
5;1030;0.379444
5;1031;0.371667
5;1032;0.371667
5;1033;0.365556
5;1034;0.358889
5;1035;0.351111
5;1036;0.350000
5;1037;0.342222
5;1038;0.333333
5;1039;0.327222
5;1040;0.320000
5;1041;0.314444
5;1042;0.308333
5;1043;0.302222
5;1044;0.295000
5;1045;0.286111
5;1046;0.277222
5;1047;0.282778
5;1048;0.275000
5;1049;0.266667
5;1050;0.261111
5;1051;0.279444
5;1052;0.271111
5;1053;0.265000
5;1054;0.261111
5;1055;0.252222
5;1056;0.243333
5;1057;0.236667
5;1058;0.231667
5;1059;0.226111
5;1060;0.217778
5;1061;0.228889
5;1062;0.220000
5;1063;0.211111
5;1064;0.312778
5;1065;0.304444
5;1066;0.296111
5;1067;0.301111
5;1068;0.292778
5;1069;0.284444
5;1070;0.276111
5;1071;0.432778
5;1072;0.426667
5;1073;0.419444
5;1074;0.499444
5;1075;0.492778
5;1076;0.488333
5;1077;0.483333
5;1078;0.506111
5;1079;0.500556
5;1080;0.493889
5;1081;0.491667
5;1082;0.485556
5;1083;0.480000
5;1084;0.476667
5;1085;0.469444
5;1086;0.460556
5;1087;0.454444
5;1088;0.450000
5;1089;0.442778
5;1090;0.433889
5;1091;0.431111
5;1092;0.426111
5;1093;0.420556
5;1094;0.414444
5;1095;0.405556
5;1096;0.397222
5;1097;0.392222
5;1098;0.386111
5;1099;0.380000
5;1100;0.373333
5;1101;0.366667
5;1102;0.358333
5;1103;0.357222
5;1104;0.348889
5;1105;0.342222
5;1106;0.336111
5;1107;0.332778
5;1108;0.326111
5;1109;0.317222
5;1110;0.316111
5;1111;0.308889
5;1112;0.300000
5;1113;0.293889
5;1114;0.288333
5;1115;0.296111
5;1116;0.286667
5;1117;0.278333
5;1118;0.276111
5;1119;0.286667
5;1120;0.277778
5;1121;0.271111
5;1122;0.263889
5;1123;0.256667
5;1124;0.248889
5;1125;0.242222
5;1126;0.263333
5;1127;0.318333
5;1128;0.308889
5;1129;0.303333
5;1130;0.305000
5;1131;0.295556
5;1132;0.286111
5;1133;0.279444
5;1134;0.271667
5;1135;0.266111
5;1136;0.256667
5;1137;0.248333
5;1138;0.313889
5;1139;0.308333
5;1140;0.301667
5;1141;0.292778
5;1142;0.292222
5;1143;0.283333
5;1144;0.380000
5;1145;0.371667
5;1146;0.365556
5;1147;0.357222
5;1148;0.350000
5;1149;0.342222
5;1150;0.332778
5;1151;0.323333
5;1152;0.322778
5;1153;0.314444
5;1154;0.305000
5;1155;0.297778
5;1156;0.288333
5;1157;0.282778
5;1158;0.273889
5;1159;0.267778
5;1160;0.264444
5;1161;0.260556
5;1162;0.251111
5;1163;0.241667
5;1164;0.237778
5;1165;0.231667
5;1166;0.222222
5;1167;0.212778
5;1168;0.206111
5;1169;0.198333
5;1170;0.188889
5;1171;0.182222
5;1172;0.174444
5;1173;0.166111
5;1174;0.161111
5;1175;0.152778
5;1176;0.143889
5;1177;0.160000
5;1178;0.180556
5;1179;0.171667
5;1180;0.264444
5;1181;0.266111
5;1182;0.256667
5;1183;0.250000
5;1184;0.240556
5;1185;0.236111
5;1186;0.226667
5;1187;0.219444
5;1188;0.216111
5;1189;0.207778
5;1190;0.198333
5;1191;0.198333
5;1192;0.188889
5;1193;0.179444
5;1194;0.172778
5;1195;0.165000
5;1196;0.234444
5;1197;0.225556
5;1198;0.220556
5;1199;0.215000
5;1200;0.206111
5;1201;0.201111
5;1202;0.193889
5;1203;0.187222
5;1204;0.180000
5;1205;0.175000
5;1206;0.288333
5;1207;0.281667
5;1208;0.276111
5;1209;0.271111
5;1210;0.271111
5;1211;0.263889
5;1212;0.255556
5;1213;0.252222
5;1214;0.246111
5;1215;0.240000
5;1216;0.412222
5;1217;0.406667
5;1218;0.428889
5;1219;0.423889
5;1220;0.415556
5;1221;0.411111
5;1222;0.406111
5;1223;0.398889
5;1224;0.390556
5;1225;0.383333
5;1226;0.379444
5;1227;0.372778
5;1228;0.368333
5;1229;0.358889
5;1230;0.350000
5;1231;0.347222
5;1232;0.339444
5;1233;0.332222
5;1234;0.322222
5;1235;0.313333
5;1236;0.307222
5;1237;0.299444
5;1238;0.289444
5;1239;0.281111
5;1240;0.271667
5;1241;0.363333
5;1242;0.356111
5;1243;0.346111
5;1244;0.426667
5;1245;0.420000
5;1246;0.410556
5;1247;0.402778
5;1248;0.396111
5;1249;0.388333
5;1250;0.383889
5;1251;0.373889
5;1252;0.364444
5;1253;0.356111
5;1254;0.347778
5;1255;0.345000
5;1256;0.335000
5;1257;0.326111
5;1258;0.316667
5;1259;0.311111
5;1260;0.301667
5;1261;0.297778
5;1262;0.290000
5;1263;0.282222
5;1264;0.272222
5;1265;0.262222
5;1266;0.256667
5;1267;0.249444
5;1268;0.247222
5;1269;0.237222
5;1270;0.230556
5;1271;0.222222
5;1272;0.217778
5;1273;0.207778
5;1274;0.370556
5;1275;0.369444
5;1276;0.362222
5;1277;0.352222
5;1278;0.345000
5;1279;0.340556
5;1280;0.333333
5;1281;0.327222
5;1282;0.317222
5;1283;0.308889
5;1284;0.301111
5;1285;0.298889
5;1286;0.291111
5;1287;0.281111
5;1288;0.272778
5;1289;0.265000
5;1290;0.265000
5;1291;0.257778
5;1292;0.252778
5;1293;0.247778
5;1294;0.237778
5;1295;0.227778
5;1296;0.221111
5;1297;0.215556
5;1298;0.211667
5;1299;0.205000
5;1300;0.198333
5;1301;0.192222
5;1302;0.182222
5;1303;0.176111
5;1304;0.168333
5;1305;0.166667
5;1306;0.156667
5;1307;0.146667
5;1308;0.160000
5;1309;0.151667
5;1310;0.146667
5;1311;0.156111
5;1312;0.148889
5;1313;0.141111
5;1314;0.131111
5;1315;0.121111
5;1316;0.203333
5;1317;0.197778
5;1318;0.188889
5;1319;0.181111
5;1320;0.172222
5;1321;0.175000
5;1322;0.166667
5;1323;0.157778
5;1324;0.150556
5;1325;0.145556
5;1326;0.136667
5;1327;0.127222
5;1328;0.188333
5;1329;0.181667
5;1330;0.173333
5;1331;0.165000
5;1332;0.161111
5;1333;0.161111
5;1334;0.151111
5;1335;0.141667
5;1336;0.193889
5;1337;0.187222
5;1338;0.177222
5;1339;0.168889
5;1340;0.385556
5;1341;0.380000
5;1342;0.373889
5;1343;0.367222
5;1344;0.359444
5;1345;0.350556
5;1346;0.346111
5;1347;0.342778
5;1348;0.333889
5;1349;0.325556
5;1350;0.322778
5;1351;0.314444
5;1352;0.340556
5;1353;0.337222
5;1354;0.328333
5;1355;0.322778
5;1356;0.313889
5;1357;0.306667
5;1358;0.297778
5;1359;0.291111
5;1360;0.285000
5;1361;0.278889
5;1362;0.272222
5;1363;0.264444
5;1364;0.255556
5;1365;0.249444
5;1366;0.244444
5;1367;0.238889
5;1368;0.232778
5;1369;0.227222
5;1370;0.218333
5;1371;0.209444
5;1372;0.224444
5;1373;0.215556
5;1374;0.206667
5;1375;0.211111
5;1376;0.202222
5;1377;0.193333
5;1378;0.184444
5;1379;0.283889
5;1380;0.275556
5;1381;0.268333
5;1382;0.301667
5;1383;0.292778
5;1384;0.284444
5;1385;0.279444
5;1386;0.270556
5;1387;0.300000
5;1388;0.291667
5;1389;0.286667
5;1390;0.280000
5;1391;0.273889
5;1392;0.269444
5;1393;0.263333
5;1394;0.254444
5;1395;0.247778
5;1396;0.242222
5;1397;0.233889
5;1398;0.228333
5;1399;0.220556
5;1400;0.240556
5;1401;0.235556
5;1402;0.229444
5;1403;0.223889
5;1404;0.220000
5;1405;0.218889
5;1406;0.211667
5;1407;0.202778
5;1408;0.196111
5;1409;0.190556
5;1410;0.181667
5;1411;0.175000
5;1412;0.302222
5;1413;0.293889
5;1414;0.287778
5;1415;0.425000
5;1416;0.419444
5;1417;0.415000
5;1418;0.408333
5;1419;0.431111
5;1420;0.426111
5;1421;0.418889
5;1422;0.415000
5;1423;0.409444
5;1424;0.405556
5;1425;0.400000
5;1426;0.392222
5;1427;0.385556
5;1428;0.380000
5;1429;0.375556
5;1430;0.370000
5;1431;0.362778
5;1432;0.362222
5;1433;0.354444
5;1434;0.348333
5;1435;0.342778
5;1436;0.335000
5;1437;0.334444
5;1438;0.326667
5;1439;0.318333
5;1440;0.420556
5;1441;0.596111
5;1442;0.590556
5;1443;0.585000
5;1444;0.575556
5;1445;0.566111
5;1446;0.560000
5;1447;0.556667
5;1448;0.547222
5;1449;0.537778
5;1450;0.531667
5;1451;0.523333
5;1452;0.520556
5;1453;0.510556
5;1454;0.505000
5;1455;0.497222
5;1456;0.488889
5;1457;0.484444
5;1458;0.477222
5;1459;0.473333
5;1460;0.463333
5;1461;0.453333
5;1462;0.448889
5;1463;0.443333
5;1464;0.433889
5;1465;0.425556
5;1466;0.415556
5;1467;0.411667
5;1468;0.402222
5;1469;0.393889
5;1470;0.388889
5;1471;0.412222
5;1472;0.405556
5;1473;0.396111
5;1474;0.390000
5;1475;0.383889
5;1476;0.376667
5;1477;0.372222
5;1478;0.362222
5;1479;0.353333
5;1480;0.346111
5;1481;0.343889
5;1482;0.333889
5;1483;0.323889
5;1484;0.313889
5;1485;0.309444
5;1486;0.299444
5;1487;0.292222
5;1488;0.285000
5;1489;0.283333
5;1490;0.275000
5;1491;0.265000
5;1492;0.256667
5;1493;0.251667
5;1494;0.245000
5;1495;0.240000
5;1496;0.230000
5;1497;0.220556
5;1498;0.214444
5;1499;0.206111
5;1500;0.200000
5;1501;0.191111
5;1502;0.184444
5;1503;0.330000
5;1504;0.322222
5;1505;0.312778
5;1506;0.303333
5;1507;0.303333
5;1508;0.294444
5;1509;0.287222
5;1510;0.281667
5;1511;0.272222
5;1512;0.267222
5;1513;0.260556
5;1514;0.251667
5;1515;0.246111
5;1516;0.237222
5;1517;0.234444
5;1518;0.227778
5;1519;0.220000
5;1520;0.211111
5;1521;0.208889
5;1522;0.205000
5;1523;0.199444
5;1524;0.192778
5;1525;0.184444
5;1526;0.178889
5;1527;0.173333
5;1528;0.163889
5;1529;0.159444
5;1530;0.153889
5;1531;0.147222
5;1532;0.140556
5;1533;0.133889
5;1534;0.143889
5;1535;0.134444
5;1536;0.127778
5;1537;0.122222
5;1538;0.113333
5;1539;0.153889
5;1540;0.144444
5;1541;0.140556
5;1542;0.131111
5;1543;0.147778
5;1544;0.138333
5;1545;0.132778
5;1546;0.127222
5;1547;0.118889
5;1548;0.111667
5;1549;0.106111
5;1550;0.098333
5;1551;0.116111
5;1552;0.131111
5;1553;0.126111
5;1554;0.121667
5;1555;0.114444
5;1556;0.106667
5;1557;0.100000
5;1558;0.092222
5;1559;0.148889
5;1560;0.140000
5;1561;0.133333
5;1562;0.335556
5;1563;0.328889
5;1564;0.328889
5;1565;0.322222
5;1566;0.314444
5;1567;0.309444
5;1568;0.300556
5;1569;0.295556
5;1570;0.292222
5;1571;0.283333
5;1572;0.430000
5;1573;0.422222
5;1574;0.413333
5;1575;0.408333
5;1576;0.403889
5;1577;0.495000
5;1578;0.488889
5;1579;0.484444
5;1580;0.476111
5;1581;0.473333
5;1582;0.470000
5;1583;0.463333
5;1584;0.453333
5;1585;0.446111
5;1586;0.442778
5;1587;0.437222
5;1588;0.427222
5;1589;0.421111
5;1590;0.412778
5;1591;0.412222
5;1592;0.404444
5;1593;0.394444
5;1594;0.393889
5;1595;0.387778
5;1596;0.377778
5;1597;0.371111
5;1598;0.361111
5;1599;0.353889
5;1600;0.347778
5;1601;0.343889
5;1602;0.362778
5;1603;0.438889
5;1604;0.431111
5;1605;0.421111
5;1606;0.412222
5;1607;0.405556
5;1608;0.398889
5;1609;0.393333
5;1610;0.386111
5;1611;0.379444
5;1612;0.369444
5;1613;0.363889
5;1614;0.358889
5;1615;0.350556
5;1616;0.343333
5;1617;0.333333
5;1618;0.358333
5;1619;0.351111
5;1620;0.341111
5;1621;0.335000
5;1622;0.326667
5;1623;0.318333
5;1624;0.310556
5;1625;0.300556
5;1626;0.291111
5;1627;0.287778
5;1628;0.281667
5;1629;0.272778
5;1630;0.262778
5;1631;0.255000
5;1632;0.246667
5;1633;0.239444
5;1634;0.232778
5;1635;0.223889
5;1636;0.213889
5;1637;0.207778
5;1638;0.203333
5;1639;0.195556
5;1640;0.186111
5;1641;0.176667
5;1642;0.318333
5;1643;0.310556
5;1644;0.301667
5;1645;0.293333
5;1646;0.287778
5;1647;0.278889
5;1648;0.272778
5;1649;0.265556
5;1650;0.257222
5;1651;0.248889
5;1652;0.245000
5;1653;0.237778
5;1654;0.231667
5;1655;0.228889
5;1656;0.222222
5;1657;0.212778
5;1658;0.205556
5;1659;0.196111
5;1660;0.191667
5;1661;0.187778
5;1662;0.181667
5;1663;0.172222
5;1664;0.163333
5;1665;0.160556
5;1666;0.151111
5;1667;0.144444
5;1668;0.305000
5;1669;0.298333
5;1670;0.292778
5;1671;0.285556
5;1672;0.282222
5;1673;0.272778
5;1674;0.264444
5;1675;0.256667
5;1676;0.251111
5;1677;0.242222
5;1678;0.236111
5;1679;0.310556
5;1680;0.308333
5;1681;0.298333
5;1682;0.292222
5;1683;0.285000
5;1684;0.505556
5;1685;0.496667
5;1686;0.487778
5;1687;0.482778
5;1688;0.482778
5;1689;0.473889
5;1690;0.470556
5;1691;0.490556
5;1692;0.481667
5;1693;0.472778
5;1694;0.466111
5;1695;0.460000
5;1696;0.451667
5;1697;0.446111
5;1698;0.442222
5;1699;0.435000
5;1700;0.426111
5;1701;0.420000
5;1702;0.416667
5;1703;0.410000
5;1704;0.403333
5;1705;0.394444
5;1706;0.388333
5;1707;0.381111
5;1708;0.373889
5;1709;0.365000
5;1710;0.356667
5;1711;0.357778
5;1712;0.351667
5;1713;0.342778
5;1714;0.336667
5;1715;0.327778
5;1716;0.320556
5;1717;0.317222
5;1718;0.308333
5;1719;0.301111
5;1720;0.293333
5;1721;0.287778
5;1722;0.281111
5;1723;0.275556
5;1724;0.266667
5;1725;0.258333
5;1726;0.253889
5;1727;0.247778
5;1728;0.240556
5;1729;0.233333
5;1730;0.223889
5;1731;0.214444
5;1732;0.207222
5;1733;0.265000
5;1734;0.256111
5;1735;0.250000
5;1736;0.248889
5;1737;0.239444
5;1738;0.232222
5;1739;0.225000
5;1740;0.218889
5;1741;0.215000
5;1742;0.206667
5;1743;0.202222
5;1744;0.224444
5;1745;0.218333
5;1746;0.210000
5;1747;0.200556
5;1748;0.193333
5;1749;0.186111
5;1750;0.176667
5;1751;0.210000
5;1752;0.200556
5;1753;0.192778
5;1754;0.186111
5;1755;0.179444
5;1756;0.174444
5;1757;0.166111
5;1758;0.157222
5;1759;0.151667
5;1760;0.142778
5;1761;0.166667
5;1762;0.157778
5;1763;0.150000
5;1764;0.140556
5;1765;0.136667
5;1766;0.131667
5;1767;0.123333
5;1768;0.113889
5;1769;0.112778
5;1770;0.139444
5;1771;0.132222
5;1772;0.253889
5;1773;0.347222
5;1774;0.338333
5;1775;0.332778
5;1776;0.326111
5;1777;0.318889
5;1778;0.310000
5;1779;0.302222
5;1780;0.341111
5;1781;0.336111
5;1782;0.332222
5;1783;0.323333
5;1784;0.317222
5;1785;0.315000
5;1786;0.307778
5;1787;0.305000
5;1788;0.297222
5;1789;0.293889
5;1790;0.287222
5;1791;0.278333
5;1792;0.269444
5;1793;0.262222
5;1794;0.256667
5;1795;0.252222
5;1796;0.246667
5;1797;0.240556
5;1798;0.232778
5;1799;0.225556
5;1800;0.227222
5;1801;0.219444
5;1802;0.213333
5;1803;0.205000
5;1804;0.198333
5;1805;0.197778
5;1806;0.194444
5;1807;0.188889
5;1808;0.277222
5;1809;0.268889
5;1810;0.260556
5;1811;0.254444
5;1812;0.251667
5;1813;0.251667
5;1814;0.245000
5;1815;0.236667
5;1816;0.229444
5;1817;0.224444
5;1818;0.222778
5;1819;0.215000
5;1820;0.208333
5;1821;0.205000
5;1822;0.197222
5;1823;0.193333
5;1824;0.188889
5;1825;0.180000
5;1826;0.171111
5;1827;0.165000
5;1828;0.298333
5;1829;0.290556
5;1830;0.461667
5;1831;0.456111
5;1832;0.452222
5;1833;0.557778
5;1834;0.555556
5;1835;0.551667
5;1836;0.574444
5;1837;0.568889
5;1838;0.564444
5;1839;0.563889
5;1840;0.562222
5;1841;0.556111
5;1842;0.550000
5;1843;0.547222
5;1844;0.552778
5;1845;0.548333
5;1846;0.544444
5;1847;0.538333
5;1848;0.533889
5;1849;0.529444
5;1850;0.525556
5;1851;0.521667
5;1852;0.547222
5;1853;0.543889
5;1854;0.538333
5;1855;0.535556
5;1856;0.529444
5;1857;0.525000
5;1858;0.610000
5;1859;0.606111
5;1860;0.601667
5;1861;0.601111
5;1862;0.597778
5;1863;0.592778
5;1864;0.586667
5;1865;0.585000
5;1866;0.582778
5;1867;0.580000
5;1868;0.573889
5;1869;0.568889
5;1870;0.562778
5;1871;0.561667
5;1872;0.555556
5;1873;0.548333
5;1874;0.547778
5;1875;0.540000
5;1876;0.533889
5;1877;0.526111
5;1878;0.522222
5;1879;0.516667
5;1880;0.508889
5;1881;0.507222
5;1882;0.498889
5;1883;0.500556
5;1884;0.492222
5;1885;0.485556
5;1886;0.477222
5;1887;0.468889
5;1888;0.467778
5;1889;0.460000
5;1890;0.452778
5;1891;0.447222
5;1892;0.439444
5;1893;0.437222
5;1894;0.428889
5;1895;0.422778
5;1896;0.422222
5;1897;0.413889
5;1898;0.405556
5;1899;0.400556
5;1900;0.393889
5;1901;0.390556
5;1902;0.382222
5;1903;0.383333
5;1904;0.381111
5;1905;0.374444
5;1906;0.366667
5;1907;0.360556
5;1908;0.352778
5;1909;0.350556
5;1910;0.345000
5;1911;0.340556
5;1912;0.361111
5;1913;0.416111
5;1914;0.408333
5;1915;0.501667
5;1916;0.493889
5;1917;0.486111
5;1918;0.484444
5;1919;0.479444
5;1920;0.472222
5;1921;0.468333
5;1922;0.461667
5;1923;0.483333
5;1924;0.479444
5;1925;0.471667
5;1926;0.463889
5;1927;0.461111
5;1928;0.457778
5;1929;0.450000
5;1930;0.442222
5;1931;0.438333
5;1932;0.432778
5;1933;0.430556
5;1934;0.427222
5;1935;0.419444
5;1936;0.411667
5;1937;0.406111
5;1938;0.400000
5;1939;0.393889
5;1940;0.388889
5;1941;0.382778
5;1942;0.377222
5;1943;0.372222
5;1944;0.365000
5;1945;0.359444
5;1946;0.352778
5;1947;0.347778
5;1948;0.348333
5;1949;0.341667
5;1950;0.336667
5;1951;0.330000
5;1952;0.322222
5;1953;0.317222
5;1954;0.309444
5;1955;0.306111
5;1956;0.301111
5;1957;0.295556
5;1958;0.290556
5;1959;0.282778
5;1960;0.275000
5;1961;0.291667
5;1962;0.283889
5;1963;0.276667
5;1964;0.276111
5;1965;0.272778
5;1966;0.270556
5;1967;0.263333
5;1968;0.261111
5;1969;0.253333
5;1970;0.245556
5;1971;0.240000
5;1972;0.310556
5;1973;0.303333
5;1974;0.298333
5;1975;0.296667
5;1976;0.405556
5;1977;0.402222
5;1978;0.634444
5;1979;0.633889
5;1980;0.636111
5;1981;0.633333
5;1982;0.633889
5;1983;0.632222
5;1984;0.628889
5;1985;0.628333
5;1986;0.627222
5;1987;0.627222
5;1988;0.623333
5;1989;0.620000
5;1990;0.675000
5;1991;0.681111
5;1992;0.677778
5;1993;0.674444
5;1994;0.672222
5;1995;0.668889
5;1996;0.722222
5;1997;0.891111
5;1998;0.890000
5;1999;0.945000
5;2000;0.944444
6;0;0.320000
6;1;0.323333
6;2;0.313333
6;3;0.303333
6;4;0.293333
6;5;0.286667
6;6;0.155000
6;7;0.245000
6;8;0.235000
6;9;0.225000
6;10;0.226667
6;11;0.216667
6;12;0.213333
6;13;0.203333
6;14;0.193333
6;15;0.185000
6;16;0.523333
6;17;0.516667
6;18;0.511667
6;19;0.521667
6;20;0.515000
6;21;0.525000
6;22;0.518333
6;23;0.511667
6;24;0.505000
6;25;0.498333
6;26;0.491667
6;27;0.485000
6;28;0.478333
6;29;0.480000
6;30;0.473333
6;31;0.470000
6;32;0.463333
6;33;0.463333
6;34;0.460000
6;35;0.453333
6;36;0.448333
6;37;0.453333
6;38;0.446667
6;39;0.441667
6;40;0.451667
6;41;0.445000
6;42;0.455000
6;43;0.448333
6;44;0.441667
6;45;0.435000
6;46;0.428333
6;47;0.421667
6;48;0.415000
6;49;0.408333
6;50;0.410000
6;51;0.297778
6;52;0.422222
6;53;0.414444
6;54;0.411111
6;55;0.410000
6;56;0.402222
6;57;0.395556
6;58;0.396667
6;59;0.391111
6;60;0.383333
6;61;0.380000
6;62;0.376667
6;63;0.371111
6;64;0.363333
6;65;0.365556
6;66;0.357778
6;67;0.351111
6;68;0.350000
6;69;0.345556
6;70;0.338889
6;71;0.336667
6;72;0.341111
6;73;0.333333
6;74;0.325556
6;75;0.317778
6;76;0.316667
6;77;0.312222
6;78;0.468889
6;79;0.461111
6;80;0.458889
6;81;0.451111
6;82;0.503333
6;83;0.493333
6;84;0.484444
6;85;0.480000
6;86;0.471111
6;87;0.462222
6;88;0.453333
6;89;0.450000
6;90;0.350833
6;91;0.452500
6;92;0.443333
6;93;0.438333
6;94;0.435000
6;95;0.425000
6;96;0.418333
6;97;0.408333
6;98;0.398333
6;99;0.391667
6;100;0.387500
6;101;0.377500
6;102;0.368333
6;103;0.360000
6;104;0.351667
6;105;0.352500
6;106;0.343333
6;107;0.338333
6;108;0.328333
6;109;0.323333
6;110;0.313333
6;111;0.305833
6;112;0.295833
6;113;0.285833
6;114;0.277500
6;115;0.292500
6;116;0.285833
6;117;0.280000
6;118;0.270000
6;119;0.269167
6;120;0.259167
6;121;0.249167
6;122;0.244167
6;123;0.234167
6;124;0.232500
6;125;0.225833
6;126;0.215833
6;127;0.205833
6;128;0.204167
6;129;0.195833
6;130;0.185833
6;131;0.177500
6;132;0.167500
6;133;0.159167
6;134;0.157500
6;135;0.149167
6;136;0.142500
6;137;0.135000
6;138;0.129167
6;139;0.119167
6;140;0.139167
6;141;0.131667
6;142;0.125833
6;143;0.121667
6;144;0.115833
6;145;0.106667
6;146;0.097500
6;147;0.090833
6;148;0.084167
6;149;0.079167
6;150;0.090000
6;151;0.080833
6;152;0.071667
6;153;0.062500
6;154;0.063333
6;155;0.058333
6;156;0.073333
6;157;0.064167
6;158;0.059167
6;159;0.051667
6;160;0.044167
6;161;0.038333
6;162;0.077500
6;163;0.067500
6;164;0.057500
6;165;0.047500
6;166;0.052500
6;167;0.047500
6;168;0.110000
6;169;0.100000
6;170;0.090000
6;171;0.083333
6;172;0.070000
6;173;0.066000
6;174;0.058667
6;175;0.050667
6;176;0.033889
6;177;0.113333
6;178;0.131111
6;179;0.123889
6;180;0.114444
6;181;0.109444
6;182;0.101111
6;183;0.186667
6;184;0.180000
6;185;0.172222
6;186;0.163889
6;187;0.160000
6;188;0.152778
6;189;0.147222
6;190;0.138889
6;191;0.202222
6;192;0.194444
6;193;0.189444
6;194;0.186111
6;195;0.178333
6;196;0.168889
6;197;0.163889
6;198;0.300000
6;199;0.292778
6;200;0.397778
6;201;0.391111
6;202;0.388333
6;203;0.381667
6;204;0.375556
6;205;0.368889
6;206;0.365000
6;207;0.357778
6;208;0.355000
6;209;0.350000
6;210;0.344444
6;211;0.340000
6;212;0.333333
6;213;0.328333
6;214;0.322222
6;215;0.320556
6;216;0.317778
6;217;0.311111
6;218;0.310000
6;219;0.304444
6;220;0.298333
6;221;0.320556
6;222;0.313333
6;223;0.306111
6;224;0.301667
6;225;0.296667
6;226;0.290556
6;227;0.352778
6;228;0.348889
6;229;0.342778
6;230;0.341111
6;231;0.365000
6;232;0.360000
6;233;0.354444
6;234;0.346667
6;235;0.341111
6;236;0.341111
6;237;0.335556
6;238;0.328889
6;239;0.323889
6;240;0.318333
6;241;0.313889
6;242;0.307222
6;243;0.303889
6;244;0.298889
6;245;0.291111
6;246;0.340000
6;247;0.338333
6;248;0.330556
6;249;0.520556
6;250;0.515000
6;251;0.509444
6;252;0.502778
6;253;0.498889
6;254;0.494444
6;255;0.517778
6;256;0.514444
6;257;0.510000
6;258;0.503889
6;259;0.500000
6;260;0.498333
6;261;0.493333
6;262;0.487778
6;263;0.480556
6;264;0.472222
6;265;0.467778
6;266;0.459444
6;267;0.453333
6;268;0.444444
6;269;0.437222
6;270;0.437222
6;271;0.429444
6;272;0.423333
6;273;0.416667
6;274;0.407778
6;275;0.401667
6;276;0.392778
6;277;0.388333
6;278;0.379444
6;279;0.371111
6;280;0.367778
6;281;0.358889
6;282;0.354444
6;283;0.352222
6;284;0.343333
6;285;0.334444
6;286;0.328333
6;287;0.470000
6;288;0.580556
6;289;0.580000
6;290;0.576111
6;291;0.598333
6;292;0.591667
6;293;0.585000
6;294;0.580000
6;295;0.580000
6;296;0.572222
6;297;0.565000
6;298;0.561111
6;299;0.556667
6;300;0.551111
6;301;0.543333
6;302;0.535556
6;303;0.528333
6;304;0.522778
6;305;0.523333
6;306;0.517222
6;307;0.516111
6;308;0.508333
6;309;0.505556
6;310;0.497778
6;311;0.491111
6;312;0.486111
6;313;0.480556
6;314;0.472778
6;315;0.498889
6;316;0.491111
6;317;0.483889
6;318;0.476667
6;319;0.472222
6;320;0.463889
6;321;0.457222
6;322;0.453889
6;323;0.445000
6;324;0.440556
6;325;0.431667
6;326;0.422778
6;327;0.423333
6;328;0.414444
6;329;0.407222
6;330;0.398333
6;331;0.389444
6;332;0.385000
6;333;0.383889
6;334;0.375000
6;335;0.368333
6;336;0.359444
6;337;0.353889
6;338;0.345000
6;339;0.339444
6;340;0.333889
6;341;0.328333
6;342;0.319444
6;343;0.317778
6;344;0.308889
6;345;0.301111
6;346;0.295000
6;347;0.288333
6;348;0.283889
6;349;0.276111
6;350;0.267222
6;351;0.351667
6;352;0.346667
6;353;0.339444
6;354;0.331111
6;355;0.336667
6;356;0.328333
6;357;0.320000
6;358;0.311667
6;359;0.303889
6;360;0.327222
6;361;0.321111
6;362;0.315000
6;363;0.308889
6;364;0.300556
6;365;0.298333
6;366;0.292222
6;367;0.347222
6;368;0.339444
6;369;0.332778
6;370;0.333889
6;371;0.330000
6;372;0.323889
6;373;0.317222
6;374;0.309444
6;375;0.382778
6;376;0.376667
6;377;0.370000
6;378;0.363889
6;379;0.359444
6;380;0.353889
6;381;0.346667
6;382;0.339444
6;383;0.360556
6;384;0.360000
6;385;0.352778
6;386;0.344444
6;387;0.340000
6;388;0.331111
6;389;0.323889
6;390;0.317778
6;391;0.308889
6;392;0.305556
6;393;0.296667
6;394;0.288333
6;395;0.289444
6;396;0.282222
6;397;0.273333
6;398;0.316667
6;399;0.312222
6;400;0.303333
6;401;0.294444
6;402;0.287778
6;403;0.290556
6;404;0.283333
6;405;0.275000
6;406;0.267222
6;407;0.266667
6;408;0.258333
6;409;0.250000
6;410;0.241667
6;411;0.263889
6;412;0.255556
6;413;0.247778
6;414;0.241667
6;415;0.234444
6;416;0.226111
6;417;0.237778
6;418;0.228889
6;419;0.220000
6;420;0.211667
6;421;0.345556
6;422;0.430556
6;423;0.422778
6;424;0.415556
6;425;0.408889
6;426;0.402778
6;427;0.396667
6;428;0.388889
6;429;0.386111
6;430;0.380000
6;431;0.371111
6;432;0.362222
6;433;0.353333
6;434;0.346667
6;435;0.338889
6;436;0.331667
6;437;0.322778
6;438;0.316667
6;439;0.310556
6;440;0.303889
6;441;0.297222
6;442;0.292222
6;443;0.282778
6;444;0.309444
6;445;0.301111
6;446;0.295556
6;447;0.285556
6;448;0.276111
6;449;0.270556
6;450;0.291111
6;451;0.282778
6;452;0.277222
6;453;0.267778
6;454;0.258333
6;455;0.252222
6;456;0.242222
6;457;0.236667
6;458;0.227778
6;459;0.221111
6;460;0.216667
6;461;0.212222
6;462;0.205556
6;463;0.236111
6;464;0.235000
6;465;0.226667
6;466;0.218333
6;467;0.210000
6;468;0.200000
6;469;0.192778
6;470;0.187778
6;471;0.179444
6;472;0.169444
6;473;0.159444
6;474;0.163889
6;475;0.155556
6;476;0.146111
6;477;0.137222
6;478;0.138333
6;479;0.193889
6;480;0.183889
6;481;0.174444
6;482;0.166667
6;483;0.168333
6;484;0.158333
6;485;0.148333
6;486;0.397778
6;487;0.388889
6;488;0.382222
6;489;0.375000
6;490;0.367222
6;491;0.362222
6;492;0.357778
6;493;0.351111
6;494;0.344444
6;495;0.336667
6;496;0.328889
6;497;0.321111
6;498;0.316111
6;499;0.310556
6;500;0.330000
6;501;0.322778
6;502;0.315000
6;503;0.311667
6;504;0.303333
6;505;0.295556
6;506;0.293333
6;507;0.283889
6;508;0.282222
6;509;0.275000
6;510;0.265556
6;511;0.261111
6;512;0.252778
6;513;0.246667
6;514;0.240000
6;515;0.232222
6;516;0.222778
6;517;0.216111
6;518;0.271111
6;519;0.266667
6;520;0.260556
6;521;0.252778
6;522;0.247778
6;523;0.243333
6;524;0.237778
6;525;0.228889
6;526;0.223889
6;527;0.215000
6;528;0.326667
6;529;0.320556
6;530;0.313333
6;531;0.320000
6;532;0.316111
6;533;0.315556
6;534;0.307778
6;535;0.435000
6;536;0.428889
6;537;0.425556
6;538;0.421111
6;539;0.414444
6;540;0.411111
6;541;0.407778
6;542;0.402222
6;543;0.427222
6;544;0.422778
6;545;0.416667
6;546;0.411667
6;547;0.407222
6;548;0.402778
6;549;0.397222
6;550;0.429444
6;551;0.510556
6;552;0.508889
6;553;0.505000
6;554;0.499444
6;555;0.497222
6;556;0.488889
6;557;0.482778
6;558;0.473889
6;559;0.467778
6;560;0.469444
6;561;0.462778
6;562;0.452778
6;563;0.442778
6;564;0.432778
6;565;0.428333
6;566;0.421111
6;567;0.411111
6;568;0.405556
6;569;0.397222
6;570;0.389444
6;571;0.382778
6;572;0.380000
6;573;0.370000
6;574;0.362222
6;575;0.353333
6;576;0.343333
6;577;0.398889
6;578;0.389444
6;579;0.380556
6;580;0.371111
6;581;0.368889
6;582;0.360556
6;583;0.352778
6;584;0.342778
6;585;0.334444
6;586;0.326111
6;587;0.322222
6;588;0.315000
6;589;0.336667
6;590;0.327778
6;591;0.319444
6;592;0.311111
6;593;0.304444
6;594;0.299444
6;595;0.301667
6;596;0.293889
6;597;0.286111
6;598;0.276111
6;599;0.271111
6;600;0.262222
6;601;0.252778
6;602;0.439444
6;603;0.459444
6;604;0.450556
6;605;0.449444
6;606;0.469444
6;607;0.462222
6;608;0.453333
6;609;0.446111
6;610;0.443333
6;611;0.434444
6;612;0.426111
6;613;0.421667
6;614;0.416111
6;615;0.407222
6;616;0.398889
6;617;0.392778
6;618;0.386667
6;619;0.379444
6;620;0.375556
6;621;0.370000
6;622;0.361667
6;623;0.353889
6;624;0.346667
6;625;0.340556
6;626;0.334444
6;627;0.326667
6;628;0.321667
6;629;0.320000
6;630;0.311111
6;631;0.307778
6;632;0.301667
6;633;0.294444
6;634;0.285556
6;635;0.276667
6;636;0.270000
6;637;0.262778
6;638;0.253889
6;639;0.247778
6;640;0.242778
6;641;0.238333
6;642;0.229444
6;643;0.220556
6;644;0.216667
6;645;0.207778
6;646;0.206667
6;647;0.197778
6;648;0.189444
6;649;0.181111
6;650;0.172222
6;651;0.165000
6;652;0.156111
6;653;0.148889
6;654;0.138889
6;655;0.132222
6;656;0.160556
6;657;0.155000
6;658;0.149444
6;659;0.155000
6;660;0.145556
6;661;0.138889
6;662;0.147778
6;663;0.141111
6;664;0.131667
6;665;0.250556
6;666;0.246111
6;667;0.237222
6;668;0.228333
6;669;0.225556
6;670;0.217222
6;671;0.212778
6;672;0.234444
6;673;0.347778
6;674;0.347778
6;675;0.338889
6;676;0.328889
6;677;0.322778
6;678;0.317222
6;679;0.317222
6;680;0.336111
6;681;0.326111
6;682;0.316667
6;683;0.351111
6;684;0.343889
6;685;0.337778
6;686;0.328889
6;687;0.355000
6;688;0.346111
6;689;0.336111
6;690;0.328889
6;691;0.322778
6;692;0.312778
6;693;0.302778
6;694;0.296111
6;695;0.287222
6;696;0.277222
6;697;0.303333
6;698;0.293333
6;699;0.283889
6;700;0.274444
6;701;0.267222
6;702;0.261667
6;703;0.253889
6;704;0.244444
6;705;0.237778
6;706;0.228333
6;707;0.291111
6;708;0.281667
6;709;0.272222
6;710;0.288333
6;711;0.280556
6;712;0.271111
6;713;0.357778
6;714;0.352222
6;715;0.342778
6;716;0.335556
6;717;0.326111
6;718;0.321111
6;719;0.312778
6;720;0.307222
6;721;0.298889
6;722;0.289444
6;723;0.283889
6;724;0.280556
6;725;0.272778
6;726;0.263889
6;727;0.257778
6;728;0.250556
6;729;0.241111
6;730;0.236667
6;731;0.227222
6;732;0.222778
6;733;0.215000
6;734;0.210000
6;735;0.202222
6;736;0.195556
6;737;0.188889
6;738;0.180000
6;739;0.178889
6;740;0.172222
6;741;0.166111
6;742;0.161111
6;743;0.153333
6;744;0.143889
6;745;0.138889
6;746;0.132222
6;747;0.122778
6;748;0.297778
6;749;0.361111
6;750;0.352778
6;751;0.342778
6;752;0.337778
6;753;0.330000
6;754;0.325556
6;755;0.316111
6;756;0.307778
6;757;0.302778
6;758;0.295556
6;759;0.286111
6;760;0.278889
6;761;0.270556
6;762;0.267778
6;763;0.257778
6;764;0.254444
6;765;0.245556
6;766;0.237222
6;767;0.228889
6;768;0.219444
6;769;0.299444
6;770;0.293333
6;771;0.289444
6;772;0.281667
6;773;0.272222
6;774;0.262778
6;775;0.409444
6;776;0.400556
6;777;0.393889
6;778;0.387222
6;779;0.381111
6;780;0.373889
6;781;0.371111
6;782;0.365556
6;783;0.359444
6;784;0.351667
6;785;0.342778
6;786;0.335556
6;787;0.331111
6;788;0.327778
6;789;0.318889
6;790;0.314444
6;791;0.311667
6;792;0.302778
6;793;0.295556
6;794;0.290000
6;795;0.281667
6;796;0.282222
6;797;0.273333
6;798;0.295556
6;799;0.290000
6;800;0.285556
6;801;0.278333
6;802;0.270000
6;803;0.262778
6;804;0.256111
6;805;0.249444
6;806;0.271111
6;807;0.262222
6;808;0.369444
6;809;0.364444
6;810;0.358889
6;811;0.453333
6;812;0.445556
6;813;0.438333
6;814;0.435000
6;815;0.432222
6;816;0.427222
6;817;0.420000
6;818;0.412778
6;819;0.411667
6;820;0.406667
6;821;0.402222
6;822;0.396111
6;823;0.390000
6;824;0.383889
6;825;0.380000
6;826;0.375000
6;827;0.367778
6;828;0.364444
6;829;0.360556
6;830;0.355556
6;831;0.350556
6;832;0.346111
6;833;0.339444
6;834;0.336111
6;835;0.332778
6;836;0.325000
6;837;0.318333
6;838;0.313333
6;839;0.311667
6;840;0.305556
6;841;0.300556
6;842;0.294444
6;843;0.291111
6;844;0.285556
6;845;0.280556
6;846;0.296667
6;847;0.336667
6;848;0.332778
6;849;0.330000
6;850;0.327778
6;851;0.325000
6;852;0.318333
6;853;0.310556
6;854;0.303889
6;855;0.302222
6;856;0.299444
6;857;0.292222
6;858;0.386667
6;859;0.416667
6;860;0.408889
6;861;0.402778
6;862;0.398333
6;863;0.391111
6;864;0.384444
6;865;0.377778
6;866;0.371667
6;867;0.362778
6;868;0.357778
6;869;0.352222
6;870;0.343889
6;871;0.340000
6;872;0.334444
6;873;0.327778
6;874;0.320000
6;875;0.347222
6;876;0.338889
6;877;0.332222
6;878;0.331667
6;879;0.326111
6;880;0.320000
6;881;0.311111
6;882;0.303889
6;883;0.323889
6;884;0.315000
6;885;0.384444
6;886;0.375556
6;887;0.366667
6;888;0.360556
6;889;0.420000
6;890;0.413889
6;891;0.405000
6;892;0.398889
6;893;0.392778
6;894;0.383889
6;895;0.382778
6;896;0.373889
6;897;0.366667
6;898;0.361111
6;899;0.353889
6;900;0.347778
6;901;0.338889
6;902;0.332222
6;903;0.323333
6;904;0.317222
6;905;0.311111
6;906;0.303889
6;907;0.296111
6;908;0.290000
6;909;0.288333
6;910;0.280556
6;911;0.276111
6;912;0.270000
6;913;0.263889
6;914;0.255000
6;915;0.249444
6;916;0.240556
6;917;0.233889
6;918;0.258333
6;919;0.252222
6;920;0.246111
6;921;0.238889
6;922;0.230000
6;923;0.222222
6;924;0.215556
6;925;0.211111
6;926;0.202222
6;927;0.193889
6;928;0.304444
6;929;0.359444
6;930;0.356111
6;931;0.349444
6;932;0.342778
6;933;0.343333
6;934;0.337778
6;935;0.332222
6;936;0.326667
6;937;0.320556
6;938;0.318889
6;939;0.313333
6;940;0.309444
6;941;0.307222
6;942;0.300556
6;943;0.297778
6;944;0.290556
6;945;0.288333
6;946;0.286667
6;947;0.278889
6;948;0.271111
6;949;0.271111
6;950;0.265556
6;951;0.265000
6;952;0.257222
6;953;0.253333
6;954;0.245556
6;955;0.241111
6;956;0.267222
6;957;0.290556
6;958;0.285000
6;959;0.280556
6;960;0.274444
6;961;0.268333
6;962;0.264444
6;963;0.438333
6;964;0.435556
6;965;0.430000
6;966;0.424444
6;967;0.420000
6;968;0.412778
6;969;0.566111
6;970;0.561111
6;971;0.553333
6;972;0.553333
6;973;0.546667
6;974;0.538889
6;975;0.533333
6;976;0.529444
6;977;0.530556
6;978;0.525556
6;979;0.520000
6;980;0.513889
6;981;0.506111
6;982;0.498333
6;983;0.498889
6;984;0.491111
6;985;0.483889
6;986;0.480556
6;987;0.476667
6;988;0.468889
6;989;0.465556
6;990;0.460556
6;991;0.456667
6;992;0.449444
6;993;0.447778
6;994;0.440000
6;995;0.436111
6;996;0.430000
6;997;0.422778
6;998;0.416111
6;999;0.477778
6;1000;0.471667
6;1001;0.467778
6;1002;0.462778
6;1003;0.457222
6;1004;0.452222
6;1005;0.446111
6;1006;0.445000
6;1007;0.438889
6;1008;0.433889
6;1009;0.432222
6;1010;0.428333
6;1011;0.422222
6;1012;0.443889
6;1013;0.438333
6;1014;0.434444
6;1015;0.427222
6;1016;0.423333
6;1017;0.416111
6;1018;0.415000
6;1019;0.411111
6;1020;0.404444
6;1021;0.400556
6;1022;0.395000
6;1023;0.390556
6;1024;0.388333
6;1025;0.380556
6;1026;0.408333
6;1027;0.400556
6;1028;0.392778
6;1029;0.387222
6;1030;0.379444
6;1031;0.371667
6;1032;0.371667
6;1033;0.365556
6;1034;0.358889
6;1035;0.351111
6;1036;0.350000
6;1037;0.342222
6;1038;0.333333
6;1039;0.327222
6;1040;0.320000
6;1041;0.314444
6;1042;0.308333
6;1043;0.302222
6;1044;0.295000
6;1045;0.286111
6;1046;0.277222
6;1047;0.282778
6;1048;0.275000
6;1049;0.266667
6;1050;0.261111
6;1051;0.279444
6;1052;0.271111
6;1053;0.265000
6;1054;0.261111
6;1055;0.252222
6;1056;0.243333
6;1057;0.236667
6;1058;0.231667
6;1059;0.226111
6;1060;0.217778
6;1061;0.228889
6;1062;0.220000
6;1063;0.211111
6;1064;0.312778
6;1065;0.304444
6;1066;0.296111
6;1067;0.301111
6;1068;0.292778
6;1069;0.284444
6;1070;0.276111
6;1071;0.432778
6;1072;0.426667
6;1073;0.419444
6;1074;0.499444
6;1075;0.492778
6;1076;0.488333
6;1077;0.483333
6;1078;0.506111
6;1079;0.500556
6;1080;0.493889
6;1081;0.491667
6;1082;0.485556
6;1083;0.480000
6;1084;0.476667
6;1085;0.469444
6;1086;0.460556
6;1087;0.454444
6;1088;0.450000
6;1089;0.442778
6;1090;0.433889
6;1091;0.431111
6;1092;0.426111
6;1093;0.420556
6;1094;0.414444
6;1095;0.405556
6;1096;0.397222
6;1097;0.392222
6;1098;0.386111
6;1099;0.380000
6;1100;0.373333
6;1101;0.366667
6;1102;0.358333
6;1103;0.357222
6;1104;0.348889
6;1105;0.342222
6;1106;0.336111
6;1107;0.332778
6;1108;0.326111
6;1109;0.317222
6;1110;0.316111
6;1111;0.308889
6;1112;0.300000
6;1113;0.293889
6;1114;0.288333
6;1115;0.296111
6;1116;0.286667
6;1117;0.278333
6;1118;0.276111
6;1119;0.286667
6;1120;0.277778
6;1121;0.271111
6;1122;0.263889
6;1123;0.256667
6;1124;0.248889
6;1125;0.242222
6;1126;0.263333
6;1127;0.318333
6;1128;0.308889
6;1129;0.303333
6;1130;0.305000
6;1131;0.295556
6;1132;0.286111
6;1133;0.279444
6;1134;0.271667
6;1135;0.266111
6;1136;0.256667
6;1137;0.248333
6;1138;0.313889
6;1139;0.308333
6;1140;0.301667
6;1141;0.292778
6;1142;0.292222
6;1143;0.283333
6;1144;0.380000
6;1145;0.371667
6;1146;0.365556
6;1147;0.357222
6;1148;0.350000
6;1149;0.342222
6;1150;0.332778
6;1151;0.323333
6;1152;0.322778
6;1153;0.314444
6;1154;0.305000
6;1155;0.297778
6;1156;0.288333
6;1157;0.282778
6;1158;0.273889
6;1159;0.267778
6;1160;0.264444
6;1161;0.260556
6;1162;0.251111
6;1163;0.241667
6;1164;0.237778
6;1165;0.231667
6;1166;0.222222
6;1167;0.212778
6;1168;0.206111
6;1169;0.198333
6;1170;0.188889
6;1171;0.182222
6;1172;0.174444
6;1173;0.166111
6;1174;0.161111
6;1175;0.152778
6;1176;0.143889
6;1177;0.160000
6;1178;0.180556
6;1179;0.171667
6;1180;0.264444
6;1181;0.266111
6;1182;0.256667
6;1183;0.250000
6;1184;0.240556
6;1185;0.236111
6;1186;0.226667
6;1187;0.219444
6;1188;0.216111
6;1189;0.207778
6;1190;0.198333
6;1191;0.198333
6;1192;0.188889
6;1193;0.179444
6;1194;0.172778
6;1195;0.165000
6;1196;0.234444
6;1197;0.225556
6;1198;0.220556
6;1199;0.215000
6;1200;0.206111
6;1201;0.201111
6;1202;0.193889
6;1203;0.187222
6;1204;0.180000
6;1205;0.175000
6;1206;0.288333
6;1207;0.281667
6;1208;0.276111
6;1209;0.271111
6;1210;0.271111
6;1211;0.263889
6;1212;0.255556
6;1213;0.252222
6;1214;0.246111
6;1215;0.240000
6;1216;0.412222
6;1217;0.406667
6;1218;0.428889
6;1219;0.423889
6;1220;0.415556
6;1221;0.411111
6;1222;0.406111
6;1223;0.398889
6;1224;0.390556
6;1225;0.383333
6;1226;0.379444
6;1227;0.372778
6;1228;0.368333
6;1229;0.358889
6;1230;0.350000
6;1231;0.347222
6;1232;0.339444
6;1233;0.332222
6;1234;0.322222
6;1235;0.313333
6;1236;0.307222
6;1237;0.299444
6;1238;0.289444
6;1239;0.281111
6;1240;0.271667
6;1241;0.363333
6;1242;0.356111
6;1243;0.346111
6;1244;0.426667
6;1245;0.420000
6;1246;0.410556
6;1247;0.402778
6;1248;0.396111
6;1249;0.388333
6;1250;0.383889
6;1251;0.373889
6;1252;0.364444
6;1253;0.356111
6;1254;0.347778
6;1255;0.345000
6;1256;0.335000
6;1257;0.326111
6;1258;0.316667
6;1259;0.311111
6;1260;0.301667
6;1261;0.297778
6;1262;0.290000
6;1263;0.282222
6;1264;0.272222
6;1265;0.262222
6;1266;0.256667
6;1267;0.249444
6;1268;0.247222
6;1269;0.237222
6;1270;0.230556
6;1271;0.222222
6;1272;0.217778
6;1273;0.207778
6;1274;0.370556
6;1275;0.369444
6;1276;0.362222
6;1277;0.352222
6;1278;0.345000
6;1279;0.340556
6;1280;0.333333
6;1281;0.327222
6;1282;0.317222
6;1283;0.308889
6;1284;0.301111
6;1285;0.298889
6;1286;0.291111
6;1287;0.281111
6;1288;0.272778
6;1289;0.265000
6;1290;0.265000
6;1291;0.257778
6;1292;0.252778
6;1293;0.247778
6;1294;0.237778
6;1295;0.227778
6;1296;0.221111
6;1297;0.215556
6;1298;0.211667
6;1299;0.205000
6;1300;0.198333
6;1301;0.192222
6;1302;0.182222
6;1303;0.176111
6;1304;0.168333
6;1305;0.166667
6;1306;0.156667
6;1307;0.146667
6;1308;0.160000
6;1309;0.151667
6;1310;0.146667
6;1311;0.156111
6;1312;0.148889
6;1313;0.141111
6;1314;0.131111
6;1315;0.121111
6;1316;0.203333
6;1317;0.197778
6;1318;0.188889
6;1319;0.181111
6;1320;0.172222
6;1321;0.175000
6;1322;0.166667
6;1323;0.157778
6;1324;0.150556
6;1325;0.145556
6;1326;0.136667
6;1327;0.127222
6;1328;0.188333
6;1329;0.181667
6;1330;0.173333
6;1331;0.165000
6;1332;0.161111
6;1333;0.161111
6;1334;0.151111
6;1335;0.141667
6;1336;0.193889
6;1337;0.187222
6;1338;0.177222
6;1339;0.168889
6;1340;0.385556
6;1341;0.380000
6;1342;0.373889
6;1343;0.367222
6;1344;0.359444
6;1345;0.350556
6;1346;0.346111
6;1347;0.342778
6;1348;0.333889
6;1349;0.325556
6;1350;0.322778
6;1351;0.314444
6;1352;0.340556
6;1353;0.337222
6;1354;0.328333
6;1355;0.322778
6;1356;0.313889
6;1357;0.306667
6;1358;0.297778
6;1359;0.291111
6;1360;0.285000
6;1361;0.278889
6;1362;0.272222
6;1363;0.264444
6;1364;0.255556
6;1365;0.249444
6;1366;0.244444
6;1367;0.238889
6;1368;0.232778
6;1369;0.227222
6;1370;0.218333
6;1371;0.209444
6;1372;0.224444
6;1373;0.215556
6;1374;0.206667
6;1375;0.211111
6;1376;0.202222
6;1377;0.193333
6;1378;0.184444
6;1379;0.283889
6;1380;0.275556
6;1381;0.268333
6;1382;0.301667
6;1383;0.292778
6;1384;0.284444
6;1385;0.279444
6;1386;0.270556
6;1387;0.300000
6;1388;0.291667
6;1389;0.286667
6;1390;0.280000
6;1391;0.273889
6;1392;0.269444
6;1393;0.263333
6;1394;0.254444
6;1395;0.247778
6;1396;0.242222
6;1397;0.233889
6;1398;0.228333
6;1399;0.220556
6;1400;0.240556
6;1401;0.235556
6;1402;0.229444
6;1403;0.223889
6;1404;0.220000
6;1405;0.218889
6;1406;0.211667
6;1407;0.202778
6;1408;0.196111
6;1409;0.190556
6;1410;0.181667
6;1411;0.175000
6;1412;0.302222
6;1413;0.293889
6;1414;0.287778
6;1415;0.425000
6;1416;0.419444
6;1417;0.415000
6;1418;0.408333
6;1419;0.431111
6;1420;0.426111
6;1421;0.418889
6;1422;0.415000
6;1423;0.409444
6;1424;0.405556
6;1425;0.400000
6;1426;0.392222
6;1427;0.385556
6;1428;0.380000
6;1429;0.375556
6;1430;0.370000
6;1431;0.362778
6;1432;0.362222
6;1433;0.354444
6;1434;0.348333
6;1435;0.342778
6;1436;0.335000
6;1437;0.334444
6;1438;0.326667
6;1439;0.318333
6;1440;0.420556
6;1441;0.596111
6;1442;0.590556
6;1443;0.585000
6;1444;0.575556
6;1445;0.566111
6;1446;0.560000
6;1447;0.556667
6;1448;0.547222
6;1449;0.537778
6;1450;0.531667
6;1451;0.523333
6;1452;0.520556
6;1453;0.510556
6;1454;0.505000
6;1455;0.497222
6;1456;0.488889
6;1457;0.484444
6;1458;0.477222
6;1459;0.473333
6;1460;0.463333
6;1461;0.453333
6;1462;0.448889
6;1463;0.443333
6;1464;0.433889
6;1465;0.425556
6;1466;0.415556
6;1467;0.411667
6;1468;0.402222
6;1469;0.393889
6;1470;0.388889
6;1471;0.412222
6;1472;0.405556
6;1473;0.396111
6;1474;0.390000
6;1475;0.383889
6;1476;0.376667
6;1477;0.372222
6;1478;0.362222
6;1479;0.353333
6;1480;0.346111
6;1481;0.343889
6;1482;0.333889
6;1483;0.323889
6;1484;0.313889
6;1485;0.309444
6;1486;0.299444
6;1487;0.292222
6;1488;0.285000
6;1489;0.283333
6;1490;0.275000
6;1491;0.265000
6;1492;0.256667
6;1493;0.251667
6;1494;0.245000
6;1495;0.240000
6;1496;0.230000
6;1497;0.220556
6;1498;0.214444
6;1499;0.206111
6;1500;0.200000
6;1501;0.191111
6;1502;0.184444
6;1503;0.330000
6;1504;0.322222
6;1505;0.312778
6;1506;0.303333
6;1507;0.303333
6;1508;0.294444
6;1509;0.287222
6;1510;0.281667
6;1511;0.272222
6;1512;0.267222
6;1513;0.260556
6;1514;0.251667
6;1515;0.246111
6;1516;0.237222
6;1517;0.234444
6;1518;0.227778
6;1519;0.220000
6;1520;0.211111
6;1521;0.208889
6;1522;0.205000
6;1523;0.199444
6;1524;0.192778
6;1525;0.184444
6;1526;0.178889
6;1527;0.173333
6;1528;0.163889
6;1529;0.159444
6;1530;0.153889
6;1531;0.147222
6;1532;0.140556
6;1533;0.133889
6;1534;0.143889
6;1535;0.134444
6;1536;0.127778
6;1537;0.122222
6;1538;0.113333
6;1539;0.153889
6;1540;0.144444
6;1541;0.140556
6;1542;0.131111
6;1543;0.147778
6;1544;0.138333
6;1545;0.132778
6;1546;0.127222
6;1547;0.118889
6;1548;0.111667
6;1549;0.106111
6;1550;0.098333
6;1551;0.116111
6;1552;0.131111
6;1553;0.126111
6;1554;0.121667
6;1555;0.114444
6;1556;0.106667
6;1557;0.100000
6;1558;0.092222
6;1559;0.148889
6;1560;0.140000
6;1561;0.133333
6;1562;0.335556
6;1563;0.328889
6;1564;0.328889
6;1565;0.322222
6;1566;0.314444
6;1567;0.309444
6;1568;0.300556
6;1569;0.295556
6;1570;0.292222
6;1571;0.283333
6;1572;0.430000
6;1573;0.422222
6;1574;0.413333
6;1575;0.408333
6;1576;0.403889
6;1577;0.495000
6;1578;0.488889
6;1579;0.484444
6;1580;0.476111
6;1581;0.473333
6;1582;0.470000
6;1583;0.463333
6;1584;0.453333
6;1585;0.446111
6;1586;0.442778
6;1587;0.437222
6;1588;0.427222
6;1589;0.421111
6;1590;0.412778
6;1591;0.412222
6;1592;0.404444
6;1593;0.394444
6;1594;0.393889
6;1595;0.387778
6;1596;0.377778
6;1597;0.371111
6;1598;0.361111
6;1599;0.353889
6;1600;0.347778
6;1601;0.343889
6;1602;0.362778
6;1603;0.438889
6;1604;0.431111
6;1605;0.421111
6;1606;0.412222
6;1607;0.405556
6;1608;0.398889
6;1609;0.393333
6;1610;0.386111
6;1611;0.379444
6;1612;0.369444
6;1613;0.363889
6;1614;0.358889
6;1615;0.350556
6;1616;0.343333
6;1617;0.333333
6;1618;0.358333
6;1619;0.351111
6;1620;0.341111
6;1621;0.335000
6;1622;0.326667
6;1623;0.318333
6;1624;0.310556
6;1625;0.300556
6;1626;0.291111
6;1627;0.287778
6;1628;0.281667
6;1629;0.272778
6;1630;0.262778
6;1631;0.255000
6;1632;0.246667
6;1633;0.239444
6;1634;0.232778
6;1635;0.223889
6;1636;0.213889
6;1637;0.207778
6;1638;0.203333
6;1639;0.195556
6;1640;0.186111
6;1641;0.176667
6;1642;0.318333
6;1643;0.310556
6;1644;0.301667
6;1645;0.293333
6;1646;0.287778
6;1647;0.278889
6;1648;0.272778
6;1649;0.265556
6;1650;0.257222
6;1651;0.248889
6;1652;0.245000
6;1653;0.237778
6;1654;0.231667
6;1655;0.228889
6;1656;0.222222
6;1657;0.212778
6;1658;0.205556
6;1659;0.196111
6;1660;0.191667
6;1661;0.187778
6;1662;0.181667
6;1663;0.172222
6;1664;0.163333
6;1665;0.160556
6;1666;0.151111
6;1667;0.144444
6;1668;0.305000
6;1669;0.298333
6;1670;0.292778
6;1671;0.285556
6;1672;0.282222
6;1673;0.272778
6;1674;0.264444
6;1675;0.256667
6;1676;0.251111
6;1677;0.242222
6;1678;0.236111
6;1679;0.310556
6;1680;0.308333
6;1681;0.298333
6;1682;0.292222
6;1683;0.285000
6;1684;0.505556
6;1685;0.496667
6;1686;0.487778
6;1687;0.482778
6;1688;0.482778
6;1689;0.473889
6;1690;0.470556
6;1691;0.490556
6;1692;0.481667
6;1693;0.472778
6;1694;0.466111
6;1695;0.460000
6;1696;0.451667
6;1697;0.446111
6;1698;0.442222
6;1699;0.435000
6;1700;0.426111
6;1701;0.420000
6;1702;0.416667
6;1703;0.410000
6;1704;0.403333
6;1705;0.394444
6;1706;0.388333
6;1707;0.381111
6;1708;0.373889
6;1709;0.365000
6;1710;0.356667
6;1711;0.357778
6;1712;0.351667
6;1713;0.342778
6;1714;0.336667
6;1715;0.327778
6;1716;0.320556
6;1717;0.317222
6;1718;0.308333
6;1719;0.301111
6;1720;0.293333
6;1721;0.287778
6;1722;0.281111
6;1723;0.275556
6;1724;0.266667
6;1725;0.258333
6;1726;0.253889
6;1727;0.247778
6;1728;0.240556
6;1729;0.233333
6;1730;0.223889
6;1731;0.214444
6;1732;0.207222
6;1733;0.265000
6;1734;0.256111
6;1735;0.250000
6;1736;0.248889
6;1737;0.239444
6;1738;0.232222
6;1739;0.225000
6;1740;0.218889
6;1741;0.215000
6;1742;0.206667
6;1743;0.202222
6;1744;0.224444
6;1745;0.218333
6;1746;0.210000
6;1747;0.200556
6;1748;0.193333
6;1749;0.186111
6;1750;0.176667
6;1751;0.210000
6;1752;0.200556
6;1753;0.192778
6;1754;0.186111
6;1755;0.179444
6;1756;0.174444
6;1757;0.166111
6;1758;0.157222
6;1759;0.151667
6;1760;0.142778
6;1761;0.166667
6;1762;0.157778
6;1763;0.150000
6;1764;0.140556
6;1765;0.136667
6;1766;0.131667
6;1767;0.123333
6;1768;0.113889
6;1769;0.112778
6;1770;0.139444
6;1771;0.132222
6;1772;0.253889
6;1773;0.347222
6;1774;0.338333
6;1775;0.332778
6;1776;0.326111
6;1777;0.318889
6;1778;0.310000
6;1779;0.302222
6;1780;0.341111
6;1781;0.336111
6;1782;0.332222
6;1783;0.323333
6;1784;0.317222
6;1785;0.315000
6;1786;0.307778
6;1787;0.305000
6;1788;0.297222
6;1789;0.293889
6;1790;0.287222
6;1791;0.278333
6;1792;0.269444
6;1793;0.262222
6;1794;0.256667
6;1795;0.252222
6;1796;0.246667
6;1797;0.240556
6;1798;0.232778
6;1799;0.225556
6;1800;0.227222
6;1801;0.219444
6;1802;0.213333
6;1803;0.205000
6;1804;0.198333
6;1805;0.197778
6;1806;0.194444
6;1807;0.188889
6;1808;0.277222
6;1809;0.268889
6;1810;0.260556
6;1811;0.254444
6;1812;0.251667
6;1813;0.251667
6;1814;0.245000
6;1815;0.236667
6;1816;0.229444
6;1817;0.224444
6;1818;0.222778
6;1819;0.215000
6;1820;0.208333
6;1821;0.205000
6;1822;0.197222
6;1823;0.193333
6;1824;0.188889
6;1825;0.180000
6;1826;0.171111
6;1827;0.165000
6;1828;0.298333
6;1829;0.290556
6;1830;0.461667
6;1831;0.456111
6;1832;0.452222
6;1833;0.557778
6;1834;0.555556
6;1835;0.551667
6;1836;0.574444
6;1837;0.568889
6;1838;0.564444
6;1839;0.563889
6;1840;0.562222
6;1841;0.556111
6;1842;0.550000
6;1843;0.547222
6;1844;0.552778
6;1845;0.548333
6;1846;0.544444
6;1847;0.538333
6;1848;0.533889
6;1849;0.529444
6;1850;0.525556
6;1851;0.521667
6;1852;0.547222
6;1853;0.543889
6;1854;0.538333
6;1855;0.535556
6;1856;0.529444
6;1857;0.525000
6;1858;0.610000
6;1859;0.606111
6;1860;0.601667
6;1861;0.601111
6;1862;0.597778
6;1863;0.592778
6;1864;0.586667
6;1865;0.585000
6;1866;0.582778
6;1867;0.580000
6;1868;0.573889
6;1869;0.568889
6;1870;0.562778
6;1871;0.561667
6;1872;0.555556
6;1873;0.548333
6;1874;0.547778
6;1875;0.540000
6;1876;0.533889
6;1877;0.526111
6;1878;0.522222
6;1879;0.516667
6;1880;0.508889
6;1881;0.507222
6;1882;0.498889
6;1883;0.500556
6;1884;0.492222
6;1885;0.485556
6;1886;0.477222
6;1887;0.468889
6;1888;0.467778
6;1889;0.460000
6;1890;0.452778
6;1891;0.447222
6;1892;0.439444
6;1893;0.437222
6;1894;0.428889
6;1895;0.422778
6;1896;0.422222
6;1897;0.413889
6;1898;0.405556
6;1899;0.400556
6;1900;0.393889
6;1901;0.390556
6;1902;0.382222
6;1903;0.383333
6;1904;0.381111
6;1905;0.374444
6;1906;0.366667
6;1907;0.360556
6;1908;0.352778
6;1909;0.350556
6;1910;0.345000
6;1911;0.340556
6;1912;0.361111
6;1913;0.416111
6;1914;0.408333
6;1915;0.501667
6;1916;0.493889
6;1917;0.486111
6;1918;0.484444
6;1919;0.479444
6;1920;0.472222
6;1921;0.468333
6;1922;0.461667
6;1923;0.483333
6;1924;0.479444
6;1925;0.471667
6;1926;0.463889
6;1927;0.461111
6;1928;0.457778
6;1929;0.450000
6;1930;0.442222
6;1931;0.438333
6;1932;0.432778
6;1933;0.430556
6;1934;0.427222
6;1935;0.419444
6;1936;0.411667
6;1937;0.406111
6;1938;0.400000
6;1939;0.393889
6;1940;0.388889
6;1941;0.382778
6;1942;0.377222
6;1943;0.372222
6;1944;0.365000
6;1945;0.359444
6;1946;0.352778
6;1947;0.347778
6;1948;0.348333
6;1949;0.341667
6;1950;0.336667
6;1951;0.330000
6;1952;0.322222
6;1953;0.317222
6;1954;0.309444
6;1955;0.306111
6;1956;0.301111
6;1957;0.295556
6;1958;0.290556
6;1959;0.282778
6;1960;0.275000
6;1961;0.291667
6;1962;0.283889
6;1963;0.276667
6;1964;0.276111
6;1965;0.272778
6;1966;0.270556
6;1967;0.263333
6;1968;0.261111
6;1969;0.253333
6;1970;0.245556
6;1971;0.240000
6;1972;0.310556
6;1973;0.303333
6;1974;0.298333
6;1975;0.296667
6;1976;0.405556
6;1977;0.402222
6;1978;0.634444
6;1979;0.633889
6;1980;0.636111
6;1981;0.633333
6;1982;0.633889
6;1983;0.632222
6;1984;0.628889
6;1985;0.628333
6;1986;0.627222
6;1987;0.627222
6;1988;0.623333
6;1989;0.620000
6;1990;0.675000
6;1991;0.681111
6;1992;0.677778
6;1993;0.674444
6;1994;0.672222
6;1995;0.668889
6;1996;0.722222
6;1997;0.891111
6;1998;0.890000
6;1999;0.945000
6;2000;0.944444
