1;0;StartTrip;Russian;1;5
2;0;StartTrip;Chinese;3;5
3;0;StartTrip;American;6;3
4;0;StartTrip;French;5;1
5;0;StartTrip;English;2;1
6;0;StartTrip;German;4;5
7;2;FinishTrip;0;Chinese;5
8;2;FinishTrip;0;American;3
9;2;StartTrip;Chinese;5;3
10;2;StartTrip;American;3;6
11;3;FinishTrip;0;Russian;5
12;3;StartTrip;Russian;5;1
13;4;FinishTrip;0;French;1
14;4;StartTrip;French;1;5
15;5;FinishTrip;0;English;1
16;5;StartTrip;English;1;2
17;6;FinishTrip;Chinese;3
18;6;FinishTrip;American;6
19;6;FinishTrip;0;German;5
20;6;StartTrip;Chinese;3;1
21;6;StartTrip;German;5;4
22;6;StartTrip;American;6;3
23;7;FinishTrip;Russian;1
24;7;FinishTrip;French;5
25;7;StartTrip;Russian;1;4
26;7;StartTrip;French;5;2
27;8;FinishTrip;0;American;3
28;8;FinishTrip;0;French;2
29;8;StartTrip;American;3;6
30;8;StartTrip;French;2;5
31;9;FinishTrip;0;Russian;4
32;9;StartTrip;Russian;4;1
33;10;FinishTrip;French;5
34;10;FinishTrip;German;4
35;10;StartTrip;French;5;3
36;10;StartTrip;German;4;3
37;11;FinishTrip;English;2
38;11;FinishTrip;Russian;1
39;11;StartTrip;English;2;6
40;11;StartTrip;Russian;1;3
41;12;FinishTrip;American;6
42;12;StartTrip;American;6;1
43;13;FinishTrip;0;German;3
44;13;StartTrip;German;3;4
45;14;FinishTrip;0;French;3
46;14;StartTrip;French;3;5
47;16;FinishTrip;French;5
48;16;FinishTrip;0;American;1
49;16;StartTrip;French;5;2
50;16;StartTrip;American;1;6
51;17;FinishTrip;American;6
52;17;FinishTrip;0;French;2
53;17;StartTrip;American;6;1
54;17;StartTrip;French;2;5
55;18;FinishTrip;German;4
56;18;StartTrip;German;4;1
57;19;FinishTrip;French;5
58;19;FinishTrip;0;Russian;3
59;19;StartTrip;French;5;3
60;19;StartTrip;Russian;3;1
61;20;FinishTrip;0;German;1
62;20;StartTrip;German;1;4
63;21;FinishTrip;0;English;6
64;21;FinishTrip;0;American;1
65;21;StartTrip;English;6;2
66;21;StartTrip;American;1;6
67;22;FinishTrip;German;4
68;22;FinishTrip;American;6
69;22;StartTrip;German;4;2
70;22;StartTrip;American;6;1
71;23;FinishTrip;0;French;3
72;23;FinishTrip;0;German;2
73;23;StartTrip;French;3;5
74;23;StartTrip;German;2;4
75;24;FinishTrip;German;4
76;24;StartTrip;German;4;1
77;25;FinishTrip;French;5
78;25;StartTrip;French;5;3
79;26;FinishTrip;English;2
80;26;FinishTrip;0;German;1
81;26;FinishTrip;0;American;1
82;26;StartTrip;English;2;5
83;26;StartTrip;American;1;6
84;26;StartTrip;German;1;4
85;27;FinishTrip;American;6
86;27;StartTrip;American;6;1
87;28;FinishTrip;German;4
88;28;FinishTrip;0;English;5
89;28;StartTrip;German;4;6
90;28;StartTrip;English;5;2
91;29;FinishTrip;English;2
92;29;FinishTrip;0;French;3
93;29;StartTrip;English;2;1
94;29;StartTrip;French;3;5
95;31;FinishTrip;French;5
96;31;FinishTrip;0;American;1
97;31;FinishTrip;0;German;6
98;31;StartTrip;French;5;4
99;31;StartTrip;German;6;4
100;31;StartTrip;American;1;6
101;32;FinishTrip;German;4
102;32;FinishTrip;American;6
103;32;StartTrip;German;4;5
104;32;StartTrip;American;6;4
105;33;FinishTrip;0;American;4
106;33;StartTrip;American;4;6
107;34;FinishTrip;0;English;1
108;34;StartTrip;English;1;2
109;35;FinishTrip;0;French;4
110;35;StartTrip;French;4;5
111;36;FinishTrip;American;6
112;36;StartTrip;American;6;1
113;38;FinishTrip;0;German;5
114;38;StartTrip;German;5;4
115;40;FinishTrip;English;2
116;40;FinishTrip;0;American;1
117;40;StartTrip;English;2;3
118;40;StartTrip;American;1;6
119;41;FinishTrip;French;5
120;41;FinishTrip;American;6
121;41;StartTrip;French;5;3
122;41;StartTrip;American;6;1
123;42;FinishTrip;German;4
124;42;StartTrip;German;4;6
125;44;FinishTrip;0;English;3
126;44;StartTrip;English;3;2
127;45;FinishTrip;0;American;1
128;45;FinishTrip;0;German;6
129;45;FinishTrip;0;French;3
130;45;StartTrip;American;1;6
131;45;StartTrip;French;3;5
132;45;StartTrip;German;6;4
133;46;FinishTrip;American;6
134;46;FinishTrip;German;4
135;46;StartTrip;American;6;4
136;46;StartTrip;German;4;3
137;47;FinishTrip;English;2
138;47;FinishTrip;French;5
139;47;FinishTrip;0;American;4
140;47;StartTrip;English;2;3
141;47;StartTrip;American;4;6
142;47;StartTrip;French;5;4
143;49;FinishTrip;0;German;3
144;49;StartTrip;German;3;4
145;50;FinishTrip;American;6
146;50;StartTrip;American;6;1
147;51;FinishTrip;0;French;4
148;51;FinishTrip;0;English;3
149;51;StartTrip;French;4;5
150;51;StartTrip;English;3;2
151;54;FinishTrip;German;4
152;54;FinishTrip;English;2
153;54;FinishTrip;0;American;1
154;54;StartTrip;German;4;2
155;54;StartTrip;American;1;6
156;54;StartTrip;English;2;3
157;55;FinishTrip;American;6
158;55;FinishTrip;0;German;2
159;55;StartTrip;American;6;5
160;55;StartTrip;German;2;4
161;56;FinishTrip;German;4
162;56;StartTrip;German;4;5
163;57;FinishTrip;French;5
164;57;StartTrip;French;5;3
165;58;FinishTrip;0;English;3
166;58;FinishTrip;0;Chinese;1
167;58;FinishTrip;0;American;5
168;58;StartTrip;English;3;2
169;58;StartTrip;American;5;6
170;58;StartTrip;Chinese;1;3
171;61;FinishTrip;English;2
172;61;FinishTrip;0;French;3
173;61;StartTrip;English;2;6
174;61;StartTrip;French;3;5
175;62;FinishTrip;0;German;5
176;62;StartTrip;German;5;4
177;63;FinishTrip;French;5
178;63;FinishTrip;American;6
179;63;StartTrip;French;5;2
180;63;StartTrip;American;6;2
181;64;FinishTrip;0;French;2
182;64;StartTrip;French;2;5
183;66;FinishTrip;Chinese;3
184;66;FinishTrip;French;5
185;66;FinishTrip;German;4
186;66;StartTrip;Chinese;3;4
187;66;StartTrip;German;4;5
188;66;StartTrip;French;5;6
189;68;FinishTrip;0;American;2
190;68;StartTrip;American;2;6
191;71;FinishTrip;Russian;1
192;71;FinishTrip;0;English;6
193;71;FinishTrip;0;French;6
194;71;FinishTrip;0;Chinese;4
195;71;StartTrip;Russian;1;5
196;71;StartTrip;Chinese;4;3
197;71;StartTrip;English;6;2
198;71;StartTrip;French;6;5
199;72;FinishTrip;0;German;5
200;72;StartTrip;German;5;4
201;74;FinishTrip;French;5
202;74;FinishTrip;Chinese;3
203;74;FinishTrip;1;Russian;5
204;74;StartTrip;French;5;6
205;74;StartTrip;Russian;5;1
206;74;StartTrip;Chinese;3;5
207;76;FinishTrip;English;2
208;76;FinishTrip;German;4
209;76;FinishTrip;0;Chinese;5
210;76;StartTrip;English;2;3
211;76;StartTrip;Chinese;5;3
212;76;StartTrip;German;4;6
213;78;FinishTrip;Russian;1
214;78;FinishTrip;American;6
215;78;StartTrip;Russian;1;2
216;78;StartTrip;American;6;3
217;79;FinishTrip;0;French;6
218;79;FinishTrip;0;German;6
219;79;StartTrip;French;6;5
220;79;StartTrip;German;6;4
221;80;FinishTrip;1;Chinese;3
222;80;FinishTrip;German;4
223;80;FinishTrip;American;3
224;80;FinishTrip;1;English;3
225;80;changeHouse;2;Chinese;American;6;3
226;80;changeHouse;2;English;Chinese;6;2
227;80;StartTrip;Chinese;3;2
228;80;StartTrip;English;3;6
229;80;StartTrip;German;4;5
230;80;StartTrip;American;3;4
231;82;FinishTrip;French;5
232;82;StartTrip;French;5;1
233;83;FinishTrip;Chinese;2
234;83;StartTrip;Chinese;2;4
235;84;FinishTrip;English;6
236;84;FinishTrip;0;Russian;2
237;84;FinishTrip;0;Chinese;4
238;84;StartTrip;English;6;4
239;84;StartTrip;Chinese;4;2
240;84;StartTrip;Russian;2;1
241;85;FinishTrip;Chinese;2
242;85;FinishTrip;0;American;4
243;85;FinishTrip;0;English;4
244;85;StartTrip;Chinese;2;3
245;85;StartTrip;English;4;6
246;85;StartTrip;American;4;3
247;86;FinishTrip;0;French;1
248;86;FinishTrip;0;German;5
249;86;StartTrip;French;1;5
250;86;StartTrip;German;5;4
251;88;FinishTrip;American;3
252;88;FinishTrip;English;6
253;88;StartTrip;American;3;4
254;88;StartTrip;English;6;4
255;89;FinishTrip;Russian;1
256;89;FinishTrip;French;5
257;89;FinishTrip;0;English;4
258;89;FinishTrip;0;Chinese;3
259;89;StartTrip;Russian;1;3
260;89;StartTrip;Chinese;3;2
261;89;StartTrip;French;5;2
262;89;StartTrip;English;4;6
263;90;FinishTrip;German;4
264;90;FinishTrip;0;French;2
265;90;StartTrip;German;4;1
266;90;StartTrip;French;2;5
267;92;FinishTrip;English;6
268;92;FinishTrip;French;5
269;92;FinishTrip;Chinese;2
270;92;FinishTrip;0;German;1
271;92;StartTrip;English;6;5
272;92;StartTrip;German;1;4
273;92;StartTrip;French;5;6
274;92;StartTrip;Chinese;2;6
275;93;FinishTrip;0;American;4
276;93;StartTrip;American;4;3
277;94;FinishTrip;German;4
278;94;StartTrip;German;4;6
279;95;FinishTrip;0;English;5
280;95;StartTrip;English;5;6
281;96;FinishTrip;American;3
282;96;StartTrip;American;3;4
283;97;FinishTrip;0;German;6
284;97;FinishTrip;0;French;6
285;97;FinishTrip;0;Russian;3
286;97;StartTrip;German;6;4
287;97;StartTrip;Russian;3;1
288;97;StartTrip;French;6;5
289;98;FinishTrip;German;4
290;98;StartTrip;German;4;3
291;100;FinishTrip;French;5
292;100;FinishTrip;English;6
293;100;StartTrip;French;5;2
294;100;StartTrip;English;6;2
295;101;FinishTrip;0;German;3
296;101;FinishTrip;0;American;4
297;101;FinishTrip;0;French;2
298;101;StartTrip;German;3;4
299;101;StartTrip;French;2;5
300;101;StartTrip;American;4;3
301;102;FinishTrip;0;Chinese;6
302;102;StartTrip;Chinese;6;2
303;103;FinishTrip;French;5
304;103;StartTrip;French;5;2
305;104;FinishTrip;American;3
306;104;FinishTrip;0;French;2
307;104;StartTrip;American;3;6
308;104;StartTrip;French;2;5
309;105;FinishTrip;0;English;2
310;105;StartTrip;English;2;6
311;106;FinishTrip;French;5
312;106;FinishTrip;German;4
313;106;StartTrip;French;5;4
314;106;StartTrip;German;4;3
315;107;FinishTrip;Chinese;2
316;107;StartTrip;Chinese;2;5
317;108;FinishTrip;0;American;6
318;108;StartTrip;American;6;3
319;109;FinishTrip;0;German;3
320;109;FinishTrip;0;Chinese;5
321;109;StartTrip;German;3;4
322;109;StartTrip;Chinese;5;2
323;110;FinishTrip;American;3
324;110;FinishTrip;Chinese;2
325;110;FinishTrip;0;French;4
326;110;StartTrip;American;3;1
327;110;StartTrip;French;4;5
328;110;StartTrip;Chinese;2;6
329;114;FinishTrip;German;4
330;114;StartTrip;German;4;3
331;115;FinishTrip;English;6
332;115;StartTrip;English;6;4
333;116;FinishTrip;French;5
334;116;FinishTrip;0;English;4
335;116;StartTrip;French;5;6
336;116;StartTrip;English;4;6
337;117;FinishTrip;0;German;3
338;117;StartTrip;German;3;4
339;119;FinishTrip;English;6
340;119;StartTrip;English;6;2
341;120;FinishTrip;0;Chinese;6
342;120;StartTrip;Chinese;6;2
343;121;FinishTrip;0;French;6
344;121;StartTrip;French;6;5
345;122;FinishTrip;German;4
346;122;StartTrip;German;4;5
347;124;FinishTrip;French;5
348;124;FinishTrip;0;English;2
349;124;StartTrip;French;5;1
350;124;StartTrip;English;2;6
351;125;FinishTrip;Chinese;2
352;125;StartTrip;Chinese;2;1
353;128;FinishTrip;0;German;5
354;128;FinishTrip;0;French;1
355;128;StartTrip;German;5;4
356;128;StartTrip;French;1;5
357;130;FinishTrip;0;Chinese;1
358;130;StartTrip;Chinese;1;2
359;131;FinishTrip;French;5
360;131;StartTrip;French;5;3
361;132;FinishTrip;German;4
362;132;StartTrip;German;4;2
363;133;FinishTrip;0;German;2
364;133;StartTrip;German;2;4
365;134;FinishTrip;English;6
366;134;FinishTrip;German;4
367;134;StartTrip;English;6;2
368;134;StartTrip;German;4;5
369;135;FinishTrip;0;French;3
370;135;StartTrip;French;3;5
371;136;FinishTrip;Chinese;2
372;136;StartTrip;Chinese;2;3
373;137;FinishTrip;French;5
374;137;StartTrip;French;5;1
375;139;FinishTrip;0;English;2
376;139;StartTrip;English;2;6
377;140;FinishTrip;0;German;5
378;140;FinishTrip;0;Chinese;3
379;140;StartTrip;German;5;4
380;140;StartTrip;Chinese;3;2
381;141;FinishTrip;0;French;1
382;141;StartTrip;French;1;5
383;143;FinishTrip;Chinese;2
384;143;StartTrip;Chinese;2;1
385;144;FinishTrip;French;5
386;144;FinishTrip;German;4
387;144;StartTrip;French;5;6
388;144;StartTrip;German;4;3
389;147;FinishTrip;0;German;3
390;147;StartTrip;German;3;4
391;148;FinishTrip;0;Chinese;1
392;148;StartTrip;Chinese;1;2
393;149;FinishTrip;English;6
394;149;FinishTrip;Russian;1
395;149;FinishTrip;1;French;6
396;149;StartTrip;English;6;2
397;149;StartTrip;French;6;5
398;149;StartTrip;Russian;1;6
399;150;FinishTrip;0;Russian;6
400;150;StartTrip;Russian;6;1
401;152;FinishTrip;German;4
402;152;FinishTrip;French;5
403;152;StartTrip;German;4;1
404;152;StartTrip;French;5;3
405;154;FinishTrip;Russian;1
406;154;FinishTrip;Chinese;2
407;154;FinishTrip;1;English;2
408;154;FinishTrip;1;German;1
409;154;StartTrip;Russian;1;3
410;154;StartTrip;German;1;4
411;154;StartTrip;Chinese;2;4
412;154;StartTrip;English;2;6
413;155;FinishTrip;0;Chinese;4
414;155;StartTrip;Chinese;4;2
415;156;FinishTrip;Chinese;2
416;156;FinishTrip;German;4
417;156;FinishTrip;0;French;3
418;156;StartTrip;Chinese;2;3
419;156;StartTrip;French;3;5
420;156;StartTrip;German;4;6
421;158;FinishTrip;French;5
422;158;StartTrip;French;5;6
423;159;FinishTrip;0;German;6
424;159;StartTrip;German;6;4
425;160;FinishTrip;German;4
426;160;FinishTrip;0;Chinese;3
427;160;StartTrip;German;4;2
428;160;StartTrip;Chinese;3;2
429;161;FinishTrip;0;German;2
430;161;StartTrip;German;2;4
431;162;FinishTrip;German;4
432;162;FinishTrip;0;American;1
433;162;FinishTrip;0;Russian;3
434;162;StartTrip;German;4;6
435;162;StartTrip;Russian;3;1
436;162;StartTrip;American;1;3
437;163;FinishTrip;Chinese;2
438;163;FinishTrip;0;French;6
439;163;StartTrip;Chinese;2;3
440;163;StartTrip;French;6;5
441;164;FinishTrip;English;6
442;164;StartTrip;English;6;2
443;165;FinishTrip;0;German;6
444;165;StartTrip;German;6;4
445;166;FinishTrip;French;5
446;166;FinishTrip;German;4
447;166;StartTrip;French;5;3
448;166;StartTrip;German;4;3
449;167;FinishTrip;0;Chinese;3
450;167;StartTrip;Chinese;3;2
451;169;FinishTrip;0;English;2
452;169;FinishTrip;0;German;3
453;169;StartTrip;English;2;6
454;169;StartTrip;German;3;4
455;170;FinishTrip;American;3
456;170;FinishTrip;Chinese;2
457;170;FinishTrip;1;French;3
458;170;StartTrip;American;3;6
459;170;StartTrip;French;3;5
460;170;StartTrip;Chinese;2;5
461;172;FinishTrip;1;French;5
462;172;FinishTrip;Chinese;5
463;172;changeHouse;2;Chinese;French;5;2
464;172;StartTrip;French;5;2
465;172;StartTrip;Chinese;5;6
466;173;FinishTrip;French;2
467;173;StartTrip;French;2;1
468;174;FinishTrip;German;4
469;174;FinishTrip;0;American;6
470;174;StartTrip;German;4;2
471;174;StartTrip;American;6;3
472;175;FinishTrip;0;German;2
473;175;StartTrip;German;2;4
474;176;FinishTrip;American;3
475;176;FinishTrip;German;4
476;176;StartTrip;American;3;2
477;176;StartTrip;German;4;3
478;177;FinishTrip;0;Chinese;6
479;177;StartTrip;Chinese;6;5
480;178;FinishTrip;0;French;1
481;178;StartTrip;French;1;2
482;179;FinishTrip;English;6
483;179;FinishTrip;0;German;3
484;179;FinishTrip;0;American;2
485;179;StartTrip;English;6;5
486;179;StartTrip;American;2;3
487;179;StartTrip;German;3;4
488;180;FinishTrip;Chinese;5
489;180;StartTrip;Chinese;5;3
490;182;FinishTrip;0;English;5
491;182;StartTrip;English;5;6
492;183;FinishTrip;American;3
493;183;StartTrip;American;3;6
494;184;FinishTrip;German;4
495;184;FinishTrip;French;2
496;184;FinishTrip;0;Chinese;3
497;184;StartTrip;German;4;3
498;184;StartTrip;Chinese;3;5
499;184;StartTrip;French;2;4
500;185;FinishTrip;0;French;4
501;185;StartTrip;French;4;2
502;186;FinishTrip;Chinese;5
503;186;FinishTrip;French;2
504;186;StartTrip;Chinese;5;6
505;186;StartTrip;French;2;1
506;187;FinishTrip;English;6
507;187;FinishTrip;1;American;6
508;187;FinishTrip;0;German;3
509;187;StartTrip;English;6;2
510;187;StartTrip;German;3;4
511;187;StartTrip;American;6;3
512;189;FinishTrip;American;3
513;189;StartTrip;American;3;4
514;191;FinishTrip;0;Chinese;6
515;191;FinishTrip;0;French;1
516;191;StartTrip;Chinese;6;5
517;191;StartTrip;French;1;2
518;192;FinishTrip;German;4
519;192;FinishTrip;0;English;2
520;192;StartTrip;German;4;6
521;192;StartTrip;English;2;6
522;194;FinishTrip;Chinese;5
523;194;FinishTrip;0;American;4
524;194;StartTrip;Chinese;5;1
525;194;StartTrip;American;4;3
526;195;FinishTrip;0;German;6
527;195;StartTrip;German;6;4
528;196;FinishTrip;German;4
529;196;StartTrip;German;4;2
530;197;FinishTrip;French;2
531;197;FinishTrip;American;3
532;197;FinishTrip;1;German;2
533;197;StartTrip;French;2;6
534;197;StartTrip;German;2;4
535;197;StartTrip;American;3;1
536;198;FinishTrip;German;4
537;198;FinishTrip;0;Chinese;1
538;198;StartTrip;German;4;6
539;198;StartTrip;Chinese;1;5
540;201;FinishTrip;Chinese;5
541;201;FinishTrip;0;German;6
542;201;StartTrip;Chinese;5;3
543;201;StartTrip;German;6;4
544;202;FinishTrip;English;6
545;202;FinishTrip;German;4
546;202;StartTrip;English;6;5
547;202;StartTrip;German;4;6
548;205;FinishTrip;0;Chinese;3
549;205;FinishTrip;0;German;6
550;205;FinishTrip;0;English;5
551;205;StartTrip;Chinese;3;5
552;205;StartTrip;English;5;6
553;205;StartTrip;German;6;4
554;206;FinishTrip;German;4
555;206;StartTrip;German;4;1
556;207;FinishTrip;Chinese;5
557;207;FinishTrip;0;French;6
558;207;StartTrip;Chinese;5;3
559;207;StartTrip;French;6;2
560;208;FinishTrip;0;German;1
561;208;StartTrip;German;1;4
562;210;FinishTrip;English;6
563;210;FinishTrip;German;4
564;210;StartTrip;English;6;4
565;210;StartTrip;German;4;1
566;211;FinishTrip;0;Chinese;3
567;211;FinishTrip;0;English;4
568;211;StartTrip;Chinese;3;5
569;211;StartTrip;English;4;6
570;212;FinishTrip;French;2
571;212;FinishTrip;0;German;1
572;212;StartTrip;French;2;4
573;212;StartTrip;German;1;4
574;213;FinishTrip;Chinese;5
575;213;FinishTrip;0;French;4
576;213;StartTrip;Chinese;5;2
577;213;StartTrip;French;4;2
578;214;FinishTrip;German;4
579;214;FinishTrip;English;6
580;214;FinishTrip;French;2
581;214;FinishTrip;Russian;1
582;214;FinishTrip;1;Chinese;2
583;214;StartTrip;German;4;2
584;214;StartTrip;English;6;3
585;214;StartTrip;Chinese;2;5
586;214;StartTrip;Russian;1;5
587;214;StartTrip;French;2;5
588;215;FinishTrip;0;German;2
589;215;StartTrip;German;2;4
590;216;FinishTrip;German;4
591;216;FinishTrip;1;Chinese;5
592;216;FinishTrip;0;English;3
593;216;FinishTrip;French;5
594;216;changeHouse;2;Chinese;French;2;5
595;216;StartTrip;German;4;2
596;216;StartTrip;French;5;6
597;216;StartTrip;Chinese;5;2
598;216;StartTrip;English;3;6
599;217;FinishTrip;Chinese;2
600;217;FinishTrip;0;Russian;5
601;217;FinishTrip;1;German;2
602;217;StartTrip;Chinese;2;4
603;217;StartTrip;German;2;4
604;217;StartTrip;Russian;5;1
605;218;FinishTrip;German;4
606;218;FinishTrip;1;Chinese;4
607;218;StartTrip;German;4;3
608;218;StartTrip;Chinese;4;2
609;219;FinishTrip;Chinese;2
610;219;StartTrip;Chinese;2;1
611;220;FinishTrip;English;6
612;220;StartTrip;English;6;3
613;221;FinishTrip;Russian;1
614;221;FinishTrip;0;French;6
615;221;FinishTrip;0;German;3
616;221;StartTrip;Russian;1;3
617;221;StartTrip;German;3;4
618;221;StartTrip;French;6;5
619;222;FinishTrip;0;English;3
620;222;StartTrip;English;3;6
621;224;FinishTrip;French;5
622;224;FinishTrip;0;Chinese;1
623;224;StartTrip;French;5;3
624;224;StartTrip;Chinese;1;2
625;226;FinishTrip;English;6
626;226;FinishTrip;German;4
627;226;StartTrip;English;6;2
628;226;StartTrip;German;4;6
629;228;FinishTrip;0;French;3
630;228;StartTrip;French;3;5
631;229;FinishTrip;0;German;6
632;229;FinishTrip;0;Russian;3
633;229;StartTrip;German;6;4
634;229;StartTrip;Russian;3;1
635;230;FinishTrip;Chinese;2
636;230;FinishTrip;French;5
637;230;FinishTrip;German;4
638;230;StartTrip;Chinese;2;3
639;230;StartTrip;German;4;2
640;230;StartTrip;French;5;4
641;231;FinishTrip;0;English;2
642;231;FinishTrip;0;German;2
643;231;StartTrip;English;2;6
644;231;StartTrip;German;2;4
645;232;FinishTrip;German;4
646;232;StartTrip;German;4;3
647;234;FinishTrip;0;French;4
648;234;FinishTrip;0;Chinese;3
649;234;StartTrip;French;4;5
650;234;StartTrip;Chinese;3;2
651;235;FinishTrip;0;German;3
652;235;StartTrip;German;3;4
653;237;FinishTrip;Chinese;2
654;237;StartTrip;Chinese;2;3
655;240;FinishTrip;German;4
656;240;FinishTrip;French;5
657;240;StartTrip;German;4;1
658;240;StartTrip;French;5;3
659;241;FinishTrip;English;6
660;241;FinishTrip;0;Chinese;3
661;241;StartTrip;English;6;3
662;241;StartTrip;Chinese;3;2
663;242;FinishTrip;0;German;1
664;242;StartTrip;German;1;4
665;243;FinishTrip;0;English;3
666;243;StartTrip;English;3;6
667;244;FinishTrip;German;4
668;244;FinishTrip;Chinese;2
669;244;FinishTrip;0;French;3
670;244;StartTrip;German;4;2
671;244;StartTrip;French;3;5
672;244;StartTrip;Chinese;2;3
673;245;FinishTrip;0;German;2
674;245;StartTrip;German;2;4
675;246;FinishTrip;French;5
676;246;FinishTrip;German;4
677;246;StartTrip;French;5;1
678;246;StartTrip;German;4;2
679;247;FinishTrip;English;6
680;247;FinishTrip;0;German;2
681;247;StartTrip;English;6;3
682;247;StartTrip;German;2;4
683;248;FinishTrip;German;4
684;248;FinishTrip;0;Chinese;3
685;248;StartTrip;German;4;5
686;248;StartTrip;Chinese;3;2
687;249;FinishTrip;0;American;1
688;249;FinishTrip;0;English;3
689;249;StartTrip;American;1;3
690;249;StartTrip;English;3;6
691;250;FinishTrip;0;French;1
692;250;StartTrip;French;1;5
693;251;FinishTrip;Chinese;2
694;251;StartTrip;Chinese;2;6
695;253;FinishTrip;English;6
696;253;FinishTrip;French;5
697;253;StartTrip;English;6;3
698;253;StartTrip;French;5;4
699;254;FinishTrip;0;German;5
700;254;StartTrip;German;5;4
701;255;FinishTrip;0;English;3
702;255;StartTrip;English;3;6
703;257;FinishTrip;American;3
704;257;FinishTrip;0;French;4
705;257;StartTrip;American;3;5
706;257;StartTrip;French;4;5
707;258;FinishTrip;German;4
708;258;StartTrip;German;4;5
709;259;FinishTrip;English;6
710;259;FinishTrip;0;American;5
711;259;StartTrip;English;6;3
712;259;StartTrip;American;5;3
713;261;FinishTrip;0;Chinese;6
714;261;FinishTrip;0;English;3
715;261;StartTrip;Chinese;6;2
716;261;StartTrip;English;3;6
717;263;FinishTrip;American;3
718;263;FinishTrip;French;5
719;263;StartTrip;American;3;4
720;263;StartTrip;French;5;3
721;264;FinishTrip;0;German;5
722;264;StartTrip;German;5;4
723;265;FinishTrip;English;6
724;265;StartTrip;English;6;1
725;266;FinishTrip;Chinese;2
726;266;StartTrip;Chinese;2;1
727;267;FinishTrip;0;French;3
728;267;StartTrip;French;3;5
729;268;FinishTrip;German;4
730;268;FinishTrip;1;American;4
731;268;StartTrip;German;4;6
732;268;StartTrip;American;4;3
733;269;FinishTrip;French;5
734;269;FinishTrip;0;English;1
735;269;StartTrip;French;5;2
736;269;StartTrip;English;1;6
737;270;FinishTrip;English;6
738;270;FinishTrip;0;French;2
739;270;StartTrip;English;6;4
740;270;StartTrip;French;2;5
741;271;FinishTrip;American;3
742;271;FinishTrip;0;Chinese;1
743;271;FinishTrip;0;German;6
744;271;FinishTrip;0;English;4
745;271;StartTrip;American;3;1
746;271;StartTrip;English;4;6
747;271;StartTrip;Chinese;1;2
748;271;StartTrip;German;6;4
749;272;FinishTrip;French;5
750;272;FinishTrip;German;4
751;272;StartTrip;French;5;1
752;272;StartTrip;German;4;5
753;274;FinishTrip;English;6
754;274;StartTrip;English;6;5
755;276;FinishTrip;0;French;1
756;276;StartTrip;French;1;5
757;277;FinishTrip;Chinese;2
758;277;FinishTrip;0;English;5
759;277;StartTrip;Chinese;2;6
760;277;StartTrip;English;5;6
761;278;FinishTrip;0;German;5
762;278;StartTrip;German;5;4
763;279;FinishTrip;French;5
764;279;StartTrip;French;5;1
765;281;FinishTrip;Russian;1
766;281;StartTrip;Russian;1;5
767;282;FinishTrip;English;6
768;282;FinishTrip;German;4
769;282;StartTrip;English;6;3
770;282;StartTrip;German;4;3
771;283;FinishTrip;0;French;1
772;283;StartTrip;French;1;5
773;284;FinishTrip;0;Russian;5
774;284;FinishTrip;0;English;3
775;284;StartTrip;Russian;5;1
776;284;StartTrip;English;3;6
777;285;FinishTrip;0;German;3
778;285;StartTrip;German;3;4
779;286;FinishTrip;French;5
780;286;StartTrip;French;5;6
781;287;FinishTrip;0;Chinese;6
782;287;StartTrip;Chinese;6;2
783;288;FinishTrip;Russian;1
784;288;FinishTrip;English;6
785;288;StartTrip;Russian;1;3
786;288;StartTrip;English;6;5
787;290;FinishTrip;German;4
788;290;StartTrip;German;4;5
789;291;FinishTrip;0;English;5
790;291;FinishTrip;0;French;6
791;291;StartTrip;English;5;6
792;291;StartTrip;French;6;5
793;292;FinishTrip;Chinese;2
794;292;StartTrip;Chinese;2;3
795;294;FinishTrip;French;5
796;294;StartTrip;French;5;4
797;296;FinishTrip;English;6
798;296;FinishTrip;0;German;5
799;296;FinishTrip;0;Chinese;3
800;296;FinishTrip;0;Russian;3
801;296;StartTrip;English;6;1
802;296;StartTrip;Russian;3;1
803;296;StartTrip;German;5;4
804;296;StartTrip;Chinese;3;2
805;298;FinishTrip;0;French;4
806;298;StartTrip;French;4;5
807;299;FinishTrip;Chinese;2
808;299;StartTrip;Chinese;2;6
809;300;FinishTrip;German;4
810;300;FinishTrip;0;English;1
811;300;StartTrip;German;4;1
812;300;StartTrip;English;1;6
813;301;FinishTrip;English;6
814;301;StartTrip;English;6;2
815;302;FinishTrip;0;German;1
816;302;StartTrip;German;1;4
817;304;FinishTrip;French;5
818;304;FinishTrip;German;4
819;304;StartTrip;French;5;4
820;304;StartTrip;German;4;3
821;306;FinishTrip;0;English;2
822;306;StartTrip;English;2;6
823;307;FinishTrip;0;German;3
824;307;StartTrip;German;3;4
825;308;FinishTrip;0;French;4
826;308;StartTrip;French;4;5
827;309;FinishTrip;0;Chinese;6
828;309;StartTrip;Chinese;6;2
829;312;FinishTrip;German;4
830;312;StartTrip;German;4;1
831;314;FinishTrip;French;5
832;314;FinishTrip;Chinese;2
833;314;FinishTrip;0;German;1
834;314;StartTrip;French;5;2
835;314;StartTrip;German;1;4
836;314;StartTrip;Chinese;2;5
837;315;FinishTrip;0;French;2
838;315;StartTrip;French;2;5
839;316;FinishTrip;English;6
840;316;FinishTrip;German;4
841;316;FinishTrip;0;Chinese;5
842;316;StartTrip;English;6;1
843;316;StartTrip;Chinese;5;2
844;316;StartTrip;German;4;5
845;317;FinishTrip;French;5
846;317;FinishTrip;Chinese;2
847;317;StartTrip;French;5;1
848;317;StartTrip;Chinese;2;1
849;320;FinishTrip;0;English;1
850;320;StartTrip;English;1;6
851;321;FinishTrip;English;6
852;321;FinishTrip;0;French;1
853;321;StartTrip;English;6;3
854;321;StartTrip;French;1;5
855;322;FinishTrip;0;German;5
856;322;FinishTrip;0;Chinese;1
857;322;StartTrip;German;5;4
858;322;StartTrip;Chinese;1;2
859;323;FinishTrip;0;American;1
860;323;FinishTrip;0;English;3
861;323;StartTrip;American;1;3
862;323;StartTrip;English;3;6
863;324;FinishTrip;French;5
864;324;StartTrip;French;5;6
865;326;FinishTrip;German;4
866;326;StartTrip;German;4;3
867;327;FinishTrip;English;6
868;327;StartTrip;English;6;3
869;328;FinishTrip;Chinese;2
870;328;StartTrip;Chinese;2;1
871;329;FinishTrip;0;French;6
872;329;FinishTrip;0;English;3
873;329;FinishTrip;0;German;3
874;329;StartTrip;French;6;5
875;329;StartTrip;German;3;4
876;329;StartTrip;English;3;6
877;331;FinishTrip;American;3
878;331;StartTrip;American;3;1
879;332;FinishTrip;French;5
880;332;StartTrip;French;5;1
881;333;FinishTrip;English;6
882;333;FinishTrip;0;Chinese;1
883;333;StartTrip;English;6;3
884;333;StartTrip;Chinese;1;2
885;334;FinishTrip;German;4
886;334;StartTrip;German;4;2
887;335;FinishTrip;0;English;3
888;335;FinishTrip;0;German;2
889;335;StartTrip;English;3;6
890;335;StartTrip;German;2;4
891;336;FinishTrip;German;4
892;336;FinishTrip;0;French;1
893;336;StartTrip;German;4;6
894;336;StartTrip;French;1;5
895;339;FinishTrip;Chinese;2
896;339;FinishTrip;French;5
897;339;FinishTrip;1;English;6
898;339;FinishTrip;German;6
899;339;changeHouse;2;English;German;4;6
900;339;StartTrip;Chinese;2;5
901;339;StartTrip;German;6;1
902;339;StartTrip;French;5;3
903;339;StartTrip;English;6;4
904;340;FinishTrip;English;4
905;340;StartTrip;English;4;5
906;341;FinishTrip;0;Chinese;5
907;341;StartTrip;Chinese;5;2
908;342;FinishTrip;Chinese;2
909;342;StartTrip;Chinese;2;5
910;343;FinishTrip;0;German;1
911;343;FinishTrip;0;French;3
912;343;StartTrip;German;1;6
913;343;StartTrip;French;3;5
914;344;FinishTrip;German;6
915;344;FinishTrip;0;Chinese;5
916;344;StartTrip;German;6;1
917;344;StartTrip;Chinese;5;2
918;345;FinishTrip;French;5
919;345;FinishTrip;Chinese;2
920;345;StartTrip;French;5;1
921;345;StartTrip;Chinese;2;5
922;346;FinishTrip;0;English;5
923;346;StartTrip;English;5;4
924;347;FinishTrip;0;Chinese;5
925;347;StartTrip;Chinese;5;2
926;348;FinishTrip;1;Russian;1
927;348;FinishTrip;Chinese;2
928;348;FinishTrip;German;1
929;348;changeHouse;2;Russian;German;6;1
930;348;StartTrip;Russian;1;6
931;348;StartTrip;German;1;6
932;348;StartTrip;Chinese;2;1
933;349;FinishTrip;1;Russian;6
934;349;FinishTrip;0;French;1
935;349;FinishTrip;German;6
936;349;changeHouse;2;Russian;German;1;6
937;349;StartTrip;Russian;6;1
938;349;StartTrip;German;6;2
939;349;StartTrip;French;1;5
940;350;FinishTrip;English;4
941;350;StartTrip;English;4;1
942;352;FinishTrip;French;5
943;352;FinishTrip;0;English;1
944;352;StartTrip;French;5;4
945;352;StartTrip;English;1;4
946;353;FinishTrip;Russian;1
947;353;FinishTrip;1;Chinese;1
948;353;StartTrip;Russian;1;2
949;353;StartTrip;Chinese;1;2
950;354;FinishTrip;English;4
951;354;FinishTrip;0;German;2
952;354;StartTrip;English;4;3
953;354;StartTrip;German;2;6
954;356;FinishTrip;0;French;4
955;356;StartTrip;French;4;5
956;357;FinishTrip;0;English;3
957;357;StartTrip;English;3;4
958;359;FinishTrip;1;Chinese;2
959;359;FinishTrip;Russian;2
960;359;ChangePet;2;Russian;Chinese;Zebra;Dog
961;359;changeHouse;2;Russian;Chinese;2;1
962;359;StartTrip;Chinese;2;1
963;359;StartTrip;Russian;2;5
964;361;FinishTrip;0;Russian;5
965;361;StartTrip;Russian;5;2
966;362;FinishTrip;French;5
967;362;FinishTrip;Russian;2
968;362;FinishTrip;English;4
969;362;StartTrip;French;5;4
970;362;StartTrip;English;4;6
971;362;StartTrip;Russian;2;3
972;364;FinishTrip;Chinese;1
973;364;FinishTrip;German;6
974;364;StartTrip;Chinese;1;2
975;364;StartTrip;German;6;2
976;365;FinishTrip;0;English;6
977;365;StartTrip;English;6;4
978;366;FinishTrip;English;4
979;366;FinishTrip;0;Russian;3
980;366;FinishTrip;1;French;4
981;366;StartTrip;English;4;2
982;366;StartTrip;French;4;5
983;366;StartTrip;Russian;3;2
984;367;FinishTrip;0;English;2
985;367;StartTrip;English;2;4
986;368;FinishTrip;English;4
987;368;StartTrip;English;4;1
988;369;FinishTrip;Russian;2
989;369;FinishTrip;1;German;2
990;369;StartTrip;Russian;2;1
991;369;StartTrip;German;2;6
992;370;FinishTrip;0;English;1
993;370;FinishTrip;0;Chinese;2
994;370;StartTrip;English;1;4
995;370;StartTrip;Chinese;2;1
996;372;FinishTrip;French;5
997;372;FinishTrip;English;4
998;372;StartTrip;French;5;2
999;372;StartTrip;English;4;6
1000;373;FinishTrip;0;French;2
1001;373;StartTrip;French;2;5
1002;374;FinishTrip;0;Russian;1
1003;374;StartTrip;Russian;1;2
1004;375;FinishTrip;Chinese;1
1005;375;FinishTrip;French;5
1006;375;FinishTrip;0;English;6
1007;375;StartTrip;Chinese;1;4
1008;375;StartTrip;English;6;4
1009;375;StartTrip;French;5;3
1010;376;FinishTrip;English;4
1011;376;StartTrip;English;4;2
1012;377;FinishTrip;0;Chinese;4
1013;377;FinishTrip;0;English;2
1014;377;StartTrip;Chinese;4;1
1015;377;StartTrip;English;2;4
1016;378;FinishTrip;English;4
1017;378;StartTrip;English;4;6
1018;379;FinishTrip;German;6
1019;379;FinishTrip;Chinese;1
1020;379;FinishTrip;0;French;3
1021;379;StartTrip;German;6;5
1022;379;StartTrip;French;3;5
1023;379;StartTrip;Chinese;1;5
1024;380;FinishTrip;Russian;2
1025;380;StartTrip;Russian;2;4
1026;381;FinishTrip;French;5
1027;381;FinishTrip;0;English;6
1028;381;FinishTrip;0;Russian;4
1029;381;StartTrip;French;5;6
1030;381;StartTrip;Russian;4;2
1031;381;StartTrip;English;6;4
1032;382;FinishTrip;English;4
1033;382;FinishTrip;Russian;2
1034;382;FinishTrip;0;German;5
1035;382;FinishTrip;0;Chinese;5
1036;382;StartTrip;English;4;1
1037;382;StartTrip;Chinese;5;1
1038;382;StartTrip;Russian;2;3
1039;382;StartTrip;German;5;6
1040;383;FinishTrip;0;American;1
1041;383;StartTrip;American;1;3
1042;384;FinishTrip;0;English;1
1043;384;StartTrip;English;1;4
1044;386;FinishTrip;English;4
1045;386;FinishTrip;Chinese;1
1046;386;FinishTrip;0;French;6
1047;386;FinishTrip;0;Russian;3
1048;386;StartTrip;English;4;5
1049;386;StartTrip;Russian;3;2
1050;386;StartTrip;Chinese;1;5
1051;386;StartTrip;French;6;5
1052;387;FinishTrip;German;6
1053;387;StartTrip;German;6;3
1054;389;FinishTrip;French;5
1055;389;FinishTrip;Russian;2
1056;389;FinishTrip;0;German;3
1057;389;FinishTrip;1;Chinese;5
1058;389;ChangePet;2;Chinese;French;Humpster;Dog
1059;389;StartTrip;French;5;2
1060;389;StartTrip;Chinese;5;1
1061;389;StartTrip;Russian;2;5
1062;389;StartTrip;German;3;6
1063;390;FinishTrip;0;French;2
1064;390;StartTrip;French;2;5
1065;391;FinishTrip;American;3
1066;391;FinishTrip;0;Russian;5
1067;391;StartTrip;American;3;2
1068;391;StartTrip;Russian;5;2
1069;392;FinishTrip;1;French;5
1070;392;FinishTrip;Russian;2
1071;392;FinishTrip;English;5
1072;392;ChangePet;2;English;French;Dog;Cat
1073;392;changeHouse;2;English;French;5;4
1074;392;StartTrip;French;5;4
1075;392;StartTrip;English;5;2
1076;392;StartTrip;Russian;2;1
1077;393;FinishTrip;Chinese;1
1078;393;FinishTrip;German;6
1079;393;FinishTrip;0;English;2
1080;393;StartTrip;Chinese;1;3
1081;393;StartTrip;English;2;5
1082;393;StartTrip;German;6;3
1083;394;FinishTrip;0;American;2
1084;394;StartTrip;American;2;3
1085;395;FinishTrip;English;5
1086;395;FinishTrip;0;German;3
1087;395;StartTrip;English;5;4
1088;395;StartTrip;German;3;6
1089;396;FinishTrip;French;4
1090;396;StartTrip;French;4;3
1091;397;FinishTrip;0;Russian;1
1092;397;StartTrip;Russian;1;2
1093;398;FinishTrip;American;3
1094;398;StartTrip;American;3;6
1095;399;FinishTrip;German;6
1096;399;FinishTrip;0;English;4
1097;399;FinishTrip;0;French;3
1098;399;StartTrip;German;6;1
1099;399;StartTrip;French;3;4
1100;399;StartTrip;English;4;5
1101;401;FinishTrip;0;Chinese;3
1102;401;StartTrip;Chinese;3;1
1103;402;FinishTrip;0;American;6
1104;402;StartTrip;American;6;3
1105;403;FinishTrip;Russian;2
1106;403;FinishTrip;0;German;1
1107;403;StartTrip;Russian;2;3
1108;403;StartTrip;German;1;6
1109;404;FinishTrip;American;3
1110;404;FinishTrip;German;6
1111;404;FinishTrip;French;4
1112;404;StartTrip;American;3;1
1113;404;StartTrip;French;4;1
1114;404;StartTrip;German;6;2
1115;405;FinishTrip;English;5
1116;405;StartTrip;English;5;3
1117;406;FinishTrip;0;French;1
1118;406;StartTrip;French;1;4
1119;407;FinishTrip;0;Russian;3
1120;407;StartTrip;Russian;3;2
1121;408;FinishTrip;French;4
1122;408;StartTrip;French;4;5
1123;409;FinishTrip;0;German;2
1124;409;FinishTrip;0;English;3
1125;409;StartTrip;German;2;6
1126;409;StartTrip;English;3;5
1127;410;FinishTrip;Russian;2
1128;410;StartTrip;Russian;2;4
1129;411;FinishTrip;English;5
1130;411;FinishTrip;0;Russian;4
1131;411;StartTrip;English;5;3
1132;411;StartTrip;Russian;4;2
1133;412;FinishTrip;Russian;2
1134;412;StartTrip;Russian;2;5
1135;414;FinishTrip;0;French;5
1136;414;FinishTrip;0;Russian;5
1137;414;StartTrip;French;5;4
1138;414;StartTrip;Russian;5;2
1139;415;FinishTrip;Russian;2
1140;415;FinishTrip;0;English;3
1141;415;StartTrip;Russian;2;6
1142;415;StartTrip;English;3;5
1143;417;FinishTrip;English;5
1144;417;StartTrip;English;5;3
1145;418;FinishTrip;French;4
1146;418;StartTrip;French;4;6
1147;419;FinishTrip;German;6
1148;419;StartTrip;German;6;3
1149;421;FinishTrip;0;English;3
1150;421;FinishTrip;0;French;6
1151;421;FinishTrip;0;German;3
1152;421;StartTrip;English;3;5
1153;421;StartTrip;German;3;6
1154;421;StartTrip;French;6;4
1155;422;FinishTrip;French;4
1156;422;StartTrip;French;4;6
1157;423;FinishTrip;English;5
1158;423;StartTrip;English;5;2
1159;424;FinishTrip;0;English;2
1160;424;StartTrip;English;2;5
1161;425;FinishTrip;1;German;6
1162;425;FinishTrip;1;French;6
1163;425;FinishTrip;Russian;6
1164;425;changeHouse;3;Russian;German;French;6;4;2
1165;425;StartTrip;German;6;4
1166;425;StartTrip;Russian;6;4
1167;425;StartTrip;French;6;2
1168;426;FinishTrip;English;5
1169;426;FinishTrip;German;4
1170;426;FinishTrip;1;Russian;4
1171;426;ChangePet;2;Russian;German;Fish;Zebra
1172;426;StartTrip;English;5;2
1173;426;StartTrip;Russian;4;6
1174;426;StartTrip;German;4;3
1175;427;FinishTrip;0;English;2
1176;427;StartTrip;English;2;5
1177;429;FinishTrip;English;5
1178;429;FinishTrip;Russian;6
1179;429;FinishTrip;0;German;3
1180;429;StartTrip;English;5;2
1181;429;StartTrip;German;3;4
1182;429;StartTrip;Russian;6;1
1183;430;FinishTrip;1;French;2
1184;430;FinishTrip;English;2
1185;430;changeHouse;2;English;French;2;5
1186;430;StartTrip;French;2;5
1187;430;StartTrip;English;2;6
1188;432;FinishTrip;French;5
1189;432;StartTrip;French;5;1
1190;433;FinishTrip;0;Russian;1
1191;433;StartTrip;Russian;1;6
1192;434;FinishTrip;German;4
1193;434;FinishTrip;Russian;6
1194;434;StartTrip;German;4;1
1195;434;StartTrip;Russian;6;3
1196;436;FinishTrip;0;French;1
1197;436;FinishTrip;0;Russian;3
1198;436;FinishTrip;0;German;1
1199;436;StartTrip;French;1;5
1200;436;StartTrip;German;1;4
1201;436;StartTrip;Russian;3;6
1202;438;FinishTrip;German;4
1203;438;StartTrip;German;4;3
1204;439;FinishTrip;French;5
1205;439;StartTrip;French;5;1
1206;440;FinishTrip;Russian;6
1207;440;FinishTrip;1;English;6
1208;440;StartTrip;Russian;6;1
1209;440;StartTrip;English;6;2
1210;441;FinishTrip;0;German;3
1211;441;StartTrip;German;3;4
1212;443;FinishTrip;0;French;1
1213;443;StartTrip;French;1;5
1214;444;FinishTrip;0;Russian;1
1215;444;StartTrip;Russian;1;6
1216;445;FinishTrip;English;2
1217;445;FinishTrip;Russian;6
1218;445;StartTrip;English;2;4
1219;445;StartTrip;Russian;6;3
1220;446;FinishTrip;French;5
1221;446;FinishTrip;German;4
1222;446;FinishTrip;1;English;4
1223;446;StartTrip;French;5;3
1224;446;StartTrip;English;4;2
1225;446;StartTrip;German;4;6
1226;447;FinishTrip;English;2
1227;447;FinishTrip;0;Russian;3
1228;447;StartTrip;English;2;3
1229;447;StartTrip;Russian;3;6
1230;449;FinishTrip;0;German;6
1231;449;StartTrip;German;6;4
1232;450;FinishTrip;German;4
1233;450;FinishTrip;0;French;3
1234;450;StartTrip;German;4;2
1235;450;StartTrip;French;3;5
1236;451;FinishTrip;Russian;6
1237;451;FinishTrip;0;English;3
1238;451;FinishTrip;0;German;2
1239;451;StartTrip;Russian;6;1
1240;451;StartTrip;German;2;4
1241;451;StartTrip;English;3;2
1242;452;FinishTrip;French;5
1243;452;FinishTrip;German;4
1244;452;StartTrip;French;5;2
1245;452;StartTrip;German;4;2
1246;453;FinishTrip;Chinese;1
1247;453;FinishTrip;0;German;2
1248;453;FinishTrip;0;French;2
1249;453;StartTrip;Chinese;1;5
1250;453;StartTrip;French;2;5
1251;453;StartTrip;German;2;4
1252;454;FinishTrip;English;2
1253;454;FinishTrip;German;4
1254;454;StartTrip;English;2;4
1255;454;StartTrip;German;4;2
1256;455;FinishTrip;French;5
1257;455;FinishTrip;0;Russian;1
1258;455;FinishTrip;0;German;2
1259;455;FinishTrip;0;English;4
1260;455;StartTrip;French;5;6
1261;455;StartTrip;English;4;2
1262;455;StartTrip;Russian;1;6
1263;455;StartTrip;German;2;4
1264;456;FinishTrip;German;4
1265;456;FinishTrip;English;2
1266;456;FinishTrip;Russian;6
1267;456;FinishTrip;0;American;1
1268;456;FinishTrip;0;Chinese;5
1269;456;StartTrip;German;4;2
1270;456;StartTrip;English;2;1
1271;456;StartTrip;Chinese;5;1
1272;456;StartTrip;American;1;3
1273;456;StartTrip;Russian;6;2
1274;457;FinishTrip;0;German;2
1275;457;StartTrip;German;2;4
1276;458;FinishTrip;German;4
1277;458;StartTrip;German;4;5
1278;460;FinishTrip;Chinese;1
1279;460;FinishTrip;0;French;6
1280;460;StartTrip;Chinese;1;2
1281;460;StartTrip;French;6;5
1282;461;FinishTrip;0;English;1
1283;461;FinishTrip;0;Russian;2
1284;461;StartTrip;English;1;2
1285;461;StartTrip;Russian;2;6
1286;463;FinishTrip;French;5
1287;463;StartTrip;French;5;1
1288;464;FinishTrip;American;3
1289;464;FinishTrip;0;German;5
1290;464;StartTrip;American;3;1
1291;464;StartTrip;German;5;4
1292;466;FinishTrip;0;Chinese;2
1293;466;StartTrip;Chinese;2;1
1294;467;FinishTrip;English;2
1295;467;FinishTrip;0;French;1
1296;467;StartTrip;English;2;5
1297;467;StartTrip;French;1;5
1298;468;FinishTrip;German;4
1299;468;StartTrip;German;4;5
1300;469;FinishTrip;0;English;5
1301;469;StartTrip;English;5;2
1302;470;FinishTrip;French;5
1303;470;FinishTrip;English;2
1304;470;StartTrip;French;5;2
1305;470;StartTrip;English;2;1
1306;471;FinishTrip;Chinese;1
1307;471;FinishTrip;Russian;6
1308;471;FinishTrip;0;French;2
1309;471;StartTrip;Chinese;1;6
1310;471;StartTrip;French;2;5
1311;471;StartTrip;Russian;6;3
1312;472;FinishTrip;0;Chinese;6
1313;472;StartTrip;Chinese;6;1
1314;473;FinishTrip;French;5
1315;473;FinishTrip;0;Russian;3
1316;473;StartTrip;French;5;2
1317;473;StartTrip;Russian;3;6
1318;474;FinishTrip;0;German;5
1319;474;FinishTrip;0;French;2
1320;474;StartTrip;German;5;4
1321;474;StartTrip;French;2;5
1322;475;FinishTrip;0;English;1
1323;475;StartTrip;English;1;2
1324;476;FinishTrip;Chinese;1
1325;476;FinishTrip;French;5
1326;476;StartTrip;Chinese;1;4
1327;476;StartTrip;French;5;3
1328;477;FinishTrip;Russian;6
1329;477;StartTrip;Russian;6;4
1330;478;FinishTrip;German;4
1331;478;FinishTrip;1;Russian;4
1332;478;FinishTrip;1;Chinese;4
1333;478;StartTrip;German;4;6
1334;478;StartTrip;Chinese;4;1
1335;478;StartTrip;Russian;4;6
1336;480;FinishTrip;Chinese;1
1337;480;FinishTrip;0;French;3
1338;480;StartTrip;Chinese;1;6
1339;480;StartTrip;French;3;5
1340;481;FinishTrip;1;Russian;6
1341;481;FinishTrip;English;2
1342;481;FinishTrip;German;6
1343;481;FinishTrip;1;Chinese;6
1344;481;changeHouse;2;Russian;German;4;6
1345;481;StartTrip;Russian;6;4
1346;481;StartTrip;Chinese;6;1
1347;481;StartTrip;English;2;1
1348;481;StartTrip;German;6;5
1349;482;FinishTrip;French;5
1350;482;FinishTrip;Russian;4
1351;482;StartTrip;French;5;1
1352;482;StartTrip;Russian;4;2
1353;483;FinishTrip;0;Russian;2
1354;483;StartTrip;Russian;2;4
1355;484;FinishTrip;Russian;4
1356;484;FinishTrip;0;German;5
1357;484;StartTrip;Russian;4;1
1358;484;StartTrip;German;5;6
1359;485;FinishTrip;Chinese;1
1360;485;StartTrip;Chinese;1;6
1361;486;FinishTrip;0;English;1
1362;486;FinishTrip;0;Chinese;6
1363;486;FinishTrip;0;French;1
1364;486;FinishTrip;0;Russian;1
1365;486;StartTrip;English;1;2
1366;486;StartTrip;Russian;1;4
1367;486;StartTrip;Chinese;6;1
1368;486;StartTrip;French;1;5
1369;488;FinishTrip;Russian;4
1370;488;StartTrip;Russian;4;6
1371;489;FinishTrip;French;5
1372;489;FinishTrip;German;6
1373;489;StartTrip;French;5;4
1374;489;StartTrip;German;6;3
1375;490;FinishTrip;Chinese;1
1376;490;StartTrip;Chinese;1;4
1377;491;FinishTrip;0;Russian;6
1378;491;FinishTrip;0;German;3
1379;491;StartTrip;Russian;6;4
1380;491;StartTrip;German;3;6
1381;492;FinishTrip;English;2
1382;492;FinishTrip;Russian;4
1383;492;FinishTrip;1;Chinese;4
1384;492;ChangePet;2;Russian;Chinese;Humpster;Fish
1385;492;StartTrip;English;2;1
1386;492;StartTrip;Chinese;4;1
1387;492;StartTrip;Russian;4;3
1388;493;FinishTrip;0;French;4
1389;493;StartTrip;French;4;5
1390;494;FinishTrip;Chinese;1
1391;494;StartTrip;Chinese;1;6
1392;495;FinishTrip;German;6
1393;495;FinishTrip;0;Russian;3
1394;495;FinishTrip;1;Chinese;6
1395;495;ChangePet;2;Chinese;German;Zebra;Fish
1396;495;StartTrip;German;6;5
1397;495;StartTrip;Chinese;6;1
1398;495;StartTrip;Russian;3;4
1399;497;FinishTrip;0;English;1
1400;497;StartTrip;English;1;2
1401;498;FinishTrip;0;German;5
1402;498;StartTrip;German;5;6
1403;499;FinishTrip;French;5
1404;499;FinishTrip;Chinese;1
1405;499;StartTrip;French;5;2
1406;499;StartTrip;Chinese;1;4
1407;500;FinishTrip;Russian;4
1408;500;FinishTrip;0;French;2
1409;500;StartTrip;Russian;4;3
1410;500;StartTrip;French;2;5
1411;501;FinishTrip;0;Chinese;4
1412;501;StartTrip;Chinese;4;1
1413;502;FinishTrip;French;5
1414;502;StartTrip;French;5;4
1415;503;FinishTrip;English;2
1416;503;FinishTrip;Chinese;1
1417;503;FinishTrip;German;6
1418;503;FinishTrip;0;Russian;3
1419;503;StartTrip;English;2;4
1420;503;StartTrip;Russian;3;4
1421;503;StartTrip;Chinese;1;2
1422;503;StartTrip;German;6;1
1423;504;FinishTrip;0;English;4
1424;504;StartTrip;English;4;2
1425;505;FinishTrip;English;2
1426;505;StartTrip;English;2;5
1427;506;FinishTrip;0;French;4
1428;506;StartTrip;French;4;5
1429;507;FinishTrip;0;German;1
1430;507;FinishTrip;0;English;5
1431;507;StartTrip;German;1;6
1432;507;StartTrip;English;5;2
1433;508;FinishTrip;Russian;4
1434;508;FinishTrip;English;2
1435;508;FinishTrip;German;6
1436;508;StartTrip;Russian;4;1
1437;508;StartTrip;German;6;5
1438;508;StartTrip;English;2;6
1439;509;FinishTrip;0;Chinese;2
1440;509;StartTrip;Chinese;2;1
1441;510;FinishTrip;0;Russian;1
1442;510;StartTrip;Russian;1;4
1443;511;FinishTrip;0;German;5
1444;511;StartTrip;German;5;6
1445;512;FinishTrip;French;5
1446;512;FinishTrip;Russian;4
1447;512;StartTrip;French;5;4
1448;512;StartTrip;Russian;4;3
1449;514;FinishTrip;Chinese;1
1450;514;StartTrip;Chinese;1;3
1451;515;FinishTrip;0;Russian;3
1452;515;StartTrip;Russian;3;4
1453;516;FinishTrip;German;6
1454;516;FinishTrip;0;American;1
1455;516;FinishTrip;0;French;4
1456;516;StartTrip;German;6;5
1457;516;StartTrip;French;4;5
1458;516;StartTrip;American;1;3
1459;518;FinishTrip;0;English;6
1460;518;StartTrip;English;6;2
1461;519;FinishTrip;0;German;5
1462;519;StartTrip;German;5;6
1463;520;FinishTrip;Russian;4
1464;520;StartTrip;Russian;4;1
1465;522;FinishTrip;French;5
1466;522;FinishTrip;0;Russian;1
1467;522;FinishTrip;0;Chinese;3
1468;522;StartTrip;French;5;2
1469;522;StartTrip;Chinese;3;1
1470;522;StartTrip;Russian;1;4
1471;523;FinishTrip;English;2
1472;523;FinishTrip;1;French;2
1473;523;StartTrip;English;2;6
1474;523;StartTrip;French;2;5
1475;524;FinishTrip;American;3
1476;524;FinishTrip;Russian;4
1477;524;FinishTrip;German;6
1478;524;StartTrip;American;3;5
1479;524;StartTrip;German;6;2
1480;524;StartTrip;Russian;4;2
1481;525;FinishTrip;French;5
1482;525;FinishTrip;0;Russian;2
1483;525;StartTrip;French;5;4
1484;525;StartTrip;Russian;2;4
1485;526;FinishTrip;Russian;4
1486;526;FinishTrip;0;American;5
1487;526;StartTrip;Russian;4;6
1488;526;StartTrip;American;5;3
1489;529;FinishTrip;0;German;2
1490;529;FinishTrip;0;French;4
1491;529;FinishTrip;0;Russian;6
1492;529;StartTrip;German;2;6
1493;529;StartTrip;Russian;6;4
1494;529;StartTrip;French;4;5
1495;530;FinishTrip;American;3
1496;530;FinishTrip;Russian;4
1497;530;StartTrip;American;3;4
1498;530;StartTrip;Russian;4;3
1499;533;FinishTrip;0;English;6
1500;533;FinishTrip;0;Russian;3
1501;533;StartTrip;English;6;2
1502;533;StartTrip;Russian;3;4
1503;535;FinishTrip;French;5
1504;535;FinishTrip;0;American;4
1505;535;StartTrip;French;5;3
1506;535;StartTrip;American;4;3
1507;538;FinishTrip;Russian;4
1508;538;FinishTrip;American;3
1509;538;FinishTrip;English;2
1510;538;StartTrip;Russian;4;3
1511;538;StartTrip;English;2;4
1512;538;StartTrip;American;3;5
1513;539;FinishTrip;German;6
1514;539;FinishTrip;0;French;3
1515;539;FinishTrip;0;English;4
1516;539;StartTrip;German;6;4
1517;539;StartTrip;English;4;2
1518;539;StartTrip;French;3;5
1519;540;FinishTrip;English;2
1520;540;FinishTrip;0;American;5
1521;540;FinishTrip;0;German;4
1522;540;StartTrip;English;2;4
1523;540;StartTrip;German;4;6
1524;540;StartTrip;American;5;3
1525;541;FinishTrip;French;5
1526;541;FinishTrip;0;Russian;3
1527;541;FinishTrip;0;English;4
1528;541;StartTrip;French;5;6
1529;541;StartTrip;English;4;2
1530;541;StartTrip;Russian;3;4
1531;542;FinishTrip;English;2
1532;542;StartTrip;English;2;6
1533;543;FinishTrip;German;6
1534;543;StartTrip;German;6;2
1535;544;FinishTrip;American;3
1536;544;StartTrip;American;3;5
1537;546;FinishTrip;Russian;4
1538;546;FinishTrip;0;French;6
1539;546;FinishTrip;0;American;5
1540;546;StartTrip;Russian;4;2
1541;546;StartTrip;American;5;3
1542;546;StartTrip;French;6;5
1543;547;FinishTrip;0;Russian;2
1544;547;StartTrip;Russian;2;4
1545;548;FinishTrip;Russian;4
1546;548;FinishTrip;0;German;2
1547;548;StartTrip;Russian;4;5
1548;548;StartTrip;German;2;6
1549;549;FinishTrip;French;5
1550;549;StartTrip;French;5;4
1551;550;FinishTrip;American;3
1552;550;StartTrip;American;3;2
1553;552;FinishTrip;0;English;6
1554;552;StartTrip;English;6;2
1555;553;FinishTrip;0;French;4
1556;553;FinishTrip;0;American;2
1557;553;StartTrip;French;4;5
1558;553;StartTrip;American;2;3
1559;554;FinishTrip;0;Russian;5
1560;554;StartTrip;Russian;5;4
1561;557;FinishTrip;English;2
1562;557;FinishTrip;American;3
1563;557;StartTrip;English;2;6
1564;557;StartTrip;American;3;2
1565;558;FinishTrip;Russian;4
1566;558;FinishTrip;German;6
1567;558;StartTrip;Russian;4;1
1568;558;StartTrip;German;6;5
1569;559;FinishTrip;French;5
1570;559;StartTrip;French;5;1
1571;560;FinishTrip;0;American;2
1572;560;FinishTrip;0;Russian;1
1573;560;StartTrip;American;2;3
1574;560;StartTrip;Russian;1;4
1575;561;FinishTrip;0;German;5
1576;561;StartTrip;German;5;6
1577;562;FinishTrip;Russian;4
1578;562;StartTrip;Russian;4;6
1579;563;FinishTrip;0;French;1
1580;563;StartTrip;French;1;5
1581;564;FinishTrip;American;3
1582;564;StartTrip;American;3;4
1583;565;FinishTrip;0;Russian;6
1584;565;StartTrip;Russian;6;4
1585;566;FinishTrip;French;5
1586;566;FinishTrip;Russian;4
1587;566;FinishTrip;German;6
1588;566;StartTrip;French;5;1
1589;566;StartTrip;German;6;3
1590;566;StartTrip;Russian;4;1
1591;567;FinishTrip;0;English;6
1592;567;StartTrip;English;6;2
1593;568;FinishTrip;0;Russian;1
1594;568;FinishTrip;0;German;3
1595;568;StartTrip;Russian;1;4
1596;568;StartTrip;German;3;6
1597;569;FinishTrip;0;American;4
1598;569;StartTrip;American;4;3
1599;570;FinishTrip;Russian;4
1600;570;FinishTrip;0;French;1
1601;570;StartTrip;Russian;4;5
1602;570;StartTrip;French;1;5
1603;572;FinishTrip;American;3
1604;572;FinishTrip;German;6
1605;572;FinishTrip;English;2
1606;572;StartTrip;American;3;5
1607;572;StartTrip;English;2;6
1608;572;StartTrip;German;6;4
1609;573;FinishTrip;French;5
1610;573;FinishTrip;0;German;4
1611;573;StartTrip;French;5;2
1612;573;StartTrip;German;4;6
1613;574;FinishTrip;Chinese;1
1614;574;FinishTrip;0;American;5
1615;574;FinishTrip;0;French;2
1616;574;StartTrip;Chinese;1;5
1617;574;StartTrip;French;2;5
1618;574;StartTrip;American;5;3
1619;576;FinishTrip;German;6
1620;576;FinishTrip;French;5
1621;576;FinishTrip;1;Russian;5
1622;576;StartTrip;German;6;1
1623;576;StartTrip;Russian;5;4
1624;576;StartTrip;French;5;6
1625;577;FinishTrip;0;Chinese;5
1626;577;StartTrip;Chinese;5;1
1627;578;FinishTrip;American;3
1628;578;StartTrip;American;3;6
1629;580;FinishTrip;Russian;4
1630;580;FinishTrip;0;German;1
1631;580;StartTrip;Russian;4;6
1632;580;StartTrip;German;1;6
1633;581;FinishTrip;German;6
1634;581;FinishTrip;Chinese;1
1635;581;FinishTrip;1;French;6
1636;581;StartTrip;German;6;2
1637;581;StartTrip;French;6;5
1638;581;StartTrip;Chinese;1;5
1639;582;FinishTrip;0;English;6
1640;582;FinishTrip;0;American;6
1641;582;StartTrip;English;6;2
1642;582;StartTrip;American;6;3
1643;583;FinishTrip;0;Russian;6
1644;583;StartTrip;Russian;6;4
1645;584;FinishTrip;American;3
1646;584;FinishTrip;Russian;4
1647;584;FinishTrip;French;5
1648;584;FinishTrip;1;Chinese;5
1649;584;StartTrip;American;3;1
1650;584;StartTrip;Chinese;5;1
1651;584;StartTrip;Russian;4;6
1652;584;StartTrip;French;5;2
1653;585;FinishTrip;0;French;2
1654;585;StartTrip;French;2;5
1655;586;FinishTrip;0;German;2
1656;586;StartTrip;German;2;6
1657;587;FinishTrip;French;5
1658;587;FinishTrip;English;2
1659;587;FinishTrip;0;Russian;6
1660;587;StartTrip;French;5;2
1661;587;StartTrip;Russian;6;4
1662;587;StartTrip;English;2;1
1663;588;FinishTrip;Chinese;1
1664;588;FinishTrip;Russian;4
1665;588;FinishTrip;0;French;2
1666;588;StartTrip;Chinese;1;2
1667;588;StartTrip;French;2;5
1668;588;StartTrip;Russian;4;1
1669;590;FinishTrip;French;5
1670;590;FinishTrip;0;Russian;1
1671;590;StartTrip;French;5;1
1672;590;StartTrip;Russian;1;4
1673;592;FinishTrip;Russian;4
1674;592;FinishTrip;0;English;1
1675;592;StartTrip;Russian;4;5
1676;592;StartTrip;English;1;2
1677;594;FinishTrip;0;Chinese;2
1678;594;FinishTrip;0;French;1
1679;594;StartTrip;Chinese;2;1
1680;594;StartTrip;French;1;5
1681;596;FinishTrip;German;6
1682;596;StartTrip;German;6;2
1683;597;FinishTrip;French;5
1684;597;StartTrip;French;5;4
1685;598;FinishTrip;English;2
1686;598;FinishTrip;0;Russian;5
1687;598;StartTrip;English;2;6
1688;598;StartTrip;Russian;5;4
1689;599;FinishTrip;Chinese;1
1690;599;StartTrip;Chinese;1;2
1691;601;FinishTrip;0;German;2
1692;601;FinishTrip;0;French;4
1693;601;StartTrip;German;2;6
1694;601;StartTrip;French;4;5
1695;602;FinishTrip;Russian;4
1696;602;StartTrip;Russian;4;2
1697;603;FinishTrip;0;Russian;2
1698;603;StartTrip;Russian;2;4
1699;604;FinishTrip;Russian;4
1700;604;StartTrip;Russian;4;6
1701;605;FinishTrip;0;Chinese;2
1702;605;StartTrip;Chinese;2;1
1703;607;FinishTrip;French;5
1704;607;FinishTrip;0;Russian;6
1705;607;StartTrip;French;5;2
1706;607;StartTrip;Russian;6;4
1707;608;FinishTrip;Russian;4
1708;608;FinishTrip;0;English;6
1709;608;FinishTrip;0;French;2
1710;608;StartTrip;Russian;4;1
1711;608;StartTrip;French;2;5
1712;608;StartTrip;English;6;2
1713;610;FinishTrip;Chinese;1
1714;610;FinishTrip;French;5
1715;610;FinishTrip;1;Russian;1
1716;610;StartTrip;Chinese;1;3
1717;610;StartTrip;Russian;1;4
1718;610;StartTrip;French;5;6
1719;611;FinishTrip;German;6
1720;611;StartTrip;German;6;5
1721;612;FinishTrip;Russian;4
1722;612;StartTrip;Russian;4;2
1723;613;FinishTrip;1;English;2
1724;613;FinishTrip;Russian;2
1725;613;changeHouse;2;Russian;English;2;4
1726;613;StartTrip;English;2;4
1727;613;StartTrip;Russian;2;1
1728;614;FinishTrip;English;4
1729;614;FinishTrip;0;German;5
1730;614;StartTrip;English;4;5
1731;614;StartTrip;German;5;6
1732;615;FinishTrip;0;French;6
1733;615;StartTrip;French;6;5
1734;618;FinishTrip;French;5
1735;618;FinishTrip;0;Chinese;3
1736;618;FinishTrip;0;Russian;1
1737;618;StartTrip;French;5;3
1738;618;StartTrip;Russian;1;2
1739;618;StartTrip;Chinese;3;1
1740;619;FinishTrip;German;6
1741;619;StartTrip;German;6;4
1742;620;FinishTrip;0;English;5
1743;620;FinishTrip;0;German;4
1744;620;StartTrip;English;5;4
1745;620;StartTrip;German;4;6
1746;622;FinishTrip;0;French;3
1747;622;StartTrip;French;3;5
1748;623;FinishTrip;German;6
1749;623;StartTrip;German;6;4
1750;624;FinishTrip;French;5
1751;624;FinishTrip;Russian;2
1752;624;FinishTrip;English;4
1753;624;FinishTrip;1;German;4
1754;624;StartTrip;French;5;2
1755;624;StartTrip;German;4;6
1756;624;StartTrip;Russian;2;6
1757;624;StartTrip;English;4;2
1758;625;FinishTrip;0;French;2
1759;625;FinishTrip;0;English;2
1760;625;StartTrip;French;2;5
1761;625;StartTrip;English;2;4
1762;626;FinishTrip;English;4
1763;626;StartTrip;English;4;6
1764;627;FinishTrip;German;6
1765;627;FinishTrip;French;5
1766;627;StartTrip;German;6;4
1767;627;StartTrip;French;5;4
1768;628;FinishTrip;0;German;4
1769;628;StartTrip;German;4;6
1770;629;FinishTrip;0;English;6
1771;629;StartTrip;English;6;4
1772;630;FinishTrip;English;4
1773;630;StartTrip;English;4;6
1774;631;FinishTrip;German;6
1775;631;FinishTrip;0;French;4
1776;631;StartTrip;German;6;3
1777;631;StartTrip;French;4;5
1778;633;FinishTrip;0;English;6
1779;633;FinishTrip;0;German;3
1780;633;StartTrip;English;6;4
1781;633;StartTrip;German;3;6
1782;634;FinishTrip;English;4
1783;634;FinishTrip;0;Russian;6
1784;634;StartTrip;English;4;1
1785;634;StartTrip;Russian;6;2
1786;636;FinishTrip;0;American;1
1787;636;FinishTrip;0;English;1
1788;636;StartTrip;American;1;3
1789;636;StartTrip;English;1;4
1790;637;FinishTrip;German;6
1791;637;FinishTrip;French;5
1792;637;StartTrip;German;6;1
1793;637;StartTrip;French;5;1
1794;638;FinishTrip;English;4
1795;638;StartTrip;English;4;2
1796;639;FinishTrip;Russian;2
1797;639;FinishTrip;1;English;2
1798;639;StartTrip;Russian;2;1
1799;639;StartTrip;English;2;4
1800;640;FinishTrip;English;4
1801;640;StartTrip;English;4;2
1802;641;FinishTrip;0;French;1
1803;641;FinishTrip;0;English;2
1804;641;FinishTrip;0;German;1
1805;641;StartTrip;French;1;5
1806;641;StartTrip;German;1;6
1807;641;StartTrip;English;2;4
1808;642;FinishTrip;German;6
1809;642;FinishTrip;English;4
1810;642;StartTrip;German;6;2
1811;642;StartTrip;English;4;5
1812;644;FinishTrip;American;3
1813;644;FinishTrip;French;5
1814;644;FinishTrip;0;Russian;1
1815;644;StartTrip;American;3;5
1816;644;StartTrip;Russian;1;2
1817;644;StartTrip;French;5;3
1818;646;FinishTrip;0;American;5
1819;646;StartTrip;American;5;3
1820;647;FinishTrip;0;German;2
1821;647;StartTrip;German;2;6
1822;648;FinishTrip;0;English;5
1823;648;FinishTrip;0;French;3
1824;648;StartTrip;English;5;4
1825;648;StartTrip;French;3;5
1826;650;FinishTrip;American;3
1827;650;FinishTrip;French;5
1828;650;FinishTrip;Russian;2
1829;650;StartTrip;American;3;1
1830;650;StartTrip;Russian;2;6
1831;650;StartTrip;French;5;6
1832;652;FinishTrip;English;4
1833;652;StartTrip;English;4;6
1834;655;FinishTrip;0;French;6
1835;655;FinishTrip;0;English;6
1836;655;StartTrip;French;6;5
1837;655;StartTrip;English;6;4
1838;656;FinishTrip;English;4
1839;656;StartTrip;English;4;2
1840;657;FinishTrip;German;6
1841;657;FinishTrip;0;English;2
1842;657;StartTrip;German;6;5
1843;657;StartTrip;English;2;4
1844;658;FinishTrip;French;5
1845;658;FinishTrip;English;4
1846;658;StartTrip;French;5;3
1847;658;StartTrip;English;4;1
1848;660;FinishTrip;0;Russian;6
1849;660;FinishTrip;0;English;1
1850;660;FinishTrip;0;German;5
1851;660;StartTrip;Russian;6;2
1852;660;StartTrip;German;5;6
1853;660;StartTrip;English;1;4
1854;662;FinishTrip;English;4
1855;662;FinishTrip;0;French;3
1856;662;StartTrip;English;4;1
1857;662;StartTrip;French;3;5
1858;664;FinishTrip;French;5
1859;664;FinishTrip;0;English;1
1860;664;StartTrip;French;5;3
1861;664;StartTrip;English;1;4
1862;665;FinishTrip;Russian;2
1863;665;FinishTrip;German;6
1864;665;StartTrip;Russian;2;1
1865;665;StartTrip;German;6;5
1866;666;FinishTrip;English;4
1867;666;StartTrip;English;4;6
1868;668;FinishTrip;0;German;5
1869;668;FinishTrip;0;French;3
1870;668;StartTrip;German;5;6
1871;668;StartTrip;French;3;5
1872;669;FinishTrip;0;English;6
1873;669;StartTrip;English;6;4
1874;670;FinishTrip;Chinese;1
1875;670;FinishTrip;French;5
1876;670;FinishTrip;English;4
1877;670;FinishTrip;1;Russian;1
1878;670;StartTrip;Chinese;1;4
1879;670;StartTrip;Russian;1;2
1880;670;StartTrip;French;5;1
1881;670;StartTrip;English;4;1
1882;672;FinishTrip;0;Chinese;4
1883;672;FinishTrip;0;English;1
1884;672;StartTrip;Chinese;4;1
1885;672;StartTrip;English;1;4
1886;673;FinishTrip;German;6
1887;673;StartTrip;German;6;3
1888;674;FinishTrip;English;4
1889;674;FinishTrip;Chinese;1
1890;674;FinishTrip;1;French;1
1891;674;StartTrip;English;4;6
1892;674;StartTrip;French;1;5
1893;674;StartTrip;Chinese;1;2
1894;675;FinishTrip;0;German;3
1895;675;StartTrip;German;3;6
1896;676;FinishTrip;Russian;2
1897;676;StartTrip;Russian;2;3
1898;677;FinishTrip;French;5
1899;677;FinishTrip;0;English;6
1900;677;StartTrip;French;5;2
1901;677;StartTrip;English;6;4
1902;678;FinishTrip;English;4
1903;678;FinishTrip;0;French;2
1904;678;StartTrip;English;4;2
1905;678;StartTrip;French;2;5
1906;679;FinishTrip;German;6
1907;679;FinishTrip;0;English;2
1908;679;StartTrip;German;6;5
1909;679;StartTrip;English;2;4
1910;680;FinishTrip;French;5
1911;680;FinishTrip;English;4
1912;680;FinishTrip;0;Chinese;2
1913;680;FinishTrip;0;Russian;3
1914;680;StartTrip;French;5;3
1915;680;StartTrip;Russian;3;2
1916;680;StartTrip;English;4;6
1917;680;StartTrip;Chinese;2;1
1918;682;FinishTrip;0;German;5
1919;682;StartTrip;German;5;6
1920;683;FinishTrip;Russian;2
1921;683;FinishTrip;0;English;6
1922;683;StartTrip;Russian;2;3
1923;683;StartTrip;English;6;4
1924;684;FinishTrip;English;4
1925;684;FinishTrip;0;French;3
1926;684;StartTrip;English;4;1
1927;684;StartTrip;French;3;5
1928;685;FinishTrip;Chinese;1
1929;685;StartTrip;Chinese;1;5
1930;686;FinishTrip;French;5
1931;686;FinishTrip;0;English;1
1932;686;StartTrip;French;5;2
1933;686;StartTrip;English;1;4
1934;687;FinishTrip;German;6
1935;687;FinishTrip;0;Russian;3
1936;687;FinishTrip;0;French;2
1937;687;StartTrip;German;6;1
1938;687;StartTrip;French;2;5
1939;687;StartTrip;Russian;3;2
1940;688;FinishTrip;English;4
1941;688;FinishTrip;0;Chinese;5
1942;688;StartTrip;English;4;2
1943;688;StartTrip;Chinese;5;1
1944;689;FinishTrip;French;5
1945;689;FinishTrip;0;English;2
1946;689;StartTrip;French;5;2
1947;689;StartTrip;English;2;4
1948;690;FinishTrip;Russian;2
1949;690;FinishTrip;English;4
1950;690;FinishTrip;1;French;2
1951;690;StartTrip;Russian;2;5
1952;690;StartTrip;French;2;5
1953;690;StartTrip;English;4;2
1954;691;FinishTrip;0;German;1
1955;691;FinishTrip;0;English;2
1956;691;StartTrip;German;1;6
1957;691;StartTrip;English;2;4
1958;692;FinishTrip;French;5
1959;692;FinishTrip;English;4
1960;692;FinishTrip;German;6
1961;692;FinishTrip;Chinese;1
1962;692;FinishTrip;1;Russian;5
1963;692;ChangePet;2;Russian;French;Cat;Humpster
1964;692;StartTrip;French;5;2
1965;692;StartTrip;English;4;1
1966;692;StartTrip;Russian;5;2
1967;692;StartTrip;Chinese;1;3
1968;692;StartTrip;German;6;4
1969;693;FinishTrip;1;Russian;2
1970;693;FinishTrip;French;2
1971;693;FinishTrip;0;German;4
1972;693;changeHouse;2;Russian;French;5;2
1973;693;StartTrip;Russian;2;5
1974;693;StartTrip;German;4;6
1975;693;StartTrip;French;2;3
1976;694;FinishTrip;0;English;1
1977;694;StartTrip;English;1;4
1978;695;FinishTrip;Russian;5
1979;695;StartTrip;Russian;5;1
1980;696;FinishTrip;English;4
1981;696;FinishTrip;German;6
1982;696;StartTrip;English;4;1
1983;696;StartTrip;German;6;3
1984;697;FinishTrip;0;French;3
1985;697;StartTrip;French;3;2
1986;698;FinishTrip;0;German;3
1987;698;FinishTrip;0;English;1
1988;698;StartTrip;German;3;6
1989;698;StartTrip;English;1;4
1990;699;FinishTrip;0;Russian;1
1991;699;StartTrip;Russian;1;5
1992;700;FinishTrip;French;2
1993;700;FinishTrip;English;4
1994;700;FinishTrip;0;Chinese;3
1995;700;StartTrip;French;2;4
1996;700;StartTrip;Chinese;3;1
1997;700;StartTrip;English;4;1
1998;701;FinishTrip;0;French;4
1999;701;StartTrip;French;4;2
2000;702;FinishTrip;Russian;5
2001;702;FinishTrip;French;2
2002;702;FinishTrip;German;6
2003;702;FinishTrip;0;English;1
2004;702;FinishTrip;0;American;1
2005;702;StartTrip;Russian;5;1
2006;702;StartTrip;French;2;4
2007;702;StartTrip;American;1;3
2008;702;StartTrip;English;1;4
2009;702;StartTrip;German;6;2
2010;703;FinishTrip;0;French;4
2011;703;StartTrip;French;4;2
2012;704;FinishTrip;English;4
2013;704;FinishTrip;French;2
2014;704;StartTrip;English;4;5
2015;704;StartTrip;French;2;6
2016;706;FinishTrip;0;Russian;1
2017;706;StartTrip;Russian;1;5
2018;707;FinishTrip;0;German;2
2019;707;StartTrip;German;2;6
2020;709;FinishTrip;Russian;5
2021;709;StartTrip;Russian;5;2
2022;710;FinishTrip;American;3
2023;710;FinishTrip;0;Russian;2
2024;710;FinishTrip;0;English;5
2025;710;StartTrip;American;3;4
2026;710;StartTrip;English;5;4
2027;710;StartTrip;Russian;2;5
2028;712;FinishTrip;Russian;5
2029;712;StartTrip;Russian;5;6
2030;714;FinishTrip;English;4
2031;714;FinishTrip;0;French;6
2032;714;StartTrip;English;4;6
2033;714;StartTrip;French;6;2
2034;715;FinishTrip;0;American;4
2035;715;StartTrip;American;4;3
2036;717;FinishTrip;German;6
2037;717;FinishTrip;1;Russian;6
2038;717;FinishTrip;1;English;6
2039;717;ChangePet;2;English;German;Fish;Dog
2040;717;StartTrip;German;6;4
2041;717;StartTrip;English;6;4
2042;717;StartTrip;Russian;6;5
2043;718;FinishTrip;American;3
2044;718;FinishTrip;English;4
2045;718;FinishTrip;1;German;4
2046;718;ChangePet;2;English;German;Dog;Fish
2047;718;StartTrip;American;3;6
2048;718;StartTrip;German;4;6
2049;718;StartTrip;English;4;3
2050;719;FinishTrip;French;2
2051;719;StartTrip;French;2;1
2052;720;FinishTrip;Russian;5
2053;720;StartTrip;Russian;5;1
2054;721;FinishTrip;German;6
2055;721;FinishTrip;0;English;3
2056;721;StartTrip;German;6;1
2057;721;StartTrip;English;3;4
2058;722;FinishTrip;0;American;6
2059;722;StartTrip;American;6;3
2060;724;FinishTrip;American;3
2061;724;FinishTrip;0;French;1
2062;724;FinishTrip;0;Russian;1
2063;724;StartTrip;American;3;2
2064;724;StartTrip;Russian;1;5
2065;724;StartTrip;French;1;2
2066;725;FinishTrip;0;German;1
2067;725;StartTrip;German;1;6
2068;726;FinishTrip;English;4
2069;726;FinishTrip;German;6
2070;726;StartTrip;English;4;2
2071;726;StartTrip;German;6;1
2072;727;FinishTrip;Russian;5
2073;727;FinishTrip;0;American;2
2074;727;FinishTrip;0;English;2
2075;727;StartTrip;Russian;5;1
2076;727;StartTrip;English;2;4
2077;727;StartTrip;American;2;3
2078;728;FinishTrip;English;4
2079;728;StartTrip;English;4;6
2080;730;FinishTrip;French;2
2081;730;FinishTrip;0;German;1
2082;730;StartTrip;French;2;5
2083;730;StartTrip;German;1;6
2084;731;FinishTrip;American;3
2085;731;FinishTrip;German;6
2086;731;FinishTrip;1;English;6
2087;731;FinishTrip;0;Russian;1
2088;731;StartTrip;American;3;4
2089;731;StartTrip;Russian;1;5
2090;731;StartTrip;German;6;3
2091;731;StartTrip;English;6;4
2092;732;FinishTrip;English;4
2093;732;FinishTrip;0;French;5
2094;732;StartTrip;English;4;6
2095;732;StartTrip;French;5;2
2096;733;FinishTrip;French;2
2097;733;FinishTrip;0;German;3
2098;733;StartTrip;French;2;3
2099;733;StartTrip;German;3;6
2100;734;FinishTrip;Russian;5
2101;734;StartTrip;Russian;5;4
2102;735;FinishTrip;0;English;6
2103;735;StartTrip;English;6;4
2104;736;FinishTrip;English;4
2105;736;FinishTrip;1;American;4
2106;736;StartTrip;English;4;6
2107;736;StartTrip;American;4;3
2108;737;FinishTrip;German;6
2109;737;FinishTrip;0;French;3
2110;737;StartTrip;German;6;3
2111;737;StartTrip;French;3;2
2112;738;FinishTrip;0;Russian;4
2113;738;StartTrip;Russian;4;5
2114;739;FinishTrip;American;3
2115;739;FinishTrip;0;English;6
2116;739;FinishTrip;1;German;3
2117;739;StartTrip;American;3;6
2118;739;StartTrip;German;3;6
2119;739;StartTrip;English;6;4
2120;740;FinishTrip;French;2
2121;740;FinishTrip;English;4
2122;740;StartTrip;French;2;3
2123;740;StartTrip;English;4;2
2124;741;FinishTrip;0;English;2
2125;741;StartTrip;English;2;4
2126;742;FinishTrip;English;4
2127;742;StartTrip;English;4;6
2128;743;FinishTrip;1;German;6
2129;743;FinishTrip;American;6
2130;743;changeHouse;2;German;American;3;6
2131;743;StartTrip;German;6;3
2132;743;StartTrip;American;6;1
2133;744;FinishTrip;Russian;5
2134;744;FinishTrip;0;French;3
2135;744;StartTrip;Russian;5;3
2136;744;StartTrip;French;3;2
2137;745;FinishTrip;German;3
2138;745;FinishTrip;0;English;6
2139;745;StartTrip;German;3;6
2140;745;StartTrip;English;6;4
2141;746;FinishTrip;English;4
2142;746;StartTrip;English;4;1
2143;747;FinishTrip;French;2
2144;747;FinishTrip;0;American;1
2145;747;StartTrip;French;2;5
2146;747;StartTrip;American;1;6
2147;748;FinishTrip;American;6
2148;748;FinishTrip;0;Russian;3
2149;748;FinishTrip;0;English;1
2150;748;StartTrip;American;6;2
2151;748;StartTrip;English;1;4
2152;748;StartTrip;Russian;3;5
2153;749;FinishTrip;0;French;5
2154;749;FinishTrip;0;German;6
2155;749;StartTrip;French;5;2
2156;749;StartTrip;German;6;3
2157;750;FinishTrip;Russian;5
2158;750;FinishTrip;English;4
2159;750;FinishTrip;French;2
2160;750;StartTrip;Russian;5;1
2161;750;StartTrip;French;2;6
2162;750;StartTrip;English;4;1
2163;751;FinishTrip;German;3
2164;751;StartTrip;German;3;6
2165;752;FinishTrip;1;Chinese;1
2166;752;FinishTrip;English;1
2167;752;changeHouse;2;English;Chinese;1;4
2168;752;StartTrip;Chinese;1;4
2169;752;StartTrip;English;1;5
2170;753;FinishTrip;0;American;2
2171;753;StartTrip;American;2;6
2172;754;FinishTrip;Chinese;4
2173;754;FinishTrip;0;Russian;1
2174;754;StartTrip;Chinese;4;1
2175;754;StartTrip;Russian;1;5
2176;755;FinishTrip;0;English;5
2177;755;FinishTrip;0;German;6
2178;755;StartTrip;English;5;1
2179;755;StartTrip;German;6;3
2180;756;FinishTrip;0;Chinese;1
2181;756;StartTrip;Chinese;1;4
2182;757;FinishTrip;Russian;5
2183;757;FinishTrip;German;3
2184;757;StartTrip;Russian;5;1
2185;757;StartTrip;German;3;6
2186;758;FinishTrip;Chinese;4
2187;758;StartTrip;Chinese;4;5
2188;759;FinishTrip;English;1
2189;759;StartTrip;English;1;2
2190;760;FinishTrip;0;French;6
2191;760;StartTrip;French;6;2
2192;761;FinishTrip;0;Russian;1
2193;761;FinishTrip;0;German;6
2194;761;StartTrip;Russian;1;5
2195;761;StartTrip;German;6;3
2196;763;FinishTrip;American;6
2197;763;FinishTrip;German;3
2198;763;StartTrip;American;6;5
2199;763;StartTrip;German;3;2
2200;764;FinishTrip;Russian;5
2201;764;FinishTrip;1;Chinese;5
2202;764;StartTrip;Russian;5;2
2203;764;StartTrip;Chinese;5;4
2204;765;FinishTrip;1;French;2
2205;765;FinishTrip;English;2
2206;765;FinishTrip;1;Russian;2
2207;765;ChangePet;3;Russian;English;French;Dog;Humpster;Cat
2208;765;changeHouse;2;English;French;2;1
2209;765;StartTrip;French;2;1
2210;765;StartTrip;Russian;2;5
2211;765;StartTrip;English;2;1
2212;766;FinishTrip;0;German;2
2213;766;FinishTrip;0;American;5
2214;766;StartTrip;German;2;3
2215;766;StartTrip;American;5;6
2216;767;FinishTrip;Russian;5
2217;767;StartTrip;Russian;5;4
2218;768;FinishTrip;Chinese;4
2219;768;StartTrip;Chinese;4;3
2220;770;FinishTrip;German;3
2221;770;FinishTrip;French;1
2222;770;FinishTrip;1;English;1
2223;770;StartTrip;German;3;5
2224;770;StartTrip;English;1;2
2225;770;StartTrip;French;1;3
2226;771;FinishTrip;American;6
2227;771;FinishTrip;0;Russian;4
2228;771;FinishTrip;0;Chinese;3
2229;771;StartTrip;American;6;3
2230;771;StartTrip;Chinese;3;4
2231;771;StartTrip;Russian;4;5
2232;772;FinishTrip;0;German;5
2233;772;StartTrip;German;5;3
2234;773;FinishTrip;0;American;3
2235;773;StartTrip;American;3;6
2236;776;FinishTrip;German;3
2237;776;FinishTrip;Chinese;4
2238;776;FinishTrip;English;2
2239;776;StartTrip;German;3;5
2240;776;StartTrip;English;2;3
2241;776;StartTrip;Chinese;4;2
2242;777;FinishTrip;American;6
2243;777;FinishTrip;Russian;5
2244;777;FinishTrip;0;Chinese;2
2245;777;StartTrip;American;6;1
2246;777;StartTrip;Chinese;2;4
2247;777;StartTrip;Russian;5;4
2248;778;FinishTrip;Chinese;4
2249;778;FinishTrip;0;German;5
2250;778;FinishTrip;0;French;3
2251;778;StartTrip;Chinese;4;6
2252;778;StartTrip;French;3;1
2253;778;StartTrip;German;5;3
2254;780;FinishTrip;0;English;3
2255;780;StartTrip;English;3;2
2256;781;FinishTrip;0;Russian;4
2257;781;FinishTrip;0;American;1
2258;781;FinishTrip;0;Chinese;6
2259;781;StartTrip;Russian;4;5
2260;781;StartTrip;Chinese;6;4
2261;781;StartTrip;American;1;6
2262;782;FinishTrip;German;3
2263;782;FinishTrip;American;6
2264;782;FinishTrip;Chinese;4
2265;782;StartTrip;German;3;5
2266;782;StartTrip;Chinese;4;1
2267;782;StartTrip;American;6;2
2268;783;FinishTrip;English;2
2269;783;StartTrip;English;2;3
2270;784;FinishTrip;0;German;5
2271;784;FinishTrip;0;Chinese;1
2272;784;StartTrip;German;5;3
2273;784;StartTrip;Chinese;1;4
2274;786;FinishTrip;Chinese;4
2275;786;StartTrip;Chinese;4;3
2276;787;FinishTrip;Russian;5
2277;787;FinishTrip;0;American;2
2278;787;FinishTrip;0;English;3
2279;787;StartTrip;Russian;5;2
2280;787;StartTrip;English;3;2
2281;787;StartTrip;American;2;6
2282;788;FinishTrip;German;3
2283;788;FinishTrip;0;Russian;2
2284;788;StartTrip;German;3;6
2285;788;StartTrip;Russian;2;5
2286;789;FinishTrip;0;Chinese;3
2287;789;StartTrip;Chinese;3;4
2288;790;FinishTrip;Russian;5
2289;790;FinishTrip;English;2
2290;790;StartTrip;Russian;5;3
2291;790;StartTrip;English;2;4
2292;791;FinishTrip;0;English;4
2293;791;StartTrip;English;4;2
2294;792;FinishTrip;English;2
2295;792;FinishTrip;0;German;6
2296;792;StartTrip;English;2;1
2297;792;StartTrip;German;6;3
2298;794;FinishTrip;Chinese;4
2299;794;FinishTrip;German;3
2300;794;FinishTrip;1;Russian;3
2301;794;StartTrip;Chinese;4;6
2302;794;StartTrip;Russian;3;5
2303;794;StartTrip;German;3;6
2304;796;FinishTrip;Russian;5
2305;796;StartTrip;Russian;5;4
2306;797;FinishTrip;American;6
2307;797;FinishTrip;0;English;1
2308;797;FinishTrip;1;Chinese;6
2309;797;StartTrip;American;6;1
2310;797;StartTrip;Chinese;6;4
2311;797;StartTrip;English;1;2
2312;798;FinishTrip;Chinese;4
2313;798;FinishTrip;0;German;6
2314;798;StartTrip;Chinese;4;2
2315;798;StartTrip;German;6;3
2316;799;FinishTrip;0;Chinese;2
2317;799;StartTrip;Chinese;2;4
2318;800;FinishTrip;German;3
2319;800;FinishTrip;Chinese;4
2320;800;FinishTrip;1;Russian;4
2321;800;StartTrip;German;3;5
2322;800;StartTrip;Russian;4;5
2323;800;StartTrip;Chinese;4;1
2324;801;FinishTrip;0;American;1
2325;801;StartTrip;American;1;6
2326;802;FinishTrip;American;6
2327;802;FinishTrip;0;Chinese;1
2328;802;FinishTrip;0;German;5
2329;802;StartTrip;American;6;5
2330;802;StartTrip;German;5;3
2331;802;StartTrip;Chinese;1;4
2332;803;FinishTrip;English;2
2333;803;StartTrip;English;2;1
2334;804;FinishTrip;Chinese;4
2335;804;StartTrip;Chinese;4;2
2336;805;FinishTrip;0;American;5
2337;805;FinishTrip;0;Chinese;2
2338;805;StartTrip;American;5;6
2339;805;StartTrip;Chinese;2;4
2340;806;FinishTrip;German;3
2341;806;FinishTrip;Chinese;4
2342;806;FinishTrip;Russian;5
2343;806;StartTrip;German;3;4
2344;806;StartTrip;Russian;5;6
2345;806;StartTrip;Chinese;4;6
2346;808;FinishTrip;0;English;1
2347;808;StartTrip;English;1;2
2348;809;FinishTrip;0;Chinese;6
2349;809;StartTrip;Chinese;6;4
2350;810;FinishTrip;American;6
2351;810;FinishTrip;Chinese;4
2352;810;StartTrip;American;6;2
2353;810;StartTrip;Chinese;4;2
2354;811;FinishTrip;0;Russian;6
2355;811;FinishTrip;0;Chinese;2
2356;811;FinishTrip;0;German;4
2357;811;StartTrip;Russian;6;5
2358;811;StartTrip;German;4;3
2359;811;StartTrip;Chinese;2;4
2360;812;FinishTrip;Chinese;4
2361;812;StartTrip;Chinese;4;5
2362;814;FinishTrip;English;2
2363;814;FinishTrip;Russian;5
2364;814;FinishTrip;German;3
2365;814;StartTrip;English;2;3
2366;814;StartTrip;German;3;4
2367;814;StartTrip;Russian;5;6
2368;815;FinishTrip;0;American;2
2369;815;StartTrip;American;2;6
2370;818;FinishTrip;0;Chinese;5
2371;818;FinishTrip;0;English;3
2372;818;StartTrip;Chinese;5;4
2373;818;StartTrip;English;3;2
2374;819;FinishTrip;0;Russian;6
2375;819;FinishTrip;0;German;4
2376;819;StartTrip;Russian;6;5
2377;819;StartTrip;German;4;3
2378;821;FinishTrip;English;2
2379;821;StartTrip;English;2;4
2380;822;FinishTrip;German;3
2381;822;FinishTrip;1;Chinese;4
2382;822;FinishTrip;Russian;5
2383;822;FinishTrip;English;4
2384;822;changeHouse;2;English;Chinese;4;2
2385;822;StartTrip;German;3;6
2386;822;StartTrip;English;4;2
2387;822;StartTrip;Chinese;4;2
2388;822;StartTrip;Russian;5;2
2389;823;FinishTrip;Chinese;2
2390;823;FinishTrip;1;English;2
2391;823;FinishTrip;1;Russian;2
2392;823;StartTrip;Chinese;2;6
2393;823;StartTrip;Russian;2;5
2394;823;StartTrip;English;2;4
2395;824;FinishTrip;English;4
2396;824;StartTrip;English;4;2
2397;825;FinishTrip;American;6
2398;825;FinishTrip;Russian;5
2399;825;FinishTrip;0;English;2
2400;825;StartTrip;American;6;5
2401;825;StartTrip;English;2;4
2402;825;StartTrip;Russian;5;6
2403;826;FinishTrip;English;4
2404;826;FinishTrip;0;German;6
2405;826;StartTrip;English;4;3
2406;826;StartTrip;German;6;3
2407;828;FinishTrip;German;3
2408;828;FinishTrip;0;American;5
2409;828;StartTrip;German;3;4
2410;828;StartTrip;American;5;6
2411;829;FinishTrip;0;English;3
2412;829;StartTrip;English;3;4
2413;830;FinishTrip;French;1
2414;830;FinishTrip;0;Russian;6
2415;830;StartTrip;French;1;5
2416;830;StartTrip;Russian;6;5
2417;833;FinishTrip;American;6
2418;833;FinishTrip;Russian;5
2419;833;FinishTrip;1;Chinese;6
2420;833;FinishTrip;0;German;4
2421;833;FinishTrip;1;French;5
2422;833;ChangePet;2;Chinese;American;Bear;Zebra
2423;833;StartTrip;American;6;2
2424;833;StartTrip;Russian;5;6
2425;833;StartTrip;French;5;1
2426;833;StartTrip;German;4;3
2427;833;StartTrip;Chinese;6;2
2428;834;FinishTrip;English;4
2429;834;StartTrip;English;4;3
2430;836;FinishTrip;German;3
2431;836;StartTrip;German;3;2
2432;837;FinishTrip;French;1
2433;837;FinishTrip;0;English;3
2434;837;StartTrip;French;1;6
2435;837;StartTrip;English;3;4
2436;838;FinishTrip;Chinese;2
2437;838;FinishTrip;0;Russian;6
2438;838;FinishTrip;1;American;2
2439;838;FinishTrip;0;French;6
2440;838;StartTrip;Chinese;2;1
2441;838;StartTrip;French;6;1
2442;838;StartTrip;Russian;6;5
2443;838;StartTrip;American;2;6
2444;839;FinishTrip;0;German;2
2445;839;StartTrip;German;2;3
2446;841;FinishTrip;Russian;5
2447;841;StartTrip;Russian;5;3
2448;842;FinishTrip;English;4
2449;842;FinishTrip;French;1
2450;842;StartTrip;English;4;1
2451;842;StartTrip;French;1;5
2452;843;FinishTrip;German;3
2453;843;FinishTrip;0;Chinese;1
2454;843;StartTrip;German;3;2
2455;843;StartTrip;Chinese;1;2
2456;844;FinishTrip;0;English;1
2457;844;StartTrip;English;1;4
2458;845;FinishTrip;0;French;5
2459;845;FinishTrip;0;Russian;3
2460;845;StartTrip;French;5;1
2461;845;StartTrip;Russian;3;5
2462;846;FinishTrip;English;4
2463;846;FinishTrip;0;German;2
2464;846;StartTrip;English;4;1
2465;846;StartTrip;German;2;3
2466;847;FinishTrip;Russian;5
2467;847;StartTrip;Russian;5;1
2468;848;FinishTrip;American;6
2469;848;FinishTrip;0;English;1
2470;848;StartTrip;American;6;2
2471;848;StartTrip;English;1;4
2472;849;FinishTrip;French;1
2473;849;FinishTrip;Chinese;2
2474;849;StartTrip;French;1;2
2475;849;StartTrip;Chinese;2;5
2476;850;FinishTrip;German;3
2477;850;FinishTrip;English;4
2478;850;StartTrip;German;3;6
2479;850;StartTrip;English;4;1
2480;851;FinishTrip;0;Chinese;5
2481;851;FinishTrip;0;Russian;1
2482;851;StartTrip;Chinese;5;2
2483;851;StartTrip;Russian;1;5
2484;852;FinishTrip;Chinese;2
2485;852;FinishTrip;0;English;1
2486;852;StartTrip;Chinese;2;3
2487;852;StartTrip;English;1;4
2488;853;FinishTrip;0;American;2
2489;853;StartTrip;American;2;6
2490;854;FinishTrip;English;4
2491;854;FinishTrip;Russian;5
2492;854;FinishTrip;0;German;6
2493;854;StartTrip;English;4;5
2494;854;StartTrip;German;6;3
2495;854;StartTrip;Russian;5;3
2496;855;FinishTrip;0;French;2
2497;855;StartTrip;French;2;1
2498;856;FinishTrip;German;3
2499;856;FinishTrip;1;Chinese;3
2500;856;StartTrip;German;3;1
2501;856;StartTrip;Chinese;3;2
2502;858;FinishTrip;0;Russian;3
2503;858;StartTrip;Russian;3;5
2504;859;FinishTrip;Chinese;2
2505;859;StartTrip;Chinese;2;4
2506;860;FinishTrip;Russian;5
2507;860;FinishTrip;French;1
2508;860;FinishTrip;0;Chinese;4
2509;860;FinishTrip;1;English;5
2510;860;StartTrip;Russian;5;2
2511;860;StartTrip;English;5;4
2512;860;StartTrip;French;1;2
2513;860;StartTrip;Chinese;4;2
2514;861;FinishTrip;Chinese;2
2515;861;FinishTrip;1;Russian;2
2516;861;ChangePet;2;Russian;Chinese;Bear;Dog
2517;861;StartTrip;Chinese;2;1
2518;861;StartTrip;Russian;2;5
2519;863;FinishTrip;American;6
2520;863;FinishTrip;Russian;5
2521;863;StartTrip;American;6;4
2522;863;StartTrip;Russian;5;1
2523;864;FinishTrip;English;4
2524;864;FinishTrip;1;American;4
2525;864;ChangePet;2;English;American;Zebra;Humpster
2526;864;StartTrip;English;4;6
2527;864;StartTrip;American;4;6
2528;866;FinishTrip;0;French;2
2529;866;FinishTrip;0;Chinese;1
2530;866;StartTrip;French;2;1
2531;866;StartTrip;Chinese;1;2
2532;867;FinishTrip;1;American;6
2533;867;FinishTrip;English;6
2534;867;FinishTrip;0;Russian;1
2535;867;ChangePet;2;English;American;Humpster;Zebra
2536;867;changeHouse;2;English;American;6;4
2537;867;StartTrip;American;6;4
2538;867;StartTrip;Russian;1;5
2539;867;StartTrip;English;6;3
2540;868;FinishTrip;American;4
2541;868;StartTrip;American;4;6
2542;869;FinishTrip;0;English;3
2543;869;StartTrip;English;3;6
2544;870;FinishTrip;Russian;5
2545;870;StartTrip;Russian;5;2
2546;871;FinishTrip;French;1
2547;871;FinishTrip;0;American;6
2548;871;FinishTrip;0;Russian;2
2549;871;StartTrip;French;1;2
2550;871;StartTrip;Russian;2;5
2551;871;StartTrip;American;6;4
2552;872;FinishTrip;Chinese;2
2553;872;FinishTrip;American;4
2554;872;StartTrip;Chinese;2;6
2555;872;StartTrip;American;4;5
2556;873;FinishTrip;English;6
2557;873;FinishTrip;Russian;5
2558;873;StartTrip;English;6;2
2559;873;StartTrip;Russian;5;4
2560;877;FinishTrip;0;French;2
2561;877;FinishTrip;0;Russian;4
2562;877;StartTrip;French;2;1
2563;877;StartTrip;Russian;4;5
2564;878;FinishTrip;0;American;5
2565;878;FinishTrip;0;English;2
2566;878;StartTrip;American;5;4
2567;878;StartTrip;English;2;6
2568;882;FinishTrip;French;1
2569;882;FinishTrip;American;4
2570;882;FinishTrip;0;Chinese;6
2571;882;StartTrip;French;1;3
2572;882;StartTrip;Chinese;6;2
2573;882;StartTrip;American;4;1
2574;883;FinishTrip;Russian;5
2575;883;StartTrip;Russian;5;3
2576;884;FinishTrip;0;American;1
2577;884;StartTrip;American;1;4
2578;886;FinishTrip;American;4
2579;886;StartTrip;American;4;2
2580;887;FinishTrip;Chinese;2
2581;887;FinishTrip;0;Russian;3
2582;887;FinishTrip;1;American;2
2583;887;StartTrip;Chinese;2;5
2584;887;StartTrip;American;2;4
2585;887;StartTrip;Russian;3;5
2586;888;FinishTrip;English;6
2587;888;FinishTrip;American;4
2588;888;StartTrip;English;6;1
2589;888;StartTrip;American;4;3
2590;889;FinishTrip;1;Russian;5
2591;889;FinishTrip;Chinese;5
2592;889;changeHouse;2;Russian;Chinese;2;5
2593;889;StartTrip;Russian;5;2
2594;889;StartTrip;Chinese;5;3
2595;890;FinishTrip;Russian;2
2596;890;FinishTrip;0;French;3
2597;890;StartTrip;Russian;2;3
2598;890;StartTrip;French;3;1
2599;891;FinishTrip;0;American;3
2600;891;StartTrip;American;3;4
2601;892;FinishTrip;0;English;1
2602;892;StartTrip;English;1;6
2603;893;FinishTrip;English;6
2604;893;FinishTrip;0;Chinese;3
2605;893;StartTrip;English;6;5
2606;893;StartTrip;Chinese;3;5
2607;894;FinishTrip;0;Russian;3
2608;894;StartTrip;Russian;3;2
2609;895;FinishTrip;Chinese;5
2610;895;StartTrip;Chinese;5;4
2611;896;FinishTrip;American;4
2612;896;FinishTrip;0;English;5
2613;896;StartTrip;American;4;2
2614;896;StartTrip;English;5;6
2615;897;FinishTrip;Russian;2
2616;897;FinishTrip;1;American;2
2617;897;StartTrip;Russian;2;5
2618;897;StartTrip;American;2;4
2619;898;FinishTrip;American;4
2620;898;StartTrip;American;4;1
2621;899;FinishTrip;0;Chinese;4
2622;899;FinishTrip;0;Russian;5
2623;899;StartTrip;Chinese;4;5
2624;899;StartTrip;Russian;5;2
2625;900;FinishTrip;Russian;2
2626;900;FinishTrip;0;American;1
2627;900;StartTrip;Russian;2;5
2628;900;StartTrip;American;1;4
2629;901;FinishTrip;English;6
2630;901;StartTrip;English;6;5
2631;902;FinishTrip;American;4
2632;902;FinishTrip;0;Russian;5
2633;902;StartTrip;American;4;3
2634;902;StartTrip;Russian;5;2
2635;903;FinishTrip;Russian;2
2636;903;StartTrip;Russian;2;6
2637;904;FinishTrip;0;English;5
2638;904;StartTrip;English;5;6
2639;905;FinishTrip;Chinese;5
2640;905;FinishTrip;0;American;3
2641;905;StartTrip;Chinese;5;2
2642;905;StartTrip;American;3;4
2643;906;FinishTrip;0;Chinese;2
2644;906;StartTrip;Chinese;2;5
2645;908;FinishTrip;Chinese;5
2646;908;FinishTrip;0;German;1
2647;908;StartTrip;Chinese;5;2
2648;908;StartTrip;German;1;3
2649;909;FinishTrip;English;6
2650;909;FinishTrip;0;Chinese;2
2651;909;StartTrip;English;6;2
2652;909;StartTrip;Chinese;2;5
2653;910;FinishTrip;American;4
2654;910;StartTrip;American;4;5
2655;911;FinishTrip;Chinese;5
2656;911;StartTrip;Chinese;5;2
2657;912;FinishTrip;0;Chinese;2
2658;912;StartTrip;Chinese;2;5
2659;913;FinishTrip;0;Russian;6
2660;913;StartTrip;Russian;6;2
2661;914;FinishTrip;Chinese;5
2662;914;FinishTrip;0;English;2
2663;914;StartTrip;Chinese;5;4
2664;914;StartTrip;English;2;6
2665;916;FinishTrip;German;3
2666;916;FinishTrip;0;American;5
2667;916;StartTrip;German;3;5
2668;916;StartTrip;American;5;4
2669;918;FinishTrip;Russian;2
2670;918;FinishTrip;0;Chinese;4
2671;918;FinishTrip;0;German;5
2672;918;StartTrip;Russian;2;3
2673;918;StartTrip;German;5;3
2674;918;StartTrip;Chinese;4;5
2675;920;FinishTrip;American;4
2676;920;StartTrip;American;4;1
2677;922;FinishTrip;German;3
2678;922;FinishTrip;1;Russian;3
2679;922;FinishTrip;0;American;1
2680;922;StartTrip;German;3;4
2681;922;StartTrip;American;1;4
2682;922;StartTrip;Russian;3;2
2683;924;FinishTrip;English;6
2684;924;FinishTrip;Chinese;5
2685;924;FinishTrip;American;4
2686;924;StartTrip;English;6;3
2687;924;StartTrip;American;4;3
2688;924;StartTrip;Chinese;5;1
2689;925;FinishTrip;Russian;2
2690;925;StartTrip;Russian;2;6
2691;926;FinishTrip;0;English;3
2692;926;StartTrip;English;3;6
2693;927;FinishTrip;0;American;3
2694;927;FinishTrip;0;German;4
2695;927;StartTrip;American;3;4
2696;927;StartTrip;German;4;3
2697;928;FinishTrip;0;Chinese;1
2698;928;StartTrip;Chinese;1;5
2699;930;FinishTrip;German;3
2700;930;FinishTrip;English;6
2701;930;StartTrip;German;3;5
2702;930;StartTrip;English;6;4
2703;931;FinishTrip;Chinese;5
2704;931;FinishTrip;0;English;4
2705;931;StartTrip;Chinese;5;3
2706;931;StartTrip;English;4;6
2707;932;FinishTrip;American;4
2708;932;FinishTrip;0;German;5
2709;932;StartTrip;American;4;2
2710;932;StartTrip;German;5;3
2711;933;FinishTrip;0;American;2
2712;933;StartTrip;American;2;4
2713;934;FinishTrip;English;6
2714;934;FinishTrip;American;4
2715;934;StartTrip;English;6;3
2716;934;StartTrip;American;4;5
2717;935;FinishTrip;0;Russian;6
2718;935;FinishTrip;0;Chinese;3
2719;935;StartTrip;Russian;6;2
2720;935;StartTrip;Chinese;3;5
2721;936;FinishTrip;German;3
2722;936;FinishTrip;1;English;3
2723;936;StartTrip;German;3;2
2724;936;StartTrip;English;3;6
2725;937;FinishTrip;Chinese;5
2726;937;StartTrip;Chinese;5;3
2727;939;FinishTrip;0;German;2
2728;939;StartTrip;German;2;3
2729;940;FinishTrip;Russian;2
2730;940;FinishTrip;English;6
2731;940;FinishTrip;0;American;5
2732;940;StartTrip;Russian;2;5
2733;940;StartTrip;American;5;4
2734;940;StartTrip;English;6;2
2735;941;FinishTrip;0;Chinese;3
2736;941;StartTrip;Chinese;3;5
2737;942;FinishTrip;French;1
2738;942;FinishTrip;0;Russian;5
2739;942;StartTrip;French;1;2
2740;942;StartTrip;Russian;5;2
2741;943;FinishTrip;German;3
2742;943;FinishTrip;Russian;2
2743;943;FinishTrip;Chinese;5
2744;943;StartTrip;German;3;6
2745;943;StartTrip;Chinese;5;1
2746;943;StartTrip;Russian;2;5
2747;944;FinishTrip;American;4
2748;944;StartTrip;American;4;1
2749;945;FinishTrip;0;Russian;5
2750;945;FinishTrip;0;English;2
2751;945;StartTrip;Russian;5;2
2752;945;StartTrip;English;2;6
2753;946;FinishTrip;Russian;2
2754;946;FinishTrip;0;American;1
2755;946;StartTrip;Russian;2;4
2756;946;StartTrip;American;1;4
2757;947;FinishTrip;0;German;6
2758;947;FinishTrip;0;Chinese;1
2759;947;FinishTrip;0;Russian;4
2760;947;StartTrip;German;6;3
2761;947;StartTrip;Russian;4;2
2762;947;StartTrip;Chinese;1;5
2763;948;FinishTrip;American;4
2764;948;FinishTrip;Russian;2
2765;948;FinishTrip;1;French;2
2766;948;StartTrip;American;4;1
2767;948;StartTrip;French;2;1
2768;948;StartTrip;Russian;2;1
2769;949;FinishTrip;German;3
2770;949;StartTrip;German;3;1
2771;950;FinishTrip;Chinese;5
2772;950;FinishTrip;0;American;1
2773;950;StartTrip;Chinese;5;1
2774;950;StartTrip;American;1;4
2775;952;FinishTrip;American;4
2776;952;StartTrip;American;4;5
2777;953;FinishTrip;French;1
2778;953;FinishTrip;1;Russian;1
2779;953;StartTrip;French;1;3
2780;953;StartTrip;Russian;1;2
2781;954;FinishTrip;0;Chinese;1
2782;954;StartTrip;Chinese;1;5
2783;955;FinishTrip;English;6
2784;955;StartTrip;English;6;4
2785;956;FinishTrip;0;English;4
2786;956;StartTrip;English;4;6
2787;957;FinishTrip;Chinese;5
2788;957;StartTrip;Chinese;5;3
2789;958;FinishTrip;0;American;5
2790;958;StartTrip;American;5;4
2791;959;FinishTrip;English;6
2792;959;FinishTrip;Russian;2
2793;959;StartTrip;English;6;4
2794;959;StartTrip;Russian;2;1
2795;960;FinishTrip;0;English;4
2796;960;StartTrip;English;4;6
2797;961;FinishTrip;0;Chinese;3
2798;961;FinishTrip;0;French;3
2799;961;StartTrip;Chinese;3;5
2800;961;StartTrip;French;3;1
2801;962;FinishTrip;American;4
2802;962;StartTrip;American;4;6
2803;963;FinishTrip;English;6
2804;963;FinishTrip;Chinese;5
2805;963;StartTrip;English;6;5
2806;963;StartTrip;Chinese;5;6
2807;964;FinishTrip;0;Russian;1
2808;964;StartTrip;Russian;1;2
2809;965;FinishTrip;0;American;6
2810;965;StartTrip;American;6;4
2811;966;FinishTrip;American;4
2812;966;FinishTrip;0;English;5
2813;966;StartTrip;American;4;3
2814;966;StartTrip;English;5;6
2815;968;FinishTrip;0;Chinese;6
2816;968;StartTrip;Chinese;6;5
2817;969;FinishTrip;0;American;3
2818;969;StartTrip;American;3;4
2819;970;FinishTrip;Russian;2
2820;970;StartTrip;Russian;2;5
2821;971;FinishTrip;English;6
2822;971;FinishTrip;Chinese;5
2823;971;StartTrip;English;6;2
2824;971;StartTrip;Chinese;5;1
2825;972;FinishTrip;0;Russian;5
2826;972;StartTrip;Russian;5;2
2827;973;FinishTrip;Russian;2
2828;973;StartTrip;Russian;2;6
2829;974;FinishTrip;American;4
2830;974;StartTrip;American;4;6
2831;975;FinishTrip;0;Chinese;1
2832;975;StartTrip;Chinese;1;5
2833;976;FinishTrip;0;English;2
2834;976;StartTrip;English;2;6
2835;977;FinishTrip;0;American;6
2836;977;StartTrip;American;6;4
2837;978;FinishTrip;Chinese;5
2838;978;FinishTrip;American;4
2839;978;StartTrip;Chinese;5;4
2840;978;StartTrip;American;4;1
2841;980;FinishTrip;0;American;1
2842;980;StartTrip;American;1;4
2843;982;FinishTrip;American;4
2844;982;FinishTrip;1;Chinese;4
2845;982;StartTrip;American;4;2
2846;982;StartTrip;Chinese;4;5
2847;983;FinishTrip;0;Russian;6
2848;983;FinishTrip;0;American;2
2849;983;StartTrip;Russian;6;2
2850;983;StartTrip;American;2;4
2851;984;FinishTrip;American;4
2852;984;StartTrip;American;4;2
2853;985;FinishTrip;0;American;2
2854;985;StartTrip;American;2;4
2855;986;FinishTrip;English;6
2856;986;FinishTrip;American;4
2857;986;StartTrip;English;6;2
2858;986;StartTrip;American;4;2
2859;987;FinishTrip;0;American;2
2860;987;StartTrip;American;2;4
2861;988;FinishTrip;Chinese;5
2862;988;FinishTrip;American;4
2863;988;FinishTrip;Russian;2
2864;988;StartTrip;Chinese;5;4
2865;988;StartTrip;Russian;2;3
2866;988;StartTrip;American;4;2
2867;989;FinishTrip;0;American;2
2868;989;StartTrip;American;2;4
2869;990;FinishTrip;American;4
2870;990;StartTrip;American;4;1
2871;991;FinishTrip;0;English;2
2872;991;StartTrip;English;2;6
2873;992;FinishTrip;0;American;1
2874;992;FinishTrip;0;Chinese;4
2875;992;FinishTrip;0;Russian;3
2876;992;StartTrip;American;1;4
2877;992;StartTrip;Russian;3;2
2878;992;StartTrip;Chinese;4;5
2879;994;FinishTrip;American;4
2880;994;StartTrip;American;4;1
2881;995;FinishTrip;Russian;2
2882;995;StartTrip;Russian;2;5
2883;996;FinishTrip;0;American;1
2884;996;StartTrip;American;1;4
2885;997;FinishTrip;0;Russian;5
2886;997;StartTrip;Russian;5;2
2887;998;FinishTrip;Chinese;5
2888;998;FinishTrip;American;4
2889;998;FinishTrip;Russian;2
2890;998;StartTrip;Chinese;5;3
2891;998;StartTrip;Russian;2;5
2892;998;StartTrip;American;4;6
2893;1000;FinishTrip;0;Russian;5
2894;1000;StartTrip;Russian;5;2
2895;1001;FinishTrip;Russian;2
2896;1001;FinishTrip;English;6
2897;1001;FinishTrip;1;American;6
2898;1001;FinishTrip;0;German;1
2899;1001;StartTrip;Russian;2;3
2900;1001;StartTrip;German;1;3
2901;1001;StartTrip;English;6;2
2902;1001;StartTrip;American;6;4
2903;1002;FinishTrip;American;4
2904;1002;FinishTrip;0;Chinese;3
2905;1002;StartTrip;American;4;1
2906;1002;StartTrip;Chinese;3;5
2907;1004;FinishTrip;Chinese;5
2908;1004;FinishTrip;0;American;1
2909;1004;StartTrip;Chinese;5;3
2910;1004;StartTrip;American;1;4
2911;1005;FinishTrip;0;Russian;3
2912;1005;StartTrip;Russian;3;2
2913;1006;FinishTrip;American;4
2914;1006;FinishTrip;0;English;2
2915;1006;StartTrip;American;4;6
2916;1006;StartTrip;English;2;6
2917;1008;FinishTrip;Russian;2
2918;1008;FinishTrip;0;Chinese;3
2919;1008;StartTrip;Russian;2;5
2920;1008;StartTrip;Chinese;3;5
2921;1009;FinishTrip;German;3
2922;1009;FinishTrip;0;American;6
2923;1009;StartTrip;German;3;1
2924;1009;StartTrip;American;6;4
2925;1010;FinishTrip;1;Chinese;5
2926;1010;FinishTrip;American;4
2927;1010;FinishTrip;Russian;5
2928;1010;ChangePet;2;Russian;Chinese;Dog;Bear
2929;1010;changeHouse;2;Russian;Chinese;5;2
2930;1010;StartTrip;Chinese;5;2
2931;1010;StartTrip;Russian;5;1
2932;1010;StartTrip;American;4;1
2933;1011;FinishTrip;Chinese;2
2934;1011;StartTrip;Chinese;2;4
2935;1012;FinishTrip;0;American;1
2936;1012;FinishTrip;0;Chinese;4
2937;1012;StartTrip;American;1;4
2938;1012;StartTrip;Chinese;4;2
2939;1013;FinishTrip;French;1
2940;1013;FinishTrip;Chinese;2
2941;1013;StartTrip;French;1;6
2942;1013;StartTrip;Chinese;2;1
2943;1014;FinishTrip;American;4
2944;1014;FinishTrip;0;Russian;1
2945;1014;FinishTrip;0;French;6
2946;1014;StartTrip;American;4;5
2947;1014;StartTrip;French;6;1
2948;1014;StartTrip;Russian;1;5
2949;1016;FinishTrip;English;6
2950;1016;StartTrip;English;6;2
2951;1017;FinishTrip;Russian;5
2952;1017;StartTrip;Russian;5;2
2953;1018;FinishTrip;French;1
2954;1018;FinishTrip;1;Chinese;1
2955;1018;FinishTrip;0;Russian;2
2956;1018;StartTrip;French;1;5
2957;1018;StartTrip;Russian;2;5
2958;1018;StartTrip;Chinese;1;2
2959;1020;FinishTrip;Russian;5
2960;1020;FinishTrip;1;American;5
2961;1020;StartTrip;Russian;5;4
2962;1020;StartTrip;American;5;4
2963;1021;FinishTrip;0;English;2
2964;1021;FinishTrip;0;French;5
2965;1021;StartTrip;English;2;6
2966;1021;StartTrip;French;5;1
2967;1024;FinishTrip;American;4
2968;1024;FinishTrip;Chinese;2
2969;1024;FinishTrip;1;Russian;4
2970;1024;ChangePet;2;Russian;American;Zebra;Dog
2971;1024;StartTrip;American;4;1
2972;1024;StartTrip;Russian;4;5
2973;1024;StartTrip;Chinese;2;4
2974;1025;FinishTrip;French;1
2975;1025;FinishTrip;0;Chinese;4
2976;1025;StartTrip;French;1;5
2977;1025;StartTrip;Chinese;4;2
2978;1026;FinishTrip;Chinese;2
2979;1026;FinishTrip;0;American;1
2980;1026;StartTrip;Chinese;2;1
2981;1026;StartTrip;American;1;4
2982;1028;FinishTrip;American;4
2983;1028;FinishTrip;0;French;5
2984;1028;StartTrip;American;4;3
2985;1028;StartTrip;French;5;1
2986;1030;FinishTrip;Russian;5
2987;1030;StartTrip;Russian;5;4
2988;1031;FinishTrip;English;6
2989;1031;FinishTrip;0;Chinese;1
2990;1031;FinishTrip;0;American;3
2991;1031;StartTrip;English;6;2
2992;1031;StartTrip;American;3;4
2993;1031;StartTrip;Chinese;1;2
2994;1032;FinishTrip;French;1
2995;1032;StartTrip;French;1;6
2996;1033;FinishTrip;0;French;6
2997;1033;StartTrip;French;6;1
2998;1034;FinishTrip;0;Russian;4
2999;1034;StartTrip;Russian;4;5
3000;1036;FinishTrip;American;4
3001;1036;FinishTrip;0;English;2
3002;1036;StartTrip;American;4;1
3003;1036;StartTrip;English;2;6
3004;1037;FinishTrip;Chinese;2
3005;1037;FinishTrip;French;1
3006;1037;StartTrip;Chinese;2;3
3007;1037;StartTrip;French;1;2
3008;1038;FinishTrip;0;American;1
3009;1038;StartTrip;American;1;4
3010;1040;FinishTrip;Russian;5
3011;1040;FinishTrip;American;4
3012;1040;StartTrip;Russian;5;2
3013;1040;StartTrip;American;4;2
3014;1041;FinishTrip;0;Chinese;3
3015;1041;FinishTrip;0;American;2
3016;1041;FinishTrip;0;Russian;2
3017;1041;StartTrip;Chinese;3;2
3018;1041;StartTrip;Russian;2;5
3019;1041;StartTrip;American;2;4
3020;1042;FinishTrip;American;4
3021;1042;StartTrip;American;4;2
3022;1043;FinishTrip;Russian;5
3023;1043;FinishTrip;0;French;2
3024;1043;FinishTrip;0;American;2
3025;1043;StartTrip;Russian;5;3
3026;1043;StartTrip;American;2;4
3027;1043;StartTrip;French;2;1
3028;1044;FinishTrip;Chinese;2
3029;1044;FinishTrip;American;4
3030;1044;StartTrip;Chinese;2;5
3031;1044;StartTrip;American;4;3
3032;1046;FinishTrip;English;6
3033;1046;FinishTrip;0;Chinese;5
3034;1046;StartTrip;English;6;4
3035;1046;StartTrip;Chinese;5;2
3036;1047;FinishTrip;Chinese;2
3037;1047;FinishTrip;0;American;3
3038;1047;FinishTrip;0;Russian;3
3039;1047;FinishTrip;0;English;4
3040;1047;StartTrip;Chinese;2;3
3041;1047;StartTrip;English;4;6
3042;1047;StartTrip;American;3;4
3043;1047;StartTrip;Russian;3;5
3044;1048;FinishTrip;French;1
3045;1048;StartTrip;French;1;3
3046;1049;FinishTrip;Russian;5
3047;1049;StartTrip;Russian;5;1
3048;1050;FinishTrip;English;6
3049;1050;StartTrip;English;6;2
3050;1051;FinishTrip;0;Chinese;3
3051;1051;StartTrip;Chinese;3;2
3052;1052;FinishTrip;American;4
3053;1052;StartTrip;American;4;6
3054;1053;FinishTrip;0;Russian;1
3055;1053;StartTrip;Russian;1;5
3056;1054;FinishTrip;Chinese;2
3057;1054;StartTrip;Chinese;2;1
3058;1055;FinishTrip;0;American;6
3059;1055;FinishTrip;0;English;2
3060;1055;StartTrip;American;6;4
3061;1055;StartTrip;English;2;6
3062;1056;FinishTrip;Russian;5
3063;1056;FinishTrip;American;4
3064;1056;FinishTrip;0;French;3
3065;1056;StartTrip;Russian;5;6
3066;1056;StartTrip;French;3;1
3067;1056;StartTrip;American;4;3
3068;1059;FinishTrip;0;Chinese;1
3069;1059;FinishTrip;0;American;3
3070;1059;StartTrip;Chinese;1;2
3071;1059;StartTrip;American;3;4
3072;1061;FinishTrip;0;German;1
3073;1061;FinishTrip;0;Russian;6
3074;1061;StartTrip;German;1;3
3075;1061;StartTrip;Russian;6;5
3076;1064;FinishTrip;American;4
3077;1064;FinishTrip;Russian;5
3078;1064;StartTrip;American;4;3
3079;1064;StartTrip;Russian;5;3
3080;1065;FinishTrip;English;6
3081;1065;FinishTrip;Chinese;2
3082;1065;StartTrip;English;6;3
3083;1065;StartTrip;Chinese;2;3
3084;1067;FinishTrip;0;American;3
3085;1067;FinishTrip;0;English;3
3086;1067;StartTrip;American;3;4
3087;1067;StartTrip;English;3;6
3088;1068;FinishTrip;0;Russian;3
3089;1068;StartTrip;Russian;3;5
3090;1069;FinishTrip;German;3
3091;1069;FinishTrip;1;Chinese;3
3092;1069;StartTrip;German;3;4
3093;1069;StartTrip;Chinese;3;2
3094;1070;FinishTrip;Russian;5
3095;1070;StartTrip;Russian;5;1
3096;1071;FinishTrip;English;6
3097;1071;StartTrip;English;6;5
3098;1072;FinishTrip;American;4
3099;1072;FinishTrip;Chinese;2
3100;1072;StartTrip;American;4;6
3101;1072;StartTrip;Chinese;2;4
3102;1073;FinishTrip;0;Chinese;4
3103;1073;StartTrip;Chinese;4;2
3104;1074;FinishTrip;Chinese;2
3105;1074;FinishTrip;0;English;5
3106;1074;FinishTrip;0;German;4
3107;1074;FinishTrip;0;Russian;1
3108;1074;StartTrip;Chinese;2;1
3109;1074;StartTrip;Russian;1;5
3110;1074;StartTrip;English;5;6
3111;1074;StartTrip;German;4;3
3112;1075;FinishTrip;0;American;6
3113;1075;StartTrip;American;6;4
3114;1076;FinishTrip;American;4
3115;1076;StartTrip;American;4;5
3116;1077;FinishTrip;German;3
3117;1077;FinishTrip;Russian;5
3118;1077;StartTrip;German;3;1
3119;1077;StartTrip;Russian;5;1
3120;1079;FinishTrip;English;6
3121;1079;FinishTrip;0;Chinese;1
3122;1079;StartTrip;English;6;4
3123;1079;StartTrip;Chinese;1;2
3124;1080;FinishTrip;0;English;4
3125;1080;StartTrip;English;4;6
3126;1081;FinishTrip;0;Russian;1
3127;1081;StartTrip;Russian;1;5
3128;1082;FinishTrip;0;American;5
3129;1082;StartTrip;American;5;4
3130;1083;FinishTrip;English;6
3131;1083;StartTrip;English;6;3
3132;1084;FinishTrip;Russian;5
3133;1084;StartTrip;Russian;5;2
3134;1085;FinishTrip;1;Chinese;2
3135;1085;FinishTrip;0;English;3
3136;1085;FinishTrip;Russian;2
3137;1085;ChangePet;2;Russian;Chinese;Bear;Zebra
3138;1085;changeHouse;2;Russian;Chinese;2;5
3139;1085;StartTrip;Chinese;2;5
3140;1085;StartTrip;Russian;2;4
3141;1085;StartTrip;English;3;6
3142;1086;FinishTrip;American;4
3143;1086;FinishTrip;1;Russian;4
3144;1086;ChangePet;2;Russian;American;Dog;Bear
3145;1086;StartTrip;American;4;1
3146;1086;StartTrip;Russian;4;2
3147;1087;FinishTrip;Chinese;5
3148;1087;FinishTrip;Russian;2
3149;1087;StartTrip;Chinese;5;1
3150;1087;StartTrip;Russian;2;5
3151;1088;FinishTrip;0;American;1
3152;1088;StartTrip;American;1;4
3153;1089;FinishTrip;English;6
3154;1089;FinishTrip;0;Russian;5
3155;1089;StartTrip;English;6;2
3156;1089;StartTrip;Russian;5;2
3157;1090;FinishTrip;American;4
3158;1090;FinishTrip;Russian;2
3159;1090;StartTrip;American;4;1
3160;1090;StartTrip;Russian;2;4
3161;1091;FinishTrip;0;Chinese;1
3162;1091;FinishTrip;0;Russian;4
3163;1091;StartTrip;Chinese;1;5
3164;1091;StartTrip;Russian;4;2
3165;1092;FinishTrip;Russian;2
3166;1092;FinishTrip;0;American;1
3167;1092;StartTrip;Russian;2;1
3168;1092;StartTrip;American;1;4
3169;1094;FinishTrip;American;4
3170;1094;FinishTrip;Chinese;5
3171;1094;FinishTrip;0;English;2
3172;1094;StartTrip;American;4;3
3173;1094;StartTrip;English;2;6
3174;1094;StartTrip;Chinese;5;6
3175;1097;FinishTrip;0;Russian;1
3176;1097;FinishTrip;0;American;3
3177;1097;StartTrip;Russian;1;2
3178;1097;StartTrip;American;3;4
3179;1099;FinishTrip;0;Chinese;6
3180;1099;StartTrip;Chinese;6;5
3181;1102;FinishTrip;American;4
3182;1102;FinishTrip;Chinese;5
3183;1102;StartTrip;American;4;2
3184;1102;StartTrip;Chinese;5;6
3185;1103;FinishTrip;1;Russian;2
3186;1103;FinishTrip;American;2
3187;1103;changeHouse;2;Russian;American;4;2
3188;1103;StartTrip;Russian;2;4
3189;1103;StartTrip;American;2;5
3190;1104;FinishTrip;English;6
3191;1104;FinishTrip;Russian;4
3192;1104;StartTrip;English;6;1
3193;1104;StartTrip;Russian;4;1
3194;1105;FinishTrip;0;American;5
3195;1105;StartTrip;American;5;2
3196;1106;FinishTrip;American;2
3197;1106;FinishTrip;0;Russian;1
3198;1106;StartTrip;American;2;1
3199;1106;StartTrip;Russian;1;4
3200;1107;FinishTrip;0;Chinese;6
3201;1107;StartTrip;Chinese;6;5
3202;1108;FinishTrip;French;1
3203;1108;FinishTrip;Russian;4
3204;1108;FinishTrip;1;English;1
3205;1108;StartTrip;French;1;5
3206;1108;StartTrip;English;1;6
3207;1108;StartTrip;Russian;4;2
3208;1109;FinishTrip;English;6
3209;1109;FinishTrip;0;Russian;2
3210;1109;StartTrip;English;6;3
3211;1109;StartTrip;Russian;2;4
3212;1110;FinishTrip;Chinese;5
3213;1110;FinishTrip;Russian;4
3214;1110;StartTrip;Chinese;5;3
3215;1110;StartTrip;Russian;4;1
3216;1111;FinishTrip;0;American;1
3217;1111;FinishTrip;0;English;3
3218;1111;FinishTrip;0;French;5
3219;1111;StartTrip;American;1;2
3220;1111;StartTrip;French;5;1
3221;1111;StartTrip;English;3;6
3222;1112;FinishTrip;0;Russian;1
3223;1112;StartTrip;Russian;1;4
3224;1114;FinishTrip;Russian;4
3225;1114;FinishTrip;0;Chinese;3
3226;1114;StartTrip;Russian;4;6
3227;1114;StartTrip;Chinese;3;5
3228;1115;FinishTrip;English;6
3229;1115;FinishTrip;French;1
3230;1115;StartTrip;English;6;2
3231;1115;StartTrip;French;1;5
3232;1116;FinishTrip;Chinese;5
3233;1116;StartTrip;Chinese;5;3
3234;1117;FinishTrip;American;2
3235;1117;FinishTrip;0;Russian;6
3236;1117;StartTrip;American;2;6
3237;1117;StartTrip;Russian;6;4
3238;1118;FinishTrip;Russian;4
3239;1118;FinishTrip;0;French;5
3240;1118;StartTrip;Russian;4;3
3241;1118;StartTrip;French;5;1
3242;1120;FinishTrip;0;Chinese;3
3243;1120;FinishTrip;0;English;2
3244;1120;StartTrip;Chinese;3;5
3245;1120;StartTrip;English;2;6
3246;1121;FinishTrip;0;Russian;3
3247;1121;StartTrip;Russian;3;4
3248;1122;FinishTrip;French;1
3249;1122;FinishTrip;Chinese;5
3250;1122;StartTrip;French;1;3
3251;1122;StartTrip;Chinese;5;6
3252;1126;FinishTrip;Russian;4
3253;1126;StartTrip;Russian;4;1
3254;1127;FinishTrip;0;Chinese;6
3255;1127;FinishTrip;0;American;6
3256;1127;StartTrip;Chinese;6;5
3257;1127;StartTrip;American;6;2
3258;1128;FinishTrip;0;Russian;1
3259;1128;StartTrip;Russian;1;4
3260;1129;FinishTrip;0;German;1
3261;1129;StartTrip;German;1;3
3262;1130;FinishTrip;Russian;4
3263;1130;FinishTrip;Chinese;5
3264;1130;FinishTrip;English;6
3265;1130;FinishTrip;0;French;3
3266;1130;StartTrip;Russian;4;3
3267;1130;StartTrip;French;3;1
3268;1130;StartTrip;Chinese;5;6
3269;1130;StartTrip;English;6;3
3270;1132;FinishTrip;American;2
3271;1132;FinishTrip;0;English;3
3272;1132;StartTrip;American;2;3
3273;1132;StartTrip;English;3;6
3274;1133;FinishTrip;0;Russian;3
3275;1133;StartTrip;Russian;3;4
3276;1135;FinishTrip;0;Chinese;6
3277;1135;StartTrip;Chinese;6;5
3278;1136;FinishTrip;English;6
3279;1136;FinishTrip;0;American;3
3280;1136;StartTrip;English;6;3
3281;1136;StartTrip;American;3;2
3282;1137;FinishTrip;German;3
3283;1137;StartTrip;German;3;2
3284;1138;FinishTrip;Russian;4
3285;1138;FinishTrip;Chinese;5
3286;1138;FinishTrip;0;English;3
3287;1138;StartTrip;Russian;4;5
3288;1138;StartTrip;English;3;6
3289;1138;StartTrip;Chinese;5;2
3290;1139;FinishTrip;American;2
3291;1139;FinishTrip;1;Chinese;2
3292;1139;StartTrip;American;2;1
3293;1139;StartTrip;Chinese;2;5
3294;1140;FinishTrip;0;German;2
3295;1140;StartTrip;German;2;3
3296;1141;FinishTrip;Chinese;5
3297;1141;StartTrip;Chinese;5;1
3298;1142;FinishTrip;English;6
3299;1142;StartTrip;English;6;5
3300;1144;FinishTrip;German;3
3301;1144;FinishTrip;0;American;1
3302;1144;FinishTrip;0;Russian;5
3303;1144;StartTrip;German;3;6
3304;1144;StartTrip;Russian;5;4
3305;1144;StartTrip;American;1;2
3306;1145;FinishTrip;0;English;5
3307;1145;FinishTrip;0;Chinese;1
3308;1145;StartTrip;English;5;6
3309;1145;StartTrip;Chinese;1;5
3310;1148;FinishTrip;Russian;4
3311;1148;FinishTrip;Chinese;5
3312;1148;FinishTrip;0;German;6
3313;1148;StartTrip;Russian;4;3
3314;1148;StartTrip;German;6;3
3315;1148;StartTrip;Chinese;5;6
3316;1150;FinishTrip;English;6
3317;1150;FinishTrip;American;2
3318;1150;FinishTrip;German;3
3319;1150;StartTrip;English;6;1
3320;1150;StartTrip;German;3;1
3321;1150;StartTrip;American;2;4
3322;1151;FinishTrip;0;Russian;3
3323;1151;FinishTrip;0;American;4
3324;1151;StartTrip;Russian;3;4
3325;1151;StartTrip;American;4;2
3326;1152;FinishTrip;American;2
3327;1152;StartTrip;American;2;6
3328;1153;FinishTrip;0;Chinese;6
3329;1153;StartTrip;Chinese;6;5
3330;1154;FinishTrip;0;English;1
3331;1154;StartTrip;English;1;6
3332;1155;FinishTrip;English;6
3333;1155;StartTrip;English;6;1
3334;1156;FinishTrip;Chinese;5
3335;1156;FinishTrip;Russian;4
3336;1156;StartTrip;Chinese;5;1
3337;1156;StartTrip;Russian;4;3
3338;1159;FinishTrip;0;English;1
3339;1159;FinishTrip;0;Russian;3
3340;1159;StartTrip;English;1;6
3341;1159;StartTrip;Russian;3;4
3342;1160;FinishTrip;English;6
3343;1160;FinishTrip;0;Chinese;1
3344;1160;StartTrip;English;6;4
3345;1160;StartTrip;Chinese;1;5
3346;1161;FinishTrip;0;English;4
3347;1161;StartTrip;English;4;6
3348;1162;FinishTrip;0;American;6
3349;1162;StartTrip;American;6;2
3350;1163;FinishTrip;Chinese;5
3351;1163;StartTrip;Chinese;5;3
3352;1164;FinishTrip;English;6
3353;1164;FinishTrip;Russian;4
3354;1164;StartTrip;English;6;5
3355;1164;StartTrip;Russian;4;6
3356;1167;FinishTrip;American;2
3357;1167;FinishTrip;0;Russian;6
3358;1167;FinishTrip;0;Chinese;3
3359;1167;FinishTrip;0;English;5
3360;1167;StartTrip;American;2;3
3361;1167;StartTrip;English;5;6
3362;1167;StartTrip;Russian;6;4
3363;1167;StartTrip;Chinese;3;5
3364;1168;FinishTrip;Russian;4
3365;1168;StartTrip;Russian;4;2
3366;1169;FinishTrip;Chinese;5
3367;1169;FinishTrip;0;Russian;2
3368;1169;StartTrip;Chinese;5;3
3369;1169;StartTrip;Russian;2;4
3370;1170;FinishTrip;Russian;4
3371;1170;StartTrip;Russian;4;2
3372;1171;FinishTrip;0;American;3
3373;1171;FinishTrip;0;Russian;2
3374;1171;StartTrip;American;3;2
3375;1171;StartTrip;Russian;2;4
3376;1172;FinishTrip;English;6
3377;1172;FinishTrip;Russian;4
3378;1172;StartTrip;English;6;4
3379;1172;StartTrip;Russian;4;3
3380;1173;FinishTrip;0;Chinese;3
3381;1173;FinishTrip;0;English;4
3382;1173;StartTrip;Chinese;3;5
3383;1173;StartTrip;English;4;6
3384;1174;FinishTrip;American;2
3385;1174;StartTrip;American;2;5
3386;1175;FinishTrip;Chinese;5
3387;1175;FinishTrip;0;Russian;3
3388;1175;StartTrip;Chinese;5;1
3389;1175;StartTrip;Russian;3;4
3390;1176;FinishTrip;English;6
3391;1176;FinishTrip;0;American;5
3392;1176;StartTrip;English;6;1
3393;1176;StartTrip;American;5;2
3394;1177;FinishTrip;American;2
3395;1177;StartTrip;American;2;4
3396;1178;FinishTrip;0;American;4
3397;1178;StartTrip;American;4;2
3398;1179;FinishTrip;American;2
3399;1179;FinishTrip;0;Chinese;1
3400;1179;StartTrip;American;2;4
3401;1179;StartTrip;Chinese;1;5
3402;1180;FinishTrip;Russian;4
3403;1180;FinishTrip;0;English;1
3404;1180;FinishTrip;1;American;4
3405;1180;StartTrip;Russian;4;2
3406;1180;StartTrip;American;4;2
3407;1180;StartTrip;English;1;6
3408;1181;FinishTrip;English;6
3409;1181;FinishTrip;American;2
3410;1181;FinishTrip;1;Russian;2
3411;1181;ChangePet;2;Russian;American;Bear;Dog
3412;1181;StartTrip;English;6;1
3413;1181;StartTrip;Russian;2;4
3414;1181;StartTrip;American;2;1
3415;1182;FinishTrip;Chinese;5
3416;1182;FinishTrip;French;1
3417;1182;FinishTrip;Russian;4
3418;1182;StartTrip;Chinese;5;2
3419;1182;StartTrip;Russian;4;1
3420;1182;StartTrip;French;1;3
3421;1183;FinishTrip;0;Chinese;2
3422;1183;StartTrip;Chinese;2;5
3423;1184;FinishTrip;0;Russian;1
3424;1184;StartTrip;Russian;1;4
3425;1185;FinishTrip;Chinese;5
3426;1185;FinishTrip;0;English;1
3427;1185;StartTrip;Chinese;5;3
3428;1185;StartTrip;English;1;6
3429;1186;FinishTrip;English;6
3430;1186;FinishTrip;Russian;4
3431;1186;FinishTrip;0;American;1
3432;1186;StartTrip;English;6;2
3433;1186;StartTrip;American;1;2
3434;1186;StartTrip;Russian;4;5
3435;1189;FinishTrip;0;Chinese;3
3436;1189;StartTrip;Chinese;3;5
3437;1190;FinishTrip;0;French;3
3438;1190;StartTrip;French;3;1
3439;1191;FinishTrip;Chinese;5
3440;1191;FinishTrip;0;English;2
3441;1191;StartTrip;Chinese;5;1
3442;1191;StartTrip;English;2;6
3443;1192;FinishTrip;American;2
3444;1192;FinishTrip;0;Russian;5
3445;1192;StartTrip;American;2;6
3446;1192;StartTrip;Russian;5;4
3447;1195;FinishTrip;0;Chinese;1
3448;1195;StartTrip;Chinese;1;5
3449;1196;FinishTrip;Russian;4
3450;1196;StartTrip;Russian;4;1
3451;1198;FinishTrip;Chinese;5
3452;1198;FinishTrip;0;Russian;1
3453;1198;StartTrip;Chinese;5;3
3454;1198;StartTrip;Russian;1;4
3455;1200;FinishTrip;Russian;4
3456;1200;StartTrip;Russian;4;3
3457;1201;FinishTrip;English;6
3458;1201;StartTrip;English;6;3
3459;1202;FinishTrip;0;American;6
3460;1202;FinishTrip;0;German;1
3461;1202;FinishTrip;0;Chinese;3
3462;1202;StartTrip;American;6;2
3463;1202;StartTrip;Chinese;3;5
3464;1202;StartTrip;German;1;3
3465;1203;FinishTrip;0;English;3
3466;1203;FinishTrip;0;Russian;3
3467;1203;StartTrip;English;3;6
3468;1203;StartTrip;Russian;3;4
3469;1204;FinishTrip;Chinese;5
3470;1204;StartTrip;Chinese;5;2
3471;1205;FinishTrip;0;Chinese;2
3472;1205;StartTrip;Chinese;2;5
3473;1207;FinishTrip;American;2
3474;1207;FinishTrip;Chinese;5
3475;1207;FinishTrip;English;6
3476;1207;StartTrip;American;2;1
3477;1207;StartTrip;English;6;1
3478;1207;StartTrip;Chinese;5;4
3479;1208;FinishTrip;Russian;4
3480;1208;StartTrip;Russian;4;6
3481;1210;FinishTrip;German;3
3482;1210;StartTrip;German;3;5
3483;1211;FinishTrip;0;Chinese;4
3484;1211;FinishTrip;0;Russian;6
3485;1211;FinishTrip;0;English;1
3486;1211;StartTrip;Chinese;4;5
3487;1211;StartTrip;English;1;6
3488;1211;StartTrip;Russian;6;4
3489;1212;FinishTrip;Russian;4
3490;1212;FinishTrip;English;6
3491;1212;FinishTrip;0;American;1
3492;1212;FinishTrip;0;German;5
3493;1212;StartTrip;Russian;4;6
3494;1212;StartTrip;German;5;3
3495;1212;StartTrip;English;6;4
3496;1212;StartTrip;American;1;2
3497;1213;FinishTrip;0;English;4
3498;1213;StartTrip;English;4;6
3499;1215;FinishTrip;0;Russian;6
3500;1215;StartTrip;Russian;6;4
3501;1216;FinishTrip;English;6
3502;1216;FinishTrip;Russian;4
3503;1216;FinishTrip;German;3
3504;1216;StartTrip;English;6;4
3505;1216;StartTrip;German;3;2
3506;1216;StartTrip;Russian;4;5
3507;1217;FinishTrip;Chinese;5
3508;1217;FinishTrip;0;English;4
3509;1217;StartTrip;Chinese;5;4
3510;1217;StartTrip;English;4;6
3511;1218;FinishTrip;American;2
3512;1218;StartTrip;American;2;3
3513;1219;FinishTrip;0;German;2
3514;1219;StartTrip;German;2;3
3515;1220;FinishTrip;English;6
3516;1220;StartTrip;English;6;1
3517;1221;FinishTrip;0;Chinese;4
3518;1221;StartTrip;Chinese;4;5
3519;1222;FinishTrip;0;American;3
3520;1222;FinishTrip;0;Russian;5
3521;1222;StartTrip;American;3;2
3522;1222;StartTrip;Russian;5;4
3523;1223;FinishTrip;German;3
3524;1223;StartTrip;German;3;4
3525;1224;FinishTrip;0;English;1
3526;1224;StartTrip;English;1;6
3527;1225;FinishTrip;American;2
3528;1225;FinishTrip;English;6
3529;1225;StartTrip;American;2;5
3530;1225;StartTrip;English;6;1
3531;1226;FinishTrip;Russian;4
3532;1226;StartTrip;Russian;4;5
3533;1227;FinishTrip;Chinese;5
3534;1227;FinishTrip;1;American;5
3535;1227;ChangePet;2;Chinese;American;Dog;Zebra
3536;1227;StartTrip;Chinese;5;3
3537;1227;StartTrip;American;5;2
3538;1228;FinishTrip;American;2
3539;1228;FinishTrip;0;German;4
3540;1228;StartTrip;American;2;3
3541;1228;StartTrip;German;4;3
3542;1229;FinishTrip;0;English;1
3543;1229;StartTrip;English;1;6
3544;1230;FinishTrip;English;6
3545;1230;StartTrip;English;6;5
3546;1231;FinishTrip;German;3
3547;1231;FinishTrip;1;Chinese;3
3548;1231;StartTrip;German;3;2
3549;1231;StartTrip;Chinese;3;5
3550;1232;FinishTrip;0;Russian;5
3551;1232;FinishTrip;0;American;3
3552;1232;StartTrip;Russian;5;4
3553;1232;StartTrip;American;3;2
3554;1233;FinishTrip;Chinese;5
3555;1233;FinishTrip;1;English;5
3556;1233;ChangePet;2;English;Chinese;Dog;Humpster
3557;1233;StartTrip;Chinese;5;4
3558;1233;StartTrip;English;5;6
3559;1234;FinishTrip;0;German;2
3560;1234;StartTrip;German;2;3
3561;1235;FinishTrip;American;2
3562;1235;StartTrip;American;2;1
3563;1236;FinishTrip;Russian;4
3564;1236;StartTrip;Russian;4;1
3565;1237;FinishTrip;0;Chinese;4
3566;1237;StartTrip;Chinese;4;5
3567;1238;FinishTrip;German;3
3568;1238;FinishTrip;English;6
3569;1238;FinishTrip;0;Russian;1
3570;1238;StartTrip;German;3;4
3571;1238;StartTrip;Russian;1;4
3572;1238;StartTrip;English;6;3
3573;1240;FinishTrip;Russian;4
3574;1240;FinishTrip;0;American;1
3575;1240;FinishTrip;0;English;3
3576;1240;StartTrip;Russian;4;1
3577;1240;StartTrip;English;3;6
3578;1240;StartTrip;American;1;2
3579;1242;FinishTrip;French;1
3580;1242;FinishTrip;1;Russian;1
3581;1242;StartTrip;French;1;6
3582;1242;StartTrip;Russian;1;4
3583;1243;FinishTrip;Chinese;5
3584;1243;FinishTrip;0;German;4
3585;1243;FinishTrip;0;French;6
3586;1243;StartTrip;Chinese;5;3
3587;1243;StartTrip;French;6;1
3588;1243;StartTrip;German;4;3
3589;1244;FinishTrip;Russian;4
3590;1244;FinishTrip;English;6
3591;1244;StartTrip;Russian;4;2
3592;1244;StartTrip;English;6;3
3593;1245;FinishTrip;0;Russian;2
3594;1245;StartTrip;Russian;2;4
3595;1246;FinishTrip;Russian;4
3596;1246;FinishTrip;American;2
3597;1246;FinishTrip;1;German;3
3598;1246;FinishTrip;English;3
3599;1246;changeHouse;2;English;German;3;6
3600;1246;StartTrip;Russian;4;1
3601;1246;StartTrip;English;3;2
3602;1246;StartTrip;American;2;6
3603;1246;StartTrip;German;3;6
3604;1247;FinishTrip;French;1
3605;1247;FinishTrip;0;Chinese;3
3606;1247;StartTrip;French;1;5
3607;1247;StartTrip;Chinese;3;5
3608;1248;FinishTrip;0;Russian;1
3609;1248;StartTrip;Russian;1;4
3610;1249;FinishTrip;Chinese;5
3611;1249;FinishTrip;0;English;2
3612;1249;StartTrip;Chinese;5;6
3613;1249;StartTrip;English;2;3
3614;1250;FinishTrip;Russian;4
3615;1250;FinishTrip;German;6
3616;1250;FinishTrip;0;French;5
3617;1250;StartTrip;Russian;4;3
3618;1250;StartTrip;French;5;1
3619;1250;StartTrip;German;6;1
3620;1253;FinishTrip;1;English;3
3621;1253;FinishTrip;Russian;3
3622;1253;changeHouse;2;Russian;English;3;4
3623;1253;StartTrip;English;3;4
3624;1253;StartTrip;Russian;3;6
3625;1254;FinishTrip;French;1
3626;1254;FinishTrip;1;German;1
3627;1254;FinishTrip;0;Chinese;6
3628;1254;ChangePet;2;German;French;Cat;Fish
3629;1254;StartTrip;French;1;6
3630;1254;StartTrip;Chinese;6;5
3631;1254;StartTrip;German;1;6
3632;1255;FinishTrip;German;6
3633;1255;FinishTrip;1;French;6
3634;1255;StartTrip;German;6;5
3635;1255;StartTrip;French;6;1
3636;1256;FinishTrip;0;American;6
3637;1256;StartTrip;American;6;2
3638;1257;FinishTrip;Chinese;5
3639;1257;FinishTrip;0;Russian;6
3640;1257;StartTrip;Chinese;5;2
3641;1257;StartTrip;Russian;6;3
3642;1258;FinishTrip;English;4
3643;1258;FinishTrip;0;German;5
3644;1258;FinishTrip;0;Chinese;2
3645;1258;StartTrip;English;4;5
3646;1258;StartTrip;Chinese;2;5
3647;1258;StartTrip;German;5;6
3648;1259;FinishTrip;French;1
3649;1259;FinishTrip;Russian;3
3650;1259;StartTrip;French;1;4
3651;1259;StartTrip;Russian;3;5
3652;1260;FinishTrip;Chinese;5
3653;1260;StartTrip;Chinese;5;4
3654;1261;FinishTrip;American;2
3655;1261;FinishTrip;0;Russian;5
3656;1261;FinishTrip;0;French;4
3657;1261;StartTrip;American;2;4
3658;1261;StartTrip;French;4;1
3659;1261;StartTrip;Russian;5;3
3660;1262;FinishTrip;0;American;4
3661;1262;StartTrip;American;4;2
3662;1263;FinishTrip;German;6
3663;1263;FinishTrip;American;2
3664;1263;FinishTrip;French;1
3665;1263;StartTrip;German;6;3
3666;1263;StartTrip;French;1;3
3667;1263;StartTrip;American;2;5
3668;1264;FinishTrip;0;English;5
3669;1264;FinishTrip;0;Chinese;4
3670;1264;StartTrip;English;5;4
3671;1264;StartTrip;Chinese;4;5
3672;1265;FinishTrip;1;Russian;3
3673;1265;FinishTrip;0;American;5
3674;1265;FinishTrip;German;3
3675;1265;changeHouse;2;Russian;German;6;3
3676;1265;StartTrip;Russian;3;6
3677;1265;StartTrip;German;3;2
3678;1265;StartTrip;American;5;2
3679;1266;FinishTrip;American;2
3680;1266;StartTrip;American;2;1
3681;1268;FinishTrip;English;4
3682;1268;FinishTrip;0;German;2
3683;1268;StartTrip;English;4;1
3684;1268;StartTrip;German;2;3
3685;1269;FinishTrip;Russian;6
3686;1269;StartTrip;Russian;6;1
3687;1270;FinishTrip;Chinese;5
3688;1270;FinishTrip;0;English;1
3689;1270;StartTrip;Chinese;5;2
3690;1270;StartTrip;English;1;4
3691;1271;FinishTrip;0;American;1
3692;1271;FinishTrip;0;French;3
3693;1271;FinishTrip;0;Chinese;2
3694;1271;StartTrip;American;1;2
3695;1271;StartTrip;Chinese;2;5
3696;1271;StartTrip;French;3;1
3697;1272;FinishTrip;English;4
3698;1272;FinishTrip;German;3
3699;1272;StartTrip;English;4;5
3700;1272;StartTrip;German;3;2
3701;1273;FinishTrip;Chinese;5
3702;1273;FinishTrip;0;Russian;1
3703;1273;StartTrip;Chinese;5;6
3704;1273;StartTrip;Russian;1;6
3705;1274;FinishTrip;Russian;6
3706;1274;StartTrip;Russian;6;3
3707;1275;FinishTrip;0;German;2
3708;1275;StartTrip;German;2;3
3709;1276;FinishTrip;0;Russian;3
3710;1276;StartTrip;Russian;3;6
3711;1277;FinishTrip;American;2
3712;1277;StartTrip;American;2;3
3713;1278;FinishTrip;0;English;5
3714;1278;FinishTrip;0;Chinese;6
3715;1278;StartTrip;English;5;4
3716;1278;StartTrip;Chinese;6;5
3717;1279;FinishTrip;German;3
3718;1279;StartTrip;German;3;4
3719;1280;FinishTrip;Russian;6
3720;1280;StartTrip;Russian;6;1
3721;1281;FinishTrip;Chinese;5
3722;1281;FinishTrip;0;American;3
3723;1281;StartTrip;Chinese;5;2
3724;1281;StartTrip;American;3;2
3725;1282;FinishTrip;English;4
3726;1282;FinishTrip;0;Chinese;2
3727;1282;StartTrip;English;4;1
3728;1282;StartTrip;Chinese;2;5
3729;1284;FinishTrip;American;2
3730;1284;FinishTrip;Chinese;5
3731;1284;FinishTrip;0;Russian;1
3732;1284;FinishTrip;0;English;1
3733;1284;FinishTrip;0;German;4
3734;1284;StartTrip;American;2;4
3735;1284;StartTrip;Chinese;5;6
3736;1284;StartTrip;German;4;3
3737;1284;StartTrip;English;1;4
3738;1284;StartTrip;Russian;1;6
3739;1285;FinishTrip;Russian;6
3740;1285;FinishTrip;0;American;4
3741;1285;StartTrip;Russian;6;1
3742;1285;StartTrip;American;4;2
3743;1286;FinishTrip;English;4
3744;1286;FinishTrip;American;2
3745;1286;StartTrip;English;4;3
3746;1286;StartTrip;American;2;1
3747;1287;FinishTrip;German;3
3748;1287;StartTrip;German;3;1
3749;1289;FinishTrip;0;Chinese;6
3750;1289;FinishTrip;0;Russian;1
3751;1289;FinishTrip;0;English;3
3752;1289;StartTrip;Chinese;6;5
3753;1289;StartTrip;English;3;4
3754;1289;StartTrip;Russian;1;6
3755;1290;FinishTrip;Russian;6
3756;1290;StartTrip;Russian;6;4
3757;1291;FinishTrip;0;American;1
3758;1291;FinishTrip;0;Russian;4
3759;1291;StartTrip;American;1;2
3760;1291;StartTrip;Russian;4;6
3761;1292;FinishTrip;Chinese;5
3762;1292;StartTrip;Chinese;5;1
3763;1294;FinishTrip;Russian;6
3764;1294;FinishTrip;English;4
3765;1294;StartTrip;Russian;6;2
3766;1294;StartTrip;English;4;6
3767;1296;FinishTrip;0;Chinese;1
3768;1296;StartTrip;Chinese;1;5
3769;1297;FinishTrip;American;2
3770;1297;FinishTrip;0;English;6
3771;1297;StartTrip;American;2;4
3772;1297;StartTrip;English;6;4
3773;1298;FinishTrip;English;4
3774;1298;FinishTrip;1;American;4
3775;1298;StartTrip;English;4;2
3776;1298;StartTrip;American;4;2
3777;1299;FinishTrip;Chinese;5
3778;1299;FinishTrip;1;American;2
3779;1299;FinishTrip;Russian;2
3780;1299;FinishTrip;1;English;2
3781;1299;ChangePet;3;Russian;English;American;Dog;Zebra;Bear
3782;1299;changeHouse;2;Russian;American;2;6
3783;1299;changeHouse;2;English;American;6;4
3784;1299;StartTrip;Chinese;5;6
3785;1299;StartTrip;English;2;6
3786;1299;StartTrip;American;2;4
3787;1299;StartTrip;Russian;2;1
3788;1300;FinishTrip;American;4
3789;1300;StartTrip;American;4;6
3790;1303;FinishTrip;0;American;6
3791;1303;StartTrip;American;6;4
3792;1304;FinishTrip;American;4
3793;1304;FinishTrip;0;Russian;1
3794;1304;FinishTrip;0;Chinese;6
3795;1304;StartTrip;American;4;2
3796;1304;StartTrip;Chinese;6;5
3797;1304;StartTrip;Russian;1;2
3798;1305;FinishTrip;0;American;2
3799;1305;StartTrip;American;2;4
3800;1306;FinishTrip;American;4
3801;1306;StartTrip;American;4;5
3802;1307;FinishTrip;Chinese;5
3803;1307;StartTrip;Chinese;5;1
3804;1309;FinishTrip;English;6
3805;1309;StartTrip;English;6;1
3806;1310;FinishTrip;Russian;2
3807;1310;StartTrip;Russian;2;5
3808;1311;FinishTrip;0;Chinese;1
3809;1311;StartTrip;Chinese;1;5
3810;1312;FinishTrip;0;Russian;5
3811;1312;FinishTrip;0;American;5
3812;1312;StartTrip;Russian;5;2
3813;1312;StartTrip;American;5;4
3814;1313;FinishTrip;Russian;2
3815;1313;FinishTrip;0;English;1
3816;1313;StartTrip;Russian;2;4
3817;1313;StartTrip;English;1;6
3818;1314;FinishTrip;Chinese;5
3819;1314;FinishTrip;English;6
3820;1314;FinishTrip;0;Russian;4
3821;1314;StartTrip;Chinese;5;4
3822;1314;StartTrip;Russian;4;2
3823;1314;StartTrip;English;6;4
3824;1315;FinishTrip;Russian;2
3825;1315;FinishTrip;0;English;4
3826;1315;StartTrip;Russian;2;6
3827;1315;StartTrip;English;4;6
3828;1316;FinishTrip;American;4
3829;1316;StartTrip;American;4;6
3830;1318;FinishTrip;English;6
3831;1318;FinishTrip;0;Chinese;4
3832;1318;StartTrip;English;6;4
3833;1318;StartTrip;Chinese;4;5
3834;1319;FinishTrip;0;American;6
3835;1319;FinishTrip;0;English;4
3836;1319;StartTrip;American;6;4
3837;1319;StartTrip;English;4;6
3838;1320;FinishTrip;American;4
3839;1320;StartTrip;American;4;1
3840;1322;FinishTrip;English;6
3841;1322;FinishTrip;0;American;1
3842;1322;StartTrip;English;6;1
3843;1322;StartTrip;American;1;4
3844;1323;FinishTrip;French;1
3845;1323;StartTrip;French;1;6
3846;1324;FinishTrip;Chinese;5
3847;1324;FinishTrip;American;4
3848;1324;FinishTrip;0;French;6
3849;1324;StartTrip;Chinese;5;2
3850;1324;StartTrip;French;6;1
3851;1324;StartTrip;American;4;6
3852;1325;FinishTrip;0;Russian;6
3853;1325;FinishTrip;0;Chinese;2
3854;1325;StartTrip;Russian;6;2
3855;1325;StartTrip;Chinese;2;5
3856;1326;FinishTrip;0;English;1
3857;1326;StartTrip;English;1;6
3858;1327;FinishTrip;Chinese;5
3859;1327;FinishTrip;English;6
3860;1327;FinishTrip;1;American;6
3861;1327;ChangePet;2;English;American;Bear;Zebra
3862;1327;StartTrip;Chinese;5;1
3863;1327;StartTrip;American;6;4
3864;1327;StartTrip;English;6;4
3865;1328;FinishTrip;French;1
3866;1328;FinishTrip;American;4
3867;1328;FinishTrip;1;English;4
3868;1328;StartTrip;French;1;4
3869;1328;StartTrip;English;4;6
3870;1328;StartTrip;American;4;2
3871;1329;FinishTrip;0;American;2
3872;1329;StartTrip;American;2;4
3873;1330;FinishTrip;Russian;2
3874;1330;FinishTrip;1;American;4
3875;1330;FinishTrip;French;4
3876;1330;ChangePet;2;French;American;Zebra;Fish
3877;1330;changeHouse;2;French;American;4;1
3878;1330;StartTrip;Russian;2;6
3879;1330;StartTrip;French;4;1
3880;1330;StartTrip;American;4;1
3881;1331;FinishTrip;English;6
3882;1331;FinishTrip;0;Chinese;1
3883;1331;StartTrip;English;6;1
3884;1331;StartTrip;Chinese;1;5
3885;1332;FinishTrip;American;1
3886;1332;FinishTrip;1;French;1
3887;1332;ChangePet;2;French;American;Fish;Zebra
3888;1332;StartTrip;American;1;2
3889;1332;StartTrip;French;1;4
3890;1334;FinishTrip;Chinese;5
3891;1334;FinishTrip;French;4
3892;1334;StartTrip;Chinese;5;3
3893;1334;StartTrip;French;4;5
3894;1335;FinishTrip;0;English;1
3895;1335;StartTrip;English;1;6
3896;1336;FinishTrip;English;6
3897;1336;StartTrip;English;6;1
3898;1338;FinishTrip;0;American;2
3899;1338;FinishTrip;0;Chinese;3
3900;1338;StartTrip;American;2;1
3901;1338;StartTrip;Chinese;3;5
3902;1339;FinishTrip;0;German;1
3903;1339;StartTrip;German;1;3
3904;1340;FinishTrip;Chinese;5
3905;1340;FinishTrip;0;English;1
3906;1340;FinishTrip;0;Russian;6
3907;1340;FinishTrip;1;French;5
3908;1340;StartTrip;Chinese;5;6
3909;1340;StartTrip;French;5;4
3910;1340;StartTrip;English;1;6
3911;1340;StartTrip;Russian;6;2
3912;1341;FinishTrip;English;6
3913;1341;StartTrip;English;6;2
3914;1343;FinishTrip;American;1
3915;1343;StartTrip;American;1;3
3916;1344;FinishTrip;French;4
3917;1344;StartTrip;French;4;6
3918;1345;FinishTrip;Russian;2
3919;1345;FinishTrip;0;Chinese;6
3920;1345;StartTrip;Russian;2;1
3921;1345;StartTrip;Chinese;6;5
3922;1346;FinishTrip;0;English;2
3923;1346;StartTrip;English;2;6
3924;1347;FinishTrip;German;3
3925;1347;FinishTrip;0;French;6
3926;1347;StartTrip;German;3;1
3927;1347;StartTrip;French;6;4
3928;1348;FinishTrip;Chinese;5
3929;1348;FinishTrip;French;4
3930;1348;StartTrip;Chinese;5;2
3931;1348;StartTrip;French;4;2
3932;1349;FinishTrip;0;Chinese;2
3933;1349;FinishTrip;0;French;2
3934;1349;StartTrip;Chinese;2;5
3935;1349;StartTrip;French;2;4
3936;1350;FinishTrip;French;4
3937;1350;FinishTrip;0;Russian;1
3938;1350;StartTrip;French;4;2
3939;1350;StartTrip;Russian;1;2
3940;1351;FinishTrip;Chinese;5
3941;1351;FinishTrip;0;American;3
3942;1351;FinishTrip;0;French;2
3943;1351;StartTrip;Chinese;5;2
3944;1351;StartTrip;French;2;4
3945;1351;StartTrip;American;3;1
3946;1352;FinishTrip;French;4
3947;1352;FinishTrip;0;Chinese;2
3948;1352;StartTrip;French;4;1
3949;1352;StartTrip;Chinese;2;5
3950;1354;FinishTrip;Chinese;5
3951;1354;FinishTrip;0;French;1
3952;1354;StartTrip;Chinese;5;4
3953;1354;StartTrip;French;1;4
3954;1356;FinishTrip;Russian;2
3955;1356;FinishTrip;French;4
3956;1356;FinishTrip;English;6
3957;1356;StartTrip;Russian;2;6
3958;1356;StartTrip;English;6;1
3959;1356;StartTrip;French;4;1
3960;1358;FinishTrip;0;Chinese;4
3961;1358;FinishTrip;0;French;1
3962;1358;StartTrip;Chinese;4;5
3963;1358;StartTrip;French;1;4
3964;1360;FinishTrip;French;4
3965;1360;FinishTrip;0;English;1
3966;1360;StartTrip;French;4;6
3967;1360;StartTrip;English;1;6
3968;1361;FinishTrip;English;6
3969;1361;StartTrip;English;6;5
3970;1363;FinishTrip;0;French;6
3971;1363;StartTrip;French;6;4
3972;1364;FinishTrip;French;4
3973;1364;FinishTrip;Chinese;5
3974;1364;FinishTrip;1;English;5
3975;1364;ChangePet;2;English;Chinese;Humpster;Bear
3976;1364;StartTrip;French;4;6
3977;1364;StartTrip;English;5;6
3978;1364;StartTrip;Chinese;5;1
3979;1366;FinishTrip;0;Russian;6
3980;1366;StartTrip;Russian;6;2
3981;1367;FinishTrip;0;French;6
3982;1367;StartTrip;French;6;4
3983;1368;FinishTrip;French;4
3984;1368;FinishTrip;0;Chinese;1
3985;1368;StartTrip;French;4;5
3986;1368;StartTrip;Chinese;1;5
3987;1369;FinishTrip;English;6
3988;1369;StartTrip;English;6;5
3989;1371;FinishTrip;Russian;2
3990;1371;FinishTrip;Chinese;5
3991;1371;StartTrip;Russian;2;1
3992;1371;StartTrip;Chinese;5;6
3993;1372;FinishTrip;0;English;5
3994;1372;StartTrip;English;5;6
3995;1374;FinishTrip;0;French;5
3996;1374;StartTrip;French;5;4
3997;1376;FinishTrip;0;Chinese;6
3998;1376;FinishTrip;0;Russian;1
3999;1376;StartTrip;Chinese;6;5
4000;1376;StartTrip;Russian;1;2
4001;1377;FinishTrip;English;6
4002;1377;StartTrip;English;6;5
4003;1378;FinishTrip;French;4
4004;1378;StartTrip;French;4;6
4005;1379;FinishTrip;Chinese;5
4006;1379;StartTrip;Chinese;5;4
4007;1380;FinishTrip;0;English;5
4008;1380;StartTrip;English;5;6
4009;1381;FinishTrip;0;French;6
4010;1381;StartTrip;French;6;4
4011;1382;FinishTrip;Russian;2
4012;1382;FinishTrip;French;4
4013;1382;StartTrip;Russian;2;3
4014;1382;StartTrip;French;4;6
4015;1383;FinishTrip;0;Chinese;4
4016;1383;StartTrip;Chinese;4;5
4017;1385;FinishTrip;English;6
4018;1385;FinishTrip;1;French;6
4019;1385;StartTrip;English;6;3
4020;1385;StartTrip;French;6;4
4021;1386;FinishTrip;French;4
4022;1386;FinishTrip;0;Russian;3
4023;1386;StartTrip;French;4;6
4024;1386;StartTrip;Russian;3;2
4025;1387;FinishTrip;0;English;3
4026;1387;StartTrip;English;3;6
4027;1389;FinishTrip;Chinese;5
4028;1389;FinishTrip;Russian;2
4029;1389;FinishTrip;0;French;6
4030;1389;StartTrip;Chinese;5;6
4031;1389;StartTrip;French;6;4
4032;1389;StartTrip;Russian;2;1
4033;1390;FinishTrip;French;4
4034;1390;StartTrip;French;4;5
4035;1391;FinishTrip;English;6
4036;1391;StartTrip;English;6;3
4037;1393;FinishTrip;0;English;3
4038;1393;StartTrip;English;3;6
4039;1394;FinishTrip;0;Russian;1
4040;1394;FinishTrip;0;Chinese;6
4041;1394;StartTrip;Russian;1;2
4042;1394;StartTrip;Chinese;6;5
4043;1396;FinishTrip;0;French;5
4044;1396;StartTrip;French;5;4
4045;1397;FinishTrip;Chinese;5
4046;1397;FinishTrip;English;6
4047;1397;StartTrip;Chinese;5;2
4048;1397;StartTrip;English;6;2
4049;1398;FinishTrip;0;Chinese;2
4050;1398;StartTrip;Chinese;2;5
4051;1399;FinishTrip;0;German;1
4052;1399;StartTrip;German;1;3
4053;1400;FinishTrip;French;4
4054;1400;FinishTrip;Chinese;5
4055;1400;FinishTrip;Russian;2
4056;1400;StartTrip;French;4;1
4057;1400;StartTrip;Russian;2;6
4058;1400;StartTrip;Chinese;5;1
4059;1402;FinishTrip;0;English;2
4060;1402;FinishTrip;0;French;1
4061;1402;StartTrip;English;2;6
4062;1402;StartTrip;French;1;4
4063;1403;FinishTrip;American;1
4064;1403;StartTrip;American;1;4
4065;1404;FinishTrip;French;4
4066;1404;FinishTrip;0;Chinese;1
4067;1404;StartTrip;French;4;5
4068;1404;StartTrip;Chinese;1;5
4069;1405;FinishTrip;0;American;4
4070;1405;StartTrip;American;4;1
4071;1407;FinishTrip;Chinese;5
4072;1407;FinishTrip;American;1
4073;1407;FinishTrip;German;3
4074;1407;StartTrip;Chinese;5;2
4075;1407;StartTrip;German;3;4
4076;1407;StartTrip;American;1;6
4077;1408;FinishTrip;0;Chinese;2
4078;1408;FinishTrip;0;American;6
4079;1408;StartTrip;Chinese;2;5
4080;1408;StartTrip;American;6;1
4081;1410;FinishTrip;Chinese;5
4082;1410;FinishTrip;1;French;5
4083;1410;FinishTrip;0;Russian;6
4084;1410;StartTrip;Chinese;5;2
4085;1410;StartTrip;Russian;6;2
4086;1410;StartTrip;French;5;4
4087;1411;FinishTrip;0;Chinese;2
4088;1411;StartTrip;Chinese;2;5
4089;1412;FinishTrip;English;6
4090;1412;FinishTrip;American;1
4091;1412;FinishTrip;0;German;4
4092;1412;StartTrip;English;6;4
4093;1412;StartTrip;German;4;3
4094;1412;StartTrip;American;1;6
4095;1413;FinishTrip;Chinese;5
4096;1413;FinishTrip;0;American;6
4097;1413;FinishTrip;0;English;4
4098;1413;StartTrip;Chinese;5;2
4099;1413;StartTrip;English;4;6
4100;1413;StartTrip;American;6;1
4101;1414;FinishTrip;French;4
4102;1414;FinishTrip;0;Chinese;2
4103;1414;StartTrip;French;4;6
4104;1414;StartTrip;Chinese;2;5
4105;1415;FinishTrip;Russian;2
4106;1415;FinishTrip;German;3
4107;1415;StartTrip;Russian;2;4
4108;1415;StartTrip;German;3;6
4109;1416;FinishTrip;English;6
4110;1416;FinishTrip;Chinese;5
4111;1416;FinishTrip;0;Russian;4
4112;1416;StartTrip;English;6;5
4113;1416;StartTrip;Russian;4;2
4114;1416;StartTrip;Chinese;5;4
4115;1417;FinishTrip;American;1
4116;1417;FinishTrip;Russian;2
4117;1417;FinishTrip;0;French;6
4118;1417;StartTrip;American;1;6
4119;1417;StartTrip;French;6;4
4120;1417;StartTrip;Russian;2;5
4121;1418;FinishTrip;French;4
4122;1418;FinishTrip;0;American;6
4123;1418;StartTrip;French;4;6
4124;1418;StartTrip;American;6;1
4125;1419;FinishTrip;0;Russian;5
4126;1419;FinishTrip;0;German;6
4127;1419;FinishTrip;0;English;5
4128;1419;StartTrip;Russian;5;2
4129;1419;StartTrip;English;5;6
4130;1419;StartTrip;German;6;3
4131;1420;FinishTrip;Russian;2
4132;1420;FinishTrip;0;Chinese;4
4133;1420;StartTrip;Russian;2;5
4134;1420;StartTrip;Chinese;4;5
4135;1421;FinishTrip;German;3
4136;1421;FinishTrip;0;French;6
4137;1421;StartTrip;German;3;2
4138;1421;StartTrip;French;6;4
4139;1422;FinishTrip;French;4
4140;1422;FinishTrip;American;1
4141;1422;FinishTrip;0;Russian;5
4142;1422;StartTrip;French;4;3
4143;1422;StartTrip;Russian;5;2
4144;1422;StartTrip;American;1;2
4145;1423;FinishTrip;Russian;2
4146;1423;StartTrip;Russian;2;4
4147;1424;FinishTrip;English;6
4148;1424;FinishTrip;0;German;2
4149;1424;FinishTrip;0;Russian;4
4150;1424;StartTrip;English;6;2
4151;1424;StartTrip;Russian;4;2
4152;1424;StartTrip;German;2;3
4153;1425;FinishTrip;Russian;2
4154;1425;FinishTrip;0;French;3
4155;1425;StartTrip;Russian;2;1
4156;1425;StartTrip;French;3;4
4157;1426;FinishTrip;Chinese;5
4158;1426;StartTrip;Chinese;5;6
4159;1428;FinishTrip;German;3
4160;1428;FinishTrip;0;American;2
4161;1428;StartTrip;German;3;2
4162;1428;StartTrip;American;2;1
4163;1429;FinishTrip;0;English;2
4164;1429;StartTrip;English;2;6
4165;1430;FinishTrip;French;4
4166;1430;FinishTrip;0;Russian;1
4167;1430;StartTrip;French;4;1
4168;1430;StartTrip;Russian;1;2
4169;1431;FinishTrip;0;German;2
4170;1431;FinishTrip;0;Chinese;6
4171;1431;StartTrip;German;2;3
4172;1431;StartTrip;Chinese;6;5
4173;1432;FinishTrip;0;French;1
4174;1432;StartTrip;French;1;4
4175;1433;FinishTrip;American;1
4176;1433;StartTrip;American;1;2
4177;1434;FinishTrip;Chinese;5
4178;1434;FinishTrip;French;4
4179;1434;StartTrip;Chinese;5;4
4180;1434;StartTrip;French;4;3
4181;1435;FinishTrip;German;3
4182;1435;StartTrip;German;3;6
4183;1436;FinishTrip;Russian;2
4184;1436;StartTrip;Russian;2;3
4185;1437;FinishTrip;0;French;3
4186;1437;StartTrip;French;3;4
4187;1438;FinishTrip;0;Chinese;4
4188;1438;StartTrip;Chinese;4;5
4189;1439;FinishTrip;English;6
4190;1439;FinishTrip;1;German;6
4191;1439;FinishTrip;0;American;2
4192;1439;ChangePet;2;English;German;Cat;Humpster
4193;1439;StartTrip;English;6;3
4194;1439;StartTrip;American;2;1
4195;1439;StartTrip;German;6;3
4196;1440;FinishTrip;0;Russian;3
4197;1440;StartTrip;Russian;3;2
4198;1441;FinishTrip;German;3
4199;1441;FinishTrip;1;English;3
4200;1441;StartTrip;German;3;6
4201;1441;StartTrip;English;3;6
4202;1442;FinishTrip;French;4
4203;1442;StartTrip;French;4;3
4204;1443;FinishTrip;Russian;2
4205;1443;StartTrip;Russian;2;4
4206;1444;FinishTrip;American;1
4207;1444;FinishTrip;Chinese;5
4208;1444;FinishTrip;0;Russian;4
4209;1444;StartTrip;American;1;3
4210;1444;StartTrip;Russian;4;2
4211;1444;StartTrip;Chinese;5;4
4212;1445;FinishTrip;English;6
4213;1445;FinishTrip;Russian;2
4214;1445;FinishTrip;1;German;6
4215;1445;FinishTrip;0;French;3
4216;1445;StartTrip;English;6;2
4217;1445;StartTrip;French;3;4
4218;1445;StartTrip;Russian;2;1
4219;1445;StartTrip;German;6;3
4220;1447;FinishTrip;German;3
4221;1447;StartTrip;German;3;2
4222;1448;FinishTrip;0;Chinese;4
4223;1448;StartTrip;Chinese;4;5
4224;1450;FinishTrip;French;4
4225;1450;FinishTrip;0;English;2
4226;1450;FinishTrip;0;German;2
4227;1450;FinishTrip;0;Russian;1
4228;1450;StartTrip;French;4;3
4229;1450;StartTrip;Russian;1;2
4230;1450;StartTrip;English;2;6
4231;1450;StartTrip;German;2;3
4232;1452;FinishTrip;0;American;3
4233;1452;StartTrip;American;3;1
4234;1453;FinishTrip;0;French;3
4235;1453;StartTrip;French;3;4
4236;1454;FinishTrip;German;3
4237;1454;FinishTrip;Chinese;5
4238;1454;StartTrip;German;3;5
4239;1454;StartTrip;Chinese;5;2
4240;1455;FinishTrip;0;Chinese;2
4241;1455;StartTrip;Chinese;2;5
4242;1456;FinishTrip;Russian;2
4243;1456;FinishTrip;0;German;5
4244;1456;StartTrip;Russian;2;6
4245;1456;StartTrip;German;5;3
4246;1457;FinishTrip;Chinese;5
4247;1457;StartTrip;Chinese;5;1
4248;1458;FinishTrip;French;4
4249;1458;StartTrip;French;4;6
4250;1460;FinishTrip;English;6
4251;1460;FinishTrip;German;3
4252;1460;StartTrip;English;6;5
4253;1460;StartTrip;German;3;2
4254;1461;FinishTrip;0;Chinese;1
4255;1461;FinishTrip;0;French;6
4256;1461;StartTrip;Chinese;1;5
4257;1461;StartTrip;French;6;4
4258;1462;FinishTrip;French;4
4259;1462;StartTrip;French;4;5
4260;1463;FinishTrip;0;German;2
4261;1463;FinishTrip;0;English;5
4262;1463;StartTrip;German;2;3
4263;1463;StartTrip;English;5;6
4264;1464;FinishTrip;Chinese;5
4265;1464;StartTrip;Chinese;5;1
4266;1466;FinishTrip;0;Russian;6
4267;1466;StartTrip;Russian;6;2
4268;1467;FinishTrip;German;3
4269;1467;StartTrip;German;3;5
4270;1468;FinishTrip;English;6
4271;1468;FinishTrip;0;French;5
4272;1468;FinishTrip;0;Chinese;1
4273;1468;StartTrip;English;6;4
4274;1468;StartTrip;Chinese;1;5
4275;1468;StartTrip;French;5;4
4276;1469;FinishTrip;0;German;5
4277;1469;FinishTrip;0;English;4
4278;1469;StartTrip;German;5;3
4279;1469;StartTrip;English;4;6
4280;1471;FinishTrip;Chinese;5
4281;1471;FinishTrip;Russian;2
4282;1471;StartTrip;Chinese;5;1
4283;1471;StartTrip;Russian;2;5
4284;1472;FinishTrip;French;4
4285;1472;FinishTrip;English;6
4286;1472;StartTrip;French;4;1
4287;1472;StartTrip;English;6;3
4288;1473;FinishTrip;German;3
4289;1473;FinishTrip;0;Russian;5
4290;1473;StartTrip;German;3;2
4291;1473;StartTrip;Russian;5;2
4292;1474;FinishTrip;Russian;2
4293;1474;FinishTrip;0;English;3
4294;1474;FinishTrip;0;French;1
4295;1474;StartTrip;Russian;2;3
4296;1474;StartTrip;French;1;4
4297;1474;StartTrip;English;3;6
4298;1475;FinishTrip;0;Chinese;1
4299;1475;StartTrip;Chinese;1;5
4300;1476;FinishTrip;French;4
4301;1476;FinishTrip;0;German;2
4302;1476;StartTrip;French;4;3
4303;1476;StartTrip;German;2;3
4304;1478;FinishTrip;English;6
4305;1478;FinishTrip;Chinese;5
4306;1478;FinishTrip;0;Russian;3
4307;1478;StartTrip;English;6;3
4308;1478;StartTrip;Russian;3;2
4309;1478;StartTrip;Chinese;5;1
4310;1479;FinishTrip;0;French;3
4311;1479;StartTrip;French;3;4
4312;1480;FinishTrip;German;3
4313;1480;FinishTrip;1;English;3
4314;1480;StartTrip;German;3;6
4315;1480;StartTrip;English;3;6
4316;1481;FinishTrip;Russian;2
4317;1481;StartTrip;Russian;2;6
4318;1482;FinishTrip;0;Chinese;1
4319;1482;StartTrip;Chinese;1;5
4320;1484;FinishTrip;English;6
4321;1484;FinishTrip;French;4
4322;1484;FinishTrip;1;German;6
4323;1484;ChangePet;2;English;German;Humpster;Cat
4324;1484;StartTrip;English;6;4
4325;1484;StartTrip;German;6;3
4326;1484;StartTrip;French;4;6
4327;1485;FinishTrip;Chinese;5
4328;1485;FinishTrip;0;English;4
4329;1485;StartTrip;Chinese;5;2
4330;1485;StartTrip;English;4;6
4331;1486;FinishTrip;German;3
4332;1486;FinishTrip;0;Chinese;2
4333;1486;StartTrip;German;3;1
4334;1486;StartTrip;Chinese;2;5
4335;1487;FinishTrip;0;French;6
4336;1487;StartTrip;French;6;4
4337;1488;FinishTrip;Chinese;5
4338;1488;FinishTrip;French;4
4339;1488;FinishTrip;English;6
4340;1488;StartTrip;Chinese;5;4
4341;1488;StartTrip;English;6;4
4342;1488;StartTrip;French;4;6
4343;1489;FinishTrip;0;English;4
4344;1489;StartTrip;English;4;6
4345;1491;FinishTrip;0;French;6
4346;1491;FinishTrip;0;Russian;6
4347;1491;StartTrip;French;6;4
4348;1491;StartTrip;Russian;6;2
4349;1492;FinishTrip;English;6
4350;1492;FinishTrip;1;French;4
4351;1492;FinishTrip;Chinese;4
4352;1492;ChangePet;2;Chinese;French;Fish;Bear
4353;1492;changeHouse;2;Chinese;French;4;5
4354;1492;StartTrip;English;6;2
4355;1492;StartTrip;Chinese;4;5
4356;1492;StartTrip;French;4;5
4357;1496;FinishTrip;Russian;2
4358;1496;StartTrip;Russian;2;6
4359;1497;FinishTrip;0;English;2
4360;1497;StartTrip;English;2;6
4361;1498;FinishTrip;French;5
4362;1498;FinishTrip;1;Chinese;5
4363;1498;StartTrip;French;5;4
4364;1498;StartTrip;Chinese;5;4
4365;1502;FinishTrip;1;Chinese;4
4366;1502;FinishTrip;French;4
4367;1502;changeHouse;2;Chinese;French;5;4
4368;1502;StartTrip;Chinese;4;5
4369;1502;StartTrip;French;4;2
4370;1503;FinishTrip;0;French;2
4371;1503;StartTrip;French;2;4
4372;1504;FinishTrip;American;1
4373;1504;FinishTrip;French;4
4374;1504;StartTrip;American;1;6
4375;1504;StartTrip;French;4;6
4376;1505;FinishTrip;0;American;6
4377;1505;StartTrip;American;6;1
4378;1506;FinishTrip;0;Russian;6
4379;1506;StartTrip;Russian;6;2
4380;1507;FinishTrip;English;6
4381;1507;FinishTrip;1;French;6
4382;1507;StartTrip;English;6;4
4383;1507;StartTrip;French;6;4
4384;1508;FinishTrip;Chinese;5
4385;1508;FinishTrip;French;4
4386;1508;FinishTrip;1;English;4
4387;1508;ChangePet;2;English;French;Bear;Humpster
4388;1508;StartTrip;Chinese;5;2
4389;1508;StartTrip;English;4;6
4390;1508;StartTrip;French;4;1
4391;1509;FinishTrip;American;1
4392;1509;FinishTrip;0;Chinese;2
4393;1509;StartTrip;American;1;2
4394;1509;StartTrip;Chinese;2;5
4395;1510;FinishTrip;0;French;1
4396;1510;StartTrip;French;1;4
4397;1511;FinishTrip;Chinese;5
4398;1511;FinishTrip;Russian;2
4399;1511;FinishTrip;English;6
4400;1511;StartTrip;Chinese;5;1
4401;1511;StartTrip;English;6;5
4402;1511;StartTrip;Russian;2;6
4403;1512;FinishTrip;French;4
4404;1512;StartTrip;French;4;2
4405;1513;FinishTrip;0;French;2
4406;1513;StartTrip;French;2;4
4407;1514;FinishTrip;French;4
4408;1514;FinishTrip;0;English;5
4409;1514;StartTrip;French;4;3
4410;1514;StartTrip;English;5;6
4411;1515;FinishTrip;0;American;2
4412;1515;FinishTrip;0;Chinese;1
4413;1515;StartTrip;American;2;1
4414;1515;StartTrip;Chinese;1;5
4415;1517;FinishTrip;0;French;3
4416;1517;StartTrip;French;3;4
4417;1518;FinishTrip;Chinese;5
4418;1518;StartTrip;Chinese;5;4
4419;1519;FinishTrip;English;6
4420;1519;StartTrip;English;6;4
4421;1520;FinishTrip;American;1
4422;1520;FinishTrip;0;English;4
4423;1520;StartTrip;American;1;3
4424;1520;StartTrip;English;4;6
4425;1521;FinishTrip;0;Russian;6
4426;1521;StartTrip;Russian;6;2
4427;1522;FinishTrip;French;4
4428;1522;FinishTrip;1;Chinese;4
4429;1522;StartTrip;French;4;2
4430;1522;StartTrip;Chinese;4;5
4431;1523;FinishTrip;English;6
4432;1523;FinishTrip;0;French;2
4433;1523;StartTrip;English;6;3
4434;1523;StartTrip;French;2;4
4435;1524;FinishTrip;French;4
4436;1524;StartTrip;French;4;1
4437;1525;FinishTrip;0;English;3
4438;1525;StartTrip;English;3;6
4439;1526;FinishTrip;Russian;2
4440;1526;FinishTrip;0;French;1
4441;1526;StartTrip;Russian;2;5
4442;1526;StartTrip;French;1;4
4443;1528;FinishTrip;French;4
4444;1528;FinishTrip;Chinese;5
4445;1528;FinishTrip;0;American;3
4446;1528;FinishTrip;1;Russian;5
4447;1528;StartTrip;French;4;2
4448;1528;StartTrip;Russian;5;2
4449;1528;StartTrip;Chinese;5;4
4450;1528;StartTrip;American;3;1
4451;1529;FinishTrip;English;6
4452;1529;FinishTrip;Russian;2
4453;1529;FinishTrip;1;French;2
4454;1529;ChangePet;2;Russian;French;Humpster;Dog
4455;1529;StartTrip;English;6;5
4456;1529;StartTrip;French;2;4
4457;1529;StartTrip;Russian;2;3
4458;1530;FinishTrip;French;4
4459;1530;StartTrip;French;4;6
4460;1532;FinishTrip;0;Chinese;4
4461;1532;FinishTrip;0;English;5
4462;1532;StartTrip;Chinese;4;5
4463;1532;StartTrip;English;5;6
4464;1533;FinishTrip;0;Russian;3
4465;1533;FinishTrip;0;French;6
4466;1533;StartTrip;Russian;3;2
4467;1533;StartTrip;French;6;4
4468;1534;FinishTrip;French;4
4469;1534;StartTrip;French;4;2
4470;1535;FinishTrip;0;French;2
4471;1535;StartTrip;French;2;4
4472;1536;FinishTrip;Russian;2
4473;1536;FinishTrip;French;4
4474;1536;StartTrip;Russian;2;6
4475;1536;StartTrip;French;4;2
4476;1537;FinishTrip;English;6
4477;1537;FinishTrip;0;French;2
4478;1537;StartTrip;English;6;3
4479;1537;StartTrip;French;2;4
4480;1538;FinishTrip;French;4
4481;1538;FinishTrip;Chinese;5
4482;1538;FinishTrip;0;German;1
4483;1538;StartTrip;French;4;6
4484;1538;StartTrip;German;1;3
4485;1538;StartTrip;Chinese;5;1
4486;1539;FinishTrip;0;English;3
4487;1539;StartTrip;English;3;6
4488;1541;FinishTrip;0;French;6
4489;1541;StartTrip;French;6;4
4490;1542;FinishTrip;French;4
4491;1542;FinishTrip;0;Chinese;1
4492;1542;StartTrip;French;4;2
4493;1542;StartTrip;Chinese;1;5
4494;1543;FinishTrip;English;6
4495;1543;FinishTrip;0;French;2
4496;1543;StartTrip;English;6;2
4497;1543;StartTrip;French;2;4
4498;1544;FinishTrip;French;4
4499;1544;StartTrip;French;4;6
4500;1545;FinishTrip;Chinese;5
4501;1545;StartTrip;Chinese;5;4
4502;1546;FinishTrip;German;3
4503;1546;FinishTrip;0;Russian;6
4504;1546;StartTrip;German;3;1
4505;1546;StartTrip;Russian;6;2
4506;1547;FinishTrip;0;French;6
4507;1547;StartTrip;French;6;4
4508;1548;FinishTrip;French;4
4509;1548;FinishTrip;0;English;2
4510;1548;StartTrip;French;4;5
4511;1548;StartTrip;English;2;6
4512;1549;FinishTrip;0;Chinese;4
4513;1549;StartTrip;Chinese;4;5
4514;1551;FinishTrip;Russian;2
4515;1551;StartTrip;Russian;2;3
4516;1554;FinishTrip;0;French;5
4517;1554;StartTrip;French;5;4
4518;1555;FinishTrip;Chinese;5
4519;1555;FinishTrip;0;Russian;3
4520;1555;StartTrip;Chinese;5;3
4521;1555;StartTrip;Russian;3;2
4522;1558;FinishTrip;French;4
4523;1558;FinishTrip;Russian;2
4524;1558;FinishTrip;English;6
4525;1558;StartTrip;French;4;1
4526;1558;StartTrip;English;6;5
4527;1558;StartTrip;Russian;2;4
4528;1559;FinishTrip;0;Chinese;3
4529;1559;FinishTrip;0;Russian;4
4530;1559;StartTrip;Chinese;3;5
4531;1559;StartTrip;Russian;4;2
4532;1560;FinishTrip;Russian;2
4533;1560;FinishTrip;0;French;1
4534;1560;StartTrip;Russian;2;1
4535;1560;StartTrip;French;1;4
4536;1561;FinishTrip;Chinese;5
4537;1561;FinishTrip;1;English;5
4538;1561;StartTrip;Chinese;5;6
4539;1561;StartTrip;English;5;6
4540;1562;FinishTrip;French;4
4541;1562;StartTrip;French;4;6
4542;1565;FinishTrip;0;Russian;1
4543;1565;FinishTrip;0;French;6
4544;1565;StartTrip;Russian;1;2
4545;1565;StartTrip;French;6;4
4546;1566;FinishTrip;English;6
4547;1566;FinishTrip;French;4
4548;1566;FinishTrip;1;Chinese;6
4549;1566;StartTrip;English;6;5
4550;1566;StartTrip;Chinese;6;5
4551;1566;StartTrip;French;4;6
4552;1569;FinishTrip;Chinese;5
4553;1569;FinishTrip;1;English;5
4554;1569;FinishTrip;0;French;6
4555;1569;StartTrip;Chinese;5;1
4556;1569;StartTrip;French;6;4
4557;1569;StartTrip;English;5;6
4558;1570;FinishTrip;French;4
4559;1570;StartTrip;French;4;1
4560;1571;FinishTrip;Russian;2
4561;1571;StartTrip;Russian;2;6
4562;1572;FinishTrip;0;French;1
4563;1572;StartTrip;French;1;4
4564;1573;FinishTrip;0;Chinese;1
4565;1573;StartTrip;Chinese;1;5
4566;1574;FinishTrip;English;6
4567;1574;FinishTrip;French;4
4568;1574;StartTrip;English;6;1
4569;1574;StartTrip;French;4;3
4570;1576;FinishTrip;Chinese;5
4571;1576;StartTrip;Chinese;5;6
4572;1577;FinishTrip;0;French;3
4573;1577;StartTrip;French;3;4
4574;1578;FinishTrip;0;English;1
4575;1578;StartTrip;English;1;6
4576;1579;FinishTrip;English;6
4577;1579;StartTrip;English;6;1
4578;1580;FinishTrip;American;1
4579;1580;StartTrip;American;1;2
4580;1581;FinishTrip;0;Chinese;6
4581;1581;FinishTrip;0;Russian;6
4582;1581;StartTrip;Chinese;6;5
4583;1581;StartTrip;Russian;6;2
4584;1582;FinishTrip;French;4
4585;1582;StartTrip;French;4;1
4586;1583;FinishTrip;0;English;1
4587;1583;StartTrip;English;1;6
4588;1584;FinishTrip;English;6
4589;1584;FinishTrip;Chinese;5
4590;1584;FinishTrip;0;French;1
4591;1584;StartTrip;English;6;1
4592;1584;StartTrip;French;1;4
4593;1584;StartTrip;Chinese;5;4
4594;1586;FinishTrip;Russian;2
4595;1586;FinishTrip;French;4
4596;1586;FinishTrip;1;American;2
4597;1586;StartTrip;Russian;2;4
4598;1586;StartTrip;American;2;1
4599;1586;StartTrip;French;4;5
4600;1587;FinishTrip;0;Russian;4
4601;1587;StartTrip;Russian;4;2
4602;1588;FinishTrip;Russian;2
4603;1588;FinishTrip;0;English;1
4604;1588;FinishTrip;0;Chinese;4
4605;1588;StartTrip;Russian;2;6
4606;1588;StartTrip;Chinese;4;5
4607;1588;StartTrip;English;1;6
4608;1589;FinishTrip;English;6
4609;1589;StartTrip;English;6;2
4610;1591;FinishTrip;American;1
4611;1591;StartTrip;American;1;4
4612;1592;FinishTrip;0;French;5
4613;1592;StartTrip;French;5;4
4614;1593;FinishTrip;0;American;4
4615;1593;StartTrip;American;4;1
4616;1594;FinishTrip;Chinese;5
4617;1594;FinishTrip;0;English;2
4618;1594;StartTrip;Chinese;5;6
4619;1594;StartTrip;English;2;6
4620;1595;FinishTrip;American;1
4621;1595;StartTrip;American;1;3
4622;1596;FinishTrip;French;4
4623;1596;StartTrip;French;4;5
4624;1598;FinishTrip;0;German;1
4625;1598;FinishTrip;0;Russian;6
4626;1598;StartTrip;German;1;3
4627;1598;StartTrip;Russian;6;2
4628;1599;FinishTrip;0;Chinese;6
4629;1599;StartTrip;Chinese;6;5
4630;1602;FinishTrip;Chinese;5
4631;1602;FinishTrip;1;French;5
4632;1602;StartTrip;Chinese;5;4
4633;1602;StartTrip;French;5;4
4634;1603;FinishTrip;Russian;2
4635;1603;FinishTrip;0;American;3
4636;1603;StartTrip;Russian;2;4
4637;1603;StartTrip;American;3;1
4638;1604;FinishTrip;English;6
4639;1604;FinishTrip;0;Russian;4
4640;1604;StartTrip;English;6;4
4641;1604;StartTrip;Russian;4;2
4642;1605;FinishTrip;Russian;2
4643;1605;FinishTrip;0;English;4
4644;1605;StartTrip;Russian;2;3
4645;1605;StartTrip;English;4;6
4646;1606;FinishTrip;German;3
4647;1606;FinishTrip;1;French;4
4648;1606;FinishTrip;Chinese;4
4649;1606;ChangePet;2;Chinese;French;Dog;Fish
4650;1606;changeHouse;2;Chinese;French;4;5
4651;1606;StartTrip;German;3;2
4652;1606;StartTrip;Chinese;4;3
4653;1606;StartTrip;French;4;5
4654;1608;FinishTrip;English;6
4655;1608;StartTrip;English;6;3
4656;1609;FinishTrip;0;Russian;3
4657;1609;FinishTrip;0;Chinese;3
4658;1609;FinishTrip;0;German;2
4659;1609;StartTrip;Russian;3;2
4660;1609;StartTrip;German;2;3
4661;1609;StartTrip;Chinese;3;4
4662;1610;FinishTrip;0;English;3
4663;1610;StartTrip;English;3;6
4664;1612;FinishTrip;French;5
4665;1612;FinishTrip;Russian;2
4666;1612;StartTrip;French;5;6
4667;1612;StartTrip;Russian;2;3
4668;1613;FinishTrip;German;3
4669;1613;StartTrip;German;3;5
4670;1614;FinishTrip;Chinese;4
4671;1614;FinishTrip;English;6
4672;1614;StartTrip;Chinese;4;6
4673;1614;StartTrip;English;6;1
4674;1615;FinishTrip;0;German;5
4675;1615;StartTrip;German;5;3
4676;1616;FinishTrip;0;Russian;3
4677;1616;StartTrip;Russian;3;2
4678;1617;FinishTrip;0;French;6
4679;1617;FinishTrip;0;Chinese;6
4680;1617;StartTrip;French;6;5
4681;1617;StartTrip;Chinese;6;4
4682;1618;FinishTrip;Chinese;4
4683;1618;FinishTrip;0;English;1
4684;1618;StartTrip;Chinese;4;2
4685;1618;StartTrip;English;1;6
4686;1619;FinishTrip;German;3
4687;1619;FinishTrip;English;6
4688;1619;FinishTrip;Russian;2
4689;1619;FinishTrip;1;Chinese;2
4690;1619;StartTrip;German;3;1
4691;1619;StartTrip;Chinese;2;4
4692;1619;StartTrip;English;6;1
4693;1619;StartTrip;Russian;2;6
4694;1620;FinishTrip;French;5
4695;1620;FinishTrip;Chinese;4
4696;1620;StartTrip;French;5;3
4697;1620;StartTrip;Chinese;4;6
4698;1623;FinishTrip;0;English;1
4699;1623;FinishTrip;0;Chinese;6
4700;1623;StartTrip;English;1;6
4701;1623;StartTrip;Chinese;6;4
4702;1624;FinishTrip;Chinese;4
4703;1624;FinishTrip;English;6
4704;1624;FinishTrip;0;French;3
4705;1624;StartTrip;Chinese;4;6
4706;1624;StartTrip;French;3;5
4707;1624;StartTrip;English;6;4
4708;1625;FinishTrip;0;English;4
4709;1625;StartTrip;English;4;6
4710;1626;FinishTrip;French;5
4711;1626;StartTrip;French;5;2
4712;1627;FinishTrip;0;Chinese;6
4713;1627;FinishTrip;0;French;2
4714;1627;StartTrip;Chinese;6;4
4715;1627;StartTrip;French;2;5
4716;1628;FinishTrip;English;6
4717;1628;FinishTrip;Chinese;4
4718;1628;StartTrip;English;6;3
4719;1628;StartTrip;Chinese;4;2
4720;1629;FinishTrip;French;5
4721;1629;FinishTrip;0;Chinese;2
4722;1629;FinishTrip;0;Russian;6
4723;1629;StartTrip;French;5;4
4724;1629;StartTrip;Russian;6;2
4725;1629;StartTrip;Chinese;2;4
4726;1630;FinishTrip;Chinese;4
4727;1630;FinishTrip;0;English;3
4728;1630;StartTrip;Chinese;4;1
4729;1630;StartTrip;English;3;6
4730;1632;FinishTrip;0;Chinese;1
4731;1632;StartTrip;Chinese;1;4
4732;1633;FinishTrip;0;French;4
4733;1633;StartTrip;French;4;5
4734;1634;FinishTrip;English;6
4735;1634;FinishTrip;Chinese;4
4736;1634;FinishTrip;Russian;2
4737;1634;StartTrip;English;6;2
4738;1634;StartTrip;Russian;2;1
4739;1634;StartTrip;Chinese;4;2
4740;1635;FinishTrip;0;Chinese;2
4741;1635;StartTrip;Chinese;2;4
4742;1636;FinishTrip;Chinese;4
4743;1636;StartTrip;Chinese;4;6
4744;1639;FinishTrip;French;5
4745;1639;FinishTrip;0;Chinese;6
4746;1639;FinishTrip;0;English;2
4747;1639;FinishTrip;0;Russian;1
4748;1639;StartTrip;French;5;3
4749;1639;StartTrip;Russian;1;2
4750;1639;StartTrip;Chinese;6;4
4751;1639;StartTrip;English;2;6
4752;1640;FinishTrip;Chinese;4
4753;1640;StartTrip;Chinese;4;2
4754;1641;FinishTrip;0;Chinese;2
4755;1641;StartTrip;Chinese;2;4
4756;1642;FinishTrip;Chinese;4
4757;1642;StartTrip;Chinese;4;6
4758;1643;FinishTrip;0;French;3
4759;1643;StartTrip;French;3;5
4760;1645;FinishTrip;French;5
4761;1645;FinishTrip;Russian;2
4762;1645;FinishTrip;0;Chinese;6
4763;1645;StartTrip;French;5;1
4764;1645;StartTrip;Chinese;6;4
4765;1645;StartTrip;Russian;2;1
4766;1646;FinishTrip;Chinese;4
4767;1646;StartTrip;Chinese;4;6
4768;1649;FinishTrip;1;English;6
4769;1649;FinishTrip;Chinese;6
4770;1649;FinishTrip;0;French;1
4771;1649;changeHouse;2;English;Chinese;4;6
4772;1649;StartTrip;English;6;4
4773;1649;StartTrip;French;1;5
4774;1649;StartTrip;Chinese;6;4
4775;1650;FinishTrip;1;English;4
4776;1650;FinishTrip;0;Russian;1
4777;1650;FinishTrip;Chinese;4
4778;1650;changeHouse;2;English;Chinese;6;4
4779;1650;StartTrip;English;4;6
4780;1650;StartTrip;Chinese;4;6
4781;1650;StartTrip;Russian;1;2
4782;1652;FinishTrip;French;5
4783;1652;StartTrip;French;5;2
4784;1653;FinishTrip;1;English;6
4785;1653;FinishTrip;0;French;2
4786;1653;FinishTrip;Chinese;6
4787;1653;ChangePet;2;English;Chinese;Dog;Bear
4788;1653;changeHouse;2;English;Chinese;4;6
4789;1653;StartTrip;English;6;4
4790;1653;StartTrip;Chinese;6;5
4791;1653;StartTrip;French;2;5
4792;1654;FinishTrip;English;4
4793;1654;StartTrip;English;4;1
4794;1655;FinishTrip;French;5
4795;1655;FinishTrip;American;1
4796;1655;StartTrip;French;5;4
4797;1655;StartTrip;American;1;4
4798;1656;FinishTrip;Russian;2
4799;1656;FinishTrip;0;English;1
4800;1656;FinishTrip;0;Chinese;5
4801;1656;StartTrip;Russian;2;4
4802;1656;StartTrip;Chinese;5;6
4803;1656;StartTrip;English;1;4
4804;1657;FinishTrip;0;American;4
4805;1657;FinishTrip;0;Russian;4
4806;1657;StartTrip;American;4;1
4807;1657;StartTrip;Russian;4;2
4808;1658;FinishTrip;English;4
4809;1658;FinishTrip;Russian;2
4810;1658;StartTrip;English;4;3
4811;1658;StartTrip;Russian;2;1
4812;1659;FinishTrip;American;1
4813;1659;FinishTrip;0;French;4
4814;1659;StartTrip;American;1;2
4815;1659;StartTrip;French;4;5
4816;1661;FinishTrip;Chinese;6
4817;1661;FinishTrip;0;English;3
4818;1661;StartTrip;Chinese;6;2
4819;1661;StartTrip;English;3;4
4820;1663;FinishTrip;0;Russian;1
4821;1663;StartTrip;Russian;1;2
4822;1665;FinishTrip;French;5
4823;1665;FinishTrip;0;American;2
4824;1665;StartTrip;French;5;1
4825;1665;StartTrip;American;2;1
4826;1666;FinishTrip;English;4
4827;1666;FinishTrip;0;Chinese;2
4828;1666;StartTrip;English;4;3
4829;1666;StartTrip;Chinese;2;6
4830;1669;FinishTrip;Russian;2
4831;1669;FinishTrip;0;French;1
4832;1669;FinishTrip;0;English;3
4833;1669;StartTrip;Russian;2;1
4834;1669;StartTrip;English;3;4
4835;1669;StartTrip;French;1;5
4836;1670;FinishTrip;American;1
4837;1670;StartTrip;American;1;2
4838;1671;FinishTrip;0;German;1
4839;1671;StartTrip;German;1;3
4840;1672;FinishTrip;French;5
4841;1672;StartTrip;French;5;6
4842;1674;FinishTrip;English;4
4843;1674;FinishTrip;0;Russian;1
4844;1674;StartTrip;English;4;3
4845;1674;StartTrip;Russian;1;2
4846;1676;FinishTrip;Chinese;6
4847;1676;FinishTrip;0;American;2
4848;1676;StartTrip;Chinese;6;1
4849;1676;StartTrip;American;2;1
4850;1677;FinishTrip;0;French;6
4851;1677;FinishTrip;0;English;3
4852;1677;StartTrip;French;6;5
4853;1677;StartTrip;English;3;4
4854;1679;FinishTrip;German;3
4855;1679;StartTrip;German;3;2
4856;1680;FinishTrip;Russian;2
4857;1680;FinishTrip;French;5
4858;1680;FinishTrip;0;Chinese;1
4859;1680;StartTrip;Russian;2;6
4860;1680;StartTrip;Chinese;1;6
4861;1680;StartTrip;French;5;3
4862;1681;FinishTrip;American;1
4863;1681;FinishTrip;Chinese;6
4864;1681;StartTrip;American;1;5
4865;1681;StartTrip;Chinese;6;2
4866;1682;FinishTrip;English;4
4867;1682;FinishTrip;0;German;2
4868;1682;StartTrip;English;4;6
4869;1682;StartTrip;German;2;3
4870;1684;FinishTrip;0;French;3
4871;1684;FinishTrip;0;American;5
4872;1684;StartTrip;French;3;5
4873;1684;StartTrip;American;5;1
4874;1685;FinishTrip;0;English;6
4875;1685;StartTrip;English;6;4
4876;1686;FinishTrip;English;4
4877;1686;FinishTrip;German;3
4878;1686;FinishTrip;French;5
4879;1686;FinishTrip;0;Chinese;2
4880;1686;StartTrip;English;4;5
4881;1686;StartTrip;Chinese;2;6
4882;1686;StartTrip;German;3;6
4883;1686;StartTrip;French;5;3
4884;1688;FinishTrip;American;1
4885;1688;StartTrip;American;1;6
4886;1689;FinishTrip;0;American;6
4887;1689;StartTrip;American;6;1
4888;1690;FinishTrip;0;French;3
4889;1690;FinishTrip;0;Russian;6
4890;1690;FinishTrip;0;German;6
4891;1690;StartTrip;French;3;5
4892;1690;StartTrip;German;6;3
4893;1690;StartTrip;Russian;6;2
4894;1692;FinishTrip;French;5
4895;1692;FinishTrip;German;3
4896;1692;FinishTrip;1;English;5
4897;1692;StartTrip;French;5;3
4898;1692;StartTrip;English;5;4
4899;1692;StartTrip;German;3;2
4900;1693;FinishTrip;American;1
4901;1693;StartTrip;American;1;3
4902;1695;FinishTrip;1;Russian;2
4903;1695;FinishTrip;German;2
4904;1695;ChangePet;2;Russian;German;Cat;Humpster
4905;1695;changeHouse;2;Russian;German;3;2
4906;1695;StartTrip;Russian;2;3
4907;1695;StartTrip;German;2;4
4908;1696;FinishTrip;Chinese;6
4909;1696;FinishTrip;English;4
4910;1696;FinishTrip;1;German;4
4911;1696;FinishTrip;0;French;3
4912;1696;StartTrip;Chinese;6;1
4913;1696;StartTrip;French;3;5
4914;1696;StartTrip;English;4;5
4915;1696;StartTrip;German;4;2
4916;1697;FinishTrip;German;2
4917;1697;StartTrip;German;2;6
4918;1698;FinishTrip;French;5
4919;1698;StartTrip;French;5;4
4920;1699;FinishTrip;Russian;3
4921;1699;StartTrip;Russian;3;1
4922;1700;FinishTrip;0;Chinese;1
4923;1700;StartTrip;Chinese;1;6
4924;1701;FinishTrip;Chinese;6
4925;1701;FinishTrip;0;American;3
4926;1701;StartTrip;Chinese;6;5
4927;1701;StartTrip;American;3;1
4928;1702;FinishTrip;0;French;4
4929;1702;FinishTrip;0;English;5
4930;1702;StartTrip;French;4;5
4931;1702;StartTrip;English;5;4
4932;1704;FinishTrip;0;Chinese;5
4933;1704;StartTrip;Chinese;5;6
4934;1706;FinishTrip;English;4
4935;1706;StartTrip;English;4;6
4936;1707;FinishTrip;0;German;6
4937;1707;StartTrip;German;6;2
4938;1708;FinishTrip;French;5
4939;1708;StartTrip;French;5;4
4940;1709;FinishTrip;Chinese;6
4941;1709;FinishTrip;1;English;6
4942;1709;StartTrip;Chinese;6;1
4943;1709;StartTrip;English;6;4
4944;1710;FinishTrip;English;4
4945;1710;StartTrip;English;4;3
4946;1712;FinishTrip;German;2
4947;1712;FinishTrip;0;French;4
4948;1712;StartTrip;German;2;4
4949;1712;StartTrip;French;4;5
4950;1713;FinishTrip;0;English;3
4951;1713;FinishTrip;0;Chinese;1
4952;1713;FinishTrip;0;German;4
4953;1713;StartTrip;English;3;4
4954;1713;StartTrip;German;4;2
4955;1713;StartTrip;Chinese;1;6
4956;1714;FinishTrip;German;2
4957;1714;FinishTrip;Chinese;6
4958;1714;StartTrip;German;2;1
4959;1714;StartTrip;Chinese;6;5
4960;1717;FinishTrip;0;Chinese;5
4961;1717;StartTrip;Chinese;5;6
4962;1718;FinishTrip;French;5
4963;1718;FinishTrip;English;4
4964;1718;StartTrip;French;5;1
4965;1718;StartTrip;English;4;2
4966;1719;FinishTrip;0;German;1
4967;1719;FinishTrip;0;English;2
4968;1719;StartTrip;German;1;2
4969;1719;StartTrip;English;2;4
4970;1720;FinishTrip;English;4
4971;1720;StartTrip;English;4;1
4972;1722;FinishTrip;Chinese;6
4973;1722;FinishTrip;0;English;1
4974;1722;FinishTrip;0;French;1
4975;1722;StartTrip;Chinese;6;2
4976;1722;StartTrip;French;1;5
4977;1722;StartTrip;English;1;4
4978;1724;FinishTrip;English;4
4979;1724;StartTrip;English;4;3
4980;1725;FinishTrip;German;2
4981;1725;FinishTrip;French;5
4982;1725;StartTrip;German;2;6
4983;1725;StartTrip;French;5;1
4984;1727;FinishTrip;0;English;3
4985;1727;FinishTrip;0;Chinese;2
4986;1727;StartTrip;English;3;4
4987;1727;StartTrip;Chinese;2;6
4988;1729;FinishTrip;0;French;1
4989;1729;StartTrip;French;1;5
4990;1732;FinishTrip;English;4
4991;1732;FinishTrip;French;5
4992;1732;StartTrip;English;4;6
4993;1732;StartTrip;French;5;4
4994;1735;FinishTrip;0;German;6
4995;1735;FinishTrip;0;English;6
4996;1735;StartTrip;German;6;2
4997;1735;StartTrip;English;6;4
4998;1736;FinishTrip;English;4
4999;1736;FinishTrip;1;French;4
5000;1736;StartTrip;English;4;2
5001;1736;StartTrip;French;4;5
5002;1737;FinishTrip;Chinese;6
5003;1737;FinishTrip;0;English;2
5004;1737;StartTrip;Chinese;6;3
5005;1737;StartTrip;English;2;4
5006;1738;FinishTrip;English;4
5007;1738;StartTrip;English;4;1
5008;1739;FinishTrip;0;Chinese;3
5009;1739;StartTrip;Chinese;3;6
5010;1740;FinishTrip;German;2
5011;1740;FinishTrip;0;English;1
5012;1740;StartTrip;German;2;3
5013;1740;StartTrip;English;1;4
5014;1742;FinishTrip;French;5
5015;1742;FinishTrip;English;4
5016;1742;StartTrip;French;5;3
5017;1742;StartTrip;English;4;2
5018;1743;FinishTrip;Chinese;6
5019;1743;FinishTrip;0;English;2
5020;1743;StartTrip;Chinese;6;5
5021;1743;StartTrip;English;2;4
5022;1744;FinishTrip;English;4
5023;1744;FinishTrip;0;German;3
5024;1744;StartTrip;English;4;5
5025;1744;StartTrip;German;3;2
5026;1746;FinishTrip;0;French;3
5027;1746;FinishTrip;0;Chinese;5
5028;1746;StartTrip;French;3;5
5029;1746;StartTrip;Chinese;5;6
5030;1747;FinishTrip;German;2
5031;1747;StartTrip;German;2;6
5032;1748;FinishTrip;French;5
5033;1748;StartTrip;French;5;2
5034;1749;FinishTrip;0;French;2
5035;1749;StartTrip;French;2;5
5036;1750;FinishTrip;0;English;5
5037;1750;StartTrip;English;5;4
5038;1751;FinishTrip;French;5
5039;1751;FinishTrip;Chinese;6
5040;1751;FinishTrip;0;Russian;1
5041;1751;StartTrip;French;5;2
5042;1751;StartTrip;Russian;1;3
5043;1751;StartTrip;Chinese;6;4
5044;1752;FinishTrip;0;French;2
5045;1752;FinishTrip;0;Chinese;4
5046;1752;StartTrip;French;2;5
5047;1752;StartTrip;Chinese;4;6
5048;1753;FinishTrip;American;1
5049;1753;StartTrip;American;1;5
5050;1754;FinishTrip;English;4
5051;1754;FinishTrip;French;5
5052;1754;StartTrip;English;4;5
5053;1754;StartTrip;French;5;3
5054;1755;FinishTrip;Chinese;6
5055;1755;StartTrip;Chinese;6;4
5056;1756;FinishTrip;0;American;5
5057;1756;FinishTrip;0;Chinese;4
5058;1756;StartTrip;American;5;1
5059;1756;StartTrip;Chinese;4;6
5060;1757;FinishTrip;0;German;6
5061;1757;StartTrip;German;6;2
5062;1758;FinishTrip;0;French;3
5063;1758;StartTrip;French;3;5
5064;1759;FinishTrip;Chinese;6
5065;1759;FinishTrip;Russian;3
5066;1759;StartTrip;Chinese;6;1
5067;1759;StartTrip;Russian;3;5
5068;1760;FinishTrip;1;French;5
5069;1760;FinishTrip;American;1
5070;1760;FinishTrip;English;5
5071;1760;ChangePet;2;English;French;Fish;Dog
5072;1760;changeHouse;2;English;French;5;4
5073;1760;StartTrip;French;5;4
5074;1760;StartTrip;English;5;4
5075;1760;StartTrip;American;1;3
5076;1761;FinishTrip;0;Russian;5
5077;1761;StartTrip;Russian;5;3
5078;1762;FinishTrip;German;2
5079;1762;StartTrip;German;2;6
5080;1763;FinishTrip;0;Chinese;1
5081;1763;StartTrip;Chinese;1;6
5082;1764;FinishTrip;Chinese;6
5083;1764;FinishTrip;French;4
5084;1764;FinishTrip;1;English;4
5085;1764;StartTrip;Chinese;6;4
5086;1764;StartTrip;English;4;5
5087;1764;StartTrip;French;4;6
5088;1765;FinishTrip;Russian;3
5089;1765;FinishTrip;0;Chinese;4
5090;1765;StartTrip;Russian;3;5
5091;1765;StartTrip;Chinese;4;6
5092;1767;FinishTrip;0;French;6
5093;1767;FinishTrip;0;Russian;5
5094;1767;StartTrip;French;6;4
5095;1767;StartTrip;Russian;5;3
5096;1768;FinishTrip;Chinese;6
5097;1768;FinishTrip;French;4
5098;1768;FinishTrip;0;American;3
5099;1768;StartTrip;Chinese;6;5
5100;1768;StartTrip;American;3;1
5101;1768;StartTrip;French;4;1
5102;1770;FinishTrip;English;5
5103;1770;FinishTrip;0;French;1
5104;1770;StartTrip;English;5;1
5105;1770;StartTrip;French;1;4
5106;1771;FinishTrip;Russian;3
5107;1771;FinishTrip;0;Chinese;5
5108;1771;StartTrip;Russian;3;4
5109;1771;StartTrip;Chinese;5;6
5110;1772;FinishTrip;French;4
5111;1772;FinishTrip;0;German;6
5112;1772;StartTrip;French;4;3
5113;1772;StartTrip;German;6;2
5114;1774;FinishTrip;0;English;1
5115;1774;StartTrip;English;1;5
5116;1775;FinishTrip;0;French;3
5117;1775;StartTrip;French;3;4
5118;1776;FinishTrip;Chinese;6
5119;1776;FinishTrip;0;Russian;4
5120;1776;StartTrip;Chinese;6;3
5121;1776;StartTrip;Russian;4;3
5122;1777;FinishTrip;English;5
5123;1777;FinishTrip;German;2
5124;1777;StartTrip;English;5;2
5125;1777;StartTrip;German;2;6
5126;1778;FinishTrip;0;Chinese;3
5127;1778;FinishTrip;0;English;2
5128;1778;StartTrip;Chinese;3;6
5129;1778;StartTrip;English;2;5
5130;1779;FinishTrip;Russian;3
5131;1779;StartTrip;Russian;3;5
5132;1780;FinishTrip;English;5
5133;1780;FinishTrip;French;4
5134;1780;StartTrip;English;5;6
5135;1780;StartTrip;French;4;3
5136;1781;FinishTrip;0;Russian;5
5137;1781;StartTrip;Russian;5;3
5138;1782;FinishTrip;Chinese;6
5139;1782;StartTrip;Chinese;6;2
5140;1783;FinishTrip;0;French;3
5141;1783;StartTrip;French;3;4
5142;1785;FinishTrip;Russian;3
5143;1785;FinishTrip;0;English;6
5144;1785;StartTrip;Russian;3;5
5145;1785;StartTrip;English;6;5
5146;1787;FinishTrip;0;Chinese;2
5147;1787;FinishTrip;0;German;6
5148;1787;FinishTrip;0;Russian;5
5149;1787;StartTrip;Chinese;2;6
5150;1787;StartTrip;Russian;5;3
5151;1787;StartTrip;German;6;2
5152;1788;FinishTrip;English;5
5153;1788;FinishTrip;French;4
5154;1788;StartTrip;English;5;4
5155;1788;StartTrip;French;4;5
5156;1791;FinishTrip;Russian;3
5157;1791;StartTrip;Russian;3;2
5158;1792;FinishTrip;German;2
5159;1792;FinishTrip;0;English;4
5160;1792;StartTrip;German;2;1
5161;1792;StartTrip;English;4;5
5162;1794;FinishTrip;0;French;5
5163;1794;FinishTrip;0;Russian;2
5164;1794;StartTrip;French;5;4
5165;1794;StartTrip;Russian;2;3
5166;1797;FinishTrip;Chinese;6
5167;1797;FinishTrip;0;German;1
5168;1797;StartTrip;Chinese;6;4
5169;1797;StartTrip;German;1;2
5170;1798;FinishTrip;Russian;3
5171;1798;FinishTrip;French;4
5172;1798;FinishTrip;English;5
5173;1798;FinishTrip;1;Chinese;4
5174;1798;StartTrip;Russian;3;2
5175;1798;StartTrip;Chinese;4;6
5176;1798;StartTrip;French;4;3
5177;1798;StartTrip;English;5;6
5178;1801;FinishTrip;Chinese;6
5179;1801;FinishTrip;0;Russian;2
5180;1801;FinishTrip;0;French;3
5181;1801;StartTrip;Chinese;6;1
5182;1801;StartTrip;French;3;4
5183;1801;StartTrip;Russian;2;3
5184;1803;FinishTrip;German;2
5185;1803;FinishTrip;0;English;6
5186;1803;StartTrip;German;2;5
5187;1803;StartTrip;English;6;5
5188;1805;FinishTrip;Russian;3
5189;1805;FinishTrip;0;Chinese;1
5190;1805;FinishTrip;0;German;5
5191;1805;StartTrip;Russian;3;1
5192;1805;StartTrip;German;5;2
5193;1805;StartTrip;Chinese;1;6
5194;1806;FinishTrip;English;5
5195;1806;FinishTrip;Chinese;6
5196;1806;FinishTrip;French;4
5197;1806;FinishTrip;German;2
5198;1806;StartTrip;English;5;6
5199;1806;StartTrip;German;2;1
5200;1806;StartTrip;Chinese;6;3
5201;1806;StartTrip;French;4;3
5202;1808;FinishTrip;0;Chinese;3
5203;1808;StartTrip;Chinese;3;6
5204;1809;FinishTrip;0;French;3
5205;1809;StartTrip;French;3;4
5206;1811;FinishTrip;0;English;6
5207;1811;FinishTrip;0;German;1
5208;1811;StartTrip;English;6;5
5209;1811;StartTrip;German;1;2
5210;1812;FinishTrip;Chinese;6
5211;1812;StartTrip;Chinese;6;1
5212;1814;FinishTrip;French;4
5213;1814;FinishTrip;English;5
5214;1814;StartTrip;French;4;6
5215;1814;StartTrip;English;5;3
5216;1816;FinishTrip;0;Chinese;1
5217;1816;StartTrip;Chinese;1;6
5218;1817;FinishTrip;German;2
5219;1817;FinishTrip;1;Chinese;6
5220;1817;FinishTrip;French;6
5221;1817;changeHouse;2;Chinese;French;4;6
5222;1817;StartTrip;German;2;3
5223;1817;StartTrip;French;6;2
5224;1817;StartTrip;Chinese;6;4
5225;1818;FinishTrip;Chinese;4
5226;1818;FinishTrip;0;English;3
5227;1818;StartTrip;Chinese;4;1
5228;1818;StartTrip;English;3;5
5229;1820;FinishTrip;American;1
5230;1820;FinishTrip;English;5
5231;1820;FinishTrip;1;Chinese;1
5232;1820;ChangePet;2;Chinese;American;Zebra;Bear
5233;1820;StartTrip;American;1;4
5234;1820;StartTrip;Chinese;1;4
5235;1820;StartTrip;English;5;3
5236;1821;FinishTrip;0;German;3
5237;1821;StartTrip;German;3;2
5238;1822;FinishTrip;Chinese;4
5239;1822;FinishTrip;0;French;2
5240;1822;FinishTrip;1;American;4
5241;1822;StartTrip;Chinese;4;2
5242;1822;StartTrip;American;4;1
5243;1822;StartTrip;French;2;6
5244;1823;FinishTrip;0;Chinese;2
5245;1823;StartTrip;Chinese;2;4
5246;1824;FinishTrip;German;2
5247;1824;FinishTrip;Chinese;4
5248;1824;FinishTrip;American;1
5249;1824;FinishTrip;0;English;3
5250;1824;StartTrip;German;2;3
5251;1824;StartTrip;English;3;5
5252;1824;StartTrip;Chinese;4;2
5253;1824;StartTrip;American;1;3
5254;1825;FinishTrip;0;Chinese;2
5255;1825;StartTrip;Chinese;2;4
5256;1826;FinishTrip;English;5
5257;1826;FinishTrip;Chinese;4
5258;1826;StartTrip;English;5;3
5259;1826;StartTrip;Chinese;4;6
5260;1828;FinishTrip;0;German;3
5261;1828;StartTrip;German;3;2
5262;1829;FinishTrip;0;Chinese;6
5263;1829;StartTrip;Chinese;6;4
5264;1830;FinishTrip;Chinese;4
5265;1830;FinishTrip;0;English;3
5266;1830;StartTrip;Chinese;4;5
5267;1830;StartTrip;English;3;5
5268;1831;FinishTrip;German;2
5269;1831;StartTrip;German;2;6
5270;1832;FinishTrip;French;6
5271;1832;FinishTrip;English;5
5272;1832;FinishTrip;0;American;3
5273;1832;StartTrip;French;6;3
5274;1832;StartTrip;American;3;1
5275;1832;StartTrip;English;5;1
5276;1834;FinishTrip;0;French;3
5277;1834;StartTrip;French;3;6
5278;1836;FinishTrip;0;English;1
5279;1836;FinishTrip;0;Chinese;5
5280;1836;StartTrip;English;1;5
5281;1836;StartTrip;Chinese;5;4
5282;1838;FinishTrip;French;6
5283;1838;StartTrip;French;6;5
5284;1839;FinishTrip;English;5
5285;1839;StartTrip;English;5;6
5286;1840;FinishTrip;Chinese;4
5287;1840;StartTrip;Chinese;4;6
5288;1841;FinishTrip;0;French;5
5289;1841;FinishTrip;0;German;6
5290;1841;StartTrip;French;5;6
5291;1841;StartTrip;German;6;2
5292;1843;FinishTrip;0;Chinese;6
5293;1843;StartTrip;Chinese;6;4
5294;1844;FinishTrip;Chinese;4
5295;1844;FinishTrip;0;English;6
5296;1844;StartTrip;Chinese;4;6
5297;1844;StartTrip;English;6;5
5298;1846;FinishTrip;German;2
5299;1846;FinishTrip;French;6
5300;1846;StartTrip;German;2;3
5301;1846;StartTrip;French;6;4
5302;1847;FinishTrip;English;5
5303;1847;FinishTrip;0;French;4
5304;1847;FinishTrip;0;Chinese;6
5305;1847;StartTrip;English;5;2
5306;1847;StartTrip;Chinese;6;4
5307;1847;StartTrip;French;4;6
5308;1848;FinishTrip;Chinese;4
5309;1848;FinishTrip;0;English;2
5310;1848;StartTrip;Chinese;4;6
5311;1848;StartTrip;English;2;5
5312;1850;FinishTrip;French;6
5313;1850;FinishTrip;English;5
5314;1850;FinishTrip;0;German;3
5315;1850;StartTrip;French;6;4
5316;1850;StartTrip;German;3;2
5317;1850;StartTrip;English;5;1
5318;1851;FinishTrip;0;Chinese;6
5319;1851;FinishTrip;0;French;4
5320;1851;StartTrip;Chinese;6;4
5321;1851;StartTrip;French;4;6
5322;1852;FinishTrip;Chinese;4
5323;1852;StartTrip;Chinese;4;6
5324;1853;FinishTrip;German;2
5325;1853;StartTrip;German;2;1
5326;1854;FinishTrip;French;6
5327;1854;FinishTrip;0;English;1
5328;1854;StartTrip;French;6;4
5329;1854;StartTrip;English;1;5
5330;1855;FinishTrip;0;Chinese;6
5331;1855;FinishTrip;0;French;4
5332;1855;StartTrip;Chinese;6;4
5333;1855;StartTrip;French;4;6
5334;1856;FinishTrip;Chinese;4
5335;1856;StartTrip;Chinese;4;6
5336;1857;FinishTrip;English;5
5337;1857;FinishTrip;0;Russian;1
5338;1857;StartTrip;English;5;2
5339;1857;StartTrip;Russian;1;3
5340;1858;FinishTrip;French;6
5341;1858;FinishTrip;0;German;1
5342;1858;FinishTrip;0;English;2
5343;1858;StartTrip;French;6;1
5344;1858;StartTrip;English;2;5
5345;1858;StartTrip;German;1;2
5346;1859;FinishTrip;0;Chinese;6
5347;1859;StartTrip;Chinese;6;4
5348;1860;FinishTrip;English;5
5349;1860;FinishTrip;Chinese;4
5350;1860;StartTrip;English;5;6
5351;1860;StartTrip;Chinese;4;2
5352;1861;FinishTrip;0;Chinese;2
5353;1861;StartTrip;Chinese;2;4
5354;1862;FinishTrip;Chinese;4
5355;1862;FinishTrip;0;French;1
5356;1862;StartTrip;Chinese;4;5
5357;1862;StartTrip;French;1;6
5358;1863;FinishTrip;French;6
5359;1863;StartTrip;French;6;1
5360;1864;FinishTrip;German;2
5361;1864;StartTrip;German;2;1
5362;1865;FinishTrip;Russian;3
5363;1865;FinishTrip;0;English;6
5364;1865;StartTrip;Russian;3;4
5365;1865;StartTrip;English;6;5
5366;1867;FinishTrip;0;French;1
5367;1867;StartTrip;French;1;6
5368;1868;FinishTrip;English;5
5369;1868;FinishTrip;French;6
5370;1868;FinishTrip;1;Chinese;5
5371;1868;StartTrip;English;5;3
5372;1868;StartTrip;Chinese;5;4
5373;1868;StartTrip;French;6;2
5374;1869;FinishTrip;0;German;1
5375;1869;StartTrip;German;1;2
5376;1870;FinishTrip;0;Russian;4
5377;1870;StartTrip;Russian;4;3
5378;1872;FinishTrip;Chinese;4
5379;1872;FinishTrip;0;English;3
5380;1872;StartTrip;Chinese;4;5
5381;1872;StartTrip;English;3;5
5382;1873;FinishTrip;Russian;3
5383;1873;FinishTrip;0;French;2
5384;1873;StartTrip;Russian;3;5
5385;1873;StartTrip;French;2;6
5386;1874;FinishTrip;English;5
5387;1874;StartTrip;English;5;6
5388;1875;FinishTrip;German;2
5389;1875;FinishTrip;0;Russian;5
5390;1875;StartTrip;German;2;5
5391;1875;StartTrip;Russian;5;3
5392;1877;FinishTrip;0;German;5
5393;1877;StartTrip;German;5;2
5394;1878;FinishTrip;German;2
5395;1878;FinishTrip;0;Chinese;5
5396;1878;StartTrip;German;2;3
5397;1878;StartTrip;Chinese;5;4
5398;1879;FinishTrip;Russian;3
5399;1879;FinishTrip;0;English;6
5400;1879;StartTrip;Russian;3;1
5401;1879;StartTrip;English;6;5
5402;1882;FinishTrip;Chinese;4
5403;1882;FinishTrip;English;5
5404;1882;FinishTrip;0;German;3
5405;1882;StartTrip;Chinese;4;1
5406;1882;StartTrip;German;3;2
5407;1882;StartTrip;English;5;3
5408;1883;FinishTrip;French;6
5409;1883;StartTrip;French;6;4
5410;1884;FinishTrip;American;1
5411;1884;FinishTrip;0;French;4
5412;1884;FinishTrip;1;Chinese;1
5413;1884;StartTrip;American;1;3
5414;1884;StartTrip;Chinese;1;4
5415;1884;StartTrip;French;4;6
5416;1885;FinishTrip;German;2
5417;1885;StartTrip;German;2;1
5418;1886;FinishTrip;Chinese;4
5419;1886;FinishTrip;0;English;3
5420;1886;StartTrip;Chinese;4;5
5421;1886;StartTrip;English;3;5
5422;1887;FinishTrip;French;6
5423;1887;StartTrip;French;6;5
5424;1888;FinishTrip;English;5
5425;1888;StartTrip;English;5;3
5426;1890;FinishTrip;0;French;5
5427;1890;FinishTrip;0;German;1
5428;1890;StartTrip;French;5;6
5429;1890;StartTrip;German;1;2
5430;1892;FinishTrip;0;English;3
5431;1892;FinishTrip;0;Chinese;5
5432;1892;FinishTrip;0;American;3
5433;1892;StartTrip;English;3;5
5434;1892;StartTrip;American;3;1
5435;1892;StartTrip;Chinese;5;4
5436;1894;FinishTrip;English;5
5437;1894;StartTrip;English;5;6
5438;1895;FinishTrip;French;6
5439;1895;StartTrip;French;6;2
5440;1896;FinishTrip;German;2
5441;1896;FinishTrip;Chinese;4
5442;1896;StartTrip;German;2;6
5443;1896;StartTrip;Chinese;4;5
5444;1899;FinishTrip;0;English;6
5445;1899;StartTrip;English;6;5
5446;1900;FinishTrip;0;French;2
5447;1900;StartTrip;French;2;6
5448;1902;FinishTrip;English;5
5449;1902;FinishTrip;1;Chinese;5
5450;1902;StartTrip;English;5;2
5451;1902;StartTrip;Chinese;5;4
5452;1903;FinishTrip;0;English;2
5453;1903;StartTrip;English;2;5
5454;1905;FinishTrip;English;5
5455;1905;StartTrip;English;5;6
5456;1906;FinishTrip;Chinese;4
5457;1906;FinishTrip;0;German;6
5458;1906;StartTrip;Chinese;4;5
5459;1906;StartTrip;German;6;2
5460;1910;FinishTrip;French;6
5461;1910;FinishTrip;1;English;6
5462;1910;StartTrip;French;6;5
5463;1910;StartTrip;English;6;5
5464;1911;FinishTrip;German;2
5465;1911;StartTrip;German;2;5
5466;1912;FinishTrip;0;Chinese;5
5467;1912;StartTrip;Chinese;5;4
5468;1913;FinishTrip;1;English;5
5469;1913;FinishTrip;German;5
5470;1913;FinishTrip;1;French;5
5471;1913;changeHouse;2;English;German;2;5
5472;1913;StartTrip;English;5;2
5473;1913;StartTrip;French;5;6
5474;1913;StartTrip;German;5;4
5475;1914;FinishTrip;English;2
5476;1914;StartTrip;English;2;4
5477;1915;FinishTrip;0;English;4
5478;1915;StartTrip;English;4;2
5479;1916;FinishTrip;Chinese;4
5480;1916;FinishTrip;English;2
5481;1916;StartTrip;Chinese;4;6
5482;1916;StartTrip;English;2;3
5483;1917;FinishTrip;0;German;4
5484;1917;StartTrip;German;4;5
5485;1918;FinishTrip;French;6
5486;1918;StartTrip;French;6;2
5487;1919;FinishTrip;0;Chinese;6
5488;1919;StartTrip;Chinese;6;4
5489;1920;FinishTrip;Chinese;4
5490;1920;FinishTrip;0;English;3
5491;1920;StartTrip;Chinese;4;3
5492;1920;StartTrip;English;3;2
5493;1923;FinishTrip;1;English;2
5494;1923;FinishTrip;German;5
5495;1923;FinishTrip;French;2
5496;1923;FinishTrip;0;Chinese;3
5497;1923;changeHouse;2;English;French;6;2
5498;1923;StartTrip;English;2;6
5499;1923;StartTrip;Chinese;3;4
5500;1923;StartTrip;German;5;2
5501;1923;StartTrip;French;2;4
5502;1924;FinishTrip;0;German;2
5503;1924;FinishTrip;0;French;4
5504;1924;StartTrip;German;2;5
5505;1924;StartTrip;French;4;2
5506;1925;FinishTrip;French;2
5507;1925;StartTrip;French;2;6
5508;1926;FinishTrip;German;5
5509;1926;StartTrip;German;5;2
5510;1927;FinishTrip;0;German;2
5511;1927;StartTrip;German;2;5
5512;1928;FinishTrip;Chinese;4
5513;1928;StartTrip;Chinese;4;1
5514;1929;FinishTrip;German;5
5515;1929;StartTrip;German;5;6
5516;1930;FinishTrip;0;Chinese;1
5517;1930;StartTrip;Chinese;1;4
5518;1931;FinishTrip;0;Russian;1
5519;1931;StartTrip;Russian;1;3
5520;1932;FinishTrip;Chinese;4
5521;1932;StartTrip;Chinese;4;3
5522;1933;FinishTrip;English;6
5523;1933;StartTrip;English;6;2
5524;1934;FinishTrip;0;German;6
5525;1934;StartTrip;German;6;5
5526;1935;FinishTrip;0;Chinese;3
5527;1935;FinishTrip;0;French;6
5528;1935;StartTrip;Chinese;3;4
5529;1935;StartTrip;French;6;2
5530;1937;FinishTrip;German;5
5531;1937;StartTrip;German;5;4
5532;1938;FinishTrip;0;English;2
5533;1938;StartTrip;English;2;6
5534;1939;FinishTrip;Russian;3
5535;1939;StartTrip;Russian;3;6
5536;1940;FinishTrip;Chinese;4
5537;1940;FinishTrip;French;2
5538;1940;StartTrip;Chinese;4;2
5539;1940;StartTrip;French;2;5
5540;1941;FinishTrip;0;German;4
5541;1941;FinishTrip;0;Chinese;2
5542;1941;StartTrip;German;4;5
5543;1941;StartTrip;Chinese;2;4
5544;1942;FinishTrip;Chinese;4
5545;1942;FinishTrip;0;French;5
5546;1942;StartTrip;Chinese;4;1
5547;1942;StartTrip;French;5;2
5548;1943;FinishTrip;French;2
5549;1943;FinishTrip;0;Russian;6
5550;1943;StartTrip;French;2;5
5551;1943;StartTrip;Russian;6;3
5552;1944;FinishTrip;American;1
5553;1944;FinishTrip;1;Chinese;1
5554;1944;StartTrip;American;1;5
5555;1944;StartTrip;Chinese;1;4
5556;1945;FinishTrip;Russian;3
5557;1945;FinishTrip;0;French;5
5558;1945;StartTrip;Russian;3;2
5559;1945;StartTrip;French;5;2
5560;1946;FinishTrip;Chinese;4
5561;1946;FinishTrip;French;2
5562;1946;StartTrip;Chinese;4;1
5563;1946;StartTrip;French;2;5
5564;1947;FinishTrip;German;5
5565;1947;FinishTrip;1;American;5
5566;1947;StartTrip;German;5;6
5567;1947;StartTrip;American;5;1
5568;1948;FinishTrip;English;6
5569;1948;FinishTrip;0;French;5
5570;1948;FinishTrip;0;Chinese;1
5571;1948;FinishTrip;0;Russian;2
5572;1948;StartTrip;English;6;2
5573;1948;StartTrip;Russian;2;3
5574;1948;StartTrip;French;5;2
5575;1948;StartTrip;Chinese;1;4
5576;1949;FinishTrip;French;2
5577;1949;StartTrip;French;2;1
5578;1950;FinishTrip;Chinese;4
5579;1950;StartTrip;Chinese;4;5
5580;1951;FinishTrip;American;1
5581;1951;StartTrip;American;1;2
5582;1952;FinishTrip;Russian;3
5583;1952;FinishTrip;0;German;6
5584;1952;StartTrip;Russian;3;2
5585;1952;StartTrip;German;6;5
5586;1953;FinishTrip;0;English;2
5587;1953;StartTrip;English;2;6
5588;1954;FinishTrip;0;French;1
5589;1954;StartTrip;French;1;2
5590;1955;FinishTrip;German;5
5591;1955;FinishTrip;0;Russian;2
5592;1955;StartTrip;German;5;2
5593;1955;StartTrip;Russian;2;3
5594;1956;FinishTrip;0;Chinese;5
5595;1956;FinishTrip;0;German;2
5596;1956;StartTrip;Chinese;5;4
5597;1956;StartTrip;German;2;5
5598;1957;FinishTrip;0;American;2
5599;1957;StartTrip;American;2;1
5600;1958;FinishTrip;German;5
5601;1958;StartTrip;German;5;2
5602;1959;FinishTrip;Russian;3
5603;1959;FinishTrip;0;German;2
5604;1959;StartTrip;Russian;3;5
5605;1959;StartTrip;German;2;5
5606;1960;FinishTrip;French;2
5607;1960;FinishTrip;Chinese;4
5608;1960;StartTrip;French;2;3
5609;1960;StartTrip;Chinese;4;3
5610;1961;FinishTrip;German;5
5611;1961;FinishTrip;1;Russian;5
5612;1961;StartTrip;German;5;1
5613;1961;StartTrip;Russian;5;3
5614;1962;FinishTrip;American;1
5615;1962;StartTrip;American;1;2
5616;1963;FinishTrip;English;6
5617;1963;FinishTrip;0;Chinese;3
5618;1963;StartTrip;English;6;4
5619;1963;StartTrip;Chinese;3;4
5620;1964;FinishTrip;0;French;3
5621;1964;FinishTrip;0;English;4
5622;1964;StartTrip;French;3;2
5623;1964;StartTrip;English;4;6
5624;1965;FinishTrip;Russian;3
5625;1965;FinishTrip;0;German;1
5626;1965;StartTrip;Russian;3;6
5627;1965;StartTrip;German;1;5
5628;1967;FinishTrip;English;6
5629;1967;FinishTrip;French;2
5630;1967;StartTrip;English;6;2
5631;1967;StartTrip;French;2;5
5632;1968;FinishTrip;German;5
5633;1968;FinishTrip;Chinese;4
5634;1968;FinishTrip;0;American;2
5635;1968;StartTrip;German;5;2
5636;1968;StartTrip;American;2;1
5637;1968;StartTrip;Chinese;4;2
5638;1969;FinishTrip;0;French;5
5639;1969;FinishTrip;0;Chinese;2
5640;1969;FinishTrip;0;Russian;6
5641;1969;FinishTrip;0;German;2
5642;1969;StartTrip;French;5;2
5643;1969;StartTrip;German;2;5
5644;1969;StartTrip;Chinese;2;4
5645;1969;StartTrip;Russian;6;3
5646;1970;FinishTrip;French;2
5647;1970;FinishTrip;Chinese;4
5648;1970;StartTrip;French;2;1
5649;1970;StartTrip;Chinese;4;5
5650;1971;FinishTrip;Russian;3
5651;1971;FinishTrip;German;5
5652;1971;StartTrip;Russian;3;5
5653;1971;StartTrip;German;5;6
5654;1972;FinishTrip;0;English;2
5655;1972;StartTrip;English;2;6
5656;1973;FinishTrip;American;1
5657;1973;FinishTrip;0;Russian;5
5658;1973;StartTrip;American;1;2
5659;1973;StartTrip;Russian;5;3
5660;1975;FinishTrip;0;French;1
5661;1975;StartTrip;French;1;2
5662;1976;FinishTrip;0;Chinese;5
5663;1976;FinishTrip;0;German;6
5664;1976;StartTrip;Chinese;5;4
5665;1976;StartTrip;German;6;5
5666;1977;FinishTrip;Russian;3
5667;1977;StartTrip;Russian;3;1
5668;1979;FinishTrip;German;5
5669;1979;FinishTrip;0;American;2
5670;1979;StartTrip;German;5;3
5671;1979;StartTrip;American;2;1
5672;1980;FinishTrip;Chinese;4
5673;1980;StartTrip;Chinese;4;3
5674;1981;FinishTrip;French;2
5675;1981;StartTrip;French;2;5
5676;1982;FinishTrip;English;6
5677;1982;StartTrip;English;6;3
5678;1983;FinishTrip;0;Chinese;3
5679;1983;FinishTrip;0;French;5
5680;1983;FinishTrip;0;German;3
5681;1983;StartTrip;Chinese;3;4
5682;1983;StartTrip;French;5;2
5683;1983;StartTrip;German;3;5
5684;1984;FinishTrip;American;1
5685;1984;FinishTrip;French;2
5686;1984;FinishTrip;0;English;3
5687;1984;StartTrip;American;1;4
5688;1984;StartTrip;French;2;3
5689;1984;StartTrip;English;3;6
5690;1985;FinishTrip;German;5
5691;1985;StartTrip;German;5;4
5692;1986;FinishTrip;0;American;4
5693;1986;StartTrip;American;4;1
5694;1988;FinishTrip;English;6
5695;1988;FinishTrip;Chinese;4
5696;1988;FinishTrip;American;1
5697;1988;FinishTrip;0;French;3
5698;1988;StartTrip;English;6;4
5699;1988;StartTrip;Chinese;4;3
5700;1988;StartTrip;French;3;2
5701;1988;StartTrip;American;1;3
5702;1989;FinishTrip;0;German;4
5703;1989;FinishTrip;0;English;4
5704;1989;StartTrip;German;4;5
5705;1989;StartTrip;English;4;6
5706;1991;FinishTrip;French;2
5707;1991;FinishTrip;0;Chinese;3
5708;1991;StartTrip;French;2;5
5709;1991;StartTrip;Chinese;3;4
5710;1992;FinishTrip;English;6
5711;1992;StartTrip;English;6;1
5712;1993;FinishTrip;0;French;5
5713;1993;StartTrip;French;5;2
5714;1994;FinishTrip;French;2
5715;1994;StartTrip;French;2;1
5716;1995;FinishTrip;German;5
5717;1995;StartTrip;German;5;4
5718;1996;FinishTrip;Chinese;4
5719;1996;FinishTrip;0;American;3
5720;1996;FinishTrip;0;English;1
5721;1996;StartTrip;Chinese;4;5
5722;1996;StartTrip;American;3;1
5723;1996;StartTrip;English;1;6
5724;1997;FinishTrip;English;6
5725;1997;StartTrip;English;6;1
5726;1999;FinishTrip;0;French;1
5727;1999;FinishTrip;0;German;4
5728;1999;StartTrip;French;1;2
5729;1999;StartTrip;German;4;5
---- KNOWLEDGE ----
1;{1: {'pet': 'Cat', 'house': 3, 'location': 2, 't': 1695}, 5: {'pet': 'Dog', 'house': 4, 'location': 2, 't': 1529}, 4: {'pet': 'Humpster', 'house': 5, 'location': 5, 't': 1961}, 3: {'pet': 'Dog', 'house': 4, 'location': 2, 't': 1619}, 2: {'pet': 'Zebra', 'house': 6, 'location': 2, 't': 1299}, 6: {'pet': 'Zebra', 'house': 1, 'location': 2, 't': 1586}}
2;{2: {'pet': 'Fish', 'house': 6, 'location': 2, 't': 1923}, 3: {'pet': 'Zebra', 'house': 4, 'location': 5, 't': 1902}, 6: {'pet': 'Zebra', 'house': 4, 'location': 4, 't': 1328}, 5: {'pet': 'Dog', 'house': 2, 'location': 2, 't': 1923}, 4: {'pet': 'Humpster', 'house': 5, 'location': 5, 't': 1913}, 1: {'pet': 'Dog', 'house': 2, 'location': 2, 't': 1299}}
3;{3: {'pet': 'Zebra', 'house': 4, 'location': 1, 't': 1820}, 6: {'pet': 'Bear', 'house': 1, 'location': 1, 't': 1944}, 2: {'pet': 'Fish', 'house': 5, 'location': 5, 't': 1902}, 5: {'pet': 'Dog', 'house': 6, 'location': 6, 't': 1817}, 4: {'pet': 'Fish', 'house': 3, 'location': 3, 't': 1231}, 1: {'pet': 'Humpster', 'house': 2, 'location': 2, 't': 1619}}
4;{4: {'pet': 'Humpster', 'house': 5, 'location': 5, 't': 1913}, 1: {'pet': 'Cat', 'house': 3, 'location': 5, 't': 1961}, 5: {'pet': 'Dog', 'house': 6, 'location': 5, 't': 1913}, 3: {'pet': 'Dog', 'house': 5, 'location': 3, 't': 1231}, 6: {'pet': 'Bear', 'house': 1, 'location': 5, 't': 1947}, 2: {'pet': 'Fish', 'house': 2, 'location': 5, 't': 1913}}
5;{5: {'pet': 'Dog', 'house': 2, 'location': 2, 't': 1923}, 1: {'pet': 'Humpster', 'house': 2, 'location': 2, 't': 1529}, 2: {'pet': 'Fish', 'house': 6, 'location': 2, 't': 1923}, 6: {'pet': 'Zebra', 'house': 1, 'location': 1, 't': 1332}, 3: {'pet': 'Bear', 'house': 4, 'location': 6, 't': 1817}, 4: {'pet': 'Humpster', 'house': 5, 'location': 5, 't': 1913}}
6;{6: {'pet': 'Bear', 'house': 1, 'location': 1, 't': 1820}, 3: {'pet': 'Zebra', 'house': 4, 'location': 1, 't': 1944}, 2: {'pet': 'Bear', 'house': 6, 'location': 4, 't': 1328}, 5: {'pet': 'Fish', 'house': 4, 'location': 1, 't': 1332}, 4: {'pet': 'Humpster', 'house': 5, 'location': 5, 't': 1947}, 1: {'pet': 'Humpster', 'house': 2, 'location': 2, 't': 1586}}
