1;0;StartTrip;Russian;1;6
2;0;StartTrip;Chinese;3;6
3;0;StartTrip;American;6;3
4;0;StartTrip;French;5;6
5;0;StartTrip;English;2;6
6;0;StartTrip;German;4;6
7;1;FinishTrip;0;Russian;6
8;1;StartTrip;Russian;6;1
9;2;FinishTrip;0;American;3
10;2;StartTrip;American;3;6
11;3;FinishTrip;0;German;6
12;3;StartTrip;German;6;4
13;4;FinishTrip;German;4
14;4;FinishTrip;0;Chinese;6
15;4;StartTrip;German;4;6
16;4;StartTrip;Chinese;6;3
17;5;FinishTrip;Russian;1
18;5;FinishTrip;0;French;6
19;5;StartTrip;Russian;1;6
20;5;StartTrip;French;6;5
21;6;FinishTrip;Chinese;3
22;6;FinishTrip;American;6
23;6;FinishTrip;1;Russian;6
24;6;ChangePet;2;Russian;American;Bear;Dog
25;6;StartTrip;Chinese;3;6
26;6;StartTrip;Russian;6;1
27;6;StartTrip;American;6;2
28;7;FinishTrip;0;German;6
29;7;StartTrip;German;6;4
30;8;FinishTrip;French;5
31;8;FinishTrip;German;4
32;8;StartTrip;French;5;6
33;8;StartTrip;German;4;1
34;10;FinishTrip;Russian;1
35;10;FinishTrip;0;English;6
36;10;FinishTrip;1;German;1
37;10;FinishTrip;0;Chinese;6
38;10;StartTrip;Russian;1;6
39;10;StartTrip;Chinese;6;3
40;10;StartTrip;English;6;2
41;10;StartTrip;German;1;4
42;11;FinishTrip;0;American;2
43;11;FinishTrip;0;Russian;6
44;11;StartTrip;American;2;6
45;11;StartTrip;Russian;6;1
46;12;FinishTrip;German;4
47;12;FinishTrip;Chinese;3
48;12;StartTrip;German;4;6
49;12;StartTrip;Chinese;3;6
50;13;FinishTrip;0;French;6
51;13;StartTrip;French;6;5
52;15;FinishTrip;English;2
53;15;FinishTrip;Russian;1
54;15;FinishTrip;0;German;6
55;15;StartTrip;English;2;1
56;15;StartTrip;German;6;4
57;15;StartTrip;Russian;1;6
58;16;FinishTrip;French;5
59;16;FinishTrip;German;4
60;16;FinishTrip;0;Russian;6
61;16;FinishTrip;0;Chinese;6
62;16;StartTrip;French;5;6
63;16;StartTrip;Chinese;6;3
64;16;StartTrip;German;4;5
65;16;StartTrip;Russian;6;1
66;18;FinishTrip;Chinese;3
67;18;StartTrip;Chinese;3;6
68;20;FinishTrip;Russian;1
69;20;FinishTrip;1;English;1
70;20;StartTrip;Russian;1;2
71;20;StartTrip;English;1;2
72;21;FinishTrip;1;American;6
73;21;FinishTrip;French;6
74;21;ChangePet;2;French;American;Dog;Humpster
75;21;changeHouse;2;French;American;6;5
76;21;StartTrip;American;6;5
77;21;StartTrip;French;6;4
78;22;FinishTrip;0;German;5
79;22;FinishTrip;0;French;4
80;22;FinishTrip;0;Chinese;6
81;22;StartTrip;German;5;4
82;22;StartTrip;Chinese;6;3
83;22;StartTrip;French;4;6
84;24;FinishTrip;American;5
85;24;FinishTrip;Chinese;3
86;24;StartTrip;American;5;1
87;24;StartTrip;Chinese;3;6
88;25;FinishTrip;French;6
89;25;StartTrip;French;6;4
90;26;FinishTrip;German;4
91;26;FinishTrip;English;2
92;26;FinishTrip;1;Russian;2
93;26;FinishTrip;1;French;4
94;26;StartTrip;German;4;6
95;26;StartTrip;French;4;6
96;26;StartTrip;English;2;1
97;26;StartTrip;Russian;2;1
98;28;FinishTrip;0;Chinese;6
99;28;FinishTrip;0;American;1
100;28;StartTrip;Chinese;6;3
101;28;StartTrip;American;1;5
102;29;FinishTrip;French;6
103;29;FinishTrip;1;German;6
104;29;StartTrip;French;6;5
105;29;StartTrip;German;6;4
106;30;FinishTrip;Chinese;3
107;30;FinishTrip;German;4
108;30;StartTrip;Chinese;3;6
109;30;StartTrip;German;4;6
110;31;FinishTrip;Russian;1
111;31;FinishTrip;American;5
112;31;FinishTrip;1;English;1
113;31;StartTrip;Russian;1;2
114;31;StartTrip;English;1;2
115;31;StartTrip;American;5;6
116;32;FinishTrip;0;French;5
117;32;StartTrip;French;5;6
118;33;FinishTrip;0;German;6
119;33;StartTrip;German;6;4
120;34;FinishTrip;German;4
121;34;FinishTrip;0;Chinese;6
122;34;StartTrip;German;4;3
123;34;StartTrip;Chinese;6;3
124;36;FinishTrip;Chinese;3
125;36;FinishTrip;0;American;6
126;36;StartTrip;Chinese;3;6
127;36;StartTrip;American;6;5
128;37;FinishTrip;1;English;2
129;37;FinishTrip;French;6
130;37;FinishTrip;0;German;3
131;37;FinishTrip;Russian;2
132;37;changeHouse;2;Russian;English;2;1
133;37;StartTrip;English;2;1
134;37;StartTrip;Russian;2;6
135;37;StartTrip;French;6;1
136;37;StartTrip;German;3;4
137;39;FinishTrip;American;5
138;39;StartTrip;American;5;6
139;40;FinishTrip;0;Chinese;6
140;40;StartTrip;Chinese;6;3
141;41;FinishTrip;0;French;1
142;41;StartTrip;French;1;6
143;42;FinishTrip;English;1
144;42;FinishTrip;Chinese;3
145;42;FinishTrip;French;6
146;42;FinishTrip;German;4
147;42;StartTrip;English;1;6
148;42;StartTrip;German;4;6
149;42;StartTrip;Chinese;3;1
150;42;StartTrip;French;6;3
151;43;FinishTrip;0;English;6
152;43;StartTrip;English;6;1
153;44;FinishTrip;0;American;6
154;44;FinishTrip;0;French;3
155;44;StartTrip;American;6;5
156;44;StartTrip;French;3;6
157;45;FinishTrip;0;German;6
158;45;StartTrip;German;6;4
159;46;FinishTrip;German;4
160;46;StartTrip;German;4;6
161;47;FinishTrip;English;1
162;47;FinishTrip;American;5
163;47;FinishTrip;0;Russian;6
164;47;StartTrip;English;1;6
165;47;StartTrip;Russian;6;2
166;47;StartTrip;American;5;3
167;48;FinishTrip;French;6
168;48;FinishTrip;1;English;6
169;48;StartTrip;French;6;1
170;48;StartTrip;English;6;1
171;49;FinishTrip;0;German;6
172;49;StartTrip;German;6;4
173;50;FinishTrip;German;4
174;50;StartTrip;German;4;6
175;51;FinishTrip;0;American;3
176;51;StartTrip;American;3;5
177;52;FinishTrip;1;English;1
178;52;FinishTrip;Russian;2
179;52;FinishTrip;French;1
180;52;changeHouse;2;English;French;6;1
181;52;StartTrip;English;1;6
182;52;StartTrip;French;1;6
183;52;StartTrip;Russian;2;6
184;53;FinishTrip;American;5
185;53;FinishTrip;English;6
186;53;FinishTrip;1;German;6
187;53;FinishTrip;1;French;6
188;53;StartTrip;American;5;1
189;53;StartTrip;French;6;1
190;53;StartTrip;English;6;1
191;53;StartTrip;German;6;4
192;54;FinishTrip;German;4
193;54;StartTrip;German;4;5
194;57;FinishTrip;French;1
195;57;FinishTrip;1;American;1
196;57;FinishTrip;1;English;1
197;57;ChangePet;2;English;American;Humpster;Cat
198;57;changeHouse;2;French;American;5;1
199;57;changeHouse;2;French;American;1;5
200;57;StartTrip;French;1;6
201;57;StartTrip;English;1;6
202;57;StartTrip;American;1;5
203;58;FinishTrip;English;6
204;58;FinishTrip;1;French;6
205;58;StartTrip;English;6;5
206;58;StartTrip;French;6;1
207;60;FinishTrip;American;5
208;60;FinishTrip;1;German;5
209;60;StartTrip;American;5;4
210;60;StartTrip;German;5;4
211;61;FinishTrip;0;English;5
212;61;StartTrip;English;5;6
213;62;FinishTrip;French;1
214;62;FinishTrip;0;Russian;6
215;62;StartTrip;French;1;4
216;62;StartTrip;Russian;6;2
217;64;FinishTrip;1;German;4
218;64;FinishTrip;American;4
219;64;FinishTrip;1;French;4
220;64;changeHouse;3;German;French;American;1;5;4
221;64;StartTrip;German;4;1
222;64;StartTrip;French;4;5
223;64;StartTrip;American;4;5
224;66;FinishTrip;English;6
225;66;FinishTrip;German;1
226;66;StartTrip;English;6;3
227;66;StartTrip;German;1;6
228;67;FinishTrip;Russian;2
229;67;FinishTrip;0;German;6
230;67;StartTrip;Russian;2;6
231;67;StartTrip;German;6;1
232;68;FinishTrip;0;English;3
233;68;StartTrip;English;3;6
234;70;FinishTrip;1;French;5
235;70;FinishTrip;American;5
236;70;changeHouse;2;French;American;4;5
237;70;StartTrip;French;5;4
238;70;StartTrip;American;5;6
239;71;FinishTrip;German;1
240;71;StartTrip;German;1;6
241;72;FinishTrip;1;English;6
242;72;FinishTrip;German;6
243;72;changeHouse;2;English;German;1;6
244;72;StartTrip;English;6;1
245;72;StartTrip;German;6;1
246;74;FinishTrip;French;4
247;74;StartTrip;French;4;6
248;75;FinishTrip;0;American;6
249;75;StartTrip;American;6;5
250;76;FinishTrip;1;English;1
251;76;FinishTrip;German;1
252;76;changeHouse;2;English;German;6;1
253;76;StartTrip;English;1;6
254;76;StartTrip;German;1;4
255;77;FinishTrip;English;6
256;77;FinishTrip;1;French;6
257;77;FinishTrip;1;Russian;6
258;77;ChangePet;3;Russian;English;French;Humpster;Dog;Bear
259;77;StartTrip;English;6;1
260;77;StartTrip;Russian;6;2
261;77;StartTrip;French;6;4
262;78;FinishTrip;French;4
263;78;FinishTrip;American;5
264;78;FinishTrip;1;German;4
265;78;StartTrip;French;4;6
266;78;StartTrip;German;4;1
267;78;StartTrip;American;5;1
268;80;FinishTrip;German;1
269;80;StartTrip;German;1;6
270;81;FinishTrip;0;English;1
271;81;FinishTrip;0;German;6
272;81;FinishTrip;0;French;6
273;81;StartTrip;English;1;6
274;81;StartTrip;French;6;4
275;81;StartTrip;German;6;1
276;82;FinishTrip;Russian;2
277;82;FinishTrip;French;4
278;82;FinishTrip;English;6
279;82;FinishTrip;0;American;1
280;82;StartTrip;Russian;2;6
281;82;StartTrip;American;1;5
282;82;StartTrip;French;4;6
283;82;StartTrip;English;6;3
284;84;FinishTrip;0;English;3
285;84;StartTrip;English;3;6
286;85;FinishTrip;German;1
287;85;FinishTrip;American;5
288;85;FinishTrip;0;French;6
289;85;StartTrip;German;1;6
290;85;StartTrip;French;6;4
291;85;StartTrip;American;5;6
292;86;FinishTrip;French;4
293;86;FinishTrip;0;German;6
294;86;StartTrip;French;4;6
295;86;StartTrip;German;6;1
296;88;FinishTrip;English;6
297;88;StartTrip;English;6;3
298;89;FinishTrip;0;French;6
299;89;StartTrip;French;6;4
300;90;FinishTrip;French;4
301;90;FinishTrip;German;1
302;90;FinishTrip;0;American;6
303;90;FinishTrip;0;English;3
304;90;StartTrip;French;4;6
305;90;StartTrip;English;3;6
306;90;StartTrip;German;1;6
307;90;StartTrip;American;6;5
308;91;FinishTrip;0;German;6
309;91;StartTrip;German;6;1
310;92;FinishTrip;0;Russian;6
311;92;StartTrip;Russian;6;2
312;93;FinishTrip;American;5
313;93;FinishTrip;0;French;6
314;93;StartTrip;American;5;4
315;93;StartTrip;French;6;4
316;94;FinishTrip;French;4
317;94;FinishTrip;English;6
318;94;FinishTrip;0;Chinese;1
319;94;StartTrip;French;4;6
320;94;StartTrip;Chinese;1;3
321;94;StartTrip;English;6;1
322;95;FinishTrip;German;1
323;95;StartTrip;German;1;6
324;96;FinishTrip;0;German;6
325;96;StartTrip;German;6;1
326;97;FinishTrip;Russian;2
327;97;FinishTrip;0;American;4
328;97;FinishTrip;0;French;6
329;97;StartTrip;Russian;2;6
330;97;StartTrip;French;6;4
331;97;StartTrip;American;4;5
332;98;FinishTrip;French;4
333;98;FinishTrip;0;English;1
334;98;StartTrip;French;4;1
335;98;StartTrip;English;1;6
336;99;FinishTrip;English;6
337;99;StartTrip;English;6;4
338;100;FinishTrip;German;1
339;100;FinishTrip;0;English;4
340;100;FinishTrip;1;French;1
341;100;StartTrip;German;1;3
342;100;StartTrip;French;1;4
343;100;StartTrip;English;4;6
344;102;FinishTrip;Chinese;3
345;102;FinishTrip;French;4
346;102;StartTrip;Chinese;3;6
347;102;StartTrip;French;4;6
348;103;FinishTrip;English;6
349;103;FinishTrip;American;5
350;103;StartTrip;English;6;1
351;103;StartTrip;American;5;2
352;104;FinishTrip;0;American;2
353;104;StartTrip;American;2;5
354;105;FinishTrip;0;French;6
355;105;StartTrip;French;6;4
356;106;FinishTrip;American;5
357;106;FinishTrip;French;4
358;106;FinishTrip;0;Chinese;6
359;106;StartTrip;American;5;1
360;106;StartTrip;Chinese;6;3
361;106;StartTrip;French;4;3
362;107;FinishTrip;0;English;1
363;107;FinishTrip;0;Russian;6
364;107;StartTrip;English;1;6
365;107;StartTrip;Russian;6;2
366;108;FinishTrip;Chinese;3
367;108;FinishTrip;English;6
368;108;FinishTrip;1;German;3
369;108;StartTrip;Chinese;3;6
370;108;StartTrip;German;3;1
371;108;StartTrip;English;6;3
372;109;FinishTrip;0;French;3
373;109;StartTrip;French;3;4
374;110;FinishTrip;0;English;3
375;110;FinishTrip;0;American;1
376;110;StartTrip;English;3;6
377;110;StartTrip;American;1;5
378;112;FinishTrip;Russian;2
379;112;FinishTrip;0;Chinese;6
380;112;StartTrip;Russian;2;6
381;112;StartTrip;Chinese;6;3
382;113;FinishTrip;American;5
383;113;StartTrip;American;5;6
384;114;FinishTrip;Chinese;3
385;114;FinishTrip;French;4
386;114;FinishTrip;English;6
387;114;StartTrip;Chinese;3;5
388;114;StartTrip;English;6;5
389;114;StartTrip;French;4;6
390;116;FinishTrip;0;Chinese;5
391;116;StartTrip;Chinese;5;3
392;117;FinishTrip;0;French;6
393;117;FinishTrip;0;English;5
394;117;StartTrip;French;6;4
395;117;StartTrip;English;5;6
396;118;FinishTrip;French;4
397;118;FinishTrip;0;American;6
398;118;StartTrip;French;4;6
399;118;StartTrip;American;6;5
400;120;FinishTrip;Chinese;3
401;120;StartTrip;Chinese;3;6
402;121;FinishTrip;American;5
403;121;FinishTrip;0;French;6
404;121;StartTrip;American;5;2
405;121;StartTrip;French;6;4
406;122;FinishTrip;1;English;6
407;122;FinishTrip;French;4
408;122;FinishTrip;Russian;6
409;122;FinishTrip;0;American;2
410;122;ChangePet;2;Russian;English;Dog;Humpster
411;122;changeHouse;2;Russian;English;6;2
412;122;StartTrip;English;6;2
413;122;StartTrip;American;2;5
414;122;StartTrip;French;4;6
415;122;StartTrip;Russian;6;3
416;124;FinishTrip;American;5
417;124;FinishTrip;0;Chinese;6
418;124;FinishTrip;0;Russian;3
419;124;StartTrip;American;5;4
420;124;StartTrip;Russian;3;6
421;124;StartTrip;Chinese;6;3
422;125;FinishTrip;0;French;6
423;125;StartTrip;French;6;4
424;126;FinishTrip;Chinese;3
425;126;FinishTrip;French;4
426;126;StartTrip;Chinese;3;6
427;126;StartTrip;French;4;6
428;127;FinishTrip;English;2
429;127;StartTrip;English;2;6
430;128;FinishTrip;Russian;6
431;128;FinishTrip;0;American;4
432;128;StartTrip;Russian;6;5
433;128;StartTrip;American;4;5
434;129;FinishTrip;0;French;6
435;129;StartTrip;French;6;4
436;130;FinishTrip;French;4
437;130;FinishTrip;0;Chinese;6
438;130;StartTrip;French;4;5
439;130;StartTrip;Chinese;6;3
440;131;FinishTrip;0;Russian;5
441;131;StartTrip;Russian;5;6
442;132;FinishTrip;Chinese;3
443;132;StartTrip;Chinese;3;6
444;134;FinishTrip;American;5
445;134;StartTrip;American;5;1
446;136;FinishTrip;Russian;6
447;136;FinishTrip;1;Chinese;6
448;136;FinishTrip;0;French;5
449;136;ChangePet;2;Russian;Chinese;Zebra;Dog
450;136;StartTrip;Russian;6;3
451;136;StartTrip;French;5;4
452;136;StartTrip;Chinese;6;3
453;137;FinishTrip;0;English;6
454;137;StartTrip;English;6;2
455;138;FinishTrip;Chinese;3
456;138;FinishTrip;0;American;1
457;138;FinishTrip;1;Russian;3
458;138;StartTrip;Chinese;3;6
459;138;StartTrip;Russian;3;6
460;138;StartTrip;American;1;5
461;140;FinishTrip;French;4
462;140;StartTrip;French;4;5
463;141;FinishTrip;American;5
464;141;StartTrip;American;5;1
465;142;FinishTrip;English;2
466;142;FinishTrip;1;Russian;6
467;142;FinishTrip;Chinese;6
468;142;ChangePet;2;Russian;Chinese;Dog;Zebra
469;142;changeHouse;2;Russian;Chinese;3;6
470;142;StartTrip;English;2;1
471;142;StartTrip;Chinese;6;1
472;142;StartTrip;Russian;6;3
473;144;FinishTrip;Russian;3
474;144;StartTrip;Russian;3;6
475;145;FinishTrip;0;American;1
476;145;StartTrip;American;1;5
477;146;FinishTrip;0;French;5
478;146;FinishTrip;0;Chinese;1
479;146;StartTrip;French;5;4
480;146;StartTrip;Chinese;1;6
481;147;FinishTrip;Chinese;6
482;147;FinishTrip;0;English;1
483;147;StartTrip;Chinese;6;1
484;147;StartTrip;English;1;2
485;148;FinishTrip;American;5
486;148;FinishTrip;0;Russian;6
487;148;StartTrip;American;5;1
488;148;StartTrip;Russian;6;3
489;150;FinishTrip;French;4
490;150;FinishTrip;Russian;3
491;150;StartTrip;French;4;6
492;150;StartTrip;Russian;3;6
493;151;FinishTrip;0;Chinese;1
494;151;StartTrip;Chinese;1;6
495;152;FinishTrip;Chinese;6
496;152;FinishTrip;0;American;1
497;152;StartTrip;Chinese;6;3
498;152;StartTrip;American;1;5
499;153;FinishTrip;English;2
500;153;FinishTrip;0;French;6
501;153;StartTrip;English;2;6
502;153;StartTrip;French;6;4
503;154;FinishTrip;French;4
504;154;FinishTrip;0;Russian;6
505;154;FinishTrip;0;Chinese;3
506;154;StartTrip;French;4;6
507;154;StartTrip;Chinese;3;6
508;154;StartTrip;Russian;6;3
509;155;FinishTrip;American;5
510;155;StartTrip;American;5;6
511;156;FinishTrip;Russian;3
512;156;StartTrip;Russian;3;4
513;157;FinishTrip;0;French;6
514;157;StartTrip;French;6;4
515;158;FinishTrip;Chinese;6
516;158;FinishTrip;French;4
517;158;StartTrip;Chinese;6;2
518;158;StartTrip;French;4;6
519;160;FinishTrip;German;1
520;160;FinishTrip;0;American;6
521;160;StartTrip;German;1;6
522;160;StartTrip;American;6;5
523;161;FinishTrip;0;French;6
524;161;FinishTrip;0;Russian;4
525;161;FinishTrip;0;German;6
526;161;StartTrip;French;6;4
527;161;StartTrip;German;6;1
528;161;StartTrip;Russian;4;3
529;162;FinishTrip;French;4
530;162;StartTrip;French;4;6
531;163;FinishTrip;American;5
532;163;FinishTrip;0;Chinese;2
533;163;FinishTrip;0;English;6
534;163;StartTrip;American;5;3
535;163;StartTrip;English;6;2
536;163;StartTrip;Chinese;2;6
537;164;FinishTrip;Russian;3
538;164;StartTrip;Russian;3;6
539;165;FinishTrip;German;1
540;165;FinishTrip;0;French;6
541;165;StartTrip;German;1;6
542;165;StartTrip;French;6;4
543;166;FinishTrip;French;4
544;166;FinishTrip;0;German;6
545;166;StartTrip;French;4;6
546;166;StartTrip;German;6;1
547;167;FinishTrip;0;American;3
548;167;StartTrip;American;3;5
549;168;FinishTrip;English;2
550;168;FinishTrip;0;Russian;6
551;168;StartTrip;English;2;6
552;168;StartTrip;Russian;6;3
553;169;FinishTrip;American;5
554;169;FinishTrip;0;French;6
555;169;StartTrip;American;5;2
556;169;StartTrip;French;6;4
557;170;FinishTrip;German;1
558;170;FinishTrip;French;4
559;170;FinishTrip;Russian;3
560;170;FinishTrip;0;American;2
561;170;StartTrip;German;1;6
562;170;StartTrip;American;2;5
563;170;StartTrip;French;4;6
564;170;StartTrip;Russian;3;6
565;171;FinishTrip;0;German;6
566;171;StartTrip;German;6;1
567;172;FinishTrip;American;5
568;172;StartTrip;American;5;6
569;173;FinishTrip;1;Chinese;6
570;173;FinishTrip;French;6
571;173;changeHouse;2;Chinese;French;4;6
572;173;StartTrip;Chinese;6;4
573;173;StartTrip;French;6;3
574;174;FinishTrip;Chinese;4
575;174;FinishTrip;0;Russian;6
576;174;StartTrip;Chinese;4;6
577;174;StartTrip;Russian;6;3
578;175;FinishTrip;German;1
579;175;FinishTrip;0;French;3
580;175;StartTrip;German;1;2
581;175;StartTrip;French;3;6
582;176;FinishTrip;Russian;3
583;176;StartTrip;Russian;3;5
584;177;FinishTrip;0;American;6
585;177;FinishTrip;0;Chinese;6
586;177;StartTrip;American;6;5
587;177;StartTrip;Chinese;6;4
588;178;FinishTrip;Chinese;4
589;178;FinishTrip;0;Russian;5
590;178;FinishTrip;0;English;6
591;178;StartTrip;Chinese;4;6
592;178;StartTrip;English;6;2
593;178;StartTrip;Russian;5;3
594;179;FinishTrip;French;6
595;179;StartTrip;French;6;2
596;180;FinishTrip;American;5
597;180;StartTrip;American;5;3
598;181;FinishTrip;0;German;2
599;181;FinishTrip;0;Chinese;6
600;181;StartTrip;German;2;1
601;181;StartTrip;Chinese;6;4
602;182;FinishTrip;Russian;3
603;182;FinishTrip;Chinese;4
604;182;StartTrip;Russian;3;1
605;182;StartTrip;Chinese;4;6
606;183;FinishTrip;English;2
607;183;StartTrip;English;2;6
608;184;FinishTrip;0;French;2
609;184;FinishTrip;0;American;3
610;184;StartTrip;French;2;6
611;184;StartTrip;American;3;5
612;185;FinishTrip;0;Chinese;6
613;185;StartTrip;Chinese;6;4
614;186;FinishTrip;American;5
615;186;FinishTrip;Chinese;4
616;186;FinishTrip;German;1
617;186;StartTrip;American;5;3
618;186;StartTrip;German;1;6
619;186;StartTrip;Chinese;4;3
620;187;FinishTrip;0;German;6
621;187;StartTrip;German;6;1
622;189;FinishTrip;0;Chinese;3
623;189;StartTrip;Chinese;3;4
624;190;FinishTrip;0;American;3
625;190;StartTrip;American;3;5
626;191;FinishTrip;German;1
627;191;StartTrip;German;1;5
628;192;FinishTrip;American;5
629;192;StartTrip;American;5;2
630;193;FinishTrip;0;English;6
631;193;FinishTrip;0;American;2
632;193;StartTrip;English;6;2
633;193;StartTrip;American;2;5
634;194;FinishTrip;Chinese;4
635;194;FinishTrip;French;6
636;194;FinishTrip;0;German;5
637;194;StartTrip;Chinese;4;6
638;194;StartTrip;German;5;1
639;194;StartTrip;French;6;4
640;195;FinishTrip;American;5
641;195;FinishTrip;0;French;4
642;195;StartTrip;American;5;3
643;195;StartTrip;French;4;6
644;197;FinishTrip;0;Chinese;6
645;197;StartTrip;Chinese;6;4
646;198;FinishTrip;French;6
647;198;FinishTrip;Chinese;4
648;198;FinishTrip;German;1
649;198;FinishTrip;English;2
650;198;StartTrip;French;6;1
651;198;StartTrip;English;2;4
652;198;StartTrip;Chinese;4;6
653;198;StartTrip;German;1;6
654;199;FinishTrip;0;American;3
655;199;FinishTrip;0;German;6
656;199;FinishTrip;0;English;4
657;199;StartTrip;American;3;5
658;199;StartTrip;English;4;2
659;199;StartTrip;German;6;1
660;200;FinishTrip;English;2
661;200;StartTrip;English;2;6
662;201;FinishTrip;American;5
663;201;FinishTrip;0;Chinese;6
664;201;StartTrip;American;5;1
665;201;StartTrip;Chinese;6;4
666;202;FinishTrip;Chinese;4
667;202;FinishTrip;0;French;1
668;202;StartTrip;Chinese;4;6
669;202;StartTrip;French;1;6
670;203;FinishTrip;German;1
671;203;FinishTrip;French;6
672;203;StartTrip;German;1;6
673;203;StartTrip;French;6;3
674;204;FinishTrip;0;German;6
675;204;StartTrip;German;6;1
676;205;FinishTrip;0;French;3
677;205;FinishTrip;0;American;1
678;205;FinishTrip;0;Chinese;6
679;205;StartTrip;French;3;6
680;205;StartTrip;Chinese;6;4
681;205;StartTrip;American;1;5
682;206;FinishTrip;Chinese;4
683;206;StartTrip;Chinese;4;5
684;208;FinishTrip;American;5
685;208;FinishTrip;German;1
686;208;StartTrip;American;5;6
687;208;StartTrip;German;1;6
688;209;FinishTrip;French;6
689;209;FinishTrip;1;German;6
690;209;StartTrip;French;6;2
691;209;StartTrip;German;6;1
692;210;FinishTrip;0;English;6
693;210;StartTrip;English;6;2
694;212;FinishTrip;0;Chinese;5
695;212;StartTrip;Chinese;5;4
696;213;FinishTrip;German;1
697;213;FinishTrip;0;American;6
698;213;StartTrip;German;1;3
699;213;StartTrip;American;6;5
700;214;FinishTrip;0;French;2
701;214;StartTrip;French;2;6
702;215;FinishTrip;English;2
703;215;StartTrip;English;2;6
704;216;FinishTrip;American;5
705;216;FinishTrip;Chinese;4
706;216;StartTrip;American;5;6
707;216;StartTrip;Chinese;4;6
708;219;FinishTrip;0;Chinese;6
709;219;StartTrip;Chinese;6;4
710;220;FinishTrip;Chinese;4
711;220;StartTrip;Chinese;4;6
712;221;FinishTrip;0;German;3
713;221;FinishTrip;0;American;6
714;221;StartTrip;German;3;1
715;221;StartTrip;American;6;5
716;223;FinishTrip;0;Chinese;6
717;223;StartTrip;Chinese;6;4
718;224;FinishTrip;American;5
719;224;FinishTrip;Chinese;4
720;224;FinishTrip;French;6
721;224;StartTrip;American;5;4
722;224;StartTrip;French;6;2
723;224;StartTrip;Chinese;4;6
724;225;FinishTrip;0;English;6
725;225;StartTrip;English;6;2
726;227;FinishTrip;0;Chinese;6
727;227;StartTrip;Chinese;6;4
728;228;FinishTrip;Chinese;4
729;228;FinishTrip;1;American;4
730;228;ChangePet;2;Chinese;American;Cat;Zebra
731;228;StartTrip;Chinese;4;6
732;228;StartTrip;American;4;5
733;229;FinishTrip;0;French;2
734;229;StartTrip;French;2;6
735;230;FinishTrip;English;2
736;230;StartTrip;English;2;6
737;231;FinishTrip;0;Chinese;6
738;231;StartTrip;Chinese;6;4
739;232;FinishTrip;Chinese;4
740;232;StartTrip;Chinese;4;6
741;234;FinishTrip;American;5
742;234;FinishTrip;0;Russian;1
743;234;StartTrip;American;5;3
744;234;StartTrip;Russian;1;3
745;235;FinishTrip;0;Chinese;6
746;235;StartTrip;Chinese;6;4
747;236;FinishTrip;Chinese;4
748;236;StartTrip;Chinese;4;6
749;238;FinishTrip;0;American;3
750;238;StartTrip;American;3;5
751;239;FinishTrip;French;6
752;239;FinishTrip;1;Chinese;6
753;239;StartTrip;French;6;4
754;239;StartTrip;Chinese;6;4
755;240;FinishTrip;1;Chinese;4
756;240;FinishTrip;American;5
757;240;FinishTrip;0;English;6
758;240;FinishTrip;French;4
759;240;changeHouse;2;Chinese;French;6;4
760;240;StartTrip;Chinese;4;6
761;240;StartTrip;French;4;3
762;240;StartTrip;American;5;3
763;240;StartTrip;English;6;2
764;242;FinishTrip;Russian;3
765;242;StartTrip;Russian;3;6
766;243;FinishTrip;Chinese;6
767;243;FinishTrip;0;French;3
768;243;StartTrip;Chinese;6;2
769;243;StartTrip;French;3;4
770;244;FinishTrip;0;American;3
771;244;StartTrip;American;3;5
772;245;FinishTrip;English;2
773;245;StartTrip;English;2;6
774;246;FinishTrip;American;5
775;246;FinishTrip;0;Russian;6
776;246;StartTrip;American;5;1
777;246;StartTrip;Russian;6;3
778;248;FinishTrip;French;4
779;248;FinishTrip;Russian;3
780;248;FinishTrip;0;Chinese;2
781;248;StartTrip;French;4;1
782;248;StartTrip;Chinese;2;6
783;248;StartTrip;Russian;3;6
784;250;FinishTrip;0;American;1
785;250;FinishTrip;0;French;1
786;250;StartTrip;American;1;5
787;250;StartTrip;French;1;4
788;252;FinishTrip;French;4
789;252;FinishTrip;0;Russian;6
790;252;StartTrip;French;4;6
791;252;StartTrip;Russian;6;3
792;253;FinishTrip;American;5
793;253;StartTrip;American;5;6
794;254;FinishTrip;Russian;3
795;254;StartTrip;Russian;3;6
796;255;FinishTrip;0;English;6
797;255;FinishTrip;0;French;6
798;255;StartTrip;English;6;2
799;255;StartTrip;French;6;4
800;256;FinishTrip;French;4
801;256;StartTrip;French;4;6
802;258;FinishTrip;1;Chinese;6
803;258;FinishTrip;Russian;6
804;258;FinishTrip;1;American;6
805;258;ChangePet;2;Russian;American;Zebra;Dog
806;258;changeHouse;2;Russian;Chinese;6;3
807;258;changeHouse;2;Chinese;American;5;3
808;258;StartTrip;Chinese;6;5
809;258;StartTrip;American;6;3
810;258;StartTrip;Russian;6;3
811;259;FinishTrip;0;French;6
812;259;StartTrip;French;6;4
813;260;FinishTrip;French;4
814;260;FinishTrip;English;2
815;260;FinishTrip;American;3
816;260;FinishTrip;1;Russian;3
817;260;StartTrip;French;4;6
818;260;StartTrip;Russian;3;6
819;260;StartTrip;English;2;6
820;260;StartTrip;American;3;2
821;261;FinishTrip;Chinese;5
822;261;StartTrip;Chinese;5;6
823;263;FinishTrip;0;French;6
824;263;FinishTrip;0;American;2
825;263;StartTrip;French;6;4
826;263;StartTrip;American;2;3
827;264;FinishTrip;Russian;6
828;264;FinishTrip;French;4
829;264;StartTrip;Russian;6;3
830;264;StartTrip;French;4;5
831;266;FinishTrip;0;Chinese;6
832;266;FinishTrip;0;Russian;3
833;266;StartTrip;Chinese;6;5
834;266;StartTrip;Russian;3;6
835;267;FinishTrip;American;3
836;267;StartTrip;American;3;4
837;269;FinishTrip;Chinese;5
838;269;StartTrip;Chinese;5;6
839;270;FinishTrip;1;Russian;6
840;270;FinishTrip;English;6
841;270;FinishTrip;0;French;5
842;270;changeHouse;2;Russian;English;2;6
843;270;StartTrip;Russian;6;2
844;270;StartTrip;French;5;4
845;270;StartTrip;English;6;4
846;271;FinishTrip;0;English;4
847;271;StartTrip;English;4;6
848;272;FinishTrip;0;American;4
849;272;StartTrip;American;4;3
850;273;FinishTrip;German;1
851;273;StartTrip;German;1;6
852;274;FinishTrip;French;4
853;274;FinishTrip;English;6
854;274;FinishTrip;1;Chinese;6
855;274;FinishTrip;1;German;6
856;274;StartTrip;French;4;6
857;274;StartTrip;German;6;1
858;274;StartTrip;English;6;3
859;274;StartTrip;Chinese;6;5
860;275;FinishTrip;American;3
861;275;FinishTrip;Russian;2
862;275;StartTrip;American;3;5
863;275;StartTrip;Russian;2;6
864;276;FinishTrip;0;English;3
865;276;StartTrip;English;3;6
866;277;FinishTrip;1;Chinese;5
867;277;FinishTrip;0;French;6
868;277;FinishTrip;American;5
869;277;changeHouse;2;Chinese;American;3;5
870;277;StartTrip;Chinese;5;3
871;277;StartTrip;American;5;1
872;277;StartTrip;French;6;4
873;278;FinishTrip;German;1
874;278;FinishTrip;French;4
875;278;StartTrip;German;1;4
876;278;StartTrip;French;4;6
877;280;FinishTrip;English;6
878;280;FinishTrip;0;German;4
879;280;StartTrip;English;6;5
880;280;StartTrip;German;4;1
881;281;FinishTrip;Chinese;3
882;281;FinishTrip;0;French;6
883;281;FinishTrip;0;American;1
884;281;StartTrip;Chinese;3;6
885;281;StartTrip;American;1;5
886;281;StartTrip;French;6;4
887;282;FinishTrip;German;1
888;282;FinishTrip;French;4
889;282;StartTrip;German;1;6
890;282;StartTrip;French;4;1
891;283;FinishTrip;0;English;5
892;283;FinishTrip;0;German;6
893;283;StartTrip;English;5;6
894;283;StartTrip;German;6;1
895;284;FinishTrip;American;5
896;284;FinishTrip;0;French;1
897;284;StartTrip;American;5;1
898;284;StartTrip;French;1;4
899;285;FinishTrip;0;Russian;6
900;285;FinishTrip;0;Chinese;6
901;285;StartTrip;Russian;6;2
902;285;StartTrip;Chinese;6;3
903;286;FinishTrip;French;4
904;286;StartTrip;French;4;6
905;287;FinishTrip;Chinese;3
906;287;FinishTrip;German;1
907;287;StartTrip;Chinese;3;6
908;287;StartTrip;German;1;6
909;288;FinishTrip;1;English;6
910;288;FinishTrip;0;American;1
911;288;FinishTrip;German;6
912;288;ChangePet;2;English;German;Fish;Humpster
913;288;changeHouse;2;English;German;1;6
914;288;StartTrip;English;6;1
915;288;StartTrip;German;6;2
916;288;StartTrip;American;1;5
917;289;FinishTrip;0;French;6
918;289;StartTrip;French;6;4
919;290;FinishTrip;Russian;2
920;290;FinishTrip;French;4
921;290;StartTrip;Russian;2;6
922;290;StartTrip;French;4;2
923;291;FinishTrip;American;5
924;291;FinishTrip;0;French;2
925;291;FinishTrip;0;Chinese;6
926;291;StartTrip;American;5;4
927;291;StartTrip;Chinese;6;3
928;291;StartTrip;French;2;4
929;292;FinishTrip;English;1
930;292;FinishTrip;French;4
931;292;StartTrip;English;1;6
932;292;StartTrip;French;4;3
933;293;FinishTrip;Chinese;3
934;293;FinishTrip;0;German;2
935;293;FinishTrip;0;English;6
936;293;StartTrip;Chinese;3;6
937;293;StartTrip;English;6;1
938;293;StartTrip;German;2;6
939;295;FinishTrip;0;French;3
940;295;FinishTrip;0;American;4
941;295;StartTrip;French;3;4
942;295;StartTrip;American;4;5
943;297;FinishTrip;English;1
944;297;FinishTrip;0;Chinese;6
945;297;StartTrip;English;1;6
946;297;StartTrip;Chinese;6;3
947;298;FinishTrip;0;English;6
948;298;StartTrip;English;6;1
949;299;FinishTrip;Chinese;3
950;299;StartTrip;Chinese;3;6
951;300;FinishTrip;French;4
952;300;FinishTrip;0;Russian;6
953;300;StartTrip;French;4;6
954;300;StartTrip;Russian;6;2
955;301;FinishTrip;American;5
956;301;StartTrip;American;5;6
957;302;FinishTrip;English;1
958;302;StartTrip;English;1;6
959;303;FinishTrip;1;German;6
960;303;FinishTrip;1;Chinese;6
961;303;FinishTrip;English;6
962;303;FinishTrip;1;French;6
963;303;ChangePet;3;English;Chinese;French;Cat;Bear;Fish
964;303;changeHouse;2;Chinese;German;6;3
965;303;changeHouse;2;English;Chinese;6;1
966;303;changeHouse;2;Chinese;French;4;1
967;303;StartTrip;German;6;3
968;303;StartTrip;French;6;1
969;303;StartTrip;Chinese;6;4
970;303;StartTrip;English;6;4
971;304;FinishTrip;Chinese;4
972;304;FinishTrip;1;English;4
973;304;StartTrip;Chinese;4;2
974;304;StartTrip;English;4;6
975;305;FinishTrip;German;3
976;305;FinishTrip;1;Russian;2
977;305;FinishTrip;Chinese;2
978;305;changeHouse;2;Russian;Chinese;4;2
979;305;StartTrip;German;3;6
980;305;StartTrip;Chinese;2;6
981;305;StartTrip;Russian;2;4
982;306;FinishTrip;Russian;4
983;306;FinishTrip;0;American;6
984;306;StartTrip;Russian;4;6
985;306;StartTrip;American;6;5
986;307;FinishTrip;English;6
987;307;FinishTrip;French;1
988;307;StartTrip;English;6;4
989;307;StartTrip;French;1;6
990;308;FinishTrip;0;English;4
991;308;FinishTrip;0;French;6
992;308;StartTrip;English;4;6
993;308;StartTrip;French;6;1
994;309;FinishTrip;American;5
995;309;FinishTrip;0;German;6
996;309;FinishTrip;0;Russian;6
997;309;StartTrip;American;5;1
998;309;StartTrip;Russian;6;4
999;309;StartTrip;German;6;3
1000;310;FinishTrip;Russian;4
1001;310;StartTrip;Russian;4;2
1002;311;FinishTrip;German;3
1003;311;FinishTrip;English;6
1004;311;FinishTrip;0;Russian;2
1005;311;StartTrip;German;3;6
1006;311;StartTrip;Russian;2;4
1007;311;StartTrip;English;6;1
1008;312;FinishTrip;French;1
1009;312;FinishTrip;Russian;4
1010;312;StartTrip;French;1;6
1011;312;StartTrip;Russian;4;6
1012;313;FinishTrip;0;American;1
1013;313;FinishTrip;0;French;6
1014;313;StartTrip;American;1;5
1015;313;StartTrip;French;6;1
1016;315;FinishTrip;0;Russian;6
1017;315;FinishTrip;0;English;1
1018;315;FinishTrip;0;Chinese;6
1019;315;FinishTrip;0;German;6
1020;315;StartTrip;Russian;6;4
1021;315;StartTrip;German;6;3
1022;315;StartTrip;English;1;6
1023;315;StartTrip;Chinese;6;2
1024;316;FinishTrip;American;5
1025;316;FinishTrip;Russian;4
1026;316;FinishTrip;English;6
1027;316;StartTrip;American;5;1
1028;316;StartTrip;English;6;1
1029;316;StartTrip;Russian;4;6
1030;317;FinishTrip;French;1
1031;317;FinishTrip;German;3
1032;317;StartTrip;French;1;6
1033;317;StartTrip;German;3;6
1034;318;FinishTrip;0;French;6
1035;318;StartTrip;French;6;1
1036;319;FinishTrip;0;Russian;6
1037;319;StartTrip;Russian;6;4
1038;320;FinishTrip;Chinese;2
1039;320;FinishTrip;Russian;4
1040;320;FinishTrip;0;American;1
1041;320;FinishTrip;0;English;1
1042;320;StartTrip;Chinese;2;6
1043;320;StartTrip;English;1;6
1044;320;StartTrip;Russian;4;6
1045;320;StartTrip;American;1;5
1046;321;FinishTrip;English;6
1047;321;FinishTrip;1;German;6
1048;321;StartTrip;English;6;3
1049;321;StartTrip;German;6;3
1050;322;FinishTrip;French;1
1051;322;StartTrip;French;1;5
1052;323;FinishTrip;American;5
1053;323;FinishTrip;1;German;3
1054;323;FinishTrip;0;Russian;6
1055;323;FinishTrip;English;3
1056;323;changeHouse;2;English;German;3;6
1057;323;StartTrip;American;5;2
1058;323;StartTrip;English;3;6
1059;323;StartTrip;German;3;6
1060;323;StartTrip;Russian;6;4
1061;324;FinishTrip;Russian;4
1062;324;FinishTrip;0;American;2
1063;324;StartTrip;Russian;4;2
1064;324;StartTrip;American;2;5
1065;325;FinishTrip;0;French;5
1066;325;FinishTrip;0;Russian;2
1067;325;StartTrip;French;5;1
1068;325;StartTrip;Russian;2;4
1069;326;FinishTrip;American;5
1070;326;FinishTrip;Russian;4
1071;326;StartTrip;American;5;2
1072;326;StartTrip;Russian;4;6
1073;327;FinishTrip;German;6
1074;327;FinishTrip;1;English;6
1075;327;FinishTrip;0;American;2
1076;327;StartTrip;German;6;4
1077;327;StartTrip;American;2;5
1078;327;StartTrip;English;6;3
1079;328;FinishTrip;0;German;4
1080;328;StartTrip;German;4;6
1081;329;FinishTrip;English;3
1082;329;FinishTrip;American;5
1083;329;FinishTrip;French;1
1084;329;FinishTrip;0;Russian;6
1085;329;StartTrip;English;3;6
1086;329;StartTrip;Russian;6;4
1087;329;StartTrip;American;5;6
1088;329;StartTrip;French;1;6
1089;330;FinishTrip;Russian;4
1090;330;FinishTrip;0;Chinese;6
1091;330;FinishTrip;0;French;6
1092;330;StartTrip;Russian;4;6
1093;330;StartTrip;French;6;1
1094;330;StartTrip;Chinese;6;2
1095;331;FinishTrip;German;6
1096;331;StartTrip;German;6;4
1097;332;FinishTrip;0;German;4
1098;332;StartTrip;German;4;6
1099;333;FinishTrip;0;English;6
1100;333;FinishTrip;0;Russian;6
1101;333;StartTrip;English;6;3
1102;333;StartTrip;Russian;6;4
1103;334;FinishTrip;French;1
1104;334;FinishTrip;Russian;4
1105;334;FinishTrip;0;American;6
1106;334;StartTrip;French;1;6
1107;334;StartTrip;American;6;5
1108;334;StartTrip;Russian;4;6
1109;335;FinishTrip;English;3
1110;335;FinishTrip;Chinese;2
1111;335;FinishTrip;German;6
1112;335;FinishTrip;1;French;6
1113;335;StartTrip;English;3;6
1114;335;StartTrip;French;6;1
1115;335;StartTrip;Chinese;2;6
1116;335;StartTrip;German;6;5
1117;337;FinishTrip;American;5
1118;337;FinishTrip;0;Russian;6
1119;337;StartTrip;American;5;3
1120;337;StartTrip;Russian;6;4
1121;338;FinishTrip;Russian;4
1122;338;FinishTrip;0;German;5
1123;338;StartTrip;Russian;4;1
1124;338;StartTrip;German;5;6
1125;339;FinishTrip;French;1
1126;339;FinishTrip;0;English;6
1127;339;StartTrip;French;1;6
1128;339;StartTrip;English;6;3
1129;340;FinishTrip;0;Russian;1
1130;340;FinishTrip;0;French;6
1131;340;StartTrip;Russian;1;4
1132;340;StartTrip;French;6;1
1133;341;FinishTrip;English;3
1134;341;FinishTrip;1;American;3
1135;341;ChangePet;2;English;American;Dog;Cat
1136;341;StartTrip;English;3;6
1137;341;StartTrip;American;3;5
1138;342;FinishTrip;Russian;4
1139;342;StartTrip;Russian;4;6
1140;343;FinishTrip;German;6
1141;343;FinishTrip;American;5
1142;343;StartTrip;German;6;4
1143;343;StartTrip;American;5;1
1144;344;FinishTrip;French;1
1145;344;FinishTrip;0;German;4
1146;344;StartTrip;French;1;6
1147;344;StartTrip;German;4;6
1148;345;FinishTrip;0;Russian;6
1149;345;FinishTrip;0;Chinese;6
1150;345;FinishTrip;0;French;6
1151;345;FinishTrip;0;English;6
1152;345;StartTrip;Russian;6;4
1153;345;StartTrip;English;6;3
1154;345;StartTrip;Chinese;6;2
1155;345;StartTrip;French;6;1
1156;346;FinishTrip;Russian;4
1157;346;StartTrip;Russian;4;6
1158;347;FinishTrip;German;6
1159;347;FinishTrip;English;3
1160;347;FinishTrip;0;American;1
1161;347;StartTrip;German;6;3
1162;347;StartTrip;American;1;5
1163;347;StartTrip;English;3;6
1164;349;FinishTrip;French;1
1165;349;FinishTrip;0;Russian;6
1166;349;FinishTrip;0;German;3
1167;349;StartTrip;French;1;5
1168;349;StartTrip;German;3;6
1169;349;StartTrip;Russian;6;4
1170;350;FinishTrip;American;5
1171;350;FinishTrip;Russian;4
1172;350;FinishTrip;Chinese;2
1173;350;StartTrip;American;5;1
1174;350;StartTrip;Chinese;2;6
1175;350;StartTrip;Russian;4;6
1176;351;FinishTrip;0;English;6
1177;351;StartTrip;English;6;3
1178;352;FinishTrip;0;French;5
1179;352;StartTrip;French;5;1
1180;353;FinishTrip;German;6
1181;353;FinishTrip;English;3
1182;353;FinishTrip;1;Russian;6
1183;353;ChangePet;2;Russian;German;Humpster;Zebra
1184;353;StartTrip;German;6;4
1185;353;StartTrip;Russian;6;4
1186;353;StartTrip;English;3;6
1187;354;FinishTrip;Russian;4
1188;354;FinishTrip;0;American;1
1189;354;FinishTrip;1;German;4
1190;354;ChangePet;2;Russian;German;Zebra;Humpster
1191;354;StartTrip;Russian;4;6
1192;354;StartTrip;German;4;6
1193;354;StartTrip;American;1;5
1194;356;FinishTrip;French;1
1195;356;StartTrip;French;1;2
1196;357;FinishTrip;American;5
1197;357;FinishTrip;German;6
1198;357;FinishTrip;1;English;6
1199;357;FinishTrip;1;Russian;6
1200;357;StartTrip;American;5;2
1201;357;StartTrip;Russian;6;4
1202;357;StartTrip;German;6;3
1203;357;StartTrip;English;6;3
1204;358;FinishTrip;Russian;4
1205;358;FinishTrip;0;American;2
1206;358;StartTrip;Russian;4;6
1207;358;StartTrip;American;2;5
1208;359;FinishTrip;English;3
1209;359;FinishTrip;1;German;3
1210;359;StartTrip;English;3;6
1211;359;StartTrip;German;3;6
1212;360;FinishTrip;American;5
1213;360;FinishTrip;0;Chinese;6
1214;360;StartTrip;American;5;1
1215;360;StartTrip;Chinese;6;2
1216;361;FinishTrip;0;Russian;6
1217;361;StartTrip;Russian;6;4
1218;362;FinishTrip;Russian;4
1219;362;FinishTrip;0;French;2
1220;362;StartTrip;Russian;4;6
1221;362;StartTrip;French;2;1
1222;363;FinishTrip;German;6
1223;363;FinishTrip;1;English;6
1224;363;StartTrip;German;6;2
1225;363;StartTrip;English;6;3
1226;364;FinishTrip;0;American;1
1227;364;StartTrip;American;1;5
1228;365;FinishTrip;English;3
1229;365;FinishTrip;Chinese;2
1230;365;FinishTrip;0;Russian;6
1231;365;StartTrip;English;3;6
1232;365;StartTrip;Russian;6;4
1233;365;StartTrip;Chinese;2;6
1234;366;FinishTrip;Russian;4
1235;366;StartTrip;Russian;4;6
1236;367;FinishTrip;American;5
1237;367;FinishTrip;French;1
1238;367;StartTrip;American;5;6
1239;367;StartTrip;French;1;6
1240;368;FinishTrip;0;German;2
1241;368;FinishTrip;0;French;6
1242;368;StartTrip;German;2;6
1243;368;StartTrip;French;6;1
1244;369;FinishTrip;0;Russian;6
1245;369;FinishTrip;0;English;6
1246;369;StartTrip;Russian;6;4
1247;369;StartTrip;English;6;3
1248;370;FinishTrip;Russian;4
1249;370;StartTrip;Russian;4;6
1250;371;FinishTrip;English;3
1251;371;StartTrip;English;3;4
1252;372;FinishTrip;French;1
1253;372;FinishTrip;0;American;6
1254;372;StartTrip;French;1;6
1255;372;StartTrip;American;6;5
1256;373;FinishTrip;0;Russian;6
1257;373;FinishTrip;0;French;6
1258;373;StartTrip;Russian;6;4
1259;373;StartTrip;French;6;1
1260;374;FinishTrip;Russian;4
1261;374;StartTrip;Russian;4;6
1262;375;FinishTrip;American;5
1263;375;FinishTrip;0;Chinese;6
1264;375;StartTrip;American;5;3
1265;375;StartTrip;Chinese;6;2
1266;376;FinishTrip;0;English;4
1267;376;StartTrip;English;4;3
1268;377;FinishTrip;French;1
1269;377;FinishTrip;0;Russian;6
1270;377;StartTrip;French;1;6
1271;377;StartTrip;Russian;6;4
1272;378;FinishTrip;German;6
1273;378;FinishTrip;Russian;4
1274;378;FinishTrip;1;French;6
1275;378;ChangePet;2;German;French;Fish;Humpster
1276;378;StartTrip;German;6;2
1277;378;StartTrip;French;6;1
1278;378;StartTrip;Russian;4;3
1279;379;FinishTrip;1;English;3
1280;379;FinishTrip;American;3
1281;379;changeHouse;2;English;American;5;3
1282;379;StartTrip;English;3;5
1283;379;StartTrip;American;3;4
1284;380;FinishTrip;Chinese;2
1285;380;StartTrip;Chinese;2;6
1286;381;FinishTrip;English;5
1287;381;FinishTrip;0;Russian;3
1288;381;StartTrip;English;5;6
1289;381;StartTrip;Russian;3;4
1290;382;FinishTrip;French;1
1291;382;StartTrip;French;1;6
1292;383;FinishTrip;0;German;2
1293;383;FinishTrip;0;French;6
1294;383;StartTrip;German;2;6
1295;383;StartTrip;French;6;1
1296;384;FinishTrip;0;American;4
1297;384;StartTrip;American;4;3
1298;386;FinishTrip;Russian;4
1299;386;FinishTrip;0;English;6
1300;386;StartTrip;Russian;4;6
1301;386;StartTrip;English;6;5
1302;387;FinishTrip;French;1
1303;387;FinishTrip;American;3
1304;387;StartTrip;French;1;6
1305;387;StartTrip;American;3;6
1306;388;FinishTrip;0;French;6
1307;388;StartTrip;French;6;1
1308;389;FinishTrip;English;5
1309;389;FinishTrip;0;Russian;6
1310;389;StartTrip;English;5;6
1311;389;StartTrip;Russian;6;4
1312;390;FinishTrip;Russian;4
1313;390;FinishTrip;0;Chinese;6
1314;390;StartTrip;Russian;4;2
1315;390;StartTrip;Chinese;6;2
1316;391;FinishTrip;0;American;6
1317;391;FinishTrip;0;Russian;2
1318;391;StartTrip;American;6;3
1319;391;StartTrip;Russian;2;4
1320;392;FinishTrip;French;1
1321;392;FinishTrip;Russian;4
1322;392;StartTrip;French;1;6
1323;392;StartTrip;Russian;4;2
1324;393;FinishTrip;German;6
1325;393;FinishTrip;American;3
1326;393;FinishTrip;0;Russian;2
1327;393;FinishTrip;1;French;6
1328;393;StartTrip;German;6;4
1329;393;StartTrip;French;6;1
1330;393;StartTrip;American;3;2
1331;393;StartTrip;Russian;2;4
1332;394;FinishTrip;Russian;4
1333;394;FinishTrip;0;English;6
1334;394;FinishTrip;1;German;4
1335;394;StartTrip;Russian;4;6
1336;394;StartTrip;German;4;6
1337;394;StartTrip;English;6;5
1338;395;FinishTrip;Chinese;2
1339;395;StartTrip;Chinese;2;6
1340;396;FinishTrip;0;American;2
1341;396;StartTrip;American;2;3
1342;397;FinishTrip;English;5
1343;397;FinishTrip;French;1
1344;397;FinishTrip;German;6
1345;397;FinishTrip;1;Russian;6
1346;397;StartTrip;English;5;6
1347;397;StartTrip;Russian;6;4
1348;397;StartTrip;French;1;6
1349;397;StartTrip;German;6;4
1350;398;FinishTrip;1;Russian;4
1351;398;FinishTrip;German;4
1352;398;FinishTrip;0;French;6
1353;398;changeHouse;2;Russian;German;6;4
1354;398;StartTrip;Russian;4;6
1355;398;StartTrip;French;6;1
1356;398;StartTrip;German;4;6
1357;400;FinishTrip;American;3
1358;400;StartTrip;American;3;1
1359;401;FinishTrip;Russian;6
1360;401;FinishTrip;1;German;6
1361;401;ChangePet;2;Russian;German;Fish;Zebra
1362;401;StartTrip;Russian;6;1
1363;401;StartTrip;German;6;4
1364;402;FinishTrip;German;4
1365;402;FinishTrip;French;1
1366;402;FinishTrip;0;English;6
1367;402;StartTrip;German;4;6
1368;402;StartTrip;English;6;5
1369;402;StartTrip;French;1;4
1370;404;FinishTrip;0;French;4
1371;404;StartTrip;French;4;1
1372;405;FinishTrip;English;5
1373;405;FinishTrip;0;Russian;1
1374;405;FinishTrip;0;Chinese;6
1375;405;FinishTrip;0;German;6
1376;405;StartTrip;English;5;6
1377;405;StartTrip;German;6;4
1378;405;StartTrip;Russian;1;6
1379;405;StartTrip;Chinese;6;2
1380;406;FinishTrip;French;1
1381;406;FinishTrip;German;4
1382;406;FinishTrip;Russian;6
1383;406;StartTrip;French;1;6
1384;406;StartTrip;Russian;6;2
1385;406;StartTrip;German;4;6
1386;407;FinishTrip;0;French;6
1387;407;StartTrip;French;6;1
1388;409;FinishTrip;0;German;6
1389;409;StartTrip;German;6;4
1390;410;FinishTrip;Chinese;2
1391;410;FinishTrip;German;4
1392;410;FinishTrip;0;English;6
1393;410;StartTrip;Chinese;2;4
1394;410;StartTrip;English;6;5
1395;410;StartTrip;German;4;6
1396;411;FinishTrip;French;1
1397;411;FinishTrip;0;Russian;2
1398;411;FinishTrip;0;Chinese;4
1399;411;StartTrip;French;1;4
1400;411;StartTrip;Chinese;4;2
1401;411;StartTrip;Russian;2;6
1402;412;FinishTrip;Chinese;2
1403;412;StartTrip;Chinese;2;6
1404;413;FinishTrip;English;5
1405;413;FinishTrip;0;German;6
1406;413;FinishTrip;0;French;4
1407;413;StartTrip;English;5;2
1408;413;StartTrip;French;4;1
1409;413;StartTrip;German;6;4
1410;414;FinishTrip;German;4
1411;414;FinishTrip;0;English;2
1412;414;StartTrip;German;4;6
1413;414;StartTrip;English;2;5
1414;415;FinishTrip;French;1
1415;415;StartTrip;French;1;6
1416;416;FinishTrip;English;5
1417;416;FinishTrip;0;French;6
1418;416;StartTrip;English;5;6
1419;416;StartTrip;French;6;1
1420;417;FinishTrip;0;German;6
1421;417;StartTrip;German;6;4
1422;418;FinishTrip;German;4
1423;418;StartTrip;German;4;3
1424;420;FinishTrip;French;1
1425;420;StartTrip;French;1;6
1426;421;FinishTrip;1;Russian;6
1427;421;FinishTrip;0;German;3
1428;421;FinishTrip;French;6
1429;421;FinishTrip;1;English;6
1430;421;changeHouse;2;Russian;French;1;6
1431;421;StartTrip;Russian;6;1
1432;421;StartTrip;English;6;5
1433;421;StartTrip;German;3;4
1434;421;StartTrip;French;6;2
1435;422;FinishTrip;0;Chinese;6
1436;422;StartTrip;Chinese;6;2
1437;424;FinishTrip;English;5
1438;424;StartTrip;English;5;6
1439;425;FinishTrip;Russian;1
1440;425;StartTrip;Russian;1;3
1441;426;FinishTrip;German;4
1442;426;FinishTrip;0;French;2
1443;426;StartTrip;German;4;6
1444;426;StartTrip;French;2;6
1445;427;FinishTrip;Chinese;2
1446;427;StartTrip;Chinese;2;3
1447;429;FinishTrip;0;English;6
1448;429;FinishTrip;0;German;6
1449;429;StartTrip;English;6;5
1450;429;StartTrip;German;6;4
1451;430;FinishTrip;German;4
1452;430;StartTrip;German;4;6
1453;431;FinishTrip;0;Chinese;3
1454;431;StartTrip;Chinese;3;2
1455;432;FinishTrip;English;5
1456;432;StartTrip;English;5;6
1457;433;FinishTrip;0;German;6
1458;433;FinishTrip;0;Russian;3
1459;433;StartTrip;German;6;4
1460;433;StartTrip;Russian;3;1
1461;434;FinishTrip;Chinese;2
1462;434;FinishTrip;German;4
1463;434;StartTrip;Chinese;2;6
1464;434;StartTrip;German;4;6
1465;436;FinishTrip;French;6
1466;436;StartTrip;French;6;3
1467;437;FinishTrip;0;English;6
1468;437;FinishTrip;0;German;6
1469;437;StartTrip;English;6;5
1470;437;StartTrip;German;6;4
1471;438;FinishTrip;German;4
1472;438;FinishTrip;0;French;3
1473;438;StartTrip;German;4;6
1474;438;StartTrip;French;3;6
1475;440;FinishTrip;English;5
1476;440;StartTrip;English;5;6
1477;441;FinishTrip;0;German;6
1478;441;StartTrip;German;6;4
1479;442;FinishTrip;French;6
1480;442;FinishTrip;German;4
1481;442;StartTrip;French;6;2
1482;442;StartTrip;German;4;6
1483;444;FinishTrip;0;Chinese;6
1484;444;StartTrip;Chinese;6;2
1485;445;FinishTrip;0;English;6
1486;445;FinishTrip;0;German;6
1487;445;StartTrip;English;6;5
1488;445;StartTrip;German;6;4
1489;446;FinishTrip;German;4
1490;446;StartTrip;German;4;6
1491;447;FinishTrip;0;French;2
1492;447;StartTrip;French;2;6
1493;448;FinishTrip;English;5
1494;448;StartTrip;English;5;6
1495;449;FinishTrip;Chinese;2
1496;449;FinishTrip;0;German;6
1497;449;StartTrip;Chinese;2;6
1498;449;StartTrip;German;6;4
1499;450;FinishTrip;German;4
1500;450;StartTrip;German;4;6
1501;452;FinishTrip;0;American;1
1502;452;StartTrip;American;1;3
1503;453;FinishTrip;0;English;6
1504;453;FinishTrip;0;German;6
1505;453;StartTrip;English;6;5
1506;453;StartTrip;German;6;4
1507;454;FinishTrip;German;4
1508;454;StartTrip;German;4;6
1509;456;FinishTrip;English;5
1510;456;StartTrip;English;5;6
1511;457;FinishTrip;French;6
1512;457;FinishTrip;1;German;6
1513;457;StartTrip;French;6;2
1514;457;StartTrip;German;6;4
1515;458;FinishTrip;German;4
1516;458;StartTrip;German;4;6
1517;459;FinishTrip;0;Chinese;6
1518;459;StartTrip;Chinese;6;2
1519;460;FinishTrip;American;3
1520;460;StartTrip;American;3;2
1521;461;FinishTrip;0;German;6
1522;461;FinishTrip;0;English;6
1523;461;StartTrip;German;6;4
1524;461;StartTrip;English;6;5
1525;462;FinishTrip;German;4
1526;462;FinishTrip;0;French;2
1527;462;StartTrip;German;4;6
1528;462;StartTrip;French;2;6
1529;463;FinishTrip;0;American;2
1530;463;StartTrip;American;2;3
1531;464;FinishTrip;English;5
1532;464;FinishTrip;Chinese;2
1533;464;StartTrip;English;5;6
1534;464;StartTrip;Chinese;2;6
1535;465;FinishTrip;0;German;6
1536;465;StartTrip;German;6;4
1537;466;FinishTrip;German;4
1538;466;StartTrip;German;4;1
1539;467;FinishTrip;American;3
1540;467;StartTrip;American;3;6
1541;468;FinishTrip;0;German;1
1542;468;StartTrip;German;1;4
1543;469;FinishTrip;0;English;6
1544;469;StartTrip;English;6;5
1545;470;FinishTrip;German;4
1546;470;StartTrip;German;4;3
1547;471;FinishTrip;0;American;6
1548;471;StartTrip;American;6;3
1549;472;FinishTrip;English;5
1550;472;FinishTrip;French;6
1551;472;StartTrip;English;5;6
1552;472;StartTrip;French;6;5
1553;473;FinishTrip;American;3
1554;473;FinishTrip;1;German;3
1555;473;StartTrip;American;3;5
1556;473;StartTrip;German;3;4
1557;474;FinishTrip;0;Chinese;6
1558;474;StartTrip;Chinese;6;2
1559;475;FinishTrip;0;French;5
1560;475;FinishTrip;0;American;5
1561;475;StartTrip;French;5;6
1562;475;StartTrip;American;5;3
1563;477;FinishTrip;0;English;6
1564;477;StartTrip;English;6;5
1565;478;FinishTrip;German;4
1566;478;StartTrip;German;4;2
1567;479;FinishTrip;Chinese;2
1568;479;FinishTrip;American;3
1569;479;FinishTrip;1;German;2
1570;479;StartTrip;Chinese;2;4
1571;479;StartTrip;German;2;4
1572;479;StartTrip;American;3;4
1573;480;FinishTrip;French;6
1574;480;FinishTrip;English;5
1575;480;FinishTrip;German;4
1576;480;FinishTrip;1;Chinese;4
1577;480;StartTrip;French;6;4
1578;480;StartTrip;Chinese;4;2
1579;480;StartTrip;English;5;6
1580;480;StartTrip;German;4;6
1581;481;FinishTrip;Chinese;2
1582;481;FinishTrip;0;French;4
1583;481;StartTrip;Chinese;2;6
1584;481;StartTrip;French;4;6
1585;483;FinishTrip;0;German;6
1586;483;StartTrip;German;6;4
1587;484;FinishTrip;French;6
1588;484;FinishTrip;1;German;4
1589;484;FinishTrip;American;4
1590;484;ChangePet;2;German;American;Cat;Zebra
1591;484;changeHouse;2;German;American;3;4
1592;484;StartTrip;French;6;1
1593;484;StartTrip;American;4;6
1594;484;StartTrip;German;4;3
1595;485;FinishTrip;Russian;1
1596;485;FinishTrip;0;English;6
1597;485;StartTrip;Russian;1;6
1598;485;StartTrip;English;6;5
1599;486;FinishTrip;0;Russian;6
1600;486;StartTrip;Russian;6;1
1601;487;FinishTrip;German;3
1602;487;FinishTrip;0;American;6
1603;487;StartTrip;German;3;6
1604;487;StartTrip;American;6;4
1605;488;FinishTrip;English;5
1606;488;FinishTrip;American;4
1607;488;FinishTrip;0;French;1
1608;488;StartTrip;English;5;6
1609;488;StartTrip;French;1;6
1610;488;StartTrip;American;4;6
1611;489;FinishTrip;French;6
1612;489;StartTrip;French;6;1
1613;490;FinishTrip;Russian;1
1614;490;StartTrip;Russian;1;6
1615;491;FinishTrip;0;Chinese;6
1616;491;FinishTrip;0;Russian;6
1617;491;FinishTrip;0;German;6
1618;491;FinishTrip;0;American;6
1619;491;StartTrip;Chinese;6;2
1620;491;StartTrip;American;6;4
1621;491;StartTrip;Russian;6;1
1622;491;StartTrip;German;6;3
1623;492;FinishTrip;American;4
1624;492;StartTrip;American;4;3
1625;493;FinishTrip;German;3
1626;493;FinishTrip;0;French;1
1627;493;FinishTrip;0;English;6
1628;493;StartTrip;German;3;4
1629;493;StartTrip;English;6;5
1630;493;StartTrip;French;1;6
1631;494;FinishTrip;French;6
1632;494;StartTrip;French;6;5
1633;495;FinishTrip;Russian;1
1634;495;FinishTrip;0;American;3
1635;495;StartTrip;Russian;1;6
1636;495;StartTrip;American;3;4
1637;496;FinishTrip;Chinese;2
1638;496;FinishTrip;English;5
1639;496;FinishTrip;0;Russian;6
1640;496;StartTrip;Chinese;2;6
1641;496;StartTrip;Russian;6;1
1642;496;StartTrip;English;5;6
1643;497;FinishTrip;0;French;5
1644;497;StartTrip;French;5;6
1645;498;FinishTrip;0;German;4
1646;498;StartTrip;German;4;3
1647;500;FinishTrip;American;4
1648;500;FinishTrip;Russian;1
1649;500;StartTrip;American;4;5
1650;500;StartTrip;Russian;1;6
1651;501;FinishTrip;German;3
1652;501;FinishTrip;0;Russian;6
1653;501;FinishTrip;0;English;6
1654;501;StartTrip;German;3;4
1655;501;StartTrip;English;6;5
1656;501;StartTrip;Russian;6;1
1657;502;FinishTrip;French;6
1658;502;StartTrip;French;6;1
1659;504;FinishTrip;English;5
1660;504;StartTrip;English;5;6
1661;505;FinishTrip;Russian;1
1662;505;StartTrip;Russian;1;6
1663;506;FinishTrip;0;French;1
1664;506;FinishTrip;0;Russian;6
1665;506;FinishTrip;0;Chinese;6
1666;506;FinishTrip;0;German;4
1667;506;FinishTrip;0;American;5
1668;506;StartTrip;French;1;6
1669;506;StartTrip;Russian;6;1
1670;506;StartTrip;American;5;4
1671;506;StartTrip;German;4;3
1672;506;StartTrip;Chinese;6;2
1673;507;FinishTrip;French;6
1674;507;StartTrip;French;6;1
1675;509;FinishTrip;German;3
1676;509;FinishTrip;0;English;6
1677;509;StartTrip;German;3;6
1678;509;StartTrip;English;6;5
1679;510;FinishTrip;Russian;1
1680;510;FinishTrip;American;4
1681;510;StartTrip;Russian;1;6
1682;510;StartTrip;American;4;3
1683;511;FinishTrip;Chinese;2
1684;511;FinishTrip;0;French;1
1685;511;FinishTrip;0;Russian;6
1686;511;StartTrip;Chinese;2;4
1687;511;StartTrip;Russian;6;1
1688;511;StartTrip;French;1;6
1689;512;FinishTrip;English;5
1690;512;FinishTrip;French;6
1691;512;FinishTrip;0;Chinese;4
1692;512;StartTrip;English;5;6
1693;512;StartTrip;Chinese;4;2
1694;512;StartTrip;French;6;2
1695;513;FinishTrip;Chinese;2
1696;513;FinishTrip;0;American;3
1697;513;FinishTrip;0;German;6
1698;513;StartTrip;Chinese;2;6
1699;513;StartTrip;German;6;3
1700;513;StartTrip;American;3;4
1701;515;FinishTrip;Russian;1
1702;515;FinishTrip;German;3
1703;515;StartTrip;Russian;1;4
1704;515;StartTrip;German;3;6
1705;517;FinishTrip;0;French;2
1706;517;FinishTrip;0;English;6
1707;517;FinishTrip;0;Russian;4
1708;517;StartTrip;French;2;6
1709;517;StartTrip;Russian;4;1
1710;517;StartTrip;English;6;5
1711;518;FinishTrip;American;4
1712;518;StartTrip;American;4;5
1713;519;FinishTrip;Russian;1
1714;519;FinishTrip;0;German;6
1715;519;StartTrip;Russian;1;6
1716;519;StartTrip;German;6;3
1717;520;FinishTrip;English;5
1718;520;FinishTrip;0;Russian;6
1719;520;StartTrip;English;5;6
1720;520;StartTrip;Russian;6;1
1721;521;FinishTrip;German;3
1722;521;StartTrip;German;3;6
1723;523;FinishTrip;0;Chinese;6
1724;523;StartTrip;Chinese;6;2
1725;524;FinishTrip;Russian;1
1726;524;FinishTrip;0;American;5
1727;524;StartTrip;Russian;1;6
1728;524;StartTrip;American;5;4
1729;525;FinishTrip;0;German;6
1730;525;FinishTrip;0;English;6
1731;525;FinishTrip;0;Russian;6
1732;525;StartTrip;German;6;3
1733;525;StartTrip;Russian;6;1
1734;525;StartTrip;English;6;5
1735;527;FinishTrip;French;6
1736;527;FinishTrip;German;3
1737;527;StartTrip;French;6;5
1738;527;StartTrip;German;3;6
1739;528;FinishTrip;Chinese;2
1740;528;FinishTrip;English;5
1741;528;FinishTrip;American;4
1742;528;StartTrip;Chinese;2;6
1743;528;StartTrip;American;4;5
1744;528;StartTrip;English;5;6
1745;529;FinishTrip;Russian;1
1746;529;StartTrip;Russian;1;6
1747;530;FinishTrip;0;French;5
1748;530;FinishTrip;0;Russian;6
1749;530;StartTrip;French;5;6
1750;530;StartTrip;Russian;6;1
1751;531;FinishTrip;0;German;6
1752;531;StartTrip;German;6;3
1753;533;FinishTrip;German;3
1754;533;FinishTrip;0;English;6
1755;533;StartTrip;German;3;6
1756;533;StartTrip;English;6;5
1757;534;FinishTrip;Russian;1
1758;534;FinishTrip;0;American;5
1759;534;StartTrip;Russian;1;6
1760;534;StartTrip;American;5;4
1761;535;FinishTrip;French;6
1762;535;FinishTrip;1;Russian;6
1763;535;StartTrip;French;6;2
1764;535;StartTrip;Russian;6;1
1765;536;FinishTrip;English;5
1766;536;StartTrip;English;5;6
1767;537;FinishTrip;0;German;6
1768;537;StartTrip;German;6;3
1769;538;FinishTrip;American;4
1770;538;FinishTrip;0;Chinese;6
1771;538;StartTrip;American;4;3
1772;538;StartTrip;Chinese;6;2
1773;539;FinishTrip;Russian;1
1774;539;FinishTrip;German;3
1775;539;StartTrip;Russian;1;6
1776;539;StartTrip;German;3;6
1777;540;FinishTrip;0;French;2
1778;540;FinishTrip;0;Russian;6
1779;540;StartTrip;French;2;6
1780;540;StartTrip;Russian;6;1
1781;541;FinishTrip;0;English;6
1782;541;FinishTrip;0;American;3
1783;541;StartTrip;English;6;5
1784;541;StartTrip;American;3;4
1785;543;FinishTrip;Chinese;2
1786;543;FinishTrip;0;German;6
1787;543;StartTrip;Chinese;2;5
1788;543;StartTrip;German;6;3
1789;544;FinishTrip;English;5
1790;544;FinishTrip;Russian;1
1791;544;StartTrip;English;5;6
1792;544;StartTrip;Russian;1;3
1793;545;FinishTrip;German;3
1794;545;FinishTrip;0;Chinese;5
1795;545;StartTrip;German;3;6
1796;545;StartTrip;Chinese;5;2
1797;546;FinishTrip;American;4
1798;546;FinishTrip;Chinese;2
1799;546;StartTrip;American;4;6
1800;546;StartTrip;Chinese;2;6
1801;549;FinishTrip;0;English;6
1802;549;FinishTrip;0;German;6
1803;549;FinishTrip;0;American;6
1804;549;StartTrip;English;6;5
1805;549;StartTrip;American;6;4
1806;549;StartTrip;German;6;3
1807;550;FinishTrip;French;6
1808;550;FinishTrip;American;4
1809;550;StartTrip;French;6;5
1810;550;StartTrip;American;4;5
1811;551;FinishTrip;German;3
1812;551;StartTrip;German;3;6
1813;552;FinishTrip;English;5
1814;552;FinishTrip;0;Russian;3
1815;552;StartTrip;English;5;6
1816;552;StartTrip;Russian;3;1
1817;553;FinishTrip;0;French;5
1818;553;StartTrip;French;5;6
1819;555;FinishTrip;0;German;6
1820;555;StartTrip;German;6;3
1821;556;FinishTrip;0;American;5
1822;556;FinishTrip;0;Chinese;6
1823;556;StartTrip;American;5;4
1824;556;StartTrip;Chinese;6;2
1825;557;FinishTrip;German;3
1826;557;FinishTrip;0;English;6
1827;557;StartTrip;German;3;6
1828;557;StartTrip;English;6;5
1829;558;FinishTrip;French;6
1830;558;StartTrip;French;6;3
1831;560;FinishTrip;English;5
1832;560;FinishTrip;American;4
1833;560;FinishTrip;0;French;3
1834;560;StartTrip;English;5;6
1835;560;StartTrip;French;3;6
1836;560;StartTrip;American;4;6
1837;561;FinishTrip;Chinese;2
1838;561;FinishTrip;0;German;6
1839;561;StartTrip;Chinese;2;6
1840;561;StartTrip;German;6;3
1841;563;FinishTrip;German;3
1842;563;FinishTrip;0;American;6
1843;563;StartTrip;German;3;6
1844;563;StartTrip;American;6;4
1845;564;FinishTrip;French;6
1846;564;FinishTrip;American;4
1847;564;StartTrip;French;6;1
1848;564;StartTrip;American;4;3
1849;565;FinishTrip;0;English;6
1850;565;StartTrip;English;6;5
1851;567;FinishTrip;0;American;3
1852;567;FinishTrip;0;German;6
1853;567;StartTrip;American;3;4
1854;567;StartTrip;German;6;3
1855;568;FinishTrip;English;5
1856;568;FinishTrip;0;French;1
1857;568;StartTrip;English;5;1
1858;568;StartTrip;French;1;6
1859;569;FinishTrip;German;3
1860;569;FinishTrip;French;6
1861;569;StartTrip;German;3;1
1862;569;StartTrip;French;6;5
1863;571;FinishTrip;0;Chinese;6
1864;571;StartTrip;Chinese;6;2
1865;572;FinishTrip;American;4
1866;572;FinishTrip;0;French;5
1867;572;FinishTrip;0;English;1
1868;572;StartTrip;American;4;1
1869;572;StartTrip;English;1;5
1870;572;StartTrip;French;5;6
1871;574;FinishTrip;0;American;1
1872;574;StartTrip;American;1;4
1873;575;FinishTrip;English;5
1874;575;StartTrip;English;5;3
1875;576;FinishTrip;American;4
1876;576;FinishTrip;Chinese;2
1877;576;StartTrip;American;4;1
1878;576;StartTrip;Chinese;2;6
1879;577;FinishTrip;French;6
1880;577;StartTrip;French;6;5
1881;578;FinishTrip;0;American;1
1882;578;StartTrip;American;1;4
1883;579;FinishTrip;0;English;3
1884;579;StartTrip;English;3;5
1885;580;FinishTrip;American;4
1886;580;FinishTrip;0;French;5
1887;580;StartTrip;American;4;6
1888;580;StartTrip;French;5;6
1889;581;FinishTrip;English;5
1890;581;StartTrip;English;5;6
1891;583;FinishTrip;0;American;6
1892;583;StartTrip;American;6;4
1893;584;FinishTrip;American;4
1894;584;StartTrip;American;4;1
1895;585;FinishTrip;French;6
1896;585;StartTrip;French;6;4
1897;586;FinishTrip;0;English;6
1898;586;FinishTrip;0;American;1
1899;586;FinishTrip;0;French;4
1900;586;FinishTrip;0;Chinese;6
1901;586;StartTrip;English;6;5
1902;586;StartTrip;Chinese;6;2
1903;586;StartTrip;American;1;4
1904;586;StartTrip;French;4;6
1905;588;FinishTrip;American;4
1906;588;StartTrip;American;4;5
1907;589;FinishTrip;French;6
1908;589;FinishTrip;English;5
1909;589;StartTrip;French;6;2
1910;589;StartTrip;English;5;6
1911;591;FinishTrip;Chinese;2
1912;591;StartTrip;Chinese;2;6
1913;594;FinishTrip;0;American;5
1914;594;FinishTrip;0;English;6
1915;594;FinishTrip;0;French;2
1916;594;StartTrip;American;5;4
1917;594;StartTrip;French;2;6
1918;594;StartTrip;English;6;5
1919;597;FinishTrip;English;5
1920;597;StartTrip;English;5;1
1921;598;FinishTrip;American;4
1922;598;StartTrip;American;4;3
1923;601;FinishTrip;0;English;1
1924;601;FinishTrip;0;American;3
1925;601;FinishTrip;0;Chinese;6
1926;601;StartTrip;English;1;5
1927;601;StartTrip;Chinese;6;2
1928;601;StartTrip;American;3;4
1929;604;FinishTrip;French;6
1930;604;FinishTrip;Russian;1
1931;604;FinishTrip;English;5
1932;604;StartTrip;French;6;1
1933;604;StartTrip;English;5;6
1934;604;StartTrip;Russian;1;6
1935;605;FinishTrip;0;Russian;6
1936;605;StartTrip;Russian;6;1
1937;606;FinishTrip;Chinese;2
1938;606;FinishTrip;American;4
1939;606;StartTrip;Chinese;2;4
1940;606;StartTrip;American;4;3
1941;607;FinishTrip;0;Chinese;4
1942;607;StartTrip;Chinese;4;2
1943;608;FinishTrip;Chinese;2
1944;608;FinishTrip;0;French;1
1945;608;StartTrip;Chinese;2;6
1946;608;StartTrip;French;1;6
1947;609;FinishTrip;1;French;6
1948;609;FinishTrip;Russian;1
1949;609;FinishTrip;0;American;3
1950;609;FinishTrip;English;6
1951;609;changeHouse;2;English;French;6;5
1952;609;StartTrip;French;6;5
1953;609;StartTrip;English;6;1
1954;609;StartTrip;Russian;1;6
1955;609;StartTrip;American;3;4
1956;610;FinishTrip;0;Russian;6
1957;610;StartTrip;Russian;6;1
1958;612;FinishTrip;French;5
1959;612;StartTrip;French;5;6
1960;613;FinishTrip;0;English;1
1961;613;StartTrip;English;1;6
1962;614;FinishTrip;American;4
1963;614;FinishTrip;English;6
1964;614;FinishTrip;Russian;1
1965;614;StartTrip;American;4;3
1966;614;StartTrip;Russian;1;6
1967;614;StartTrip;English;6;5
1968;615;FinishTrip;0;Russian;6
1969;615;StartTrip;Russian;6;1
1970;617;FinishTrip;0;English;5
1971;617;FinishTrip;0;French;6
1972;617;FinishTrip;0;American;3
1973;617;StartTrip;English;5;6
1974;617;StartTrip;American;3;4
1975;617;StartTrip;French;6;5
1976;618;FinishTrip;0;Chinese;6
1977;618;StartTrip;Chinese;6;2
1978;619;FinishTrip;Russian;1
1979;619;StartTrip;Russian;1;6
1980;620;FinishTrip;French;5
1981;620;FinishTrip;0;Russian;6
1982;620;StartTrip;French;5;3
1983;620;StartTrip;Russian;6;1
1984;621;FinishTrip;0;German;1
1985;621;StartTrip;German;1;3
1986;622;FinishTrip;American;4
1987;622;FinishTrip;English;6
1988;622;StartTrip;American;4;5
1989;622;StartTrip;English;6;3
1990;623;FinishTrip;Chinese;2
1991;623;StartTrip;Chinese;2;6
1992;624;FinishTrip;Russian;1
1993;624;FinishTrip;0;English;3
1994;624;FinishTrip;0;French;3
1995;624;StartTrip;Russian;1;4
1996;624;StartTrip;French;3;5
1997;624;StartTrip;English;3;6
1998;626;FinishTrip;French;5
1999;626;FinishTrip;0;Russian;4
2000;626;StartTrip;French;5;1
2001;626;StartTrip;Russian;4;1
2002;628;FinishTrip;English;6
2003;628;FinishTrip;Russian;1
2004;628;FinishTrip;0;American;5
2005;628;StartTrip;English;6;2
2006;628;StartTrip;American;5;4
2007;628;StartTrip;Russian;1;4
2008;629;FinishTrip;German;3
2009;629;StartTrip;German;3;6
2010;630;FinishTrip;0;Russian;4
2011;630;FinishTrip;0;French;1
2012;630;StartTrip;Russian;4;1
2013;630;StartTrip;French;1;5
2014;632;FinishTrip;American;4
2015;632;FinishTrip;Russian;1
2016;632;StartTrip;American;4;1
2017;632;StartTrip;Russian;1;6
2018;633;FinishTrip;French;5
2019;633;FinishTrip;0;German;6
2020;633;FinishTrip;0;Russian;6
2021;633;FinishTrip;0;Chinese;6
2022;633;FinishTrip;0;English;2
2023;633;StartTrip;French;5;4
2024;633;StartTrip;German;6;3
2025;633;StartTrip;English;2;6
2026;633;StartTrip;Chinese;6;2
2027;633;StartTrip;Russian;6;1
2028;634;FinishTrip;0;American;1
2029;634;StartTrip;American;1;4
2030;635;FinishTrip;German;3
2031;635;StartTrip;German;3;6
2032;636;FinishTrip;American;4
2033;636;StartTrip;American;4;1
2034;637;FinishTrip;Russian;1
2035;637;FinishTrip;0;French;4
2036;637;StartTrip;Russian;1;6
2037;637;StartTrip;French;4;5
2038;638;FinishTrip;Chinese;2
2039;638;FinishTrip;0;American;1
2040;638;FinishTrip;0;Russian;6
2041;638;StartTrip;Chinese;2;6
2042;638;StartTrip;Russian;6;1
2043;638;StartTrip;American;1;4
2044;639;FinishTrip;0;German;6
2045;639;StartTrip;German;6;3
2046;640;FinishTrip;American;4
2047;640;StartTrip;American;4;1
2048;641;FinishTrip;German;3
2049;641;StartTrip;German;3;6
2050;642;FinishTrip;1;Russian;1
2051;642;FinishTrip;American;1
2052;642;changeHouse;2;Russian;American;4;1
2053;642;StartTrip;Russian;1;4
2054;642;StartTrip;American;1;3
2055;643;FinishTrip;French;5
2056;643;FinishTrip;English;6
2057;643;StartTrip;French;5;6
2058;643;StartTrip;English;6;3
2059;644;FinishTrip;Russian;4
2060;644;StartTrip;Russian;4;6
2061;645;FinishTrip;0;German;6
2062;645;FinishTrip;0;English;3
2063;645;StartTrip;German;6;3
2064;645;StartTrip;English;3;6
2065;647;FinishTrip;German;3
2066;647;FinishTrip;0;Russian;6
2067;647;StartTrip;German;3;6
2068;647;StartTrip;Russian;6;4
2069;648;FinishTrip;Russian;4
2070;648;FinishTrip;0;French;6
2071;648;FinishTrip;0;Chinese;6
2072;648;StartTrip;Russian;4;6
2073;648;StartTrip;Chinese;6;2
2074;648;StartTrip;French;6;5
2075;649;FinishTrip;English;6
2076;649;StartTrip;English;6;5
2077;650;FinishTrip;0;American;3
2078;650;StartTrip;American;3;1
2079;651;FinishTrip;French;5
2080;651;FinishTrip;0;German;6
2081;651;FinishTrip;0;Russian;6
2082;651;StartTrip;French;5;6
2083;651;StartTrip;Russian;6;4
2084;651;StartTrip;German;6;3
2085;652;FinishTrip;Russian;4
2086;652;FinishTrip;0;English;5
2087;652;StartTrip;Russian;4;5
2088;652;StartTrip;English;5;6
2089;653;FinishTrip;German;3
2090;653;FinishTrip;Chinese;2
2091;653;StartTrip;German;3;6
2092;653;StartTrip;Chinese;2;6
2093;656;FinishTrip;0;French;6
2094;656;StartTrip;French;6;5
2095;657;FinishTrip;English;6
2096;657;FinishTrip;1;German;6
2097;657;StartTrip;English;6;5
2098;657;StartTrip;German;6;3
2099;658;FinishTrip;0;Russian;5
2100;658;StartTrip;Russian;5;4
2101;659;FinishTrip;French;5
2102;659;FinishTrip;German;3
2103;659;StartTrip;French;5;6
2104;659;StartTrip;German;3;6
2105;660;FinishTrip;0;English;5
2106;660;StartTrip;English;5;6
2107;662;FinishTrip;Russian;4
2108;662;StartTrip;Russian;4;6
2109;663;FinishTrip;0;German;6
2110;663;FinishTrip;0;Chinese;6
2111;663;StartTrip;German;6;3
2112;663;StartTrip;Chinese;6;2
2113;664;FinishTrip;0;French;6
2114;664;StartTrip;French;6;5
2115;665;FinishTrip;English;6
2116;665;FinishTrip;German;3
2117;665;FinishTrip;1;Russian;6
2118;665;StartTrip;English;6;1
2119;665;StartTrip;Russian;6;4
2120;665;StartTrip;German;3;6
2121;666;FinishTrip;Russian;4
2122;666;StartTrip;Russian;4;6
2123;667;FinishTrip;French;5
2124;667;StartTrip;French;5;6
2125;668;FinishTrip;Chinese;2
2126;668;StartTrip;Chinese;2;6
2127;669;FinishTrip;0;German;6
2128;669;FinishTrip;0;English;1
2129;669;FinishTrip;0;Russian;6
2130;669;StartTrip;German;6;3
2131;669;StartTrip;Russian;6;4
2132;669;StartTrip;English;1;6
2133;670;FinishTrip;Russian;4
2134;670;FinishTrip;English;6
2135;670;StartTrip;Russian;4;6
2136;670;StartTrip;English;6;5
2137;671;FinishTrip;German;3
2138;671;StartTrip;German;3;6
2139;672;FinishTrip;0;French;6
2140;672;StartTrip;French;6;5
2141;673;FinishTrip;0;English;5
2142;673;FinishTrip;0;Russian;6
2143;673;StartTrip;English;5;6
2144;673;StartTrip;Russian;6;4
2145;674;FinishTrip;Russian;4
2146;674;StartTrip;Russian;4;3
2147;675;FinishTrip;French;5
2148;675;FinishTrip;0;German;6
2149;675;StartTrip;French;5;6
2150;675;StartTrip;German;6;3
2151;677;FinishTrip;German;3
2152;677;FinishTrip;1;Russian;3
2153;677;ChangePet;2;Russian;German;Cat;Fish
2154;677;StartTrip;German;3;6
2155;677;StartTrip;Russian;3;4
2156;678;FinishTrip;English;6
2157;678;FinishTrip;1;Chinese;6
2158;678;StartTrip;English;6;4
2159;678;StartTrip;Chinese;6;2
2160;679;FinishTrip;0;English;4
2161;679;StartTrip;English;4;6
2162;680;FinishTrip;0;French;6
2163;680;StartTrip;French;6;5
2164;681;FinishTrip;0;German;6
2165;681;StartTrip;German;6;3
2166;682;FinishTrip;Russian;4
2167;682;FinishTrip;English;6
2168;682;StartTrip;Russian;4;5
2169;682;StartTrip;English;6;4
2170;683;FinishTrip;German;3
2171;683;FinishTrip;Chinese;2
2172;683;FinishTrip;French;5
2173;683;FinishTrip;0;English;4
2174;683;StartTrip;German;3;4
2175;683;StartTrip;English;4;6
2176;683;StartTrip;Chinese;2;6
2177;683;StartTrip;French;5;6
2178;686;FinishTrip;English;6
2179;686;StartTrip;English;6;1
2180;688;FinishTrip;0;German;4
2181;688;FinishTrip;0;French;6
2182;688;FinishTrip;0;Russian;5
2183;688;StartTrip;German;4;3
2184;688;StartTrip;Russian;5;4
2185;688;StartTrip;French;6;5
2186;690;FinishTrip;0;English;1
2187;690;StartTrip;English;1;6
2188;691;FinishTrip;French;5
2189;691;FinishTrip;English;6
2190;691;FinishTrip;German;3
2191;691;StartTrip;French;5;6
2192;691;StartTrip;German;3;2
2193;691;StartTrip;English;6;1
2194;692;FinishTrip;Russian;4
2195;692;StartTrip;Russian;4;1
2196;693;FinishTrip;0;Chinese;6
2197;693;StartTrip;Chinese;6;2
2198;694;FinishTrip;0;Russian;1
2199;694;FinishTrip;0;German;2
2200;694;StartTrip;Russian;1;4
2201;694;StartTrip;German;2;3
2202;695;FinishTrip;0;English;1
2203;695;StartTrip;English;1;6
2204;696;FinishTrip;English;6
2205;696;FinishTrip;Russian;4
2206;696;FinishTrip;1;French;6
2207;696;StartTrip;English;6;2
2208;696;StartTrip;French;6;5
2209;696;StartTrip;Russian;4;5
2210;698;FinishTrip;Chinese;2
2211;698;FinishTrip;German;3
2212;698;StartTrip;Chinese;2;6
2213;698;StartTrip;German;3;6
2214;699;FinishTrip;French;5
2215;699;StartTrip;French;5;6
2216;701;FinishTrip;0;English;2
2217;701;StartTrip;English;2;6
2218;702;FinishTrip;American;1
2219;702;FinishTrip;0;Russian;5
2220;702;FinishTrip;0;German;6
2221;702;StartTrip;American;1;3
2222;702;StartTrip;German;6;3
2223;702;StartTrip;Russian;5;4
2224;704;FinishTrip;German;3
2225;704;FinishTrip;0;French;6
2226;704;StartTrip;German;3;6
2227;704;StartTrip;French;6;5
2228;706;FinishTrip;Russian;4
2229;706;StartTrip;Russian;4;6
2230;707;FinishTrip;French;5
2231;707;StartTrip;French;5;6
2232;708;FinishTrip;0;Chinese;6
2233;708;FinishTrip;0;German;6
2234;708;StartTrip;Chinese;6;2
2235;708;StartTrip;German;6;3
2236;709;FinishTrip;0;Russian;6
2237;709;StartTrip;Russian;6;4
2238;710;FinishTrip;1;German;3
2239;710;FinishTrip;Russian;4
2240;710;FinishTrip;American;3
2241;710;changeHouse;2;German;American;1;3
2242;710;StartTrip;German;3;1
2243;710;StartTrip;American;3;4
2244;710;StartTrip;Russian;4;6
2245;711;FinishTrip;English;6
2246;711;StartTrip;English;6;1
2247;712;FinishTrip;0;French;6
2248;712;StartTrip;French;6;5
2249;713;FinishTrip;Chinese;2
2250;713;FinishTrip;0;Russian;6
2251;713;StartTrip;Chinese;2;6
2252;713;StartTrip;Russian;6;4
2253;714;FinishTrip;Russian;4
2254;714;StartTrip;Russian;4;6
2255;715;FinishTrip;French;5
2256;715;FinishTrip;0;American;4
2257;715;FinishTrip;0;English;1
2258;715;StartTrip;French;5;6
2259;715;StartTrip;English;1;6
2260;715;StartTrip;American;4;3
2261;716;FinishTrip;English;6
2262;716;StartTrip;English;6;5
2263;717;FinishTrip;0;Russian;6
2264;717;StartTrip;Russian;6;4
2265;718;FinishTrip;American;3
2266;718;FinishTrip;Russian;4
2267;718;StartTrip;American;3;6
2268;718;StartTrip;Russian;4;6
2269;719;FinishTrip;0;English;5
2270;719;StartTrip;English;5;6
2271;720;FinishTrip;0;French;6
2272;720;StartTrip;French;6;5
2273;721;FinishTrip;0;Russian;6
2274;721;StartTrip;Russian;6;4
2275;722;FinishTrip;Russian;4
2276;722;FinishTrip;0;American;6
2277;722;StartTrip;Russian;4;5
2278;722;StartTrip;American;6;3
2279;723;FinishTrip;French;5
2280;723;FinishTrip;0;Chinese;6
2281;723;StartTrip;French;5;6
2282;723;StartTrip;Chinese;6;2
2283;724;FinishTrip;American;3
2284;724;FinishTrip;English;6
2285;724;StartTrip;American;3;2
2286;724;StartTrip;English;6;3
2287;726;FinishTrip;0;English;3
2288;726;StartTrip;English;3;6
2289;727;FinishTrip;0;American;2
2290;727;StartTrip;American;2;3
2291;728;FinishTrip;Chinese;2
2292;728;FinishTrip;0;French;6
2293;728;FinishTrip;0;Russian;5
2294;728;StartTrip;Chinese;2;6
2295;728;StartTrip;Russian;5;4
2296;728;StartTrip;French;6;5
2297;730;FinishTrip;English;6
2298;730;StartTrip;English;6;4
2299;731;FinishTrip;French;5
2300;731;FinishTrip;American;3
2301;731;FinishTrip;0;English;4
2302;731;StartTrip;French;5;6
2303;731;StartTrip;English;4;6
2304;731;StartTrip;American;3;2
2305;732;FinishTrip;Russian;4
2306;732;StartTrip;Russian;4;1
2307;734;FinishTrip;English;6
2308;734;FinishTrip;0;American;2
2309;734;FinishTrip;0;Russian;1
2310;734;StartTrip;English;6;3
2311;734;StartTrip;Russian;1;4
2312;734;StartTrip;American;2;3
2313;736;FinishTrip;Russian;4
2314;736;FinishTrip;0;French;6
2315;736;FinishTrip;0;English;3
2316;736;StartTrip;Russian;4;5
2317;736;StartTrip;English;3;6
2318;736;StartTrip;French;6;5
2319;738;FinishTrip;American;3
2320;738;FinishTrip;0;Chinese;6
2321;738;StartTrip;American;3;6
2322;738;StartTrip;Chinese;6;2
2323;739;FinishTrip;French;5
2324;739;StartTrip;French;5;6
2325;740;FinishTrip;English;6
2326;740;StartTrip;English;6;2
2327;742;FinishTrip;0;American;6
2328;742;FinishTrip;0;Russian;5
2329;742;StartTrip;American;6;3
2330;742;StartTrip;Russian;5;4
2331;743;FinishTrip;Chinese;2
2332;743;StartTrip;Chinese;2;1
2333;744;FinishTrip;American;3
2334;744;FinishTrip;0;French;6
2335;744;StartTrip;American;3;5
2336;744;StartTrip;French;6;5
2337;745;FinishTrip;0;English;2
2338;745;StartTrip;English;2;6
2339;746;FinishTrip;Russian;4
2340;746;FinishTrip;0;American;5
2341;746;StartTrip;Russian;4;6
2342;746;StartTrip;American;5;3
2343;747;FinishTrip;French;5
2344;747;StartTrip;French;5;6
2345;748;FinishTrip;0;Chinese;1
2346;748;StartTrip;Chinese;1;2
2347;749;FinishTrip;0;Russian;6
2348;749;StartTrip;Russian;6;4
2349;750;FinishTrip;American;3
2350;750;FinishTrip;Russian;4
2351;750;StartTrip;American;3;1
2352;750;StartTrip;Russian;4;1
2353;752;FinishTrip;0;French;6
2354;752;FinishTrip;0;Russian;1
2355;752;StartTrip;French;6;5
2356;752;StartTrip;Russian;1;4
2357;754;FinishTrip;Chinese;2
2358;754;FinishTrip;Russian;4
2359;754;StartTrip;Chinese;2;6
2360;754;StartTrip;Russian;4;6
2361;755;FinishTrip;English;6
2362;755;FinishTrip;French;5
2363;755;StartTrip;English;6;1
2364;755;StartTrip;French;5;6
2365;757;FinishTrip;0;Russian;6
2366;757;StartTrip;Russian;6;4
2367;758;FinishTrip;Russian;4
2368;758;StartTrip;Russian;4;1
2369;759;FinishTrip;0;English;1
2370;759;StartTrip;English;1;6
2371;760;FinishTrip;English;6
2372;760;FinishTrip;1;French;6
2373;760;FinishTrip;0;Russian;1
2374;760;StartTrip;English;6;4
2375;760;StartTrip;Russian;1;4
2376;760;StartTrip;French;6;5
2377;761;FinishTrip;0;English;4
2378;761;StartTrip;English;4;6
2379;762;FinishTrip;German;1
2380;762;FinishTrip;Russian;4
2381;762;StartTrip;German;1;6
2382;762;StartTrip;Russian;4;5
2383;763;FinishTrip;French;5
2384;763;FinishTrip;0;German;6
2385;763;StartTrip;French;5;6
2386;763;StartTrip;German;6;1
2387;764;FinishTrip;English;6
2388;764;FinishTrip;1;Chinese;6
2389;764;StartTrip;English;6;3
2390;764;StartTrip;Chinese;6;2
2391;766;FinishTrip;0;English;3
2392;766;StartTrip;English;3;6
2393;767;FinishTrip;German;1
2394;767;StartTrip;German;1;3
2395;768;FinishTrip;0;Russian;5
2396;768;FinishTrip;0;French;6
2397;768;StartTrip;Russian;5;4
2398;768;StartTrip;French;6;5
2399;769;FinishTrip;Chinese;2
2400;769;StartTrip;Chinese;2;4
2401;770;FinishTrip;English;6
2402;770;FinishTrip;0;Chinese;4
2403;770;StartTrip;English;6;4
2404;770;StartTrip;Chinese;4;2
2405;771;FinishTrip;French;5
2406;771;FinishTrip;Chinese;2
2407;771;FinishTrip;0;English;4
2408;771;StartTrip;French;5;6
2409;771;StartTrip;English;4;6
2410;771;StartTrip;Chinese;2;6
2411;772;FinishTrip;Russian;4
2412;772;StartTrip;Russian;4;6
2413;774;FinishTrip;English;6
2414;774;StartTrip;English;6;1
2415;775;FinishTrip;0;German;3
2416;775;FinishTrip;0;Russian;6
2417;775;StartTrip;German;3;1
2418;775;StartTrip;Russian;6;4
2419;776;FinishTrip;Russian;4
2420;776;FinishTrip;0;French;6
2421;776;StartTrip;Russian;4;6
2422;776;StartTrip;French;6;5
2423;778;FinishTrip;0;English;1
2424;778;StartTrip;English;1;6
2425;779;FinishTrip;French;5
2426;779;FinishTrip;1;English;6
2427;779;FinishTrip;Russian;6
2428;779;ChangePet;2;Russian;English;Dog;Cat
2429;779;changeHouse;2;Russian;English;6;4
2430;779;StartTrip;French;5;6
2431;779;StartTrip;Russian;6;4
2432;779;StartTrip;English;6;4
2433;780;FinishTrip;1;English;4
2434;780;FinishTrip;Russian;4
2435;780;changeHouse;2;Russian;English;4;6
2436;780;StartTrip;English;4;6
2437;780;StartTrip;Russian;4;6
2438;781;FinishTrip;0;Chinese;6
2439;781;StartTrip;Chinese;6;2
2440;783;FinishTrip;1;English;6
2441;783;FinishTrip;Russian;6
2442;783;changeHouse;2;Russian;English;6;4
2443;783;StartTrip;English;6;4
2444;783;StartTrip;Russian;6;1
2445;784;FinishTrip;English;4
2446;784;FinishTrip;0;French;6
2447;784;StartTrip;English;4;6
2448;784;StartTrip;French;6;5
2449;786;FinishTrip;Chinese;2
2450;786;StartTrip;Chinese;2;1
2451;787;FinishTrip;French;5
2452;787;FinishTrip;0;Russian;1
2453;787;FinishTrip;0;English;6
2454;787;StartTrip;French;5;6
2455;787;StartTrip;English;6;4
2456;787;StartTrip;Russian;1;6
2457;788;FinishTrip;English;4
2458;788;FinishTrip;Russian;6
2459;788;StartTrip;English;4;6
2460;788;StartTrip;Russian;6;2
2461;791;FinishTrip;0;Chinese;1
2462;791;FinishTrip;0;English;6
2463;791;StartTrip;Chinese;1;2
2464;791;StartTrip;English;6;4
2465;792;FinishTrip;English;4
2466;792;FinishTrip;0;French;6
2467;792;StartTrip;English;4;6
2468;792;StartTrip;French;6;5
2469;793;FinishTrip;0;Russian;2
2470;793;StartTrip;Russian;2;6
2471;795;FinishTrip;French;5
2472;795;FinishTrip;0;English;6
2473;795;StartTrip;French;5;6
2474;795;StartTrip;English;6;4
2475;796;FinishTrip;English;4
2476;796;StartTrip;English;4;6
2477;797;FinishTrip;Chinese;2
2478;797;StartTrip;Chinese;2;6
2479;799;FinishTrip;0;English;6
2480;799;StartTrip;English;6;4
2481;800;FinishTrip;English;4
2482;800;FinishTrip;0;French;6
2483;800;StartTrip;English;4;6
2484;800;StartTrip;French;6;5
2485;802;FinishTrip;0;American;1
2486;802;StartTrip;American;1;3
2487;803;FinishTrip;French;5
2488;803;FinishTrip;1;Russian;6
2489;803;FinishTrip;English;6
2490;803;changeHouse;2;Russian;English;4;6
2491;803;StartTrip;French;5;6
2492;803;StartTrip;English;6;2
2493;803;StartTrip;Russian;6;4
2494;804;FinishTrip;Russian;4
2495;804;StartTrip;Russian;4;6
2496;807;FinishTrip;0;Chinese;6
2497;807;FinishTrip;0;Russian;6
2498;807;StartTrip;Chinese;6;2
2499;807;StartTrip;Russian;6;4
2500;808;FinishTrip;Russian;4
2501;808;FinishTrip;0;French;6
2502;808;FinishTrip;0;English;2
2503;808;StartTrip;Russian;4;3
2504;808;StartTrip;English;2;6
2505;808;StartTrip;French;6;5
2506;810;FinishTrip;American;3
2507;810;StartTrip;American;3;4
2508;811;FinishTrip;French;5
2509;811;FinishTrip;0;Russian;3
2510;811;StartTrip;French;5;1
2511;811;StartTrip;Russian;3;4
2512;812;FinishTrip;Chinese;2
2513;812;StartTrip;Chinese;2;6
2514;815;FinishTrip;0;American;4
2515;815;FinishTrip;0;French;1
2516;815;StartTrip;American;4;3
2517;815;StartTrip;French;1;5
2518;816;FinishTrip;Russian;4
2519;816;StartTrip;Russian;4;6
2520;818;FinishTrip;French;5
2521;818;FinishTrip;English;6
2522;818;FinishTrip;American;3
2523;818;StartTrip;French;5;6
2524;818;StartTrip;American;3;4
2525;818;StartTrip;English;6;4
2526;819;FinishTrip;0;Russian;6
2527;819;FinishTrip;0;English;4
2528;819;StartTrip;Russian;6;4
2529;819;StartTrip;English;4;6
2530;820;FinishTrip;Russian;4
2531;820;StartTrip;Russian;4;1
2532;822;FinishTrip;English;6
2533;822;FinishTrip;0;Russian;1
2534;822;FinishTrip;1;Chinese;6
2535;822;StartTrip;English;6;3
2536;822;StartTrip;Chinese;6;2
2537;822;StartTrip;Russian;1;4
2538;823;FinishTrip;0;American;4
2539;823;FinishTrip;0;French;6
2540;823;StartTrip;American;4;3
2541;823;StartTrip;French;6;5
2542;824;FinishTrip;Russian;4
2543;824;FinishTrip;0;English;3
2544;824;StartTrip;Russian;4;6
2545;824;StartTrip;English;3;6
2546;826;FinishTrip;French;5
2547;826;FinishTrip;American;3
2548;826;StartTrip;French;5;3
2549;826;StartTrip;American;3;5
2550;827;FinishTrip;Chinese;2
2551;827;FinishTrip;German;1
2552;827;FinishTrip;0;Russian;6
2553;827;StartTrip;Chinese;2;6
2554;827;StartTrip;Russian;6;4
2555;827;StartTrip;German;1;6
2556;828;FinishTrip;English;6
2557;828;FinishTrip;Russian;4
2558;828;FinishTrip;0;American;5
2559;828;FinishTrip;1;German;6
2560;828;StartTrip;English;6;1
2561;828;StartTrip;German;6;1
2562;828;StartTrip;Russian;4;6
2563;828;StartTrip;American;5;3
2564;830;FinishTrip;0;French;3
2565;830;StartTrip;French;3;5
2566;831;FinishTrip;0;Russian;6
2567;831;StartTrip;Russian;6;4
2568;832;FinishTrip;French;5
2569;832;FinishTrip;Russian;4
2570;832;FinishTrip;American;3
2571;832;FinishTrip;German;1
2572;832;FinishTrip;1;English;1
2573;832;StartTrip;French;5;6
2574;832;StartTrip;Russian;4;6
2575;832;StartTrip;English;1;6
2576;832;StartTrip;German;1;6
2577;832;StartTrip;American;3;4
2578;833;FinishTrip;English;6
2579;833;FinishTrip;1;German;6
2580;833;StartTrip;English;6;2
2581;833;StartTrip;German;6;1
2582;835;FinishTrip;0;Russian;6
2583;835;StartTrip;Russian;6;4
2584;836;FinishTrip;Russian;4
2585;836;StartTrip;Russian;4;1
2586;837;FinishTrip;German;1
2587;837;FinishTrip;0;Chinese;6
2588;837;FinishTrip;0;American;4
2589;837;FinishTrip;0;French;6
2590;837;StartTrip;German;1;3
2591;837;StartTrip;French;6;5
2592;837;StartTrip;Chinese;6;2
2593;837;StartTrip;American;4;3
2594;838;FinishTrip;0;Russian;1
2595;838;FinishTrip;0;English;2
2596;838;StartTrip;Russian;1;4
2597;838;StartTrip;English;2;6
2598;840;FinishTrip;American;3
2599;840;FinishTrip;French;5
2600;840;FinishTrip;Russian;4
2601;840;StartTrip;American;3;6
2602;840;StartTrip;Russian;4;6
2603;840;StartTrip;French;5;6
2604;842;FinishTrip;Chinese;2
2605;842;StartTrip;Chinese;2;4
2606;843;FinishTrip;0;Russian;6
2607;843;FinishTrip;0;Chinese;4
2608;843;StartTrip;Russian;6;4
2609;843;StartTrip;Chinese;4;2
2610;844;FinishTrip;Chinese;2
2611;844;FinishTrip;Russian;4
2612;844;FinishTrip;0;American;6
2613;844;StartTrip;Chinese;2;3
2614;844;StartTrip;American;6;3
2615;844;StartTrip;Russian;4;3
2616;845;FinishTrip;0;German;3
2617;845;FinishTrip;0;French;6
2618;845;StartTrip;German;3;1
2619;845;StartTrip;French;6;5
2620;846;FinishTrip;American;3
2621;846;StartTrip;American;3;6
2622;847;FinishTrip;0;Russian;3
2623;847;StartTrip;Russian;3;4
2624;848;FinishTrip;French;5
2625;848;FinishTrip;English;6
2626;848;FinishTrip;0;Chinese;3
2627;848;StartTrip;French;5;3
2628;848;StartTrip;Chinese;3;2
2629;848;StartTrip;English;6;1
2630;850;FinishTrip;0;American;6
2631;850;StartTrip;American;6;3
2632;851;FinishTrip;Chinese;2
2633;851;StartTrip;Chinese;2;6
2634;852;FinishTrip;American;3
2635;852;FinishTrip;Russian;4
2636;852;FinishTrip;0;English;1
2637;852;FinishTrip;1;French;3
2638;852;StartTrip;American;3;6
2639;852;StartTrip;French;3;5
2640;852;StartTrip;Russian;4;6
2641;852;StartTrip;English;1;6
2642;853;FinishTrip;English;6
2643;853;StartTrip;English;6;5
2644;854;FinishTrip;French;5
2645;854;StartTrip;French;5;6
2646;855;FinishTrip;0;Russian;6
2647;855;StartTrip;Russian;6;4
2648;856;FinishTrip;Russian;4
2649;856;FinishTrip;0;English;5
2650;856;FinishTrip;0;American;6
2651;856;StartTrip;Russian;4;6
2652;856;StartTrip;American;6;3
2653;856;StartTrip;English;5;6
2654;858;FinishTrip;American;3
2655;858;StartTrip;American;3;4
2656;859;FinishTrip;0;French;6
2657;859;FinishTrip;0;Russian;6
2658;859;StartTrip;French;6;5
2659;859;StartTrip;Russian;6;4
2660;860;FinishTrip;Russian;4
2661;860;StartTrip;Russian;4;6
2662;861;FinishTrip;English;6
2663;861;FinishTrip;1;Chinese;6
2664;861;StartTrip;English;6;3
2665;861;StartTrip;Chinese;6;2
2666;862;FinishTrip;French;5
2667;862;StartTrip;French;5;6
2668;863;FinishTrip;0;Russian;6
2669;863;FinishTrip;0;American;4
2670;863;FinishTrip;0;English;3
2671;863;StartTrip;Russian;6;4
2672;863;StartTrip;English;3;6
2673;863;StartTrip;American;4;3
2674;864;FinishTrip;Russian;4
2675;864;StartTrip;Russian;4;3
2676;866;FinishTrip;American;3
2677;866;FinishTrip;Chinese;2
2678;866;StartTrip;American;3;5
2679;866;StartTrip;Chinese;2;6
2680;867;FinishTrip;1;English;6
2681;867;FinishTrip;0;Russian;3
2682;867;FinishTrip;French;6
2683;867;changeHouse;2;English;French;5;6
2684;867;StartTrip;English;6;5
2685;867;StartTrip;French;6;3
2686;867;StartTrip;Russian;3;4
2687;868;FinishTrip;0;American;5
2688;868;StartTrip;American;5;3
2689;869;FinishTrip;0;French;3
2690;869;StartTrip;French;3;6
2691;870;FinishTrip;English;5
2692;870;StartTrip;English;5;4
2693;872;FinishTrip;Russian;4
2694;872;FinishTrip;American;3
2695;872;StartTrip;Russian;4;2
2696;872;StartTrip;American;3;6
2697;873;FinishTrip;French;6
2698;873;FinishTrip;0;Russian;2
2699;873;StartTrip;French;6;4
2700;873;StartTrip;Russian;2;4
2701;874;FinishTrip;1;Russian;4
2702;874;FinishTrip;1;English;4
2703;874;FinishTrip;French;4
2704;874;ChangePet;2;Russian;English;Cat;Dog
2705;874;changeHouse;2;Russian;French;6;4
2706;874;StartTrip;Russian;4;6
2707;874;StartTrip;French;4;5
2708;874;StartTrip;English;4;5
2709;876;FinishTrip;0;American;6
2710;876;FinishTrip;0;Chinese;6
2711;876;StartTrip;American;6;3
2712;876;StartTrip;Chinese;6;2
2713;877;FinishTrip;Russian;6
2714;877;StartTrip;Russian;6;5
2715;878;FinishTrip;American;3
2716;878;StartTrip;American;3;6
2717;880;FinishTrip;English;5
2718;880;FinishTrip;1;Russian;5
2719;880;FinishTrip;1;French;5
2720;880;StartTrip;English;5;6
2721;880;StartTrip;French;5;4
2722;880;StartTrip;Russian;5;6
2723;881;FinishTrip;Chinese;2
2724;881;StartTrip;Chinese;2;6
2725;882;FinishTrip;0;American;6
2726;882;StartTrip;American;6;3
2727;884;FinishTrip;French;4
2728;884;FinishTrip;American;3
2729;884;StartTrip;French;4;3
2730;884;StartTrip;American;3;6
2731;885;FinishTrip;1;Russian;6
2732;885;FinishTrip;English;6
2733;885;changeHouse;2;Russian;English;5;6
2734;885;StartTrip;Russian;6;5
2735;885;StartTrip;English;6;4
2736;886;FinishTrip;0;English;4
2737;886;StartTrip;English;4;6
2738;887;FinishTrip;0;French;3
2739;887;StartTrip;French;3;4
2740;888;FinishTrip;Russian;5
2741;888;FinishTrip;0;American;6
2742;888;StartTrip;Russian;5;6
2743;888;StartTrip;American;6;3
2744;889;FinishTrip;English;6
2745;889;StartTrip;English;6;5
2746;890;FinishTrip;American;3
2747;890;StartTrip;American;3;5
2748;891;FinishTrip;0;Chinese;6
2749;891;StartTrip;Chinese;6;2
2750;892;FinishTrip;French;4
2751;892;FinishTrip;0;American;5
2752;892;FinishTrip;0;English;5
2753;892;StartTrip;French;4;6
2754;892;StartTrip;English;5;6
2755;892;StartTrip;American;5;3
2756;893;FinishTrip;0;Russian;6
2757;893;StartTrip;Russian;6;5
2758;895;FinishTrip;0;French;6
2759;895;StartTrip;French;6;4
2760;896;FinishTrip;Chinese;2
2761;896;FinishTrip;Russian;5
2762;896;FinishTrip;French;4
2763;896;FinishTrip;American;3
2764;896;StartTrip;Chinese;2;3
2765;896;StartTrip;American;3;6
2766;896;StartTrip;Russian;5;6
2767;896;StartTrip;French;4;6
2768;897;FinishTrip;English;6
2769;897;FinishTrip;German;1
2770;897;StartTrip;English;6;4
2771;897;StartTrip;German;1;6
2772;898;FinishTrip;0;English;4
2773;898;FinishTrip;0;German;6
2774;898;StartTrip;English;4;6
2775;898;StartTrip;German;6;1
2776;899;FinishTrip;0;French;6
2777;899;StartTrip;French;6;4
2778;900;FinishTrip;French;4
2779;900;FinishTrip;0;Chinese;3
2780;900;FinishTrip;0;American;6
2781;900;StartTrip;French;4;6
2782;900;StartTrip;American;6;3
2783;900;StartTrip;Chinese;3;2
2784;901;FinishTrip;English;6
2785;901;FinishTrip;1;Russian;6
2786;901;ChangePet;2;Russian;English;Dog;Cat
2787;901;StartTrip;English;6;5
2788;901;StartTrip;Russian;6;5
2789;902;FinishTrip;German;1
2790;902;FinishTrip;American;3
2791;902;StartTrip;German;1;6
2792;902;StartTrip;American;3;1
2793;903;FinishTrip;Chinese;2
2794;903;FinishTrip;0;French;6
2795;903;FinishTrip;0;German;6
2796;903;StartTrip;Chinese;2;6
2797;903;StartTrip;German;6;1
2798;903;StartTrip;French;6;4
2799;904;FinishTrip;Russian;5
2800;904;FinishTrip;French;4
2801;904;FinishTrip;1;English;5
2802;904;StartTrip;Russian;5;6
2803;904;StartTrip;English;5;6
2804;904;StartTrip;French;4;3
2805;907;FinishTrip;German;1
2806;907;FinishTrip;0;French;3
2807;907;StartTrip;German;1;6
2808;907;StartTrip;French;3;4
2809;908;FinishTrip;0;German;6
2810;908;StartTrip;German;6;1
2811;909;FinishTrip;1;English;6
2812;909;FinishTrip;Russian;6
2813;909;changeHouse;2;Russian;English;6;5
2814;909;StartTrip;English;6;5
2815;909;StartTrip;Russian;6;4
2816;910;FinishTrip;0;Russian;4
2817;910;StartTrip;Russian;4;6
2818;912;FinishTrip;French;4
2819;912;FinishTrip;German;1
2820;912;FinishTrip;English;5
2821;912;StartTrip;French;4;6
2822;912;StartTrip;English;5;6
2823;912;StartTrip;German;1;6
2824;913;FinishTrip;Russian;6
2825;913;FinishTrip;1;Chinese;6
2826;913;FinishTrip;1;German;6
2827;913;ChangePet;2;Russian;Chinese;Bear;Dog
2828;913;StartTrip;Russian;6;1
2829;913;StartTrip;German;6;1
2830;913;StartTrip;Chinese;6;2
2831;915;FinishTrip;0;French;6
2832;915;StartTrip;French;6;4
2833;916;FinishTrip;French;4
2834;916;StartTrip;French;4;6
2835;917;FinishTrip;German;1
2836;917;FinishTrip;0;English;6
2837;917;FinishTrip;1;Russian;1
2838;917;StartTrip;German;1;6
2839;917;StartTrip;Russian;1;6
2840;917;StartTrip;English;6;5
2841;918;FinishTrip;Chinese;2
2842;918;FinishTrip;Russian;6
2843;918;FinishTrip;1;German;6
2844;918;StartTrip;Chinese;2;6
2845;918;StartTrip;German;6;1
2846;918;StartTrip;Russian;6;1
2847;919;FinishTrip;0;French;6
2848;919;StartTrip;French;6;4
2849;920;FinishTrip;English;5
2850;920;FinishTrip;French;4
2851;920;StartTrip;English;5;6
2852;920;StartTrip;French;4;2
2853;921;FinishTrip;0;French;2
2854;921;StartTrip;French;2;4
2855;922;FinishTrip;French;4
2856;922;FinishTrip;German;1
2857;922;FinishTrip;1;Russian;1
2858;922;StartTrip;French;4;6
2859;922;StartTrip;Russian;1;6
2860;922;StartTrip;German;1;6
2861;923;FinishTrip;Russian;6
2862;923;FinishTrip;1;German;6
2863;923;StartTrip;Russian;6;3
2864;923;StartTrip;German;6;1
2865;925;FinishTrip;0;English;6
2866;925;FinishTrip;0;French;6
2867;925;FinishTrip;0;Russian;3
2868;925;StartTrip;English;6;5
2869;925;StartTrip;Russian;3;6
2870;925;StartTrip;French;6;4
2871;926;FinishTrip;French;4
2872;926;StartTrip;French;4;6
2873;927;FinishTrip;German;1
2874;927;StartTrip;German;1;6
2875;928;FinishTrip;English;5
2876;928;FinishTrip;0;Chinese;6
2877;928;FinishTrip;0;German;6
2878;928;StartTrip;English;5;4
2879;928;StartTrip;German;6;1
2880;928;StartTrip;Chinese;6;2
2881;929;FinishTrip;1;Russian;6
2882;929;FinishTrip;French;6
2883;929;changeHouse;2;Russian;French;4;6
2884;929;StartTrip;Russian;6;4
2885;929;StartTrip;French;6;4
2886;930;FinishTrip;Russian;4
2887;930;FinishTrip;1;French;4
2888;930;ChangePet;2;Russian;French;Humpster;Bear
2889;930;StartTrip;Russian;4;6
2890;930;StartTrip;French;4;6
2891;932;FinishTrip;German;1
2892;932;FinishTrip;0;English;4
2893;932;StartTrip;German;1;6
2894;932;StartTrip;English;4;5
2895;933;FinishTrip;French;6
2896;933;FinishTrip;Chinese;2
2897;933;FinishTrip;1;Russian;6
2898;933;FinishTrip;1;German;6
2899;933;changeHouse;2;Russian;French;6;4
2900;933;changeHouse;2;Russian;French;4;6
2901;933;StartTrip;French;6;4
2902;933;StartTrip;German;6;1
2903;933;StartTrip;Chinese;2;6
2904;933;StartTrip;Russian;6;4
2905;934;FinishTrip;Russian;4
2906;934;FinishTrip;1;French;4
2907;934;StartTrip;Russian;4;6
2908;934;StartTrip;French;4;6
2909;937;FinishTrip;German;1
2910;937;FinishTrip;French;6
2911;937;FinishTrip;1;Russian;6
2912;937;StartTrip;German;1;6
2913;937;StartTrip;Russian;6;4
2914;937;StartTrip;French;6;4
2915;938;FinishTrip;English;5
2916;938;FinishTrip;1;Russian;4
2917;938;FinishTrip;French;4
2918;938;FinishTrip;0;German;6
2919;938;changeHouse;2;Russian;French;6;4
2920;938;StartTrip;English;5;6
2921;938;StartTrip;German;6;1
2922;938;StartTrip;Russian;4;6
2923;938;StartTrip;French;4;2
2924;939;FinishTrip;0;French;2
2925;939;StartTrip;French;2;4
2926;940;FinishTrip;French;4
2927;940;StartTrip;French;4;6
2928;941;FinishTrip;Russian;6
2929;941;StartTrip;Russian;6;3
2930;942;FinishTrip;German;1
2931;942;StartTrip;German;1;6
2932;943;FinishTrip;0;English;6
2933;943;FinishTrip;0;Russian;3
2934;943;FinishTrip;0;German;6
2935;943;FinishTrip;0;French;6
2936;943;FinishTrip;0;Chinese;6
2937;943;StartTrip;English;6;5
2938;943;StartTrip;Russian;3;6
2939;943;StartTrip;Chinese;6;2
2940;943;StartTrip;French;6;4
2941;943;StartTrip;German;6;1
2942;944;FinishTrip;French;4
2943;944;StartTrip;French;4;6
2944;946;FinishTrip;English;5
2945;946;StartTrip;English;5;6
2946;947;FinishTrip;1;Russian;6
2947;947;FinishTrip;German;1
2948;947;FinishTrip;French;6
2949;947;changeHouse;2;Russian;French;4;6
2950;947;StartTrip;Russian;6;4
2951;947;StartTrip;French;6;3
2952;947;StartTrip;German;1;6
2953;948;FinishTrip;Chinese;2
2954;948;FinishTrip;Russian;4
2955;948;FinishTrip;0;German;6
2956;948;StartTrip;Chinese;2;6
2957;948;StartTrip;German;6;1
2958;948;StartTrip;Russian;4;6
2959;949;FinishTrip;0;French;3
2960;949;StartTrip;French;3;6
2961;951;FinishTrip;0;English;6
2962;951;FinishTrip;0;Russian;6
2963;951;StartTrip;English;6;5
2964;951;StartTrip;Russian;6;4
2965;952;FinishTrip;German;1
2966;952;FinishTrip;Russian;4
2967;952;StartTrip;German;1;2
2968;952;StartTrip;Russian;4;6
2969;953;FinishTrip;French;6
2970;953;StartTrip;French;6;3
2971;954;FinishTrip;English;5
2972;954;FinishTrip;0;American;1
2973;954;StartTrip;English;5;6
2974;954;StartTrip;American;1;3
2975;955;FinishTrip;0;Russian;6
2976;955;FinishTrip;0;French;3
2977;955;StartTrip;Russian;6;4
2978;955;StartTrip;French;3;6
2979;956;FinishTrip;Russian;4
2980;956;StartTrip;Russian;4;6
2981;958;FinishTrip;0;German;2
2982;958;FinishTrip;0;Chinese;6
2983;958;StartTrip;German;2;1
2984;958;StartTrip;Chinese;6;2
2985;959;FinishTrip;French;6
2986;959;FinishTrip;1;Russian;6
2987;959;FinishTrip;1;English;6
2988;959;changeHouse;2;Russian;French;6;4
2989;959;changeHouse;2;Russian;French;4;6
2990;959;StartTrip;French;6;3
2991;959;StartTrip;English;6;5
2992;959;StartTrip;Russian;6;4
2993;960;FinishTrip;Russian;4
2994;960;StartTrip;Russian;4;6
2995;961;FinishTrip;0;French;3
2996;961;StartTrip;French;3;6
2997;962;FinishTrip;American;3
2998;962;FinishTrip;English;5
2999;962;StartTrip;American;3;5
3000;962;StartTrip;English;5;3
3001;963;FinishTrip;Chinese;2
3002;963;FinishTrip;German;1
3003;963;FinishTrip;0;Russian;6
3004;963;StartTrip;Chinese;2;6
3005;963;StartTrip;Russian;6;4
3006;963;StartTrip;German;1;6
3007;964;FinishTrip;Russian;4
3008;964;FinishTrip;0;American;5
3009;964;FinishTrip;0;German;6
3010;964;StartTrip;Russian;4;6
3011;964;StartTrip;German;6;1
3012;964;StartTrip;American;5;3
3013;965;FinishTrip;French;6
3014;965;StartTrip;French;6;4
3015;966;FinishTrip;0;English;3
3016;966;FinishTrip;0;French;4
3017;966;StartTrip;English;3;5
3018;966;StartTrip;French;4;6
3019;967;FinishTrip;0;Russian;6
3020;967;StartTrip;Russian;6;4
3021;968;FinishTrip;American;3
3022;968;FinishTrip;Russian;4
3023;968;FinishTrip;German;1
3024;968;FinishTrip;English;5
3025;968;StartTrip;American;3;4
3026;968;StartTrip;English;5;6
3027;968;StartTrip;Russian;4;6
3028;968;StartTrip;German;1;6
3029;969;FinishTrip;1;French;6
3030;969;FinishTrip;German;6
3031;969;changeHouse;2;German;French;6;1
3032;969;StartTrip;French;6;1
3033;969;StartTrip;German;6;3
3034;971;FinishTrip;0;Russian;6
3035;971;FinishTrip;0;German;3
3036;971;StartTrip;Russian;6;4
3037;971;StartTrip;German;3;6
3038;972;FinishTrip;Russian;4
3039;972;StartTrip;Russian;4;6
3040;973;FinishTrip;French;1
3041;973;FinishTrip;0;Chinese;6
3042;973;FinishTrip;0;American;4
3043;973;FinishTrip;0;English;6
3044;973;StartTrip;French;1;6
3045;973;StartTrip;English;6;5
3046;973;StartTrip;Chinese;6;2
3047;973;StartTrip;American;4;3
3048;974;FinishTrip;0;French;6
3049;974;StartTrip;French;6;1
3050;975;FinishTrip;German;6
3051;975;FinishTrip;1;Russian;6
3052;975;StartTrip;German;6;1
3053;975;StartTrip;Russian;6;4
3054;976;FinishTrip;American;3
3055;976;FinishTrip;Russian;4
3056;976;FinishTrip;English;5
3057;976;StartTrip;American;3;4
3058;976;StartTrip;English;5;6
3059;976;StartTrip;Russian;4;6
3060;978;FinishTrip;French;1
3061;978;FinishTrip;Chinese;2
3062;978;StartTrip;French;1;6
3063;978;StartTrip;Chinese;2;4
3064;979;FinishTrip;0;German;1
3065;979;FinishTrip;0;Chinese;4
3066;979;FinishTrip;0;Russian;6
3067;979;FinishTrip;0;French;6
3068;979;StartTrip;German;1;6
3069;979;StartTrip;French;6;1
3070;979;StartTrip;Chinese;4;2
3071;979;StartTrip;Russian;6;4
3072;980;FinishTrip;German;6
3073;980;FinishTrip;Russian;4
3074;980;FinishTrip;Chinese;2
3075;980;StartTrip;German;6;1
3076;980;StartTrip;Chinese;2;6
3077;980;StartTrip;Russian;4;6
3078;981;FinishTrip;0;American;4
3079;981;FinishTrip;0;English;6
3080;981;StartTrip;American;4;3
3081;981;StartTrip;English;6;5
3082;983;FinishTrip;French;1
3083;983;FinishTrip;0;Russian;6
3084;983;StartTrip;French;1;6
3085;983;StartTrip;Russian;6;4
3086;984;FinishTrip;English;5
3087;984;FinishTrip;Russian;4
3088;984;FinishTrip;American;3
3089;984;FinishTrip;0;German;1
3090;984;FinishTrip;0;French;6
3091;984;StartTrip;English;5;6
3092;984;StartTrip;Russian;4;6
3093;984;StartTrip;French;6;1
3094;984;StartTrip;German;1;6
3095;984;StartTrip;American;3;1
3096;985;FinishTrip;German;6
3097;985;StartTrip;German;6;4
3098;986;FinishTrip;0;German;4
3099;986;StartTrip;German;4;6
3100;987;FinishTrip;0;Russian;6
3101;987;StartTrip;Russian;6;4
3102;988;FinishTrip;French;1
3103;988;FinishTrip;Russian;4
3104;988;StartTrip;French;1;6
3105;988;StartTrip;Russian;4;6
3106;989;FinishTrip;German;6
3107;989;FinishTrip;1;English;6
3108;989;FinishTrip;1;French;6
3109;989;StartTrip;German;6;5
3110;989;StartTrip;French;6;1
3111;989;StartTrip;English;6;5
3112;990;FinishTrip;0;Chinese;6
3113;990;StartTrip;Chinese;6;2
3114;991;FinishTrip;0;Russian;6
3115;991;StartTrip;Russian;6;4
3116;992;FinishTrip;English;5
3117;992;FinishTrip;Russian;4
3118;992;FinishTrip;1;German;5
3119;992;StartTrip;English;5;6
3120;992;StartTrip;German;5;6
3121;992;StartTrip;Russian;4;6
3122;993;FinishTrip;French;1
3123;993;StartTrip;French;1;2
3124;995;FinishTrip;Chinese;2
3125;995;FinishTrip;0;Russian;6
3126;995;StartTrip;Chinese;2;6
3127;995;StartTrip;Russian;6;4
3128;996;FinishTrip;Russian;4
3129;996;StartTrip;Russian;4;6
3130;997;FinishTrip;German;6
3131;997;FinishTrip;1;English;6
3132;997;StartTrip;German;6;5
3133;997;StartTrip;English;6;5
3134;999;FinishTrip;0;French;2
3135;999;FinishTrip;0;Russian;6
3136;999;StartTrip;French;2;1
3137;999;StartTrip;Russian;6;4
3138;1000;FinishTrip;English;5
3139;1000;FinishTrip;Russian;4
3140;1000;FinishTrip;1;German;5
3141;1000;ChangePet;2;English;German;Fish;Cat
3142;1000;StartTrip;English;5;3
3143;1000;StartTrip;German;5;6
3144;1000;StartTrip;Russian;4;3
3145;1003;FinishTrip;0;Russian;3
3146;1003;StartTrip;Russian;3;4
3147;1004;FinishTrip;French;1
3148;1004;FinishTrip;0;English;3
3149;1004;StartTrip;French;1;6
3150;1004;StartTrip;English;3;5
3151;1005;FinishTrip;German;6
3152;1005;FinishTrip;1;Chinese;6
3153;1005;FinishTrip;1;French;6
3154;1005;StartTrip;German;6;3
3155;1005;StartTrip;French;6;1
3156;1005;StartTrip;Chinese;6;2
3157;1006;FinishTrip;English;5
3158;1006;StartTrip;English;5;6
3159;1007;FinishTrip;0;German;3
3160;1007;StartTrip;German;3;6
3161;1008;FinishTrip;Russian;4
3162;1008;StartTrip;Russian;4;2
3163;1009;FinishTrip;French;1
3164;1009;FinishTrip;0;Russian;2
3165;1009;StartTrip;French;1;6
3166;1009;StartTrip;Russian;2;4
3167;1010;FinishTrip;Chinese;2
3168;1010;FinishTrip;Russian;4
3169;1010;FinishTrip;0;French;6
3170;1010;StartTrip;Chinese;2;6
3171;1010;StartTrip;French;6;1
3172;1010;StartTrip;Russian;4;6
3173;1011;FinishTrip;1;German;6
3174;1011;FinishTrip;English;6
3175;1011;ChangePet;2;English;German;Cat;Fish
3176;1011;changeHouse;2;English;German;6;5
3177;1011;StartTrip;German;6;5
3178;1011;StartTrip;English;6;4
3179;1012;FinishTrip;0;English;4
3180;1012;StartTrip;English;4;6
3181;1013;FinishTrip;0;Russian;6
3182;1013;StartTrip;Russian;6;4
3183;1014;FinishTrip;French;1
3184;1014;FinishTrip;Russian;4
3185;1014;FinishTrip;German;5
3186;1014;StartTrip;French;1;2
3187;1014;StartTrip;German;5;1
3188;1014;StartTrip;Russian;4;6
3189;1015;FinishTrip;English;6
3190;1015;StartTrip;English;6;5
3191;1017;FinishTrip;0;Russian;6
3192;1017;StartTrip;Russian;6;4
3193;1018;FinishTrip;Russian;4
3194;1018;FinishTrip;0;English;5
3195;1018;FinishTrip;0;German;1
3196;1018;StartTrip;Russian;4;6
3197;1018;StartTrip;German;1;5
3198;1018;StartTrip;English;5;6
3199;1020;FinishTrip;0;Chinese;6
3200;1020;FinishTrip;0;French;2
3201;1020;StartTrip;Chinese;6;2
3202;1020;StartTrip;French;2;1
3203;1021;FinishTrip;German;5
3204;1021;FinishTrip;0;Russian;6
3205;1021;StartTrip;German;5;6
3206;1021;StartTrip;Russian;6;4
3207;1022;FinishTrip;Russian;4
3208;1022;StartTrip;Russian;4;6
3209;1023;FinishTrip;English;6
3210;1023;StartTrip;English;6;1
3211;1025;FinishTrip;French;1
3212;1025;FinishTrip;Chinese;2
3213;1025;FinishTrip;0;Russian;6
3214;1025;StartTrip;French;1;6
3215;1025;StartTrip;Russian;6;4
3216;1025;StartTrip;Chinese;2;6
3217;1026;FinishTrip;Russian;4
3218;1026;FinishTrip;0;German;6
3219;1026;FinishTrip;0;French;6
3220;1026;StartTrip;Russian;4;6
3221;1026;StartTrip;French;6;1
3222;1026;StartTrip;German;6;5
3223;1027;FinishTrip;0;English;1
3224;1027;StartTrip;English;1;6
3225;1028;FinishTrip;English;6
3226;1028;StartTrip;English;6;3
3227;1029;FinishTrip;German;5
3228;1029;FinishTrip;0;Russian;6
3229;1029;StartTrip;German;5;1
3230;1029;StartTrip;Russian;6;4
3231;1030;FinishTrip;Russian;4
3232;1030;FinishTrip;French;1
3233;1030;FinishTrip;0;English;3
3234;1030;StartTrip;Russian;4;6
3235;1030;StartTrip;English;3;6
3236;1030;StartTrip;French;1;6
3237;1031;FinishTrip;0;French;6
3238;1031;StartTrip;French;6;1
3239;1033;FinishTrip;0;German;1
3240;1033;FinishTrip;0;Russian;6
3241;1033;StartTrip;German;1;5
3242;1033;StartTrip;Russian;6;4
3243;1034;FinishTrip;English;6
3244;1034;FinishTrip;Russian;4
3245;1034;StartTrip;English;6;2
3246;1034;StartTrip;Russian;4;6
3247;1035;FinishTrip;French;1
3248;1035;FinishTrip;0;Chinese;6
3249;1035;StartTrip;French;1;6
3250;1035;StartTrip;Chinese;6;2
3251;1036;FinishTrip;German;5
3252;1036;FinishTrip;0;American;1
3253;1036;FinishTrip;0;French;6
3254;1036;StartTrip;German;5;4
3255;1036;StartTrip;French;6;1
3256;1036;StartTrip;American;1;3
3257;1037;FinishTrip;0;Russian;6
3258;1037;StartTrip;Russian;6;4
3259;1038;FinishTrip;Russian;4
3260;1038;StartTrip;Russian;4;6
3261;1039;FinishTrip;0;English;2
3262;1039;StartTrip;English;2;6
3263;1040;FinishTrip;Chinese;2
3264;1040;FinishTrip;French;1
3265;1040;FinishTrip;0;German;4
3266;1040;StartTrip;Chinese;2;3
3267;1040;StartTrip;German;4;5
3268;1040;StartTrip;French;1;6
3269;1041;FinishTrip;0;Russian;6
3270;1041;FinishTrip;0;French;6
3271;1041;StartTrip;Russian;6;4
3272;1041;StartTrip;French;6;1
3273;1042;FinishTrip;Russian;4
3274;1042;StartTrip;Russian;4;6
3275;1044;FinishTrip;1;American;3
3276;1044;FinishTrip;Chinese;3
3277;1044;changeHouse;2;Chinese;American;3;2
3278;1044;StartTrip;American;3;2
3279;1044;StartTrip;Chinese;3;6
3280;1045;FinishTrip;French;1
3281;1045;FinishTrip;0;Russian;6
3282;1045;StartTrip;French;1;6
3283;1045;StartTrip;Russian;6;4
3284;1046;FinishTrip;German;5
3285;1046;FinishTrip;Russian;4
3286;1046;FinishTrip;0;French;6
3287;1046;StartTrip;German;5;6
3288;1046;StartTrip;French;6;1
3289;1046;StartTrip;Russian;4;6
3290;1047;FinishTrip;American;2
3291;1047;StartTrip;American;2;6
3292;1048;FinishTrip;0;Chinese;6
3293;1048;StartTrip;Chinese;6;3
3294;1049;FinishTrip;English;6
3295;1049;FinishTrip;1;Russian;6
3296;1049;ChangePet;2;Russian;English;Cat;Humpster
3297;1049;StartTrip;English;6;2
3298;1049;StartTrip;Russian;6;4
3299;1050;FinishTrip;Chinese;3
3300;1050;FinishTrip;Russian;4
3301;1050;FinishTrip;French;1
3302;1050;StartTrip;Chinese;3;6
3303;1050;StartTrip;French;1;6
3304;1050;StartTrip;Russian;4;6
3305;1051;FinishTrip;0;German;6
3306;1051;FinishTrip;0;French;6
3307;1051;StartTrip;German;6;5
3308;1051;StartTrip;French;6;1
3309;1053;FinishTrip;0;Russian;6
3310;1053;StartTrip;Russian;6;4
3311;1054;FinishTrip;Russian;4
3312;1054;FinishTrip;German;5
3313;1054;FinishTrip;0;Chinese;6
3314;1054;FinishTrip;0;English;2
3315;1054;StartTrip;Russian;4;6
3316;1054;StartTrip;English;2;6
3317;1054;StartTrip;German;5;3
3318;1054;StartTrip;Chinese;6;3
3319;1055;FinishTrip;French;1
3320;1055;StartTrip;French;1;6
3321;1056;FinishTrip;Chinese;3
3322;1056;FinishTrip;0;French;6
3323;1056;StartTrip;Chinese;3;6
3324;1056;StartTrip;French;6;1
3325;1057;FinishTrip;0;Russian;6
3326;1057;FinishTrip;0;American;6
3327;1057;StartTrip;Russian;6;4
3328;1057;StartTrip;American;6;2
3329;1058;FinishTrip;Russian;4
3330;1058;FinishTrip;0;German;3
3331;1058;StartTrip;Russian;4;6
3332;1058;StartTrip;German;3;5
3333;1060;FinishTrip;French;1
3334;1060;FinishTrip;German;5
3335;1060;FinishTrip;0;Chinese;6
3336;1060;StartTrip;French;1;6
3337;1060;StartTrip;Chinese;6;3
3338;1060;StartTrip;German;5;3
3339;1061;FinishTrip;0;Russian;6
3340;1061;FinishTrip;0;French;6
3341;1061;StartTrip;Russian;6;4
3342;1061;StartTrip;French;6;1
3343;1062;FinishTrip;American;2
3344;1062;FinishTrip;Chinese;3
3345;1062;FinishTrip;Russian;4
3346;1062;StartTrip;American;2;6
3347;1062;StartTrip;Russian;4;6
3348;1062;StartTrip;Chinese;3;1
3349;1064;FinishTrip;English;6
3350;1064;FinishTrip;0;German;3
3351;1064;StartTrip;English;6;1
3352;1064;StartTrip;German;3;5
3353;1065;FinishTrip;French;1
3354;1065;FinishTrip;0;Russian;6
3355;1065;StartTrip;French;1;2
3356;1065;StartTrip;Russian;6;4
3357;1066;FinishTrip;German;5
3358;1066;FinishTrip;Russian;4
3359;1066;StartTrip;German;5;6
3360;1066;StartTrip;Russian;4;6
3361;1068;FinishTrip;0;English;1
3362;1068;StartTrip;English;1;6
3363;1069;FinishTrip;English;6
3364;1069;FinishTrip;1;Russian;6
3365;1069;ChangePet;2;Russian;English;Humpster;Cat
3366;1069;StartTrip;English;6;5
3367;1069;StartTrip;Russian;6;4
3368;1070;FinishTrip;Russian;4
3369;1070;StartTrip;Russian;4;6
3370;1071;FinishTrip;0;French;2
3371;1071;FinishTrip;0;German;6
3372;1071;StartTrip;French;2;1
3373;1071;StartTrip;German;6;5
3374;1072;FinishTrip;0;English;5
3375;1072;FinishTrip;0;American;6
3376;1072;StartTrip;English;5;6
3377;1072;StartTrip;American;6;2
3378;1073;FinishTrip;0;Russian;6
3379;1073;StartTrip;Russian;6;4
3380;1074;FinishTrip;German;5
3381;1074;FinishTrip;Russian;4
3382;1074;StartTrip;German;5;6
3383;1074;StartTrip;Russian;4;6
3384;1076;FinishTrip;French;1
3385;1076;StartTrip;French;1;5
3386;1077;FinishTrip;American;2
3387;1077;FinishTrip;English;6
3388;1077;FinishTrip;1;Russian;6
3389;1077;StartTrip;American;2;3
3390;1077;StartTrip;Russian;6;4
3391;1077;StartTrip;English;6;2
3392;1078;FinishTrip;Russian;4
3393;1078;StartTrip;Russian;4;6
3394;1079;FinishTrip;0;German;6
3395;1079;FinishTrip;0;French;5
3396;1079;StartTrip;German;6;5
3397;1079;StartTrip;French;5;1
3398;1081;FinishTrip;0;Russian;6
3399;1081;FinishTrip;0;American;3
3400;1081;StartTrip;Russian;6;4
3401;1081;StartTrip;American;3;2
3402;1082;FinishTrip;German;5
3403;1082;FinishTrip;Russian;4
3404;1082;FinishTrip;0;English;2
3405;1082;StartTrip;German;5;6
3406;1082;StartTrip;English;2;6
3407;1082;StartTrip;Russian;4;6
3408;1083;FinishTrip;French;1
3409;1083;StartTrip;French;1;6
3410;1084;FinishTrip;American;2
3411;1084;FinishTrip;0;French;6
3412;1084;StartTrip;American;2;5
3413;1084;StartTrip;French;6;1
3414;1085;FinishTrip;0;Russian;6
3415;1085;StartTrip;Russian;6;4
3416;1086;FinishTrip;Russian;4
3417;1086;FinishTrip;0;American;5
3418;1086;StartTrip;Russian;4;6
3419;1086;StartTrip;American;5;2
3420;1087;FinishTrip;American;2
3421;1087;FinishTrip;0;German;6
3422;1087;StartTrip;American;2;1
3423;1087;StartTrip;German;6;5
3424;1088;FinishTrip;French;1
3425;1088;StartTrip;French;1;6
3426;1089;FinishTrip;0;Russian;6
3427;1089;FinishTrip;0;French;6
3428;1089;StartTrip;Russian;6;4
3429;1089;StartTrip;French;6;1
3430;1090;FinishTrip;German;5
3431;1090;FinishTrip;Russian;4
3432;1090;StartTrip;German;5;3
3433;1090;StartTrip;Russian;4;6
3434;1092;FinishTrip;English;6
3435;1092;FinishTrip;0;American;1
3436;1092;StartTrip;English;6;1
3437;1092;StartTrip;American;1;2
3438;1093;FinishTrip;French;1
3439;1093;FinishTrip;0;Russian;6
3440;1093;StartTrip;French;1;6
3441;1093;StartTrip;Russian;6;4
3442;1094;FinishTrip;Russian;4
3443;1094;FinishTrip;0;German;3
3444;1094;FinishTrip;0;French;6
3445;1094;StartTrip;Russian;4;6
3446;1094;StartTrip;French;6;1
3447;1094;StartTrip;German;3;5
3448;1096;FinishTrip;German;5
3449;1096;FinishTrip;0;English;1
3450;1096;StartTrip;German;5;6
3451;1096;StartTrip;English;1;6
3452;1097;FinishTrip;English;6
3453;1097;FinishTrip;1;Russian;6
3454;1097;StartTrip;English;6;5
3455;1097;StartTrip;Russian;6;4
3456;1098;FinishTrip;American;2
3457;1098;FinishTrip;Russian;4
3458;1098;FinishTrip;French;1
3459;1098;StartTrip;American;2;4
3460;1098;StartTrip;French;1;6
3461;1098;StartTrip;Russian;4;1
3462;1099;FinishTrip;0;American;4
3463;1099;FinishTrip;0;French;6
3464;1099;StartTrip;American;4;2
3465;1099;StartTrip;French;6;1
3466;1100;FinishTrip;American;2
3467;1100;FinishTrip;0;Russian;1
3468;1100;FinishTrip;0;English;5
3469;1100;StartTrip;American;2;3
3470;1100;StartTrip;English;5;6
3471;1100;StartTrip;Russian;1;4
3472;1101;FinishTrip;0;German;6
3473;1101;StartTrip;German;6;5
3474;1102;FinishTrip;Russian;4
3475;1102;StartTrip;Russian;4;5
3476;1103;FinishTrip;French;1
3477;1103;StartTrip;French;1;6
3478;1104;FinishTrip;German;5
3479;1104;FinishTrip;0;French;6
3480;1104;FinishTrip;0;American;3
3481;1104;StartTrip;German;5;6
3482;1104;StartTrip;American;3;2
3483;1104;StartTrip;French;6;1
3484;1105;FinishTrip;English;6
3485;1105;StartTrip;English;6;5
3486;1107;FinishTrip;American;2
3487;1107;StartTrip;American;2;5
3488;1108;FinishTrip;French;1
3489;1108;FinishTrip;0;Russian;5
3490;1108;FinishTrip;0;English;5
3491;1108;StartTrip;French;1;6
3492;1108;StartTrip;English;5;6
3493;1108;StartTrip;Russian;5;4
3494;1109;FinishTrip;0;German;6
3495;1109;FinishTrip;0;American;5
3496;1109;FinishTrip;0;French;6
3497;1109;StartTrip;German;6;5
3498;1109;StartTrip;French;6;1
3499;1109;StartTrip;American;5;2
3500;1110;FinishTrip;American;2
3501;1110;StartTrip;American;2;5
3502;1112;FinishTrip;Russian;4
3503;1112;FinishTrip;German;5
3504;1112;FinishTrip;1;American;5
3505;1112;StartTrip;Russian;4;6
3506;1112;StartTrip;American;5;2
3507;1112;StartTrip;German;5;6
3508;1113;FinishTrip;French;1
3509;1113;FinishTrip;English;6
3510;1113;FinishTrip;American;2
3511;1113;StartTrip;French;1;6
3512;1113;StartTrip;American;2;4
3513;1113;StartTrip;English;6;5
3514;1114;FinishTrip;0;Chinese;1
3515;1114;FinishTrip;0;French;6
3516;1114;FinishTrip;0;American;4
3517;1114;StartTrip;Chinese;1;3
3518;1114;StartTrip;American;4;2
3519;1114;StartTrip;French;6;1
3520;1115;FinishTrip;American;2
3521;1115;FinishTrip;0;Russian;6
3522;1115;StartTrip;American;2;5
3523;1115;StartTrip;Russian;6;4
3524;1116;FinishTrip;Russian;4
3525;1116;FinishTrip;0;English;5
3526;1116;StartTrip;Russian;4;6
3527;1116;StartTrip;English;5;6
3528;1117;FinishTrip;0;German;6
3529;1117;FinishTrip;0;American;5
3530;1117;StartTrip;German;6;5
3531;1117;StartTrip;American;5;2
3532;1118;FinishTrip;French;1
3533;1118;FinishTrip;American;2
3534;1118;StartTrip;French;1;6
3535;1118;StartTrip;American;2;1
3536;1119;FinishTrip;0;Russian;6
3537;1119;FinishTrip;0;French;6
3538;1119;StartTrip;Russian;6;4
3539;1119;StartTrip;French;6;1
3540;1120;FinishTrip;German;5
3541;1120;FinishTrip;Russian;4
3542;1120;StartTrip;German;5;1
3543;1120;StartTrip;Russian;4;6
3544;1121;FinishTrip;English;6
3545;1121;StartTrip;English;6;1
3546;1122;FinishTrip;Chinese;3
3547;1122;StartTrip;Chinese;3;6
3548;1123;FinishTrip;1;French;1
3549;1123;FinishTrip;American;1
3550;1123;FinishTrip;0;Russian;6
3551;1123;ChangePet;2;French;American;Zebra;Bear
3552;1123;changeHouse;2;French;American;2;1
3553;1123;StartTrip;French;1;2
3554;1123;StartTrip;Russian;6;4
3555;1123;StartTrip;American;1;6
3556;1124;FinishTrip;Russian;4
3557;1124;FinishTrip;0;German;1
3558;1124;FinishTrip;0;American;6
3559;1124;StartTrip;Russian;4;1
3560;1124;StartTrip;American;6;1
3561;1124;StartTrip;German;1;5
3562;1125;FinishTrip;0;English;1
3563;1125;StartTrip;English;1;6
3564;1126;FinishTrip;1;English;6
3565;1126;FinishTrip;Chinese;6
3566;1126;FinishTrip;0;Russian;1
3567;1126;changeHouse;2;English;Chinese;3;6
3568;1126;StartTrip;English;6;3
3569;1126;StartTrip;Russian;1;4
3570;1126;StartTrip;Chinese;6;1
3571;1127;FinishTrip;German;5
3572;1127;StartTrip;German;5;6
3573;1128;FinishTrip;American;1
3574;1128;FinishTrip;Russian;4
3575;1128;FinishTrip;English;3
3576;1128;StartTrip;American;1;4
3577;1128;StartTrip;English;3;6
3578;1128;StartTrip;Russian;4;6
3579;1129;FinishTrip;French;2
3580;1129;StartTrip;French;2;6
3581;1130;FinishTrip;0;Chinese;1
3582;1130;FinishTrip;0;American;4
3583;1130;StartTrip;Chinese;1;6
3584;1130;StartTrip;American;4;1
3585;1131;FinishTrip;1;Chinese;6
3586;1131;FinishTrip;Russian;6
3587;1131;changeHouse;2;Russian;Chinese;6;4
3588;1131;StartTrip;Chinese;6;4
3589;1131;StartTrip;Russian;6;4
3590;1132;FinishTrip;American;1
3591;1132;FinishTrip;1;Chinese;4
3592;1132;FinishTrip;Russian;4
3593;1132;FinishTrip;0;English;6
3594;1132;FinishTrip;0;German;6
3595;1132;changeHouse;2;Russian;Chinese;4;6
3596;1132;StartTrip;American;1;4
3597;1132;StartTrip;Chinese;4;6
3598;1132;StartTrip;German;6;5
3599;1132;StartTrip;English;6;3
3600;1132;StartTrip;Russian;4;6
3601;1134;FinishTrip;English;3
3602;1134;FinishTrip;0;American;4
3603;1134;StartTrip;English;3;6
3604;1134;StartTrip;American;4;1
3605;1135;FinishTrip;German;5
3606;1135;FinishTrip;1;Chinese;6
3607;1135;FinishTrip;Russian;6
3608;1135;changeHouse;2;Russian;Chinese;6;4
3609;1135;StartTrip;German;5;6
3610;1135;StartTrip;Russian;6;5
3611;1135;StartTrip;Chinese;6;4
3612;1136;FinishTrip;American;1
3613;1136;FinishTrip;Chinese;4
3614;1136;StartTrip;American;1;3
3615;1136;StartTrip;Chinese;4;3
3616;1138;FinishTrip;0;English;6
3617;1138;FinishTrip;0;Russian;5
3618;1138;StartTrip;English;6;3
3619;1138;StartTrip;Russian;5;6
3620;1139;FinishTrip;0;French;6
3621;1139;FinishTrip;0;Chinese;3
3622;1139;StartTrip;French;6;2
3623;1139;StartTrip;Chinese;3;4
3624;1140;FinishTrip;English;3
3625;1140;FinishTrip;0;German;6
3626;1140;StartTrip;English;3;6
3627;1140;StartTrip;German;6;5
3628;1143;FinishTrip;Russian;6
3629;1143;FinishTrip;German;5
3630;1143;StartTrip;Russian;6;1
3631;1143;StartTrip;German;5;6
3632;1144;FinishTrip;Chinese;4
3633;1144;FinishTrip;French;2
3634;1144;FinishTrip;0;English;6
3635;1144;FinishTrip;0;American;3
3636;1144;StartTrip;Chinese;4;5
3637;1144;StartTrip;American;3;1
3638;1144;StartTrip;French;2;6
3639;1144;StartTrip;English;6;3
3640;1146;FinishTrip;English;3
3641;1146;StartTrip;English;3;6
3642;1147;FinishTrip;0;Russian;1
3643;1147;StartTrip;Russian;1;6
3644;1148;FinishTrip;Russian;6
3645;1148;FinishTrip;1;German;6
3646;1148;StartTrip;Russian;6;2
3647;1148;StartTrip;German;6;5
3648;1150;FinishTrip;0;Chinese;5
3649;1150;FinishTrip;0;English;6
3650;1150;StartTrip;Chinese;5;4
3651;1150;StartTrip;English;6;3
3652;1151;FinishTrip;German;5
3653;1151;StartTrip;German;5;6
3654;1152;FinishTrip;English;3
3655;1152;StartTrip;English;3;6
3656;1153;FinishTrip;0;Russian;2
3657;1153;StartTrip;Russian;2;6
3658;1154;FinishTrip;Chinese;4
3659;1154;FinishTrip;0;French;6
3660;1154;StartTrip;Chinese;4;6
3661;1154;StartTrip;French;6;2
3662;1156;FinishTrip;0;English;6
3663;1156;FinishTrip;0;German;6
3664;1156;StartTrip;English;6;3
3665;1156;StartTrip;German;6;5
3666;1157;FinishTrip;0;Chinese;6
3667;1157;StartTrip;Chinese;6;4
3668;1158;FinishTrip;English;3
3669;1158;FinishTrip;Chinese;4
3670;1158;StartTrip;English;3;6
3671;1158;StartTrip;Chinese;4;6
3672;1159;FinishTrip;French;2
3673;1159;FinishTrip;German;5
3674;1159;StartTrip;French;2;6
3675;1159;StartTrip;German;5;6
3676;1161;FinishTrip;0;Chinese;6
3677;1161;StartTrip;Chinese;6;4
3678;1162;FinishTrip;Chinese;4
3679;1162;FinishTrip;0;English;6
3680;1162;StartTrip;Chinese;4;6
3681;1162;StartTrip;English;6;3
3682;1163;FinishTrip;Russian;6
3683;1163;StartTrip;Russian;6;4
3684;1164;FinishTrip;English;3
3685;1164;FinishTrip;0;Russian;4
3686;1164;FinishTrip;0;German;6
3687;1164;StartTrip;English;3;6
3688;1164;StartTrip;German;6;5
3689;1164;StartTrip;Russian;4;6
3690;1165;FinishTrip;0;Chinese;6
3691;1165;StartTrip;Chinese;6;4
3692;1166;FinishTrip;Chinese;4
3693;1166;StartTrip;Chinese;4;6
3694;1167;FinishTrip;Russian;6
3695;1167;FinishTrip;German;5
3696;1167;StartTrip;Russian;6;4
3697;1167;StartTrip;German;5;6
3698;1168;FinishTrip;0;English;6
3699;1168;FinishTrip;0;Russian;4
3700;1168;StartTrip;English;6;3
3701;1168;StartTrip;Russian;4;6
3702;1169;FinishTrip;0;French;6
3703;1169;FinishTrip;0;Chinese;6
3704;1169;StartTrip;French;6;2
3705;1169;StartTrip;Chinese;6;4
3706;1170;FinishTrip;English;3
3707;1170;FinishTrip;Chinese;4
3708;1170;StartTrip;English;3;6
3709;1170;StartTrip;Chinese;4;1
3710;1171;FinishTrip;Russian;6
3711;1171;StartTrip;Russian;6;3
3712;1172;FinishTrip;0;Chinese;1
3713;1172;FinishTrip;0;German;6
3714;1172;StartTrip;Chinese;1;4
3715;1172;StartTrip;German;6;5
3716;1173;FinishTrip;0;Russian;3
3717;1173;StartTrip;Russian;3;6
3718;1174;FinishTrip;French;2
3719;1174;FinishTrip;Chinese;4
3720;1174;FinishTrip;0;English;6
3721;1174;StartTrip;French;2;1
3722;1174;StartTrip;English;6;3
3723;1174;StartTrip;Chinese;4;3
3724;1175;FinishTrip;German;5
3725;1175;StartTrip;German;5;6
3726;1176;FinishTrip;English;3
3727;1176;StartTrip;English;3;6
3728;1177;FinishTrip;Russian;6
3729;1177;FinishTrip;0;Chinese;3
3730;1177;StartTrip;Russian;6;3
3731;1177;StartTrip;Chinese;3;4
3732;1179;FinishTrip;0;French;1
3733;1179;FinishTrip;0;Russian;3
3734;1179;StartTrip;French;1;2
3735;1179;StartTrip;Russian;3;6
3736;1180;FinishTrip;0;German;6
3737;1180;FinishTrip;0;English;6
3738;1180;StartTrip;German;6;5
3739;1180;StartTrip;English;6;3
3740;1182;FinishTrip;Chinese;4
3741;1182;FinishTrip;English;3
3742;1182;StartTrip;Chinese;4;6
3743;1182;StartTrip;English;3;6
3744;1183;FinishTrip;Russian;6
3745;1183;FinishTrip;German;5
3746;1183;StartTrip;Russian;6;5
3747;1183;StartTrip;German;5;6
3748;1185;FinishTrip;French;2
3749;1185;FinishTrip;0;Chinese;6
3750;1185;StartTrip;French;2;1
3751;1185;StartTrip;Chinese;6;4
3752;1186;FinishTrip;Chinese;4
3753;1186;FinishTrip;0;English;6
3754;1186;FinishTrip;0;Russian;5
3755;1186;StartTrip;Chinese;4;6
3756;1186;StartTrip;Russian;5;6
3757;1186;StartTrip;English;6;3
3758;1188;FinishTrip;English;3
3759;1188;FinishTrip;0;German;6
3760;1188;StartTrip;English;3;6
3761;1188;StartTrip;German;6;5
3762;1189;FinishTrip;0;Chinese;6
3763;1189;StartTrip;Chinese;6;4
3764;1190;FinishTrip;Chinese;4
3765;1190;FinishTrip;0;French;1
3766;1190;StartTrip;Chinese;4;6
3767;1190;StartTrip;French;1;2
3768;1191;FinishTrip;German;5
3769;1191;FinishTrip;Russian;6
3770;1191;StartTrip;German;5;6
3771;1191;StartTrip;Russian;6;5
3772;1192;FinishTrip;0;English;6
3773;1192;StartTrip;English;6;3
3774;1193;FinishTrip;0;Chinese;6
3775;1193;StartTrip;Chinese;6;4
3776;1194;FinishTrip;English;3
3777;1194;FinishTrip;Chinese;4
3778;1194;FinishTrip;0;Russian;5
3779;1194;StartTrip;English;3;6
3780;1194;StartTrip;Russian;5;6
3781;1194;StartTrip;Chinese;4;6
3782;1196;FinishTrip;American;1
3783;1196;FinishTrip;French;2
3784;1196;FinishTrip;0;German;6
3785;1196;StartTrip;American;1;2
3786;1196;StartTrip;German;6;5
3787;1196;StartTrip;French;2;6
3788;1197;FinishTrip;0;Chinese;6
3789;1197;StartTrip;Chinese;6;4
3790;1198;FinishTrip;Chinese;4
3791;1198;FinishTrip;0;English;6
3792;1198;StartTrip;Chinese;4;6
3793;1198;StartTrip;English;6;3
3794;1199;FinishTrip;Russian;6
3795;1199;FinishTrip;German;5
3796;1199;StartTrip;Russian;6;3
3797;1199;StartTrip;German;5;6
3798;1200;FinishTrip;English;3
3799;1200;StartTrip;English;3;6
3800;1201;FinishTrip;0;Chinese;6
3801;1201;FinishTrip;0;Russian;3
3802;1201;StartTrip;Chinese;6;4
3803;1201;StartTrip;Russian;3;6
3804;1202;FinishTrip;Chinese;4
3805;1202;FinishTrip;0;American;2
3806;1202;StartTrip;Chinese;4;6
3807;1202;StartTrip;American;2;1
3808;1204;FinishTrip;0;German;6
3809;1204;FinishTrip;0;English;6
3810;1204;StartTrip;German;6;5
3811;1204;StartTrip;English;6;3
3812;1205;FinishTrip;Russian;6
3813;1205;FinishTrip;1;Chinese;6
3814;1205;ChangePet;2;Russian;Chinese;Dog;Humpster
3815;1205;StartTrip;Russian;6;5
3816;1205;StartTrip;Chinese;6;4
3817;1206;FinishTrip;English;3
3818;1206;FinishTrip;Chinese;4
3819;1206;FinishTrip;0;French;6
3820;1206;StartTrip;English;3;1
3821;1206;StartTrip;French;6;2
3822;1206;StartTrip;Chinese;4;6
3823;1207;FinishTrip;American;1
3824;1207;FinishTrip;German;5
3825;1207;StartTrip;American;1;5
3826;1207;StartTrip;German;5;6
3827;1208;FinishTrip;0;Russian;5
3828;1208;StartTrip;Russian;5;6
3829;1209;FinishTrip;0;Chinese;6
3830;1209;StartTrip;Chinese;6;4
3831;1210;FinishTrip;Chinese;4
3832;1210;FinishTrip;0;American;5
3833;1210;StartTrip;Chinese;4;6
3834;1210;StartTrip;American;5;1
3835;1211;FinishTrip;French;2
3836;1211;StartTrip;French;2;6
3837;1212;FinishTrip;0;German;6
3838;1212;StartTrip;German;6;5
3839;1213;FinishTrip;1;Russian;6
3840;1213;FinishTrip;Chinese;6
3841;1213;ChangePet;2;Russian;Chinese;Humpster;Dog
3842;1213;changeHouse;2;Russian;Chinese;4;6
3843;1213;StartTrip;Russian;6;4
3844;1213;StartTrip;Chinese;6;2
3845;1214;FinishTrip;American;1
3846;1214;FinishTrip;Russian;4
3847;1214;StartTrip;American;1;2
3848;1214;StartTrip;Russian;4;3
3849;1215;FinishTrip;German;5
3850;1215;StartTrip;German;5;6
3851;1217;FinishTrip;0;Russian;3
3852;1217;StartTrip;Russian;3;4
3853;1218;FinishTrip;0;Chinese;2
3854;1218;StartTrip;Chinese;2;6
3855;1220;FinishTrip;0;German;6
3856;1220;FinishTrip;0;American;2
3857;1220;StartTrip;German;6;5
3858;1220;StartTrip;American;2;1
3859;1221;FinishTrip;0;French;6
3860;1221;StartTrip;French;6;2
3861;1222;FinishTrip;Russian;4
3862;1222;StartTrip;Russian;4;6
3863;1223;FinishTrip;German;5
3864;1223;StartTrip;German;5;6
3865;1225;FinishTrip;American;1
3866;1225;FinishTrip;0;Russian;6
3867;1225;StartTrip;American;1;5
3868;1225;StartTrip;Russian;6;4
3869;1226;FinishTrip;French;2
3870;1226;FinishTrip;Russian;4
3871;1226;StartTrip;French;2;6
3872;1226;StartTrip;Russian;4;6
3873;1228;FinishTrip;Chinese;6
3874;1228;FinishTrip;0;American;5
3875;1228;FinishTrip;1;German;6
3876;1228;StartTrip;Chinese;6;2
3877;1228;StartTrip;German;6;5
3878;1228;StartTrip;American;5;1
3879;1229;FinishTrip;0;Russian;6
3880;1229;StartTrip;Russian;6;4
3881;1230;FinishTrip;Russian;4
3882;1230;StartTrip;Russian;4;6
3883;1231;FinishTrip;German;5
3884;1231;StartTrip;German;5;6
3885;1232;FinishTrip;American;1
3886;1232;StartTrip;American;1;2
3887;1233;FinishTrip;0;Russian;6
3888;1233;FinishTrip;0;Chinese;2
3889;1233;StartTrip;Russian;6;4
3890;1233;StartTrip;Chinese;2;6
3891;1234;FinishTrip;Russian;4
3892;1234;StartTrip;Russian;4;6
3893;1236;FinishTrip;0;German;6
3894;1236;FinishTrip;0;French;6
3895;1236;StartTrip;German;6;5
3896;1236;StartTrip;French;6;2
3897;1237;FinishTrip;0;Russian;6
3898;1237;StartTrip;Russian;6;4
3899;1238;FinishTrip;Russian;4
3900;1238;FinishTrip;0;American;2
3901;1238;StartTrip;Russian;4;6
3902;1238;StartTrip;American;2;1
3903;1239;FinishTrip;German;5
3904;1239;StartTrip;German;5;6
3905;1241;FinishTrip;French;2
3906;1241;FinishTrip;0;Russian;6
3907;1241;StartTrip;French;2;5
3908;1241;StartTrip;Russian;6;4
3909;1242;FinishTrip;Russian;4
3910;1242;StartTrip;Russian;4;6
3911;1243;FinishTrip;American;1
3912;1243;FinishTrip;Chinese;6
3913;1243;FinishTrip;0;French;5
3914;1243;StartTrip;American;1;6
3915;1243;StartTrip;French;5;2
3916;1243;StartTrip;Chinese;6;3
3917;1244;FinishTrip;French;2
3918;1244;FinishTrip;0;German;6
3919;1244;FinishTrip;0;American;6
3920;1244;StartTrip;French;2;6
3921;1244;StartTrip;American;6;1
3922;1244;StartTrip;German;6;5
3923;1245;FinishTrip;0;Russian;6
3924;1245;FinishTrip;0;Chinese;3
3925;1245;StartTrip;Russian;6;4
3926;1245;StartTrip;Chinese;3;6
3927;1246;FinishTrip;Russian;4
3928;1246;StartTrip;Russian;4;6
3929;1247;FinishTrip;German;5
3930;1247;StartTrip;German;5;6
3931;1248;FinishTrip;American;1
3932;1248;StartTrip;American;1;5
3933;1249;FinishTrip;1;Chinese;6
3934;1249;FinishTrip;Russian;6
3935;1249;changeHouse;2;Russian;Chinese;6;4
3936;1249;StartTrip;Chinese;6;4
3937;1249;StartTrip;Russian;6;2
3938;1250;FinishTrip;Chinese;4
3939;1250;StartTrip;Chinese;4;6
3940;1251;FinishTrip;0;American;5
3941;1251;StartTrip;American;5;1
3942;1252;FinishTrip;0;German;6
3943;1252;StartTrip;German;6;5
3944;1253;FinishTrip;0;Chinese;6
3945;1253;StartTrip;Chinese;6;4
3946;1254;FinishTrip;Chinese;4
3947;1254;FinishTrip;0;French;6
3948;1254;FinishTrip;0;Russian;2
3949;1254;StartTrip;Chinese;4;6
3950;1254;StartTrip;Russian;2;6
3951;1254;StartTrip;French;6;2
3952;1255;FinishTrip;German;5
3953;1255;FinishTrip;American;1
3954;1255;StartTrip;German;5;6
3955;1255;StartTrip;American;1;6
3956;1256;FinishTrip;0;American;6
3957;1256;StartTrip;American;6;1
3958;1257;FinishTrip;0;Chinese;6
3959;1257;StartTrip;Chinese;6;4
3960;1258;FinishTrip;Chinese;4
3961;1258;FinishTrip;0;English;1
3962;1258;StartTrip;Chinese;4;6
3963;1258;StartTrip;English;1;3
3964;1259;FinishTrip;French;2
3965;1259;StartTrip;French;2;1
3966;1260;FinishTrip;American;1
3967;1260;FinishTrip;0;German;6
3968;1260;StartTrip;American;1;2
3969;1260;StartTrip;German;6;5
3970;1261;FinishTrip;0;Chinese;6
3971;1261;StartTrip;Chinese;6;4
3972;1262;FinishTrip;Chinese;4
3973;1262;StartTrip;Chinese;4;6
3974;1263;FinishTrip;German;5
3975;1263;StartTrip;German;5;6
3976;1264;FinishTrip;Russian;6
3977;1264;FinishTrip;0;French;1
3978;1264;StartTrip;Russian;6;5
3979;1264;StartTrip;French;1;2
3980;1265;FinishTrip;0;Chinese;6
3981;1265;StartTrip;Chinese;6;4
3982;1266;FinishTrip;English;3
3983;1266;FinishTrip;Chinese;4
3984;1266;FinishTrip;0;American;2
3985;1266;StartTrip;English;3;6
3986;1266;StartTrip;American;2;1
3987;1266;StartTrip;Chinese;4;6
3988;1267;FinishTrip;0;Russian;5
3989;1267;StartTrip;Russian;5;6
3990;1268;FinishTrip;0;German;6
3991;1268;StartTrip;German;6;5
3992;1269;FinishTrip;0;Chinese;6
3993;1269;StartTrip;Chinese;6;4
3994;1270;FinishTrip;French;2
3995;1270;FinishTrip;Chinese;4
3996;1270;FinishTrip;0;English;6
3997;1270;StartTrip;French;2;6
3998;1270;StartTrip;English;6;3
3999;1270;StartTrip;Chinese;4;6
4000;1271;FinishTrip;American;1
4001;1271;FinishTrip;German;5
4002;1271;StartTrip;American;1;3
4003;1271;StartTrip;German;5;6
4004;1272;FinishTrip;Russian;6
4005;1272;FinishTrip;English;3
4006;1272;StartTrip;Russian;6;2
4007;1272;StartTrip;English;3;6
4008;1273;FinishTrip;0;Chinese;6
4009;1273;StartTrip;Chinese;6;4
4010;1274;FinishTrip;Chinese;4
4011;1274;StartTrip;Chinese;4;6
4012;1276;FinishTrip;0;English;6
4013;1276;FinishTrip;0;German;6
4014;1276;StartTrip;English;6;3
4015;1276;StartTrip;German;6;5
4016;1277;FinishTrip;0;Chinese;6
4017;1277;FinishTrip;0;Russian;2
4018;1277;StartTrip;Chinese;6;4
4019;1277;StartTrip;Russian;2;6
4020;1278;FinishTrip;English;3
4021;1278;FinishTrip;Chinese;4
4022;1278;StartTrip;English;3;6
4023;1278;StartTrip;Chinese;4;5
4024;1279;FinishTrip;German;5
4025;1279;FinishTrip;0;American;3
4026;1279;StartTrip;German;5;6
4027;1279;StartTrip;American;3;1
4028;1280;FinishTrip;0;French;6
4029;1280;StartTrip;French;6;2
4030;1282;FinishTrip;0;English;6
4031;1282;StartTrip;English;6;3
4032;1284;FinishTrip;English;3
4033;1284;FinishTrip;0;Chinese;5
4034;1284;FinishTrip;0;German;6
4035;1284;StartTrip;English;3;6
4036;1284;StartTrip;German;6;5
4037;1284;StartTrip;Chinese;5;4
4038;1285;FinishTrip;French;2
4039;1285;StartTrip;French;2;6
4040;1287;FinishTrip;Russian;6
4041;1287;FinishTrip;German;5
4042;1287;StartTrip;Russian;6;2
4043;1287;StartTrip;German;5;6
4044;1288;FinishTrip;Chinese;4
4045;1288;FinishTrip;0;English;6
4046;1288;StartTrip;Chinese;4;1
4047;1288;StartTrip;English;6;3
4048;1290;FinishTrip;English;3
4049;1290;FinishTrip;0;Chinese;1
4050;1290;StartTrip;English;3;6
4051;1290;StartTrip;Chinese;1;4
4052;1292;FinishTrip;Chinese;4
4053;1292;FinishTrip;0;German;6
4054;1292;FinishTrip;0;Russian;2
4055;1292;StartTrip;Chinese;4;6
4056;1292;StartTrip;Russian;2;6
4057;1292;StartTrip;German;6;5
4058;1294;FinishTrip;0;English;6
4059;1294;StartTrip;English;6;3
4060;1295;FinishTrip;German;5
4061;1295;FinishTrip;0;French;6
4062;1295;FinishTrip;0;Chinese;6
4063;1295;StartTrip;German;5;6
4064;1295;StartTrip;Chinese;6;4
4065;1295;StartTrip;French;6;2
4066;1296;FinishTrip;English;3
4067;1296;FinishTrip;Chinese;4
4068;1296;StartTrip;English;3;6
4069;1296;StartTrip;Chinese;4;6
4070;1299;FinishTrip;0;Chinese;6
4071;1299;StartTrip;Chinese;6;4
4072;1300;FinishTrip;French;2
4073;1300;FinishTrip;Chinese;4
4074;1300;FinishTrip;0;German;6
4075;1300;FinishTrip;0;English;6
4076;1300;StartTrip;French;2;6
4077;1300;StartTrip;English;6;3
4078;1300;StartTrip;Chinese;4;6
4079;1300;StartTrip;German;6;5
4080;1302;FinishTrip;Russian;6
4081;1302;FinishTrip;English;3
4082;1302;StartTrip;Russian;6;4
4083;1302;StartTrip;English;3;6
4084;1303;FinishTrip;German;5
4085;1303;FinishTrip;0;Chinese;6
4086;1303;FinishTrip;0;Russian;4
4087;1303;StartTrip;German;5;6
4088;1303;StartTrip;Russian;4;6
4089;1303;StartTrip;Chinese;6;4
4090;1304;FinishTrip;Chinese;4
4091;1304;StartTrip;Chinese;4;6
4092;1306;FinishTrip;Russian;6
4093;1306;FinishTrip;1;English;6
4094;1306;StartTrip;Russian;6;1
4095;1306;StartTrip;English;6;3
4096;1307;FinishTrip;0;Chinese;6
4097;1307;StartTrip;Chinese;6;4
4098;1308;FinishTrip;English;3
4099;1308;FinishTrip;Chinese;4
4100;1308;FinishTrip;0;German;6
4101;1308;StartTrip;English;3;6
4102;1308;StartTrip;German;6;5
4103;1308;StartTrip;Chinese;4;6
4104;1310;FinishTrip;0;Russian;1
4105;1310;FinishTrip;0;French;6
4106;1310;StartTrip;Russian;1;6
4107;1310;StartTrip;French;6;2
4108;1311;FinishTrip;German;5
4109;1311;FinishTrip;Russian;6
4110;1311;FinishTrip;1;Chinese;6
4111;1311;StartTrip;German;5;6
4112;1311;StartTrip;Chinese;6;4
4113;1311;StartTrip;Russian;6;3
4114;1312;FinishTrip;Chinese;4
4115;1312;FinishTrip;0;English;6
4116;1312;StartTrip;Chinese;4;6
4117;1312;StartTrip;English;6;3
4118;1313;FinishTrip;0;Russian;3
4119;1313;StartTrip;Russian;3;6
4120;1314;FinishTrip;English;3
4121;1314;StartTrip;English;3;6
4122;1315;FinishTrip;French;2
4123;1315;FinishTrip;0;Chinese;6
4124;1315;StartTrip;French;2;6
4125;1315;StartTrip;Chinese;6;4
4126;1316;FinishTrip;Chinese;4
4127;1316;FinishTrip;0;German;6
4128;1316;StartTrip;Chinese;4;6
4129;1316;StartTrip;German;6;5
4130;1317;FinishTrip;Russian;6
4131;1317;StartTrip;Russian;6;2
4132;1318;FinishTrip;0;English;6
4133;1318;StartTrip;English;6;3
4134;1319;FinishTrip;German;5
4135;1319;FinishTrip;0;Chinese;6
4136;1319;StartTrip;German;5;6
4137;1319;StartTrip;Chinese;6;4
4138;1320;FinishTrip;English;3
4139;1320;FinishTrip;Chinese;4
4140;1320;StartTrip;English;3;2
4141;1320;StartTrip;Chinese;4;6
4142;1322;FinishTrip;0;Russian;2
4143;1322;StartTrip;Russian;2;6
4144;1323;FinishTrip;0;Chinese;6
4145;1323;FinishTrip;0;English;2
4146;1323;StartTrip;Chinese;6;4
4147;1323;StartTrip;English;2;3
4148;1324;FinishTrip;Chinese;4
4149;1324;FinishTrip;0;German;6
4150;1324;StartTrip;Chinese;4;2
4151;1324;StartTrip;German;6;5
4152;1325;FinishTrip;0;French;6
4153;1325;FinishTrip;0;Chinese;2
4154;1325;StartTrip;French;6;2
4155;1325;StartTrip;Chinese;2;4
4156;1326;FinishTrip;Chinese;4
4157;1326;StartTrip;Chinese;4;6
4158;1327;FinishTrip;German;5
4159;1327;FinishTrip;English;3
4160;1327;StartTrip;German;5;6
4161;1327;StartTrip;English;3;6
4162;1329;FinishTrip;0;Chinese;6
4163;1329;StartTrip;Chinese;6;4
4164;1330;FinishTrip;French;2
4165;1330;FinishTrip;Chinese;4
4166;1330;StartTrip;French;2;6
4167;1330;StartTrip;Chinese;4;6
4168;1331;FinishTrip;American;1
4169;1331;FinishTrip;0;English;6
4170;1331;StartTrip;American;1;4
4171;1331;StartTrip;English;6;3
4172;1332;FinishTrip;Russian;6
4173;1332;FinishTrip;1;German;6
4174;1332;StartTrip;Russian;6;4
4175;1332;StartTrip;German;6;5
4176;1333;FinishTrip;English;3
4177;1333;FinishTrip;0;Chinese;6
4178;1333;FinishTrip;0;Russian;4
4179;1333;FinishTrip;0;American;4
4180;1333;StartTrip;English;3;6
4181;1333;StartTrip;American;4;1
4182;1333;StartTrip;Chinese;6;4
4183;1333;StartTrip;Russian;4;6
4184;1334;FinishTrip;Chinese;4
4185;1334;StartTrip;Chinese;4;6
4186;1335;FinishTrip;German;5
4187;1335;FinishTrip;American;1
4188;1335;StartTrip;German;5;6
4189;1335;StartTrip;American;1;5
4190;1336;FinishTrip;Russian;6
4191;1336;StartTrip;Russian;6;3
4192;1337;FinishTrip;0;Chinese;6
4193;1337;FinishTrip;0;English;6
4194;1337;StartTrip;Chinese;6;4
4195;1337;StartTrip;English;6;3
4196;1338;FinishTrip;Chinese;4
4197;1338;FinishTrip;0;American;5
4198;1338;FinishTrip;0;Russian;3
4199;1338;StartTrip;Chinese;4;6
4200;1338;StartTrip;Russian;3;6
4201;1338;StartTrip;American;5;1
4202;1339;FinishTrip;English;3
4203;1339;StartTrip;English;3;6
4204;1340;FinishTrip;0;German;6
4205;1340;FinishTrip;0;French;6
4206;1340;StartTrip;German;6;5
4207;1340;StartTrip;French;6;2
4208;1341;FinishTrip;0;Chinese;6
4209;1341;StartTrip;Chinese;6;4
4210;1342;FinishTrip;American;1
4211;1342;FinishTrip;Chinese;4
4212;1342;FinishTrip;Russian;6
4213;1342;StartTrip;American;1;6
4214;1342;StartTrip;Russian;6;1
4215;1342;StartTrip;Chinese;4;6
4216;1343;FinishTrip;German;5
4217;1343;FinishTrip;0;English;6
4218;1343;FinishTrip;0;American;6
4219;1343;StartTrip;German;5;6
4220;1343;StartTrip;American;6;1
4221;1343;StartTrip;English;6;3
4222;1345;FinishTrip;English;3
4223;1345;FinishTrip;French;2
4224;1345;FinishTrip;0;Chinese;6
4225;1345;StartTrip;English;3;6
4226;1345;StartTrip;Chinese;6;4
4227;1345;StartTrip;French;2;1
4228;1346;FinishTrip;Chinese;4
4229;1346;FinishTrip;0;Russian;1
4230;1346;StartTrip;Chinese;4;3
4231;1346;StartTrip;Russian;1;6
4232;1347;FinishTrip;American;1
4233;1347;FinishTrip;Russian;6
4234;1347;StartTrip;American;1;6
4235;1347;StartTrip;Russian;6;5
4236;1348;FinishTrip;0;German;6
4237;1348;FinishTrip;0;American;6
4238;1348;StartTrip;German;6;5
4239;1348;StartTrip;American;6;1
4240;1349;FinishTrip;0;Chinese;3
4241;1349;FinishTrip;0;English;6
4242;1349;StartTrip;Chinese;3;4
4243;1349;StartTrip;English;6;3
4244;1350;FinishTrip;0;Russian;5
4245;1350;FinishTrip;0;French;1
4246;1350;StartTrip;Russian;5;6
4247;1350;StartTrip;French;1;2
4248;1351;FinishTrip;German;5
4249;1351;FinishTrip;English;3
4250;1351;StartTrip;German;5;6
4251;1351;StartTrip;English;3;6
4252;1352;FinishTrip;American;1
4253;1352;StartTrip;American;1;3
4254;1354;FinishTrip;Chinese;4
4255;1354;StartTrip;Chinese;4;6
4256;1355;FinishTrip;1;Russian;6
4257;1355;FinishTrip;English;6
4258;1355;changeHouse;2;Russian;English;3;6
4259;1355;StartTrip;Russian;6;3
4260;1355;StartTrip;English;6;2
4261;1356;FinishTrip;French;2
4262;1356;FinishTrip;0;German;6
4263;1356;StartTrip;French;2;6
4264;1356;StartTrip;German;6;5
4265;1357;FinishTrip;Russian;3
4266;1357;FinishTrip;0;Chinese;6
4267;1357;StartTrip;Russian;3;6
4268;1357;StartTrip;Chinese;6;4
4269;1358;FinishTrip;Chinese;4
4270;1358;StartTrip;Chinese;4;6
4271;1359;FinishTrip;German;5
4272;1359;StartTrip;German;5;6
4273;1360;FinishTrip;0;English;2
4274;1360;FinishTrip;0;American;3
4275;1360;StartTrip;English;2;6
4276;1360;StartTrip;American;3;1
4277;1361;FinishTrip;0;Chinese;6
4278;1361;FinishTrip;0;Russian;6
4279;1361;StartTrip;Chinese;6;4
4280;1361;StartTrip;Russian;6;3
4281;1362;FinishTrip;Chinese;4
4282;1362;StartTrip;Chinese;4;6
4283;1363;FinishTrip;Russian;3
4284;1363;StartTrip;Russian;3;6
4285;1364;FinishTrip;0;German;6
4286;1364;StartTrip;German;6;5
4287;1365;FinishTrip;0;Chinese;6
4288;1365;StartTrip;Chinese;6;4
4289;1366;FinishTrip;Chinese;4
4290;1366;FinishTrip;0;French;6
4291;1366;StartTrip;Chinese;4;6
4292;1366;StartTrip;French;6;2
4293;1367;FinishTrip;German;5
4294;1367;FinishTrip;0;Russian;6
4295;1367;StartTrip;German;5;6
4296;1367;StartTrip;Russian;6;3
4297;1369;FinishTrip;Russian;3
4298;1369;FinishTrip;0;Chinese;6
4299;1369;StartTrip;Russian;3;6
4300;1369;StartTrip;Chinese;6;4
4301;1370;FinishTrip;English;6
4302;1370;FinishTrip;Chinese;4
4303;1370;StartTrip;English;6;4
4304;1370;StartTrip;Chinese;4;6
4305;1371;FinishTrip;French;2
4306;1371;FinishTrip;0;English;4
4307;1371;StartTrip;French;2;6
4308;1371;StartTrip;English;4;6
4309;1372;FinishTrip;0;German;6
4310;1372;StartTrip;German;6;5
4311;1373;FinishTrip;0;Chinese;6
4312;1373;FinishTrip;0;Russian;6
4313;1373;StartTrip;Chinese;6;4
4314;1373;StartTrip;Russian;6;3
4315;1374;FinishTrip;English;6
4316;1374;FinishTrip;Chinese;4
4317;1374;StartTrip;English;6;4
4318;1374;StartTrip;Chinese;4;6
4319;1375;FinishTrip;Russian;3
4320;1375;FinishTrip;German;5
4321;1375;FinishTrip;0;English;4
4322;1375;StartTrip;Russian;3;6
4323;1375;StartTrip;English;4;6
4324;1375;StartTrip;German;5;6
4325;1377;FinishTrip;0;Chinese;6
4326;1377;StartTrip;Chinese;6;4
4327;1378;FinishTrip;English;6
4328;1378;FinishTrip;Chinese;4
4329;1378;StartTrip;English;6;4
4330;1378;StartTrip;Chinese;4;6
4331;1379;FinishTrip;0;Russian;6
4332;1379;FinishTrip;0;English;4
4333;1379;StartTrip;Russian;6;3
4334;1379;StartTrip;English;4;6
4335;1380;FinishTrip;0;German;6
4336;1380;StartTrip;German;6;5
4337;1381;FinishTrip;Russian;3
4338;1381;FinishTrip;0;Chinese;6
4339;1381;FinishTrip;0;French;6
4340;1381;StartTrip;Russian;3;6
4341;1381;StartTrip;French;6;2
4342;1381;StartTrip;Chinese;6;4
4343;1382;FinishTrip;English;6
4344;1382;FinishTrip;Chinese;4
4345;1382;StartTrip;English;6;1
4346;1382;StartTrip;Chinese;4;6
4347;1383;FinishTrip;German;5
4348;1383;StartTrip;German;5;6
4349;1385;FinishTrip;0;Chinese;6
4350;1385;FinishTrip;0;Russian;6
4351;1385;StartTrip;Chinese;6;4
4352;1385;StartTrip;Russian;6;3
4353;1386;FinishTrip;French;2
4354;1386;FinishTrip;Chinese;4
4355;1386;FinishTrip;0;English;1
4356;1386;StartTrip;French;2;6
4357;1386;StartTrip;English;1;6
4358;1386;StartTrip;Chinese;4;6
4359;1387;FinishTrip;Russian;3
4360;1387;FinishTrip;English;6
4361;1387;StartTrip;Russian;3;6
4362;1387;StartTrip;English;6;3
4363;1388;FinishTrip;0;German;6
4364;1388;StartTrip;German;6;5
4365;1389;FinishTrip;0;Chinese;6
4366;1389;FinishTrip;0;English;3
4367;1389;StartTrip;Chinese;6;4
4368;1389;StartTrip;English;3;6
4369;1390;FinishTrip;Chinese;4
4370;1390;StartTrip;Chinese;4;6
4371;1391;FinishTrip;German;5
4372;1391;FinishTrip;0;Russian;6
4373;1391;StartTrip;German;5;4
4374;1391;StartTrip;Russian;6;3
4375;1393;FinishTrip;English;6
4376;1393;FinishTrip;Russian;3
4377;1393;FinishTrip;1;Chinese;6
4378;1393;StartTrip;English;6;1
4379;1393;StartTrip;Chinese;6;4
4380;1393;StartTrip;Russian;3;6
4381;1394;FinishTrip;Chinese;4
4382;1394;StartTrip;Chinese;4;6
4383;1395;FinishTrip;0;German;4
4384;1395;StartTrip;German;4;5
4385;1396;FinishTrip;0;French;6
4386;1396;StartTrip;French;6;2
4387;1397;FinishTrip;0;Chinese;6
4388;1397;FinishTrip;0;English;1
4389;1397;FinishTrip;0;Russian;6
4390;1397;StartTrip;Chinese;6;4
4391;1397;StartTrip;Russian;6;3
4392;1397;StartTrip;English;1;6
4393;1398;FinishTrip;Chinese;4
4394;1398;FinishTrip;English;6
4395;1398;StartTrip;Chinese;4;3
4396;1398;StartTrip;English;6;4
4397;1399;FinishTrip;Russian;3
4398;1399;FinishTrip;0;English;4
4399;1399;StartTrip;Russian;3;6
4400;1399;StartTrip;English;4;6
4401;1401;FinishTrip;French;2
4402;1401;FinishTrip;German;5
4403;1401;FinishTrip;0;Chinese;3
4404;1401;StartTrip;French;2;6
4405;1401;StartTrip;Chinese;3;4
4406;1401;StartTrip;German;5;6
4407;1402;FinishTrip;English;6
4408;1402;StartTrip;English;6;3
4409;1403;FinishTrip;0;Russian;6
4410;1403;StartTrip;Russian;6;3
4411;1404;FinishTrip;0;English;3
4412;1404;StartTrip;English;3;6
4413;1405;FinishTrip;Russian;3
4414;1405;StartTrip;Russian;3;1
4415;1406;FinishTrip;Chinese;4
4416;1406;FinishTrip;0;German;6
4417;1406;StartTrip;Chinese;4;6
4418;1406;StartTrip;German;6;5
4419;1408;FinishTrip;English;6
4420;1408;StartTrip;English;6;1
4421;1409;FinishTrip;German;5
4422;1409;FinishTrip;0;Chinese;6
4423;1409;StartTrip;German;5;6
4424;1409;StartTrip;Chinese;6;4
4425;1410;FinishTrip;Chinese;4
4426;1410;StartTrip;Chinese;4;3
4427;1411;FinishTrip;0;French;6
4428;1411;StartTrip;French;6;2
4429;1412;FinishTrip;American;1
4430;1412;FinishTrip;1;English;1
4431;1412;ChangePet;2;English;American;Bear;Cat
4432;1412;StartTrip;American;1;4
4433;1412;StartTrip;English;1;6
4434;1413;FinishTrip;English;6
4435;1413;FinishTrip;0;Chinese;3
4436;1413;StartTrip;English;6;1
4437;1413;StartTrip;Chinese;3;4
4438;1414;FinishTrip;0;German;6
4439;1414;FinishTrip;0;American;4
4440;1414;StartTrip;German;6;5
4441;1414;StartTrip;American;4;1
4442;1416;FinishTrip;French;2
4443;1416;FinishTrip;American;1
4444;1416;StartTrip;French;2;6
4445;1416;StartTrip;American;1;2
4446;1417;FinishTrip;German;5
4447;1417;FinishTrip;0;English;1
4448;1417;StartTrip;German;5;6
4449;1417;StartTrip;English;1;6
4450;1418;FinishTrip;Chinese;4
4451;1418;FinishTrip;English;6
4452;1418;StartTrip;Chinese;4;2
4453;1418;StartTrip;English;6;4
4454;1419;FinishTrip;0;Chinese;2
4455;1419;FinishTrip;0;English;4
4456;1419;StartTrip;Chinese;2;4
4457;1419;StartTrip;English;4;6
4458;1420;FinishTrip;Chinese;4
4459;1420;StartTrip;Chinese;4;2
4460;1421;FinishTrip;0;Chinese;2
4461;1421;StartTrip;Chinese;2;4
4462;1422;FinishTrip;English;6
4463;1422;FinishTrip;Chinese;4
4464;1422;FinishTrip;0;American;2
4465;1422;FinishTrip;1;German;6
4466;1422;StartTrip;English;6;5
4467;1422;StartTrip;German;6;5
4468;1422;StartTrip;Chinese;4;6
4469;1422;StartTrip;American;2;1
4470;1425;FinishTrip;German;5
4471;1425;FinishTrip;1;English;5
4472;1425;FinishTrip;0;Chinese;6
4473;1425;StartTrip;German;5;6
4474;1425;StartTrip;Chinese;6;4
4475;1425;StartTrip;English;5;6
4476;1426;FinishTrip;Chinese;4
4477;1426;FinishTrip;0;French;6
4478;1426;StartTrip;Chinese;4;6
4479;1426;StartTrip;French;6;2
4480;1427;FinishTrip;American;1
4481;1427;StartTrip;American;1;2
4482;1429;FinishTrip;0;Chinese;6
4483;1429;StartTrip;Chinese;6;4
4484;1430;FinishTrip;English;6
4485;1430;FinishTrip;Chinese;4
4486;1430;FinishTrip;1;German;6
4487;1430;StartTrip;English;6;4
4488;1430;StartTrip;German;6;5
4489;1430;StartTrip;Chinese;4;6
4490;1431;FinishTrip;French;2
4491;1431;FinishTrip;0;English;4
4492;1431;StartTrip;French;2;5
4493;1431;StartTrip;English;4;6
4494;1433;FinishTrip;German;5
4495;1433;FinishTrip;0;Chinese;6
4496;1433;FinishTrip;0;American;2
4497;1433;FinishTrip;1;French;5
4498;1433;StartTrip;German;5;6
4499;1433;StartTrip;French;5;2
4500;1433;StartTrip;Chinese;6;4
4501;1433;StartTrip;American;2;1
4502;1434;FinishTrip;English;6
4503;1434;FinishTrip;French;2
4504;1434;FinishTrip;Chinese;4
4505;1434;StartTrip;English;6;3
4506;1434;StartTrip;Chinese;4;6
4507;1434;StartTrip;French;2;6
4508;1436;FinishTrip;0;English;3
4509;1436;StartTrip;English;3;6
4510;1437;FinishTrip;0;Chinese;6
4511;1437;StartTrip;Chinese;6;4
4512;1438;FinishTrip;American;1
4513;1438;FinishTrip;Chinese;4
4514;1438;FinishTrip;0;German;6
4515;1438;StartTrip;American;1;3
4516;1438;StartTrip;German;6;5
4517;1438;StartTrip;Chinese;4;6
4518;1440;FinishTrip;English;6
4519;1440;StartTrip;English;6;1
4520;1441;FinishTrip;German;5
4521;1441;FinishTrip;0;Chinese;6
4522;1441;StartTrip;German;5;6
4523;1441;StartTrip;Chinese;6;4
4524;1442;FinishTrip;Chinese;4
4525;1442;StartTrip;Chinese;4;6
4526;1444;FinishTrip;0;English;1
4527;1444;FinishTrip;0;French;6
4528;1444;StartTrip;English;1;6
4529;1444;StartTrip;French;6;2
4530;1445;FinishTrip;English;6
4531;1445;FinishTrip;1;Chinese;6
4532;1445;StartTrip;English;6;4
4533;1445;StartTrip;Chinese;6;4
4534;1446;FinishTrip;1;Chinese;4
4535;1446;FinishTrip;0;American;3
4536;1446;FinishTrip;0;German;6
4537;1446;FinishTrip;English;4
4538;1446;changeHouse;2;English;Chinese;4;6
4539;1446;StartTrip;Chinese;4;6
4540;1446;StartTrip;English;4;6
4541;1446;StartTrip;American;3;1
4542;1446;StartTrip;German;6;5
4543;1449;FinishTrip;French;2
4544;1449;FinishTrip;1;Chinese;6
4545;1449;FinishTrip;German;5
4546;1449;FinishTrip;English;6
4547;1449;changeHouse;2;English;Chinese;6;4
4548;1449;StartTrip;French;2;6
4549;1449;StartTrip;English;6;1
4550;1449;StartTrip;Chinese;6;4
4551;1449;StartTrip;German;5;6
4552;1450;FinishTrip;Chinese;4
4553;1450;StartTrip;Chinese;4;6
4554;1453;FinishTrip;0;English;1
4555;1453;FinishTrip;0;Chinese;6
4556;1453;StartTrip;English;1;6
4557;1453;StartTrip;Chinese;6;4
4558;1454;FinishTrip;Chinese;4
4559;1454;FinishTrip;1;English;6
4560;1454;FinishTrip;German;6
4561;1454;changeHouse;2;English;German;5;6
4562;1454;StartTrip;Chinese;4;6
4563;1454;StartTrip;German;6;2
4564;1454;StartTrip;English;6;5
4565;1457;FinishTrip;English;5
4566;1457;FinishTrip;0;Russian;1
4567;1457;FinishTrip;0;Chinese;6
4568;1457;StartTrip;English;5;6
4569;1457;StartTrip;Chinese;6;4
4570;1457;StartTrip;Russian;1;3
4571;1458;FinishTrip;Chinese;4
4572;1458;StartTrip;Chinese;4;6
4573;1459;FinishTrip;0;German;2
4574;1459;FinishTrip;0;French;6
4575;1459;StartTrip;German;2;6
4576;1459;StartTrip;French;6;2
4577;1461;FinishTrip;0;Chinese;6
4578;1461;StartTrip;Chinese;6;4
4579;1462;FinishTrip;Chinese;4
4580;1462;FinishTrip;0;English;6
4581;1462;StartTrip;Chinese;4;6
4582;1462;StartTrip;English;6;5
4583;1464;FinishTrip;French;2
4584;1464;StartTrip;French;2;6
4585;1465;FinishTrip;English;5
4586;1465;FinishTrip;Russian;3
4587;1465;FinishTrip;0;Chinese;6
4588;1465;StartTrip;English;5;6
4589;1465;StartTrip;Chinese;6;4
4590;1465;StartTrip;Russian;3;5
4591;1466;FinishTrip;Chinese;4
4592;1466;StartTrip;Chinese;4;6
4593;1467;FinishTrip;0;Russian;5
4594;1467;StartTrip;Russian;5;3
4595;1469;FinishTrip;German;6
4596;1469;FinishTrip;1;Chinese;6
4597;1469;StartTrip;German;6;5
4598;1469;StartTrip;Chinese;6;4
4599;1470;FinishTrip;Chinese;4
4600;1470;FinishTrip;0;English;6
4601;1470;StartTrip;Chinese;4;6
4602;1470;StartTrip;English;6;5
4603;1471;FinishTrip;Russian;3
4604;1471;StartTrip;Russian;3;6
4605;1472;FinishTrip;0;German;5
4606;1472;StartTrip;German;5;6
4607;1473;FinishTrip;English;5
4608;1473;FinishTrip;0;Chinese;6
4609;1473;StartTrip;English;5;6
4610;1473;StartTrip;Chinese;6;4
4611;1474;FinishTrip;Chinese;4
4612;1474;FinishTrip;0;French;6
4613;1474;StartTrip;Chinese;4;6
4614;1474;StartTrip;French;6;2
4615;1475;FinishTrip;0;Russian;6
4616;1475;StartTrip;Russian;6;3
4617;1477;FinishTrip;1;German;6
4618;1477;FinishTrip;Russian;3
4619;1477;FinishTrip;Chinese;6
4620;1477;changeHouse;2;Chinese;German;6;4
4621;1477;StartTrip;German;6;4
4622;1477;StartTrip;Chinese;6;1
4623;1477;StartTrip;Russian;3;6
4624;1478;FinishTrip;German;4
4625;1478;FinishTrip;0;English;6
4626;1478;StartTrip;German;4;6
4627;1478;StartTrip;English;6;5
4628;1479;FinishTrip;French;2
4629;1479;StartTrip;French;2;6
4630;1481;FinishTrip;English;5
4631;1481;FinishTrip;0;Russian;6
4632;1481;FinishTrip;0;Chinese;1
4633;1481;FinishTrip;0;German;6
4634;1481;StartTrip;English;5;6
4635;1481;StartTrip;German;6;4
4636;1481;StartTrip;Russian;6;3
4637;1481;StartTrip;Chinese;1;6
4638;1482;FinishTrip;German;4
4639;1482;FinishTrip;Chinese;6
4640;1482;StartTrip;German;4;1
4641;1482;StartTrip;Chinese;6;4
4642;1483;FinishTrip;Russian;3
4643;1483;FinishTrip;0;Chinese;4
4644;1483;StartTrip;Russian;3;6
4645;1483;StartTrip;Chinese;4;6
4646;1484;FinishTrip;0;German;1
4647;1484;StartTrip;German;1;4
4648;1486;FinishTrip;Chinese;6
4649;1486;FinishTrip;German;4
4650;1486;FinishTrip;1;English;6
4651;1486;StartTrip;Chinese;6;3
4652;1486;StartTrip;English;6;5
4653;1486;StartTrip;German;4;6
4654;1487;FinishTrip;0;Russian;6
4655;1487;StartTrip;Russian;6;3
4656;1488;FinishTrip;0;Chinese;3
4657;1488;StartTrip;Chinese;3;6
4658;1489;FinishTrip;Russian;3
4659;1489;FinishTrip;English;5
4660;1489;FinishTrip;0;French;6
4661;1489;FinishTrip;0;German;6
4662;1489;StartTrip;Russian;3;6
4663;1489;StartTrip;German;6;4
4664;1489;StartTrip;English;5;4
4665;1489;StartTrip;French;6;2
4666;1490;FinishTrip;German;4
4667;1490;StartTrip;German;4;6
4668;1492;FinishTrip;Chinese;6
4669;1492;StartTrip;Chinese;6;4
4670;1493;FinishTrip;0;Russian;6
4671;1493;FinishTrip;0;German;6
4672;1493;FinishTrip;0;Chinese;4
4673;1493;FinishTrip;0;English;4
4674;1493;StartTrip;Russian;6;3
4675;1493;StartTrip;English;4;5
4676;1493;StartTrip;German;6;4
4677;1493;StartTrip;Chinese;4;6
4678;1494;FinishTrip;French;2
4679;1494;FinishTrip;German;4
4680;1494;StartTrip;French;2;6
4681;1494;StartTrip;German;4;6
4682;1495;FinishTrip;Russian;3
4683;1495;StartTrip;Russian;3;6
4684;1496;FinishTrip;Chinese;6
4685;1496;StartTrip;Chinese;6;2
4686;1497;FinishTrip;0;German;6
4687;1497;StartTrip;German;6;4
4688;1498;FinishTrip;American;1
4689;1498;FinishTrip;German;4
4690;1498;StartTrip;American;1;3
4691;1498;StartTrip;German;4;6
4692;1499;FinishTrip;English;5
4693;1499;FinishTrip;0;Russian;6
4694;1499;StartTrip;English;5;6
4695;1499;StartTrip;Russian;6;3
4696;1501;FinishTrip;Russian;3
4697;1501;FinishTrip;0;German;6
4698;1501;FinishTrip;0;Chinese;2
4699;1501;StartTrip;Russian;3;6
4700;1501;StartTrip;Chinese;2;6
4701;1501;StartTrip;German;6;4
4702;1502;FinishTrip;German;4
4703;1502;StartTrip;German;4;6
4704;1504;FinishTrip;0;English;6
4705;1504;FinishTrip;0;French;6
4706;1504;StartTrip;English;6;5
4707;1504;StartTrip;French;6;2
4708;1505;FinishTrip;0;German;6
4709;1505;FinishTrip;0;Russian;6
4710;1505;StartTrip;German;6;4
4711;1505;StartTrip;Russian;6;3
4712;1506;FinishTrip;German;4
4713;1506;FinishTrip;0;American;3
4714;1506;StartTrip;German;4;6
4715;1506;StartTrip;American;3;1
4716;1507;FinishTrip;Russian;3
4717;1507;FinishTrip;English;5
4718;1507;StartTrip;Russian;3;6
4719;1507;StartTrip;English;5;4
4720;1509;FinishTrip;French;2
4721;1509;FinishTrip;0;German;6
4722;1509;StartTrip;French;2;6
4723;1509;StartTrip;German;6;4
4724;1510;FinishTrip;German;4
4725;1510;StartTrip;German;4;5
4726;1511;FinishTrip;Chinese;6
4727;1511;FinishTrip;0;English;4
4728;1511;FinishTrip;1;Russian;6
4729;1511;StartTrip;Chinese;6;5
4730;1511;StartTrip;Russian;6;3
4731;1511;StartTrip;English;4;5
4732;1513;FinishTrip;Russian;3
4733;1513;StartTrip;Russian;3;6
4734;1514;FinishTrip;0;Chinese;5
4735;1514;StartTrip;Chinese;5;6
4736;1516;FinishTrip;0;German;5
4737;1516;StartTrip;German;5;4
4738;1517;FinishTrip;English;5
4739;1517;FinishTrip;0;Russian;6
4740;1517;StartTrip;English;5;6
4741;1517;StartTrip;Russian;6;3
4742;1519;FinishTrip;Chinese;6
4743;1519;FinishTrip;Russian;3
4744;1519;FinishTrip;1;French;6
4745;1519;StartTrip;Chinese;6;4
4746;1519;StartTrip;French;6;2
4747;1519;StartTrip;Russian;3;6
4748;1520;FinishTrip;German;4
4749;1520;FinishTrip;1;Chinese;4
4750;1520;StartTrip;German;4;6
4751;1520;StartTrip;Chinese;4;6
4752;1522;FinishTrip;0;English;6
4753;1522;StartTrip;English;6;5
4754;1523;FinishTrip;1;Chinese;6
4755;1523;FinishTrip;Russian;6
4756;1523;FinishTrip;1;German;6
4757;1523;changeHouse;2;Russian;Chinese;6;3
4758;1523;StartTrip;Chinese;6;3
4759;1523;StartTrip;German;6;4
4760;1523;StartTrip;Russian;6;5
4761;1524;FinishTrip;French;2
4762;1524;FinishTrip;German;4
4763;1524;StartTrip;French;2;6
4764;1524;StartTrip;German;4;6
4765;1525;FinishTrip;English;5
4766;1525;FinishTrip;Chinese;3
4767;1525;StartTrip;English;5;6
4768;1525;StartTrip;Chinese;3;6
4769;1526;FinishTrip;0;Russian;5
4770;1526;StartTrip;Russian;5;6
4771;1527;FinishTrip;0;German;6
4772;1527;StartTrip;German;6;4
4773;1528;FinishTrip;German;4
4774;1528;StartTrip;German;4;6
4775;1529;FinishTrip;0;Chinese;6
4776;1529;StartTrip;Chinese;6;3
4777;1530;FinishTrip;0;English;6
4778;1530;StartTrip;English;6;5
4779;1531;FinishTrip;Russian;6
4780;1531;FinishTrip;Chinese;3
4781;1531;FinishTrip;1;German;6
4782;1531;StartTrip;Russian;6;1
4783;1531;StartTrip;German;6;4
4784;1531;StartTrip;Chinese;3;1
4785;1532;FinishTrip;German;4
4786;1532;StartTrip;German;4;1
4787;1533;FinishTrip;English;5
4788;1533;StartTrip;English;5;6
4789;1534;FinishTrip;0;German;1
4790;1534;FinishTrip;0;French;6
4791;1534;StartTrip;German;1;4
4792;1534;StartTrip;French;6;2
4793;1535;FinishTrip;0;Russian;1
4794;1535;StartTrip;Russian;1;6
4795;1536;FinishTrip;German;4
4796;1536;FinishTrip;Russian;6
4797;1536;StartTrip;German;4;6
4798;1536;StartTrip;Russian;6;3
4799;1538;FinishTrip;0;English;6
4800;1538;FinishTrip;0;Russian;3
4801;1538;StartTrip;English;6;5
4802;1538;StartTrip;Russian;3;6
4803;1539;FinishTrip;French;2
4804;1539;FinishTrip;0;German;6
4805;1539;StartTrip;French;2;6
4806;1539;StartTrip;German;6;4
4807;1540;FinishTrip;German;4
4808;1540;StartTrip;German;4;6
4809;1541;FinishTrip;English;5
4810;1541;StartTrip;English;5;6
4811;1542;FinishTrip;Russian;6
4812;1542;StartTrip;Russian;6;3
4813;1543;FinishTrip;0;German;6
4814;1543;StartTrip;German;6;4
4815;1544;FinishTrip;German;4
4816;1544;FinishTrip;0;Russian;3
4817;1544;StartTrip;German;4;2
4818;1544;StartTrip;Russian;3;6
4819;1545;FinishTrip;0;German;2
4820;1545;StartTrip;German;2;4
4821;1546;FinishTrip;German;4
4822;1546;FinishTrip;0;English;6
4823;1546;StartTrip;German;4;6
4824;1546;StartTrip;English;6;5
4825;1548;FinishTrip;Russian;6
4826;1548;StartTrip;Russian;6;4
4827;1549;FinishTrip;English;5
4828;1549;FinishTrip;0;Russian;4
4829;1549;FinishTrip;0;French;6
4830;1549;FinishTrip;0;German;6
4831;1549;StartTrip;English;5;6
4832;1549;StartTrip;German;6;4
4833;1549;StartTrip;Russian;4;6
4834;1549;StartTrip;French;6;2
4835;1550;FinishTrip;German;4
4836;1550;StartTrip;German;4;1
4837;1552;FinishTrip;Russian;6
4838;1552;FinishTrip;0;German;1
4839;1552;StartTrip;Russian;6;1
4840;1552;StartTrip;German;1;4
4841;1554;FinishTrip;French;2
4842;1554;FinishTrip;German;4
4843;1554;FinishTrip;0;English;6
4844;1554;StartTrip;French;2;6
4845;1554;StartTrip;English;6;5
4846;1554;StartTrip;German;4;6
4847;1556;FinishTrip;0;Russian;1
4848;1556;StartTrip;Russian;1;6
4849;1557;FinishTrip;Russian;6
4850;1557;FinishTrip;English;5
4851;1557;FinishTrip;1;German;6
4852;1557;ChangePet;2;Russian;German;Fish;Humpster
4853;1557;StartTrip;Russian;6;1
4854;1557;StartTrip;German;6;4
4855;1557;StartTrip;English;5;6
4856;1558;FinishTrip;American;1
4857;1558;FinishTrip;German;4
4858;1558;StartTrip;American;1;6
4859;1558;StartTrip;German;4;2
4860;1559;FinishTrip;0;American;6
4861;1559;FinishTrip;0;German;2
4862;1559;StartTrip;American;6;1
4863;1559;StartTrip;German;2;4
4864;1560;FinishTrip;German;4
4865;1560;StartTrip;German;4;6
4866;1561;FinishTrip;0;Russian;1
4867;1561;StartTrip;Russian;1;6
4868;1562;FinishTrip;Russian;6
4869;1562;FinishTrip;1;English;6
4870;1562;StartTrip;Russian;6;2
4871;1562;StartTrip;English;6;5
4872;1563;FinishTrip;American;1
4873;1563;FinishTrip;0;German;6
4874;1563;StartTrip;American;1;6
4875;1563;StartTrip;German;6;4
4876;1564;FinishTrip;German;4
4877;1564;FinishTrip;0;French;6
4878;1564;FinishTrip;0;American;6
4879;1564;StartTrip;German;4;6
4880;1564;StartTrip;American;6;1
4881;1564;StartTrip;French;6;2
4882;1565;FinishTrip;English;5
4883;1565;StartTrip;English;5;4
4884;1567;FinishTrip;0;Russian;2
4885;1567;FinishTrip;0;German;6
4886;1567;StartTrip;Russian;2;6
4887;1567;StartTrip;German;6;4
4888;1568;FinishTrip;American;1
4889;1568;FinishTrip;German;4
4890;1568;StartTrip;American;1;5
4891;1568;StartTrip;German;4;6
4892;1569;FinishTrip;French;2
4893;1569;FinishTrip;0;English;4
4894;1569;StartTrip;French;2;6
4895;1569;StartTrip;English;4;5
4896;1571;FinishTrip;0;German;6
4897;1571;FinishTrip;0;American;5
4898;1571;StartTrip;German;6;4
4899;1571;StartTrip;American;5;1
4900;1572;FinishTrip;German;4
4901;1572;StartTrip;German;4;1
4902;1574;FinishTrip;0;German;1
4903;1574;StartTrip;German;1;4
4904;1575;FinishTrip;American;1
4905;1575;FinishTrip;English;5
4906;1575;StartTrip;American;1;4
4907;1575;StartTrip;English;5;6
4908;1576;FinishTrip;German;4
4909;1576;StartTrip;German;4;6
4910;1577;FinishTrip;Russian;6
4911;1577;FinishTrip;0;American;4
4912;1577;StartTrip;Russian;6;3
4913;1577;StartTrip;American;4;1
4914;1579;FinishTrip;American;1
4915;1579;FinishTrip;0;French;6
4916;1579;FinishTrip;0;German;6
4917;1579;FinishTrip;0;Russian;3
4918;1579;StartTrip;American;1;5
4919;1579;StartTrip;Russian;3;6
4920;1579;StartTrip;French;6;2
4921;1579;StartTrip;German;6;4
4922;1580;FinishTrip;German;4
4923;1580;FinishTrip;0;English;6
4924;1580;StartTrip;German;4;6
4925;1580;StartTrip;English;6;5
4926;1582;FinishTrip;0;American;5
4927;1582;StartTrip;American;5;1
4928;1583;FinishTrip;English;5
4929;1583;FinishTrip;Russian;6
4930;1583;FinishTrip;1;German;6
4931;1583;FinishTrip;0;Chinese;1
4932;1583;ChangePet;2;Russian;German;Humpster;Fish
4933;1583;StartTrip;English;5;3
4934;1583;StartTrip;Chinese;1;3
4935;1583;StartTrip;Russian;6;1
4936;1583;StartTrip;German;6;4
4937;1584;FinishTrip;French;2
4938;1584;FinishTrip;German;4
4939;1584;StartTrip;French;2;6
4940;1584;StartTrip;German;4;2
4941;1585;FinishTrip;0;German;2
4942;1585;StartTrip;German;2;4
4943;1586;FinishTrip;American;1
4944;1586;FinishTrip;German;4
4945;1586;StartTrip;American;1;2
4946;1586;StartTrip;German;4;6
4947;1587;FinishTrip;0;English;3
4948;1587;FinishTrip;0;Russian;1
4949;1587;StartTrip;English;3;5
4950;1587;StartTrip;Russian;1;6
4951;1588;FinishTrip;Russian;6
4952;1588;StartTrip;Russian;6;2
4953;1589;FinishTrip;English;5
4954;1589;FinishTrip;0;German;6
4955;1589;StartTrip;English;5;6
4956;1589;StartTrip;German;6;4
4957;1590;FinishTrip;German;4
4958;1590;StartTrip;German;4;6
4959;1591;FinishTrip;Chinese;3
4960;1591;StartTrip;Chinese;3;6
4961;1592;FinishTrip;0;American;2
4962;1592;StartTrip;American;2;1
4963;1593;FinishTrip;0;German;6
4964;1593;FinishTrip;0;Russian;2
4965;1593;StartTrip;German;6;4
4966;1593;StartTrip;Russian;2;6
4967;1594;FinishTrip;German;4
4968;1594;FinishTrip;0;English;6
4969;1594;FinishTrip;0;French;6
4970;1594;StartTrip;German;4;1
4971;1594;StartTrip;French;6;2
4972;1594;StartTrip;English;6;5
4973;1595;FinishTrip;0;Chinese;6
4974;1595;StartTrip;Chinese;6;3
4975;1596;FinishTrip;0;German;1
4976;1596;StartTrip;German;1;4
4977;1597;FinishTrip;English;5
4978;1597;FinishTrip;Chinese;3
4979;1597;FinishTrip;American;1
4980;1597;StartTrip;English;5;6
4981;1597;StartTrip;American;1;6
4982;1597;StartTrip;Chinese;3;6
4983;1598;FinishTrip;German;4
4984;1598;FinishTrip;0;American;6
4985;1598;StartTrip;German;4;6
4986;1598;StartTrip;American;6;1
4987;1599;FinishTrip;French;2
4988;1599;StartTrip;French;2;6
4989;1601;FinishTrip;0;Chinese;6
4990;1601;FinishTrip;0;German;6
4991;1601;StartTrip;Chinese;6;3
4992;1601;StartTrip;German;6;4
4993;1602;FinishTrip;American;1
4994;1602;FinishTrip;German;4
4995;1602;FinishTrip;0;English;6
4996;1602;StartTrip;American;1;2
4997;1602;StartTrip;English;6;5
4998;1602;StartTrip;German;4;6
4999;1603;FinishTrip;Chinese;3
5000;1603;FinishTrip;Russian;6
5001;1603;StartTrip;Chinese;3;6
5002;1603;StartTrip;Russian;6;3
5003;1605;FinishTrip;English;5
5004;1605;FinishTrip;0;German;6
5005;1605;FinishTrip;0;Russian;3
5006;1605;StartTrip;English;5;1
5007;1605;StartTrip;Russian;3;6
5008;1605;StartTrip;German;6;4
5009;1606;FinishTrip;German;4
5010;1606;StartTrip;German;4;5
5011;1607;FinishTrip;0;Chinese;6
5012;1607;StartTrip;Chinese;6;3
5013;1608;FinishTrip;0;American;2
5014;1608;StartTrip;American;2;1
5015;1609;FinishTrip;Chinese;3
5016;1609;FinishTrip;Russian;6
5017;1609;FinishTrip;1;French;6
5018;1609;FinishTrip;0;English;1
5019;1609;StartTrip;Chinese;3;6
5020;1609;StartTrip;English;1;5
5021;1609;StartTrip;Russian;6;3
5022;1609;StartTrip;French;6;2
5023;1611;FinishTrip;0;Russian;3
5024;1611;StartTrip;Russian;3;6
5025;1612;FinishTrip;1;English;5
5026;1612;FinishTrip;German;5
5027;1612;changeHouse;2;English;German;4;5
5028;1612;StartTrip;English;5;4
5029;1612;StartTrip;German;5;6
5030;1613;FinishTrip;American;1
5031;1613;FinishTrip;0;Chinese;6
5032;1613;StartTrip;American;1;3
5033;1613;StartTrip;Chinese;6;3
5034;1614;FinishTrip;French;2
5035;1614;StartTrip;French;2;4
5036;1615;FinishTrip;Chinese;3
5037;1615;FinishTrip;Russian;6
5038;1615;FinishTrip;0;French;4
5039;1615;StartTrip;Chinese;3;6
5040;1615;StartTrip;French;4;2
5041;1615;StartTrip;Russian;6;1
5042;1616;FinishTrip;English;4
5043;1616;FinishTrip;French;2
5044;1616;StartTrip;English;4;3
5045;1616;StartTrip;French;2;5
5046;1617;FinishTrip;0;German;6
5047;1617;StartTrip;German;6;5
5048;1618;FinishTrip;0;French;5
5049;1618;StartTrip;French;5;2
5050;1619;FinishTrip;French;2
5051;1619;FinishTrip;0;Russian;1
5052;1619;FinishTrip;0;Chinese;6
5053;1619;FinishTrip;0;English;3
5054;1619;StartTrip;French;2;6
5055;1619;StartTrip;English;3;4
5056;1619;StartTrip;Russian;1;6
5057;1619;StartTrip;Chinese;6;3
5058;1620;FinishTrip;German;5
5059;1620;FinishTrip;Russian;6
5060;1620;StartTrip;German;5;6
5061;1620;StartTrip;Russian;6;5
5062;1621;FinishTrip;Chinese;3
5063;1621;FinishTrip;1;American;3
5064;1621;ChangePet;2;Chinese;American;Cat;Dog
5065;1621;StartTrip;Chinese;3;6
5066;1621;StartTrip;American;3;1
5067;1623;FinishTrip;0;Russian;5
5068;1623;StartTrip;Russian;5;6
5069;1624;FinishTrip;English;4
5070;1624;StartTrip;English;4;6
5071;1625;FinishTrip;0;German;6
5072;1625;FinishTrip;0;Chinese;6
5073;1625;StartTrip;German;6;5
5074;1625;StartTrip;Chinese;6;3
5075;1627;FinishTrip;Chinese;3
5076;1627;FinishTrip;0;English;6
5077;1627;StartTrip;Chinese;3;6
5078;1627;StartTrip;English;6;4
5079;1628;FinishTrip;Russian;6
5080;1628;FinishTrip;English;4
5081;1628;FinishTrip;German;5
5082;1628;StartTrip;Russian;6;5
5083;1628;StartTrip;German;5;6
5084;1628;StartTrip;English;4;6
5085;1629;FinishTrip;0;French;6
5086;1629;StartTrip;French;6;2
5087;1631;FinishTrip;0;English;6
5088;1631;FinishTrip;0;Chinese;6
5089;1631;FinishTrip;0;Russian;5
5090;1631;StartTrip;English;6;4
5091;1631;StartTrip;Russian;5;6
5092;1631;StartTrip;Chinese;6;3
5093;1632;FinishTrip;English;4
5094;1632;StartTrip;English;4;6
5095;1633;FinishTrip;Chinese;3
5096;1633;FinishTrip;0;German;6
5097;1633;StartTrip;Chinese;3;6
5098;1633;StartTrip;German;6;5
5099;1634;FinishTrip;French;2
5100;1634;StartTrip;French;2;5
5101;1635;FinishTrip;0;English;6
5102;1635;StartTrip;English;6;4
5103;1636;FinishTrip;Russian;6
5104;1636;FinishTrip;English;4
5105;1636;FinishTrip;1;German;5
5106;1636;FinishTrip;French;5
5107;1636;ChangePet;2;German;French;Zebra;Fish
5108;1636;changeHouse;2;German;French;2;5
5109;1636;StartTrip;Russian;6;3
5110;1636;StartTrip;French;5;6
5111;1636;StartTrip;English;4;6
5112;1636;StartTrip;German;5;2
5113;1637;FinishTrip;German;2
5114;1637;FinishTrip;0;Chinese;6
5115;1637;StartTrip;German;2;6
5116;1637;StartTrip;Chinese;6;3
5117;1638;FinishTrip;0;Russian;3
5118;1638;StartTrip;Russian;3;6
5119;1639;FinishTrip;Chinese;3
5120;1639;FinishTrip;0;English;6
5121;1639;StartTrip;Chinese;3;6
5122;1639;StartTrip;English;6;4
5123;1640;FinishTrip;English;4
5124;1640;StartTrip;English;4;6
5125;1641;FinishTrip;0;French;6
5126;1641;StartTrip;French;6;5
5127;1642;FinishTrip;Russian;6
5128;1642;StartTrip;Russian;6;4
5129;1643;FinishTrip;0;English;6
5130;1643;FinishTrip;0;Russian;4
5131;1643;FinishTrip;0;Chinese;6
5132;1643;StartTrip;English;6;4
5133;1643;StartTrip;Chinese;6;3
5134;1643;StartTrip;Russian;4;6
5135;1644;FinishTrip;French;5
5136;1644;FinishTrip;English;4
5137;1644;StartTrip;French;5;6
5138;1644;StartTrip;English;4;6
5139;1645;FinishTrip;Chinese;3
5140;1645;StartTrip;Chinese;3;4
5141;1646;FinishTrip;Russian;6
5142;1646;StartTrip;Russian;6;5
5143;1647;FinishTrip;0;English;6
5144;1647;FinishTrip;0;German;6
5145;1647;StartTrip;English;6;4
5146;1647;StartTrip;German;6;2
5147;1648;FinishTrip;English;4
5148;1648;StartTrip;English;4;6
5149;1649;FinishTrip;0;Russian;5
5150;1649;FinishTrip;0;French;6
5151;1649;StartTrip;Russian;5;6
5152;1649;StartTrip;French;6;5
5153;1650;FinishTrip;0;Chinese;4
5154;1650;StartTrip;Chinese;4;3
5155;1651;FinishTrip;0;English;6
5156;1651;StartTrip;English;6;4
5157;1652;FinishTrip;German;2
5158;1652;FinishTrip;English;4
5159;1652;FinishTrip;French;5
5160;1652;StartTrip;German;2;6
5161;1652;StartTrip;French;5;6
5162;1652;StartTrip;English;4;6
5163;1653;FinishTrip;Chinese;3
5164;1653;StartTrip;Chinese;3;6
5165;1654;FinishTrip;Russian;6
5166;1654;StartTrip;Russian;6;5
5167;1655;FinishTrip;0;English;6
5168;1655;StartTrip;English;6;4
5169;1656;FinishTrip;English;4
5170;1656;StartTrip;English;4;6
5171;1657;FinishTrip;0;Chinese;6
5172;1657;FinishTrip;0;Russian;5
5173;1657;FinishTrip;0;French;6
5174;1657;StartTrip;Chinese;6;3
5175;1657;StartTrip;French;6;5
5176;1657;StartTrip;Russian;5;6
5177;1659;FinishTrip;Chinese;3
5178;1659;FinishTrip;0;English;6
5179;1659;StartTrip;Chinese;3;6
5180;1659;StartTrip;English;6;4
5181;1660;FinishTrip;French;5
5182;1660;FinishTrip;English;4
5183;1660;StartTrip;French;5;6
5184;1660;StartTrip;English;4;5
5185;1662;FinishTrip;Russian;6
5186;1662;FinishTrip;1;German;6
5187;1662;StartTrip;Russian;6;1
5188;1662;StartTrip;German;6;2
5189;1663;FinishTrip;0;Chinese;6
5190;1663;StartTrip;Chinese;6;3
5191;1665;FinishTrip;Chinese;3
5192;1665;FinishTrip;0;French;6
5193;1665;StartTrip;Chinese;3;6
5194;1665;StartTrip;French;6;5
5195;1666;FinishTrip;0;English;5
5196;1666;FinishTrip;0;Russian;1
5197;1666;StartTrip;English;5;4
5198;1666;StartTrip;Russian;1;6
5199;1667;FinishTrip;German;2
5200;1667;FinishTrip;Russian;6
5201;1667;StartTrip;German;2;6
5202;1667;StartTrip;Russian;6;2
5203;1668;FinishTrip;French;5
5204;1668;StartTrip;French;5;4
5205;1669;FinishTrip;0;Chinese;6
5206;1669;StartTrip;Chinese;6;3
5207;1670;FinishTrip;English;4
5208;1670;StartTrip;English;4;6
5209;1671;FinishTrip;Chinese;3
5210;1671;StartTrip;Chinese;3;6
5211;1672;FinishTrip;0;Russian;2
5212;1672;FinishTrip;0;French;4
5213;1672;StartTrip;Russian;2;6
5214;1672;StartTrip;French;4;5
5215;1673;FinishTrip;American;1
5216;1673;FinishTrip;0;English;6
5217;1673;StartTrip;American;1;4
5218;1673;StartTrip;English;6;4
5219;1674;FinishTrip;English;4
5220;1674;StartTrip;English;4;6
5221;1675;FinishTrip;0;Chinese;6
5222;1675;FinishTrip;0;American;4
5223;1675;StartTrip;Chinese;6;3
5224;1675;StartTrip;American;4;1
5225;1677;FinishTrip;American;1
5226;1677;FinishTrip;Chinese;3
5227;1677;FinishTrip;0;German;6
5228;1677;FinishTrip;0;English;6
5229;1677;StartTrip;American;1;6
5230;1677;StartTrip;English;6;4
5231;1677;StartTrip;Chinese;3;6
5232;1677;StartTrip;German;6;2
5233;1678;FinishTrip;French;5
5234;1678;FinishTrip;English;4
5235;1678;FinishTrip;0;American;6
5236;1678;StartTrip;French;5;4
5237;1678;StartTrip;American;6;1
5238;1678;StartTrip;English;4;5
5239;1681;FinishTrip;0;Chinese;6
5240;1681;StartTrip;Chinese;6;3
5241;1682;FinishTrip;German;2
5242;1682;FinishTrip;Russian;6
5243;1682;FinishTrip;American;1
5244;1682;FinishTrip;0;French;4
5245;1682;StartTrip;German;2;6
5246;1682;StartTrip;French;4;5
5247;1682;StartTrip;Russian;6;5
5248;1682;StartTrip;American;1;5
5249;1683;FinishTrip;Chinese;3
5250;1683;StartTrip;Chinese;3;2
5251;1684;FinishTrip;0;English;5
5252;1684;StartTrip;English;5;4
5253;1685;FinishTrip;0;American;5
5254;1685;FinishTrip;0;Russian;5
5255;1685;StartTrip;American;5;1
5256;1685;StartTrip;Russian;5;6
5257;1686;FinishTrip;0;Chinese;2
5258;1686;StartTrip;Chinese;2;3
5259;1688;FinishTrip;English;4
5260;1688;FinishTrip;French;5
5261;1688;StartTrip;English;4;6
5262;1688;StartTrip;French;5;1
5263;1689;FinishTrip;American;1
5264;1689;StartTrip;American;1;6
5265;1690;FinishTrip;1;Russian;6
5266;1690;FinishTrip;Chinese;3
5267;1690;FinishTrip;American;6
5268;1690;ChangePet;2;Russian;American;Dog;Humpster
5269;1690;changeHouse;2;Russian;American;1;6
5270;1690;StartTrip;Russian;6;1
5271;1690;StartTrip;American;6;2
5272;1690;StartTrip;Chinese;3;5
5273;1691;FinishTrip;0;English;6
5274;1691;StartTrip;English;6;4
5275;1692;FinishTrip;English;4
5276;1692;FinishTrip;0;French;1
5277;1692;FinishTrip;0;Chinese;5
5278;1692;FinishTrip;0;German;6
5279;1692;StartTrip;English;4;6
5280;1692;StartTrip;German;6;2
5281;1692;StartTrip;French;1;5
5282;1692;StartTrip;Chinese;5;3
5283;1694;FinishTrip;Russian;1
5284;1694;StartTrip;Russian;1;6
5285;1695;FinishTrip;French;5
5286;1695;FinishTrip;0;English;6
5287;1695;FinishTrip;0;Russian;6
5288;1695;FinishTrip;0;American;2
5289;1695;StartTrip;French;5;6
5290;1695;StartTrip;American;2;6
5291;1695;StartTrip;English;6;4
5292;1695;StartTrip;Russian;6;1
5293;1696;FinishTrip;Chinese;3
5294;1696;FinishTrip;English;4
5295;1696;StartTrip;Chinese;3;6
5296;1696;StartTrip;English;4;6
5297;1697;FinishTrip;German;2
5298;1697;StartTrip;German;2;6
5299;1699;FinishTrip;Russian;1
5300;1699;FinishTrip;0;English;6
5301;1699;StartTrip;Russian;1;6
5302;1699;StartTrip;English;6;4
5303;1700;FinishTrip;English;4
5304;1700;FinishTrip;0;French;6
5305;1700;FinishTrip;0;Chinese;6
5306;1700;FinishTrip;0;Russian;6
5307;1700;StartTrip;English;4;6
5308;1700;StartTrip;Russian;6;1
5309;1700;StartTrip;French;6;5
5310;1700;StartTrip;Chinese;6;3
5311;1702;FinishTrip;Chinese;3
5312;1702;StartTrip;Chinese;3;6
5313;1703;FinishTrip;French;5
5314;1703;FinishTrip;0;English;6
5315;1703;StartTrip;French;5;6
5316;1703;StartTrip;English;6;4
5317;1704;FinishTrip;Russian;1
5318;1704;FinishTrip;English;4
5319;1704;StartTrip;Russian;1;2
5320;1704;StartTrip;English;4;6
5321;1705;FinishTrip;American;6
5322;1705;StartTrip;American;6;3
5323;1706;FinishTrip;0;Chinese;6
5324;1706;StartTrip;Chinese;6;3
5325;1707;FinishTrip;0;English;6
5326;1707;FinishTrip;0;American;3
5327;1707;FinishTrip;0;German;6
5328;1707;StartTrip;English;6;4
5329;1707;StartTrip;German;6;2
5330;1707;StartTrip;American;3;6
5331;1708;FinishTrip;Chinese;3
5332;1708;FinishTrip;English;4
5333;1708;FinishTrip;0;French;6
5334;1708;StartTrip;Chinese;3;2
5335;1708;StartTrip;French;6;5
5336;1708;StartTrip;English;4;6
5337;1710;FinishTrip;0;Russian;2
5338;1710;StartTrip;Russian;2;1
5339;1711;FinishTrip;American;6
5340;1711;FinishTrip;French;5
5341;1711;FinishTrip;1;English;6
5342;1711;FinishTrip;0;Chinese;2
5343;1711;ChangePet;2;English;American;Humpster;Bear
5344;1711;StartTrip;American;6;3
5345;1711;StartTrip;Chinese;2;3
5346;1711;StartTrip;French;5;6
5347;1711;StartTrip;English;6;4
5348;1712;FinishTrip;German;2
5349;1712;FinishTrip;English;4
5350;1712;StartTrip;German;2;6
5351;1712;StartTrip;English;4;6
5352;1713;FinishTrip;0;American;3
5353;1713;StartTrip;American;3;6
5354;1715;FinishTrip;Chinese;3
5355;1715;FinishTrip;Russian;1
5356;1715;FinishTrip;0;English;6
5357;1715;StartTrip;Chinese;3;6
5358;1715;StartTrip;English;6;4
5359;1715;StartTrip;Russian;1;6
5360;1716;FinishTrip;English;4
5361;1716;FinishTrip;0;French;6
5362;1716;FinishTrip;0;Russian;6
5363;1716;StartTrip;English;4;6
5364;1716;StartTrip;Russian;6;1
5365;1716;StartTrip;French;6;5
5366;1717;FinishTrip;American;6
5367;1717;StartTrip;American;6;5
5368;1719;FinishTrip;French;5
5369;1719;FinishTrip;0;Chinese;6
5370;1719;FinishTrip;0;English;6
5371;1719;StartTrip;French;5;3
5372;1719;StartTrip;English;6;4
5373;1719;StartTrip;Chinese;6;3
5374;1720;FinishTrip;Russian;1
5375;1720;FinishTrip;English;4
5376;1720;FinishTrip;0;American;5
5377;1720;StartTrip;Russian;1;3
5378;1720;StartTrip;American;5;6
5379;1720;StartTrip;English;4;6
5380;1721;FinishTrip;Chinese;3
5381;1721;StartTrip;Chinese;3;6
5382;1722;FinishTrip;0;German;6
5383;1722;StartTrip;German;6;2
5384;1723;FinishTrip;0;French;3
5385;1723;FinishTrip;0;English;6
5386;1723;StartTrip;French;3;5
5387;1723;StartTrip;English;6;4
5388;1724;FinishTrip;English;4
5389;1724;StartTrip;English;4;6
5390;1725;FinishTrip;1;American;6
5391;1725;FinishTrip;French;5
5392;1725;FinishTrip;Chinese;6
5393;1725;changeHouse;2;Chinese;American;6;3
5394;1725;StartTrip;American;6;3
5395;1725;StartTrip;Chinese;6;5
5396;1725;StartTrip;French;5;6
5397;1727;FinishTrip;German;2
5398;1727;FinishTrip;American;3
5399;1727;FinishTrip;0;English;6
5400;1727;StartTrip;German;2;4
5401;1727;StartTrip;English;6;4
5402;1727;StartTrip;American;3;6
5403;1728;FinishTrip;English;4
5404;1728;FinishTrip;0;Chinese;5
5405;1728;FinishTrip;0;Russian;3
5406;1728;FinishTrip;1;German;4
5407;1728;StartTrip;English;4;6
5408;1728;StartTrip;German;4;2
5409;1728;StartTrip;Chinese;5;6
5410;1728;StartTrip;Russian;3;1
5411;1729;FinishTrip;German;2
5412;1729;StartTrip;German;2;6
5413;1730;FinishTrip;0;French;6
5414;1730;StartTrip;French;6;5
5415;1731;FinishTrip;0;English;6
5416;1731;FinishTrip;0;American;6
5417;1731;StartTrip;English;6;4
5418;1731;StartTrip;American;6;3
5419;1732;FinishTrip;English;4
5420;1732;StartTrip;English;4;6
5421;1733;FinishTrip;American;3
5422;1733;FinishTrip;French;5
5423;1733;FinishTrip;Chinese;6
5424;1733;StartTrip;American;3;5
5425;1733;StartTrip;Chinese;6;2
5426;1733;StartTrip;French;5;4
5427;1735;FinishTrip;0;English;6
5428;1735;FinishTrip;0;American;5
5429;1735;StartTrip;English;6;4
5430;1735;StartTrip;American;5;3
5431;1736;FinishTrip;English;4
5432;1736;StartTrip;English;4;6
5433;1737;FinishTrip;0;French;4
5434;1737;StartTrip;French;4;5
5435;1738;FinishTrip;0;Chinese;2
5436;1738;StartTrip;Chinese;2;6
5437;1739;FinishTrip;American;3
5438;1739;FinishTrip;0;German;6
5439;1739;FinishTrip;0;English;6
5440;1739;StartTrip;American;3;1
5441;1739;StartTrip;English;6;4
5442;1739;StartTrip;German;6;2
5443;1740;FinishTrip;English;4
5444;1740;StartTrip;English;4;6
5445;1743;FinishTrip;French;5
5446;1743;FinishTrip;0;English;6
5447;1743;StartTrip;French;5;6
5448;1743;StartTrip;English;6;4
5449;1744;FinishTrip;German;2
5450;1744;FinishTrip;English;4
5451;1744;StartTrip;German;2;6
5452;1744;StartTrip;English;4;6
5453;1747;FinishTrip;0;English;6
5454;1747;StartTrip;English;6;4
5455;1748;FinishTrip;1;Chinese;6
5456;1748;FinishTrip;English;4
5457;1748;FinishTrip;French;6
5458;1748;changeHouse;2;Chinese;French;5;6
5459;1748;StartTrip;Chinese;6;5
5460;1748;StartTrip;French;6;4
5461;1748;StartTrip;English;4;3
5462;1749;FinishTrip;0;French;4
5463;1749;StartTrip;French;4;6
5464;1751;FinishTrip;Chinese;5
5465;1751;FinishTrip;0;English;3
5466;1751;StartTrip;Chinese;5;6
5467;1751;StartTrip;English;3;4
5468;1752;FinishTrip;French;6
5469;1752;StartTrip;French;6;5
5470;1754;FinishTrip;0;German;6
5471;1754;StartTrip;German;6;2
5472;1755;FinishTrip;0;French;5
5473;1755;StartTrip;French;5;6
5474;1756;FinishTrip;English;4
5475;1756;FinishTrip;0;Chinese;6
5476;1756;StartTrip;English;4;6
5477;1756;StartTrip;Chinese;6;5
5478;1759;FinishTrip;German;2
5479;1759;FinishTrip;Chinese;5
5480;1759;FinishTrip;0;English;6
5481;1759;StartTrip;German;2;6
5482;1759;StartTrip;English;6;4
5483;1759;StartTrip;Chinese;5;6
5484;1760;FinishTrip;French;6
5485;1760;FinishTrip;English;4
5486;1760;StartTrip;French;6;5
5487;1760;StartTrip;English;4;6
5488;1763;FinishTrip;0;French;5
5489;1763;FinishTrip;0;English;6
5490;1763;StartTrip;French;5;6
5491;1763;StartTrip;English;6;4
5492;1764;FinishTrip;English;4
5493;1764;FinishTrip;0;Chinese;6
5494;1764;StartTrip;English;4;6
5495;1764;StartTrip;Chinese;6;5
5496;1767;FinishTrip;Chinese;5
5497;1767;FinishTrip;0;English;6
5498;1767;StartTrip;Chinese;5;6
5499;1767;StartTrip;English;6;4
5500;1768;FinishTrip;French;6
5501;1768;FinishTrip;English;4
5502;1768;StartTrip;French;6;3
5503;1768;StartTrip;English;4;6
5504;1769;FinishTrip;0;German;6
5505;1769;StartTrip;German;6;2
5506;1770;FinishTrip;0;French;3
5507;1770;StartTrip;French;3;6
5508;1771;FinishTrip;0;English;6
5509;1771;StartTrip;English;6;4
5510;1772;FinishTrip;English;4
5511;1772;FinishTrip;0;Chinese;6
5512;1772;StartTrip;English;4;6
5513;1772;StartTrip;Chinese;6;5
5514;1774;FinishTrip;German;2
5515;1774;FinishTrip;French;6
5516;1774;StartTrip;German;2;6
5517;1774;StartTrip;French;6;5
5518;1775;FinishTrip;Chinese;5
5519;1775;FinishTrip;0;English;6
5520;1775;StartTrip;Chinese;5;3
5521;1775;StartTrip;English;6;4
5522;1776;FinishTrip;English;4
5523;1776;StartTrip;English;4;6
5524;1777;FinishTrip;0;French;5
5525;1777;StartTrip;French;5;6
5526;1779;FinishTrip;0;English;6
5527;1779;FinishTrip;0;Chinese;3
5528;1779;StartTrip;English;6;4
5529;1779;StartTrip;Chinese;3;5
5530;1780;FinishTrip;Russian;1
5531;1780;FinishTrip;English;4
5532;1780;StartTrip;Russian;1;6
5533;1780;StartTrip;English;4;6
5534;1781;FinishTrip;Chinese;5
5535;1781;FinishTrip;0;Russian;6
5536;1781;StartTrip;Chinese;5;6
5537;1781;StartTrip;Russian;6;1
5538;1782;FinishTrip;French;6
5539;1782;StartTrip;French;6;1
5540;1783;FinishTrip;0;English;6
5541;1783;StartTrip;English;6;4
5542;1784;FinishTrip;English;4
5543;1784;FinishTrip;0;German;6
5544;1784;StartTrip;English;4;6
5545;1784;StartTrip;German;6;2
5546;1785;FinishTrip;Russian;1
5547;1785;StartTrip;Russian;1;6
5548;1786;FinishTrip;0;French;1
5549;1786;FinishTrip;0;Russian;6
5550;1786;FinishTrip;0;Chinese;6
5551;1786;StartTrip;French;1;6
5552;1786;StartTrip;Chinese;6;5
5553;1786;StartTrip;Russian;6;1
5554;1787;FinishTrip;1;French;6
5555;1787;FinishTrip;English;6
5556;1787;changeHouse;2;English;French;6;4
5557;1787;StartTrip;French;6;4
5558;1787;StartTrip;English;6;1
5559;1788;FinishTrip;French;4
5560;1788;StartTrip;French;4;5
5561;1789;FinishTrip;German;2
5562;1789;FinishTrip;Chinese;5
5563;1789;StartTrip;German;2;6
5564;1789;StartTrip;Chinese;5;6
5565;1790;FinishTrip;Russian;1
5566;1790;StartTrip;Russian;1;6
5567;1791;FinishTrip;0;American;1
5568;1791;FinishTrip;0;Russian;6
5569;1791;FinishTrip;0;English;1
5570;1791;StartTrip;American;1;3
5571;1791;StartTrip;English;1;6
5572;1791;StartTrip;Russian;6;1
5573;1792;FinishTrip;English;6
5574;1792;StartTrip;English;6;2
5575;1794;FinishTrip;0;Chinese;6
5576;1794;FinishTrip;0;French;5
5577;1794;StartTrip;Chinese;6;5
5578;1794;StartTrip;French;5;4
5579;1795;FinishTrip;Russian;1
5580;1795;StartTrip;Russian;1;6
5581;1796;FinishTrip;0;Russian;6
5582;1796;StartTrip;Russian;6;1
5583;1797;FinishTrip;Chinese;5
5584;1797;FinishTrip;0;English;2
5585;1797;StartTrip;Chinese;5;6
5586;1797;StartTrip;English;2;6
5587;1798;FinishTrip;French;4
5588;1798;StartTrip;French;4;6
5589;1799;FinishTrip;American;3
5590;1799;FinishTrip;0;German;6
5591;1799;StartTrip;American;3;5
5592;1799;StartTrip;German;6;2
5593;1800;FinishTrip;Russian;1
5594;1800;StartTrip;Russian;1;6
5595;1801;FinishTrip;0;French;6
5596;1801;FinishTrip;0;Russian;6
5597;1801;FinishTrip;0;American;5
5598;1801;StartTrip;French;6;4
5599;1801;StartTrip;American;5;3
5600;1801;StartTrip;Russian;6;1
5601;1802;FinishTrip;French;4
5602;1802;FinishTrip;0;Chinese;6
5603;1802;StartTrip;French;4;6
5604;1802;StartTrip;Chinese;6;5
5605;1804;FinishTrip;German;2
5606;1804;StartTrip;German;2;1
5607;1805;FinishTrip;Russian;1
5608;1805;FinishTrip;Chinese;5
5609;1805;FinishTrip;American;3
5610;1805;FinishTrip;0;French;6
5611;1805;StartTrip;Russian;1;6
5612;1805;StartTrip;French;6;4
5613;1805;StartTrip;Chinese;5;1
5614;1805;StartTrip;American;3;4
5615;1806;FinishTrip;French;4
5616;1806;FinishTrip;0;Russian;6
5617;1806;StartTrip;French;4;6
5618;1806;StartTrip;Russian;6;1
5619;1807;FinishTrip;English;6
5620;1807;StartTrip;English;6;1
5621;1809;FinishTrip;0;German;1
5622;1809;FinishTrip;0;French;6
5623;1809;FinishTrip;0;Chinese;1
5624;1809;StartTrip;German;1;2
5625;1809;StartTrip;Chinese;1;5
5626;1809;StartTrip;French;6;4
5627;1810;FinishTrip;Russian;1
5628;1810;FinishTrip;1;French;4
5629;1810;FinishTrip;American;4
5630;1810;ChangePet;2;French;American;Bear;Fish
5631;1810;changeHouse;2;French;American;3;4
5632;1810;StartTrip;Russian;1;5
5633;1810;StartTrip;American;4;1
5634;1810;StartTrip;French;4;3
5635;1811;FinishTrip;0;English;1
5636;1811;StartTrip;English;1;6
5637;1812;FinishTrip;Chinese;5
5638;1812;FinishTrip;English;6
5639;1812;FinishTrip;0;American;1
5640;1812;StartTrip;Chinese;5;6
5641;1812;StartTrip;American;1;4
5642;1812;StartTrip;English;6;1
5643;1813;FinishTrip;French;3
5644;1813;FinishTrip;0;Russian;5
5645;1813;StartTrip;French;3;6
5646;1813;StartTrip;Russian;5;1
5647;1814;FinishTrip;American;4
5648;1814;StartTrip;American;4;1
5649;1815;FinishTrip;German;2
5650;1815;StartTrip;German;2;6
5651;1816;FinishTrip;0;American;1
5652;1816;FinishTrip;0;English;1
5653;1816;StartTrip;American;1;4
5654;1816;StartTrip;English;1;6
5655;1817;FinishTrip;Russian;1
5656;1817;FinishTrip;1;English;6
5657;1817;FinishTrip;1;Chinese;6
5658;1817;FinishTrip;French;6
5659;1817;changeHouse;2;English;French;3;6
5660;1817;StartTrip;Russian;1;6
5661;1817;StartTrip;French;6;5
5662;1817;StartTrip;English;6;3
5663;1817;StartTrip;Chinese;6;5
5664;1818;FinishTrip;American;4
5665;1818;FinishTrip;0;Russian;6
5666;1818;StartTrip;American;4;3
5667;1818;StartTrip;Russian;6;1
5668;1819;FinishTrip;English;3
5669;1819;StartTrip;English;3;6
5670;1820;FinishTrip;1;Chinese;5
5671;1820;FinishTrip;French;5
5672;1820;changeHouse;2;Chinese;French;6;5
5673;1820;StartTrip;Chinese;5;6
5674;1820;StartTrip;French;5;6
5675;1821;FinishTrip;0;American;3
5676;1821;StartTrip;American;3;4
5677;1822;FinishTrip;Russian;1
5678;1822;StartTrip;Russian;1;6
5679;1823;FinishTrip;0;English;6
5680;1823;FinishTrip;0;Russian;6
5681;1823;StartTrip;English;6;3
5682;1823;StartTrip;Russian;6;1
5683;1825;FinishTrip;English;3
5684;1825;FinishTrip;Chinese;6
5685;1825;FinishTrip;1;French;6
5686;1825;FinishTrip;1;German;6
5687;1825;StartTrip;English;3;4
5688;1825;StartTrip;German;6;2
5689;1825;StartTrip;Chinese;6;2
5690;1825;StartTrip;French;6;5
5691;1826;FinishTrip;American;4
5692;1826;StartTrip;American;4;1
5693;1827;FinishTrip;Russian;1
5694;1827;StartTrip;Russian;1;6
5695;1828;FinishTrip;French;5
5696;1828;FinishTrip;0;American;1
5697;1828;FinishTrip;0;Russian;6
5698;1828;StartTrip;French;5;6
5699;1828;StartTrip;Russian;6;1
5700;1828;StartTrip;American;1;4
5701;1830;FinishTrip;German;2
5702;1830;FinishTrip;1;American;4
5703;1830;FinishTrip;English;4
5704;1830;FinishTrip;1;Chinese;2
5705;1830;changeHouse;2;English;American;4;3
5706;1830;StartTrip;German;2;6
5707;1830;StartTrip;Chinese;2;6
5708;1830;StartTrip;American;4;3
5709;1830;StartTrip;English;4;3
5710;1832;FinishTrip;Russian;1
5711;1832;StartTrip;Russian;1;6
5712;1833;FinishTrip;1;American;3
5713;1833;FinishTrip;English;3
5714;1833;FinishTrip;0;Russian;6
5715;1833;FinishTrip;0;French;6
5716;1833;ChangePet;2;English;American;Fish;Humpster
5717;1833;changeHouse;2;English;American;3;4
5718;1833;StartTrip;American;3;4
5719;1833;StartTrip;French;6;5
5720;1833;StartTrip;English;3;6
5721;1833;StartTrip;Russian;6;1
5722;1836;FinishTrip;French;5
5723;1836;StartTrip;French;5;6
5724;1837;FinishTrip;Russian;1
5725;1837;FinishTrip;0;English;6
5726;1837;StartTrip;Russian;1;6
5727;1837;StartTrip;English;6;3
5728;1838;FinishTrip;American;4
5729;1838;FinishTrip;0;Russian;6
5730;1838;StartTrip;American;4;6
5731;1838;StartTrip;Russian;6;1
5732;1839;FinishTrip;English;3
5733;1839;StartTrip;English;3;4
5734;1840;FinishTrip;1;Chinese;6
5735;1840;FinishTrip;German;6
5736;1840;changeHouse;2;Chinese;German;2;6
5737;1840;StartTrip;Chinese;6;2
5738;1840;StartTrip;German;6;1
5739;1841;FinishTrip;0;American;6
5740;1841;FinishTrip;0;French;6
5741;1841;StartTrip;American;6;4
5742;1841;StartTrip;French;6;5
5743;1842;FinishTrip;Russian;1
5744;1842;FinishTrip;American;4
5745;1842;StartTrip;Russian;1;6
5746;1842;StartTrip;American;4;5
5747;1843;FinishTrip;0;Russian;6
5748;1843;StartTrip;Russian;6;1
5749;1844;FinishTrip;French;5
5750;1844;FinishTrip;0;English;4
5751;1844;FinishTrip;0;German;1
5752;1844;StartTrip;French;5;6
5753;1844;StartTrip;German;1;6
5754;1844;StartTrip;English;4;3
5755;1845;FinishTrip;Chinese;2
5756;1845;FinishTrip;German;6
5757;1845;StartTrip;Chinese;2;6
5758;1845;StartTrip;German;6;1
5759;1847;FinishTrip;English;3
5760;1847;FinishTrip;Russian;1
5761;1847;StartTrip;English;3;6
5762;1847;StartTrip;Russian;1;4
5763;1848;FinishTrip;0;American;5
5764;1848;StartTrip;American;5;4
5765;1849;FinishTrip;0;Russian;4
5766;1849;FinishTrip;0;German;1
5767;1849;FinishTrip;0;French;6
5768;1849;StartTrip;Russian;4;1
5769;1849;StartTrip;French;6;5
5770;1849;StartTrip;German;1;6
5771;1850;FinishTrip;German;6
5772;1850;StartTrip;German;6;4
5773;1851;FinishTrip;Russian;1
5774;1851;FinishTrip;0;English;6
5775;1851;FinishTrip;0;German;4
5776;1851;StartTrip;Russian;1;6
5777;1851;StartTrip;German;4;6
5778;1851;StartTrip;English;6;3
5779;1852;FinishTrip;French;5
5780;1852;FinishTrip;American;4
5781;1852;FinishTrip;0;Russian;6
5782;1852;StartTrip;French;5;6
5783;1852;StartTrip;Russian;6;1
5784;1852;StartTrip;American;4;3
5785;1853;FinishTrip;English;3
5786;1853;StartTrip;English;3;6
5787;1854;FinishTrip;German;6
5788;1854;StartTrip;German;6;4
5789;1855;FinishTrip;0;Chinese;6
5790;1855;FinishTrip;0;German;4
5791;1855;FinishTrip;0;American;3
5792;1855;StartTrip;Chinese;6;2
5793;1855;StartTrip;American;3;4
5794;1855;StartTrip;German;4;6
5795;1856;FinishTrip;Russian;1
5796;1856;StartTrip;Russian;1;4
5797;1857;FinishTrip;0;English;6
5798;1857;FinishTrip;0;French;6
5799;1857;StartTrip;English;6;3
5800;1857;StartTrip;French;6;5
5801;1858;FinishTrip;German;6
5802;1858;FinishTrip;0;Russian;4
5803;1858;StartTrip;German;6;4
5804;1858;StartTrip;Russian;4;1
5805;1859;FinishTrip;English;3
5806;1859;FinishTrip;0;German;4
5807;1859;StartTrip;English;3;6
5808;1859;StartTrip;German;4;6
5809;1860;FinishTrip;Russian;1
5810;1860;FinishTrip;French;5
5811;1860;FinishTrip;American;4
5812;1860;FinishTrip;Chinese;2
5813;1860;StartTrip;Russian;1;6
5814;1860;StartTrip;Chinese;2;6
5815;1860;StartTrip;French;5;2
5816;1860;StartTrip;American;4;1
5817;1861;FinishTrip;0;Russian;6
5818;1861;FinishTrip;0;French;2
5819;1861;StartTrip;Russian;6;1
5820;1861;StartTrip;French;2;5
5821;1862;FinishTrip;German;6
5822;1862;FinishTrip;0;American;1
5823;1862;StartTrip;German;6;5
5824;1862;StartTrip;American;1;4
5825;1863;FinishTrip;French;5
5826;1863;FinishTrip;0;English;6
5827;1863;StartTrip;French;5;6
5828;1863;StartTrip;English;6;3
5829;1864;FinishTrip;American;4
5830;1864;StartTrip;American;4;5
5831;1865;FinishTrip;Russian;1
5832;1865;FinishTrip;English;3
5833;1865;FinishTrip;0;German;5
5834;1865;StartTrip;Russian;1;6
5835;1865;StartTrip;German;5;6
5836;1865;StartTrip;English;3;6
5837;1866;FinishTrip;0;Russian;6
5838;1866;StartTrip;Russian;6;1
5839;1868;FinishTrip;0;French;6
5840;1868;StartTrip;French;6;5
5841;1869;FinishTrip;0;English;6
5842;1869;StartTrip;English;6;3
5843;1870;FinishTrip;Russian;1
5844;1870;FinishTrip;German;6
5845;1870;FinishTrip;0;American;5
5846;1870;FinishTrip;1;Chinese;6
5847;1870;ChangePet;2;Chinese;German;Zebra;Cat
5848;1870;StartTrip;Russian;1;6
5849;1870;StartTrip;Chinese;6;2
5850;1870;StartTrip;German;6;1
5851;1870;StartTrip;American;5;4
5852;1871;FinishTrip;French;5
5853;1871;FinishTrip;English;3
5854;1871;FinishTrip;0;Russian;6
5855;1871;StartTrip;French;5;6
5856;1871;StartTrip;Russian;6;1
5857;1871;StartTrip;English;3;1
5858;1874;FinishTrip;American;4
5859;1874;FinishTrip;0;German;1
5860;1874;StartTrip;American;4;1
5861;1874;StartTrip;German;1;6
5862;1875;FinishTrip;Chinese;2
5863;1875;FinishTrip;German;6
5864;1875;FinishTrip;Russian;1
5865;1875;StartTrip;Chinese;2;6
5866;1875;StartTrip;Russian;1;6
5867;1875;StartTrip;German;6;3
5868;1876;FinishTrip;0;American;1
5869;1876;FinishTrip;0;French;6
5870;1876;FinishTrip;0;Russian;6
5871;1876;StartTrip;American;1;4
5872;1876;StartTrip;Russian;6;1
5873;1876;StartTrip;French;6;5
5874;1877;FinishTrip;0;German;3
5875;1877;StartTrip;German;3;6
5876;1878;FinishTrip;American;4
5877;1878;StartTrip;American;4;6
5878;1879;FinishTrip;French;5
5879;1879;StartTrip;French;5;6
5880;1880;FinishTrip;Russian;1
5881;1880;StartTrip;Russian;1;6
5882;1881;FinishTrip;German;6
5883;1881;FinishTrip;1;Russian;6
5884;1881;FinishTrip;1;American;6
5885;1881;ChangePet;3;Russian;German;American;Cat;Humpster;Dog
5886;1881;changeHouse;2;Russian;American;4;1
5887;1881;StartTrip;German;6;2
5888;1881;StartTrip;American;6;1
5889;1881;StartTrip;Russian;6;4
5890;1882;FinishTrip;Russian;4
5891;1882;StartTrip;Russian;4;5
5892;1884;FinishTrip;0;French;6
5893;1884;StartTrip;French;6;5
5894;1885;FinishTrip;American;1
5895;1885;FinishTrip;0;Chinese;6
5896;1885;StartTrip;American;1;6
5897;1885;StartTrip;Chinese;6;2
5898;1886;FinishTrip;0;German;2
5899;1886;FinishTrip;0;American;6
5900;1886;StartTrip;German;2;6
5901;1886;StartTrip;American;6;1
5902;1887;FinishTrip;French;5
5903;1887;StartTrip;French;5;6
5904;1888;FinishTrip;0;Russian;5
5905;1888;StartTrip;Russian;5;4
5906;1890;FinishTrip;Chinese;2
5907;1890;FinishTrip;American;1
5908;1890;StartTrip;Chinese;2;6
5909;1890;StartTrip;American;1;3
5910;1892;FinishTrip;Russian;4
5911;1892;FinishTrip;0;French;6
5912;1892;StartTrip;Russian;4;6
5913;1892;StartTrip;French;6;5
5914;1895;FinishTrip;French;5
5915;1895;FinishTrip;0;Russian;6
5916;1895;StartTrip;French;5;3
5917;1895;StartTrip;Russian;6;4
5918;1896;FinishTrip;German;6
5919;1896;FinishTrip;Russian;4
5920;1896;StartTrip;German;6;5
5921;1896;StartTrip;Russian;4;3
5922;1898;FinishTrip;0;American;3
5923;1898;StartTrip;American;3;1
5924;1899;FinishTrip;0;Russian;3
5925;1899;FinishTrip;0;French;3
5926;1899;FinishTrip;0;German;5
5927;1899;StartTrip;Russian;3;4
5928;1899;StartTrip;German;5;6
5929;1899;StartTrip;French;3;5
5930;1900;FinishTrip;0;Chinese;6
5931;1900;StartTrip;Chinese;6;2
5932;1901;FinishTrip;French;5
5933;1901;StartTrip;French;5;6
5934;1904;FinishTrip;Russian;4
5935;1904;FinishTrip;German;6
5936;1904;StartTrip;Russian;4;6
5937;1904;StartTrip;German;6;4
5938;1905;FinishTrip;Chinese;2
5939;1905;FinishTrip;0;German;4
5940;1905;StartTrip;Chinese;2;1
5941;1905;StartTrip;German;4;6
5942;1906;FinishTrip;0;French;6
5943;1906;StartTrip;French;6;5
5944;1907;FinishTrip;0;Russian;6
5945;1907;StartTrip;Russian;6;4
5946;1908;FinishTrip;German;6
5947;1908;FinishTrip;Russian;4
5948;1908;StartTrip;German;6;1
5949;1908;StartTrip;Russian;4;5
5950;1909;FinishTrip;French;5
5951;1909;StartTrip;French;5;6
5952;1910;FinishTrip;0;Chinese;1
5953;1910;StartTrip;Chinese;1;2
5954;1912;FinishTrip;0;German;1
5955;1912;StartTrip;German;1;6
5956;1913;FinishTrip;German;6
5957;1913;StartTrip;German;6;5
5958;1914;FinishTrip;0;Russian;5
5959;1914;FinishTrip;0;French;6
5960;1914;StartTrip;Russian;5;4
5961;1914;StartTrip;French;6;5
5962;1916;FinishTrip;Chinese;2
5963;1916;FinishTrip;0;German;5
5964;1916;StartTrip;Chinese;2;6
5965;1916;StartTrip;German;5;6
5966;1917;FinishTrip;French;5
5967;1917;StartTrip;French;5;2
5968;1918;FinishTrip;Russian;4
5969;1918;FinishTrip;0;French;2
5970;1918;StartTrip;Russian;4;1
5971;1918;StartTrip;French;2;5
5972;1920;FinishTrip;French;5
5973;1920;FinishTrip;0;Russian;1
5974;1920;StartTrip;French;5;6
5975;1920;StartTrip;Russian;1;4
5976;1921;FinishTrip;German;6
5977;1921;StartTrip;German;6;2
5978;1922;FinishTrip;Russian;4
5979;1922;StartTrip;Russian;4;6
5980;1923;FinishTrip;0;English;1
5981;1923;StartTrip;English;1;3
5982;1925;FinishTrip;0;Russian;6
5983;1925;FinishTrip;0;French;6
5984;1925;StartTrip;Russian;6;4
5985;1925;StartTrip;French;6;5
5986;1926;FinishTrip;Russian;4
5987;1926;FinishTrip;0;Chinese;6
5988;1926;FinishTrip;0;German;2
5989;1926;StartTrip;Russian;4;6
5990;1926;StartTrip;German;2;6
5991;1926;StartTrip;Chinese;6;2
5992;1928;FinishTrip;French;5
5993;1928;StartTrip;French;5;6
5994;1929;FinishTrip;0;Russian;6
5995;1929;StartTrip;Russian;6;4
5996;1930;FinishTrip;Russian;4
5997;1930;StartTrip;Russian;4;6
5998;1931;FinishTrip;Chinese;2
5999;1931;FinishTrip;English;3
6000;1931;StartTrip;Chinese;2;6
6001;1931;StartTrip;English;3;6
6002;1933;FinishTrip;0;French;6
6003;1933;FinishTrip;0;Russian;6
6004;1933;StartTrip;French;6;5
6005;1933;StartTrip;Russian;6;4
6006;1934;FinishTrip;Russian;4
6007;1934;StartTrip;Russian;4;3
6008;1935;FinishTrip;0;English;6
6009;1935;StartTrip;English;6;3
6010;1936;FinishTrip;German;6
6011;1936;FinishTrip;French;5
6012;1936;StartTrip;German;6;2
6013;1936;StartTrip;French;5;3
6014;1937;FinishTrip;English;3
6015;1937;FinishTrip;1;Russian;3
6016;1937;StartTrip;English;3;6
6017;1937;StartTrip;Russian;3;4
6018;1940;FinishTrip;0;French;3
6019;1940;StartTrip;French;3;5
6020;1941;FinishTrip;0;Chinese;6
6021;1941;FinishTrip;0;German;2
6022;1941;FinishTrip;0;English;6
6023;1941;StartTrip;Chinese;6;2
6024;1941;StartTrip;English;6;3
6025;1941;StartTrip;German;2;6
6026;1942;FinishTrip;French;5
6027;1942;FinishTrip;Russian;4
6028;1942;StartTrip;French;5;6
6029;1942;StartTrip;Russian;4;6
6030;1943;FinishTrip;English;3
6031;1943;StartTrip;English;3;6
6032;1945;FinishTrip;0;Russian;6
6033;1945;StartTrip;Russian;6;4
6034;1946;FinishTrip;Chinese;2
6035;1946;FinishTrip;Russian;4
6036;1946;StartTrip;Chinese;2;6
6037;1946;StartTrip;Russian;4;6
6038;1947;FinishTrip;0;English;6
6039;1947;FinishTrip;0;French;6
6040;1947;StartTrip;English;6;3
6041;1947;StartTrip;French;6;5
6042;1949;FinishTrip;English;3
6043;1949;FinishTrip;0;Russian;6
6044;1949;StartTrip;English;3;6
6045;1949;StartTrip;Russian;6;4
6046;1950;FinishTrip;French;5
6047;1950;FinishTrip;Russian;4
6048;1950;FinishTrip;American;1
6049;1950;StartTrip;French;5;6
6050;1950;StartTrip;American;1;4
6051;1950;StartTrip;Russian;4;6
6052;1951;FinishTrip;German;6
6053;1951;StartTrip;German;6;3
6054;1952;FinishTrip;0;American;4
6055;1952;StartTrip;American;4;1
6056;1953;FinishTrip;0;Russian;6
6057;1953;FinishTrip;0;German;3
6058;1953;FinishTrip;0;English;6
6059;1953;StartTrip;Russian;6;4
6060;1953;StartTrip;English;6;3
6061;1953;StartTrip;German;3;6
6062;1954;FinishTrip;American;1
6063;1954;FinishTrip;Russian;4
6064;1954;StartTrip;American;1;2
6065;1954;StartTrip;Russian;4;6
6066;1955;FinishTrip;English;3
6067;1955;FinishTrip;0;French;6
6068;1955;StartTrip;English;3;6
6069;1955;StartTrip;French;6;5
6070;1956;FinishTrip;0;Chinese;6
6071;1956;StartTrip;Chinese;6;2
6072;1957;FinishTrip;German;6
6073;1957;FinishTrip;1;Russian;6
6074;1957;StartTrip;German;6;2
6075;1957;StartTrip;Russian;6;4
6076;1958;FinishTrip;French;5
6077;1958;FinishTrip;Russian;4
6078;1958;StartTrip;French;5;6
6079;1958;StartTrip;Russian;4;6
6080;1959;FinishTrip;0;English;6
6081;1959;StartTrip;English;6;3
6082;1960;FinishTrip;0;American;2
6083;1960;StartTrip;American;2;1
6084;1961;FinishTrip;Chinese;2
6085;1961;FinishTrip;English;3
6086;1961;FinishTrip;0;Russian;6
6087;1961;StartTrip;Chinese;2;6
6088;1961;StartTrip;Russian;6;4
6089;1961;StartTrip;English;3;6
6090;1962;FinishTrip;Russian;4
6091;1962;FinishTrip;0;German;2
6092;1962;StartTrip;Russian;4;6
6093;1962;StartTrip;German;2;6
6094;1963;FinishTrip;0;French;6
6095;1963;StartTrip;French;6;5
6096;1965;FinishTrip;American;1
6097;1965;FinishTrip;0;English;6
6098;1965;FinishTrip;0;Russian;6
6099;1965;StartTrip;American;1;6
6100;1965;StartTrip;Russian;6;4
6101;1965;StartTrip;English;6;3
6102;1966;FinishTrip;French;5
6103;1966;FinishTrip;Russian;4
6104;1966;FinishTrip;0;American;6
6105;1966;StartTrip;French;5;6
6106;1966;StartTrip;American;6;1
6107;1966;StartTrip;Russian;4;6
6108;1967;FinishTrip;English;3
6109;1967;StartTrip;English;3;1
6110;1969;FinishTrip;0;Russian;6
6111;1969;StartTrip;Russian;6;4
6112;1970;FinishTrip;American;1
6113;1970;FinishTrip;Russian;4
6114;1970;StartTrip;American;1;4
6115;1970;StartTrip;Russian;4;6
6116;1971;FinishTrip;0;Chinese;6
6117;1971;FinishTrip;0;French;6
6118;1971;StartTrip;Chinese;6;2
6119;1971;StartTrip;French;6;5
6120;1972;FinishTrip;German;6
6121;1972;FinishTrip;0;American;4
6122;1972;StartTrip;German;6;4
6123;1972;StartTrip;American;4;1
6124;1973;FinishTrip;0;Russian;6
6125;1973;FinishTrip;0;German;4
6126;1973;StartTrip;Russian;6;4
6127;1973;StartTrip;German;4;6
6128;1974;FinishTrip;American;1
6129;1974;FinishTrip;French;5
6130;1974;FinishTrip;Russian;4
6131;1974;StartTrip;American;1;6
6132;1974;StartTrip;French;5;3
6133;1974;StartTrip;Russian;4;6
6134;1975;FinishTrip;0;American;6
6135;1975;StartTrip;American;6;1
6136;1976;FinishTrip;Chinese;2
6137;1976;FinishTrip;German;6
6138;1976;StartTrip;Chinese;2;6
6139;1976;StartTrip;German;6;1
6140;1977;FinishTrip;0;Russian;6
6141;1977;StartTrip;Russian;6;4
6142;1978;FinishTrip;Russian;4
6143;1978;FinishTrip;0;French;3
6144;1978;StartTrip;Russian;4;6
6145;1978;StartTrip;French;3;5
6146;1979;FinishTrip;American;1
6147;1979;StartTrip;American;1;4
6148;1980;FinishTrip;French;5
6149;1980;FinishTrip;0;German;1
6150;1980;StartTrip;French;5;6
6151;1980;StartTrip;German;1;6
6152;1981;FinishTrip;German;6
6153;1981;FinishTrip;0;American;4
6154;1981;FinishTrip;1;Russian;6
6155;1981;StartTrip;German;6;3
6156;1981;StartTrip;American;4;1
6157;1981;StartTrip;Russian;6;4
6158;1982;FinishTrip;Russian;4
6159;1982;StartTrip;Russian;4;6
6160;1983;FinishTrip;American;1
6161;1983;FinishTrip;0;German;3
6162;1983;StartTrip;American;1;3
6163;1983;StartTrip;German;3;6
6164;1985;FinishTrip;0;Russian;6
6165;1985;FinishTrip;0;French;6
6166;1985;StartTrip;Russian;6;4
6167;1985;StartTrip;French;6;5
6168;1986;FinishTrip;Russian;4
6169;1986;FinishTrip;0;Chinese;6
6170;1986;StartTrip;Russian;4;6
6171;1986;StartTrip;Chinese;6;2
6172;1987;FinishTrip;German;6
6173;1987;StartTrip;German;6;2
6174;1988;FinishTrip;French;5
6175;1988;StartTrip;French;5;6
6176;1989;FinishTrip;0;Russian;6
6177;1989;StartTrip;Russian;6;4
6178;1990;FinishTrip;Russian;4
6179;1990;StartTrip;Russian;4;6
6180;1991;FinishTrip;Chinese;2
6181;1991;FinishTrip;0;American;3
6182;1991;StartTrip;Chinese;2;6
6183;1991;StartTrip;American;3;1
6184;1992;FinishTrip;0;German;2
6185;1992;StartTrip;German;2;6
6186;1993;FinishTrip;0;French;6
6187;1993;FinishTrip;0;Russian;6
6188;1993;StartTrip;French;6;5
6189;1993;StartTrip;Russian;6;4
6190;1994;FinishTrip;Russian;4
6191;1994;StartTrip;Russian;4;5
6192;1996;FinishTrip;French;5
6193;1996;StartTrip;French;5;6
6194;2000;FinishTrip;0;Russian;5
6195;2000;StartTrip;Russian;5;4
---- KNOWLEDGE ----
1;{1: {'pet': 'Cat', 'house': 4, 'location': 6, 't': 1881}, 6: {'pet': 'Dog', 'house': 1, 'location': 6, 't': 1881}, 4: {'pet': 'Humpster', 'house': 6, 'location': 6, 't': 1981}, 2: {'pet': 'Fish', 'house': 3, 'location': 3, 't': 1937}, 5: {'pet': 'Zebra', 'house': 2, 'location': 6, 't': 1609}, 3: {'pet': 'Dog', 'house': 3, 'location': 6, 't': 1523}}
2;{2: {'pet': 'Fish', 'house': 3, 'location': 3, 't': 1833}, 1: {'pet': 'Cat', 'house': 4, 'location': 3, 't': 1937}, 5: {'pet': 'Bear', 'house': 6, 'location': 6, 't': 1817}, 4: {'pet': 'Zebra', 'house': 2, 'location': 4, 't': 1728}, 6: {'pet': 'Humpster', 'house': 4, 'location': 3, 't': 1833}, 3: {'pet': 'Cat', 'house': 5, 'location': 6, 't': 1817}}
3;{3: {'pet': 'Zebra', 'house': 2, 'location': 6, 't': 1870}, 4: {'pet': 'Cat', 'house': 6, 'location': 6, 't': 1870}, 1: {'pet': 'Humpster', 'house': 6, 'location': 6, 't': 1523}, 5: {'pet': 'Bear', 'house': 5, 'location': 6, 't': 1825}, 6: {'pet': 'Bear', 'house': 3, 'location': 6, 't': 1725}, 2: {'pet': 'Humpster', 'house': 3, 'location': 6, 't': 1817}}
4;{4: {'pet': 'Humpster', 'house': 6, 'location': 6, 't': 1881}, 1: {'pet': 'Cat', 'house': 4, 'location': 6, 't': 1981}, 5: {'pet': 'Bear', 'house': 5, 'location': 6, 't': 1825}, 2: {'pet': 'Humpster', 'house': 4, 'location': 4, 't': 1728}, 6: {'pet': 'Dog', 'house': 1, 'location': 6, 't': 1881}, 3: {'pet': 'Zebra', 'house': 2, 'location': 6, 't': 1870}}
5;{5: {'pet': 'Bear', 'house': 5, 'location': 5, 't': 1820}, 6: {'pet': 'Fish', 'house': 4, 'location': 4, 't': 1810}, 4: {'pet': 'Zebra', 'house': 2, 'location': 6, 't': 1825}, 2: {'pet': 'Humpster', 'house': 3, 'location': 6, 't': 1817}, 1: {'pet': 'Humpster', 'house': 6, 'location': 6, 't': 1609}, 3: {'pet': 'Cat', 'house': 6, 'location': 6, 't': 1825}}
6;{6: {'pet': 'Dog', 'house': 1, 'location': 6, 't': 1881}, 1: {'pet': 'Cat', 'house': 4, 'location': 6, 't': 1881}, 5: {'pet': 'Bear', 'house': 3, 'location': 4, 't': 1810}, 2: {'pet': 'Fish', 'house': 3, 'location': 3, 't': 1833}, 4: {'pet': 'Humpster', 'house': 6, 'location': 6, 't': 1881}, 3: {'pet': 'Cat', 'house': 6, 'location': 6, 't': 1725}}
