1;0;StartTrip;Russian;1;5
2;0;StartTrip;Chinese;3;5
3;0;StartTrip;American;6;3
4;0;StartTrip;French;5;1
5;0;StartTrip;English;2;1
6;0;StartTrip;German;4;6
7;2;FinishTrip;0;Chinese;5
8;2;FinishTrip;0;American;3
9;2;StartTrip;Chinese;5;3
10;2;StartTrip;American;3;6
11;3;FinishTrip;0;German;6
12;3;FinishTrip;0;Russian;5
13;3;StartTrip;German;6;4
14;3;StartTrip;Russian;5;1
15;4;FinishTrip;German;4
16;4;FinishTrip;0;French;1
17;4;StartTrip;German;4;3
18;4;StartTrip;French;1;5
19;5;FinishTrip;0;English;1
20;5;StartTrip;English;1;2
21;6;FinishTrip;American;6
22;6;FinishTrip;Chinese;3
23;6;StartTrip;American;6;5
24;6;StartTrip;Chinese;3;2
25;7;FinishTrip;Russian;1
26;7;FinishTrip;French;5
27;7;FinishTrip;0;German;3
28;7;StartTrip;Russian;1;3
29;7;StartTrip;German;3;4
30;7;StartTrip;French;5;4
31;9;FinishTrip;0;American;5
32;9;FinishTrip;0;Chinese;2
33;9;StartTrip;American;5;6
34;9;StartTrip;Chinese;2;3
35;11;FinishTrip;English;2
36;11;FinishTrip;0;French;4
37;11;StartTrip;English;2;3
38;11;StartTrip;French;4;5
39;12;FinishTrip;German;4
40;12;StartTrip;German;4;6
41;13;FinishTrip;Chinese;3
42;13;StartTrip;Chinese;3;6
43;14;FinishTrip;American;6
44;14;StartTrip;American;6;5
45;15;FinishTrip;0;German;6
46;15;FinishTrip;0;English;3
47;15;FinishTrip;0;Russian;3
48;15;StartTrip;German;6;4
49;15;StartTrip;Russian;3;1
50;15;StartTrip;English;3;2
51;16;FinishTrip;German;4
52;16;StartTrip;German;4;3
53;17;FinishTrip;French;5
54;17;FinishTrip;0;Chinese;6
55;17;FinishTrip;1;American;5
56;17;StartTrip;French;5;1
57;17;StartTrip;American;5;6
58;17;StartTrip;Chinese;6;3
59;18;FinishTrip;English;2
60;18;StartTrip;English;2;3
61;19;FinishTrip;Chinese;3
62;19;FinishTrip;1;German;3
63;19;StartTrip;Chinese;3;6
64;19;StartTrip;German;3;4
65;21;FinishTrip;0;French;1
66;21;StartTrip;French;1;5
67;22;FinishTrip;American;6
68;22;FinishTrip;0;English;3
69;22;StartTrip;American;6;1
70;22;StartTrip;English;3;2
71;23;FinishTrip;0;Chinese;6
72;23;StartTrip;Chinese;6;3
73;24;FinishTrip;German;4
74;24;FinishTrip;French;5
75;24;StartTrip;German;4;1
76;24;StartTrip;French;5;6
77;25;FinishTrip;English;2
78;25;FinishTrip;Chinese;3
79;25;StartTrip;English;2;4
80;25;StartTrip;Chinese;3;5
81;26;FinishTrip;0;American;1
82;26;FinishTrip;0;German;1
83;26;FinishTrip;0;English;4
84;26;StartTrip;American;1;6
85;26;StartTrip;English;4;2
86;26;StartTrip;German;1;4
87;27;FinishTrip;American;6
88;27;FinishTrip;English;2
89;27;FinishTrip;0;Chinese;5
90;27;StartTrip;American;6;3
91;27;StartTrip;Chinese;5;3
92;27;StartTrip;English;2;3
93;28;FinishTrip;German;4
94;28;StartTrip;German;4;2
95;29;FinishTrip;0;French;6
96;29;FinishTrip;0;German;2
97;29;FinishTrip;0;American;3
98;29;StartTrip;French;6;5
99;29;StartTrip;American;3;6
100;29;StartTrip;German;2;4
101;30;FinishTrip;German;4
102;30;StartTrip;German;4;5
103;31;FinishTrip;Chinese;3
104;31;FinishTrip;1;English;3
105;31;StartTrip;Chinese;3;6
106;31;StartTrip;English;3;2
107;32;FinishTrip;French;5
108;32;StartTrip;French;5;2
109;33;FinishTrip;American;6
110;33;FinishTrip;0;French;2
111;33;StartTrip;American;6;2
112;33;StartTrip;French;2;5
113;34;FinishTrip;English;2
114;34;StartTrip;English;2;3
115;35;FinishTrip;French;5
116;35;FinishTrip;0;Chinese;6
117;35;StartTrip;French;5;3
118;35;StartTrip;Chinese;6;3
119;36;FinishTrip;0;German;5
120;36;StartTrip;German;5;4
121;37;FinishTrip;Chinese;3
122;37;StartTrip;Chinese;3;1
123;38;FinishTrip;0;English;3
124;38;FinishTrip;0;American;2
125;38;StartTrip;English;3;2
126;38;StartTrip;American;2;6
127;39;FinishTrip;0;French;3
128;39;StartTrip;French;3;5
129;40;FinishTrip;German;4
130;40;StartTrip;German;4;1
131;41;FinishTrip;French;5
132;41;FinishTrip;English;2
133;41;StartTrip;French;5;2
134;41;StartTrip;English;2;3
135;42;FinishTrip;0;German;1
136;42;FinishTrip;0;French;2
137;42;StartTrip;German;1;4
138;42;StartTrip;French;2;5
139;44;FinishTrip;German;4
140;44;FinishTrip;French;5
141;44;StartTrip;German;4;1
142;44;StartTrip;French;5;2
143;45;FinishTrip;0;English;3
144;45;FinishTrip;0;French;2
145;45;StartTrip;English;3;2
146;45;StartTrip;French;2;5
147;46;FinishTrip;0;German;1
148;46;StartTrip;German;1;4
149;47;FinishTrip;French;5
150;47;StartTrip;French;5;1
151;48;FinishTrip;German;4
152;48;FinishTrip;American;6
153;48;FinishTrip;English;2
154;48;StartTrip;German;4;2
155;48;StartTrip;English;2;6
156;48;StartTrip;American;6;2
157;49;FinishTrip;0;German;2
158;49;StartTrip;German;2;4
159;50;FinishTrip;German;4
160;50;StartTrip;German;4;6
161;51;FinishTrip;0;French;1
162;51;StartTrip;French;1;5
163;53;FinishTrip;0;American;2
164;53;FinishTrip;0;German;6
165;53;StartTrip;American;2;6
166;53;StartTrip;German;6;4
167;54;FinishTrip;French;5
168;54;FinishTrip;German;4
169;54;StartTrip;French;5;6
170;54;StartTrip;German;4;1
171;56;FinishTrip;0;German;1
172;56;StartTrip;German;1;4
173;58;FinishTrip;German;4
174;58;FinishTrip;0;English;6
175;58;StartTrip;German;4;2
176;58;StartTrip;English;6;2
177;59;FinishTrip;0;French;6
178;59;FinishTrip;0;German;2
179;59;StartTrip;French;6;5
180;59;StartTrip;German;2;4
181;60;FinishTrip;German;4
182;60;StartTrip;German;4;3
183;62;FinishTrip;French;5
184;62;StartTrip;French;5;2
185;63;FinishTrip;English;2
186;63;FinishTrip;American;6
187;63;FinishTrip;0;German;3
188;63;FinishTrip;1;French;2
189;63;StartTrip;English;2;6
190;63;StartTrip;French;2;5
191;63;StartTrip;American;6;2
192;63;StartTrip;German;3;4
193;65;FinishTrip;French;5
194;65;StartTrip;French;5;2
195;66;FinishTrip;0;French;2
196;66;StartTrip;French;2;5
197;67;FinishTrip;Russian;1
198;67;StartTrip;Russian;1;3
199;68;FinishTrip;German;4
200;68;FinishTrip;French;5
201;68;FinishTrip;0;American;2
202;68;StartTrip;German;4;1
203;68;StartTrip;American;2;6
204;68;StartTrip;French;5;4
205;70;FinishTrip;0;German;1
206;70;StartTrip;German;1;4
207;72;FinishTrip;German;4
208;72;FinishTrip;1;French;4
209;72;StartTrip;German;4;3
210;72;StartTrip;French;4;5
211;73;FinishTrip;0;English;6
212;73;StartTrip;English;6;2
213;75;FinishTrip;0;Russian;3
214;75;FinishTrip;0;German;3
215;75;StartTrip;Russian;3;1
216;75;StartTrip;German;3;4
217;78;FinishTrip;English;2
218;78;FinishTrip;American;6
219;78;FinishTrip;French;5
220;78;StartTrip;English;2;6
221;78;StartTrip;French;5;1
222;78;StartTrip;American;6;2
223;80;FinishTrip;German;4
224;80;StartTrip;German;4;1
225;82;FinishTrip;0;French;1
226;82;FinishTrip;0;German;1
227;82;StartTrip;French;1;5
228;82;StartTrip;German;1;4
229;83;FinishTrip;0;American;2
230;83;StartTrip;American;2;6
231;84;FinishTrip;German;4
232;84;StartTrip;German;4;2
233;85;FinishTrip;French;5
234;85;FinishTrip;0;German;2
235;85;StartTrip;French;5;4
236;85;StartTrip;German;2;4
237;86;FinishTrip;German;4
238;86;StartTrip;German;4;5
239;88;FinishTrip;0;English;6
240;88;StartTrip;English;6;2
241;89;FinishTrip;0;Chinese;1
242;89;FinishTrip;0;French;4
243;89;StartTrip;Chinese;1;3
244;89;StartTrip;French;4;5
245;92;FinishTrip;0;German;5
246;92;StartTrip;German;5;4
247;93;FinishTrip;English;2
248;93;FinishTrip;American;6
249;93;StartTrip;English;2;1
250;93;StartTrip;American;6;1
251;95;FinishTrip;French;5
252;95;StartTrip;French;5;3
253;96;FinishTrip;German;4
254;96;StartTrip;German;4;1
255;97;FinishTrip;Chinese;3
256;97;FinishTrip;0;American;1
257;97;StartTrip;Chinese;3;4
258;97;StartTrip;American;1;6
259;98;FinishTrip;American;6
260;98;FinishTrip;0;German;1
261;98;FinishTrip;0;English;1
262;98;StartTrip;American;6;5
263;98;StartTrip;English;1;2
264;98;StartTrip;German;1;4
265;99;FinishTrip;0;French;3
266;99;StartTrip;French;3;5
267;100;FinishTrip;German;4
268;100;StartTrip;German;4;1
269;101;FinishTrip;French;5
270;101;FinishTrip;1;American;5
271;101;StartTrip;French;5;2
272;101;StartTrip;American;5;6
273;102;FinishTrip;0;German;1
274;102;FinishTrip;0;Chinese;4
275;102;FinishTrip;0;French;2
276;102;StartTrip;German;1;4
277;102;StartTrip;French;2;5
278;102;StartTrip;Chinese;4;3
279;104;FinishTrip;English;2
280;104;FinishTrip;German;4
281;104;FinishTrip;French;5
282;104;StartTrip;English;2;4
283;104;StartTrip;French;5;6
284;104;StartTrip;German;4;2
285;105;FinishTrip;Chinese;3
286;105;FinishTrip;0;German;2
287;105;FinishTrip;0;English;4
288;105;StartTrip;Chinese;3;4
289;105;StartTrip;English;4;2
290;105;StartTrip;German;2;4
291;106;FinishTrip;American;6
292;106;FinishTrip;German;4
293;106;FinishTrip;English;2
294;106;StartTrip;American;6;3
295;106;StartTrip;English;2;5
296;106;StartTrip;German;4;6
297;108;FinishTrip;0;American;3
298;108;FinishTrip;0;English;5
299;108;StartTrip;American;3;6
300;108;StartTrip;English;5;2
301;109;FinishTrip;English;2
302;109;FinishTrip;0;German;6
303;109;FinishTrip;0;French;6
304;109;StartTrip;English;2;6
305;109;StartTrip;French;6;5
306;109;StartTrip;German;6;4
307;110;FinishTrip;German;4
308;110;FinishTrip;1;Chinese;4
309;110;StartTrip;German;4;2
310;110;StartTrip;Chinese;4;3
311;111;FinishTrip;0;German;2
312;111;StartTrip;German;2;4
313;112;FinishTrip;American;6
314;112;FinishTrip;German;4
315;112;FinishTrip;French;5
316;112;StartTrip;American;6;2
317;112;StartTrip;French;5;2
318;112;StartTrip;German;4;1
319;113;FinishTrip;Chinese;3
320;113;FinishTrip;0;French;2
321;113;StartTrip;Chinese;3;5
322;113;StartTrip;French;2;5
323;114;FinishTrip;0;German;1
324;114;StartTrip;German;1;4
325;115;FinishTrip;French;5
326;115;FinishTrip;1;Chinese;5
327;115;StartTrip;French;5;2
328;115;StartTrip;Chinese;5;3
329;116;FinishTrip;German;4
330;116;FinishTrip;0;French;2
331;116;StartTrip;German;4;6
332;116;StartTrip;French;2;5
333;117;FinishTrip;0;American;2
334;117;StartTrip;American;2;6
335;118;FinishTrip;French;5
336;118;StartTrip;French;5;2
337;119;FinishTrip;Chinese;3
338;119;FinishTrip;0;French;2
339;119;FinishTrip;0;English;6
340;119;FinishTrip;0;German;6
341;119;StartTrip;Chinese;3;4
342;119;StartTrip;German;6;4
343;119;StartTrip;French;2;5
344;119;StartTrip;English;6;2
345;120;FinishTrip;German;4
346;120;StartTrip;German;4;5
347;121;FinishTrip;French;5
348;121;StartTrip;French;5;3
349;124;FinishTrip;English;2
350;124;FinishTrip;0;Chinese;4
351;124;StartTrip;English;2;5
352;124;StartTrip;Chinese;4;3
353;125;FinishTrip;0;French;3
354;125;StartTrip;French;3;5
355;126;FinishTrip;0;German;5
356;126;FinishTrip;0;English;5
357;126;StartTrip;German;5;4
358;126;StartTrip;English;5;2
359;127;FinishTrip;French;5
360;127;FinishTrip;Chinese;3
361;127;FinishTrip;English;2
362;127;FinishTrip;American;6
363;127;FinishTrip;Russian;1
364;127;StartTrip;French;5;6
365;127;StartTrip;Chinese;3;5
366;127;StartTrip;Russian;1;6
367;127;StartTrip;American;6;5
368;127;StartTrip;English;2;4
369;128;FinishTrip;0;Russian;6
370;128;FinishTrip;0;English;4
371;128;StartTrip;Russian;6;1
372;128;StartTrip;English;4;2
373;129;FinishTrip;English;2
374;129;FinishTrip;0;Chinese;5
375;129;StartTrip;English;2;3
376;129;StartTrip;Chinese;5;3
377;130;FinishTrip;German;4
378;130;FinishTrip;0;American;5
379;130;StartTrip;German;4;1
380;130;StartTrip;American;5;6
381;132;FinishTrip;Russian;1
382;132;FinishTrip;0;French;6
383;132;FinishTrip;1;German;1
384;132;StartTrip;Russian;1;5
385;132;StartTrip;German;1;4
386;132;StartTrip;French;6;5
387;133;FinishTrip;Chinese;3
388;133;FinishTrip;1;English;3
389;133;StartTrip;Chinese;3;6
390;133;StartTrip;English;3;2
391;134;FinishTrip;German;4
392;134;StartTrip;German;4;5
393;135;FinishTrip;American;6
394;135;FinishTrip;French;5
395;135;FinishTrip;1;Russian;5
396;135;StartTrip;American;6;5
397;135;StartTrip;Russian;5;1
398;135;StartTrip;French;5;4
399;136;FinishTrip;English;2
400;136;StartTrip;English;2;6
401;137;FinishTrip;0;Chinese;6
402;137;StartTrip;Chinese;6;3
403;138;FinishTrip;0;American;5
404;138;StartTrip;American;5;6
405;139;FinishTrip;Chinese;3
406;139;FinishTrip;Russian;1
407;139;FinishTrip;0;French;4
408;139;StartTrip;Chinese;3;1
409;139;StartTrip;French;4;5
410;139;StartTrip;Russian;1;5
411;140;FinishTrip;0;German;5
412;140;StartTrip;German;5;4
413;142;FinishTrip;0;Russian;5
414;142;StartTrip;Russian;5;1
415;143;FinishTrip;American;6
416;143;StartTrip;American;6;5
417;144;FinishTrip;German;4
418;144;StartTrip;German;4;5
419;145;FinishTrip;French;5
420;145;StartTrip;French;5;1
421;146;FinishTrip;Russian;1
422;146;FinishTrip;0;English;6
423;146;FinishTrip;0;American;5
424;146;StartTrip;Russian;1;3
425;146;StartTrip;American;5;6
426;146;StartTrip;English;6;2
427;149;FinishTrip;0;French;1
428;149;StartTrip;French;1;5
429;150;FinishTrip;0;German;5
430;150;StartTrip;German;5;4
431;151;FinishTrip;English;2
432;151;FinishTrip;American;6
433;151;StartTrip;English;2;3
434;151;StartTrip;American;6;3
435;152;FinishTrip;French;5
436;152;StartTrip;French;5;6
437;153;FinishTrip;0;American;3
438;153;StartTrip;American;3;6
439;154;FinishTrip;German;4
440;154;FinishTrip;0;Russian;3
441;154;StartTrip;German;4;6
442;154;StartTrip;Russian;3;1
443;155;FinishTrip;0;English;3
444;155;StartTrip;English;3;2
445;157;FinishTrip;American;6
446;157;FinishTrip;1;French;6
447;157;FinishTrip;1;German;6
448;157;StartTrip;American;6;1
449;157;StartTrip;German;6;4
450;157;StartTrip;French;6;5
451;158;FinishTrip;English;2
452;158;FinishTrip;German;4
453;158;StartTrip;English;2;3
454;158;StartTrip;German;4;3
455;160;FinishTrip;French;5
456;160;StartTrip;French;5;1
457;161;FinishTrip;0;German;3
458;161;FinishTrip;0;American;1
459;161;StartTrip;German;3;4
460;161;StartTrip;American;1;6
461;162;FinishTrip;American;6
462;162;FinishTrip;0;English;3
463;162;StartTrip;American;6;3
464;162;StartTrip;English;3;2
465;164;FinishTrip;0;French;1
466;164;FinishTrip;0;American;3
467;164;StartTrip;French;1;5
468;164;StartTrip;American;3;6
469;165;FinishTrip;English;2
470;165;StartTrip;English;2;4
471;166;FinishTrip;German;4
472;166;FinishTrip;1;English;4
473;166;StartTrip;German;4;2
474;166;StartTrip;English;4;2
475;167;FinishTrip;French;5
476;167;FinishTrip;English;2
477;167;FinishTrip;1;German;2
478;167;StartTrip;French;5;6
479;167;StartTrip;German;2;4
480;167;StartTrip;English;2;6
481;168;FinishTrip;American;6
482;168;FinishTrip;German;4
483;168;StartTrip;American;6;1
484;168;StartTrip;German;4;1
485;170;FinishTrip;0;German;1
486;170;StartTrip;German;1;4
487;172;FinishTrip;German;4
488;172;FinishTrip;0;French;6
489;172;FinishTrip;0;American;1
490;172;StartTrip;German;4;6
491;172;StartTrip;American;1;6
492;172;StartTrip;French;6;5
493;173;FinishTrip;American;6
494;173;StartTrip;American;6;2
495;175;FinishTrip;French;5
496;175;FinishTrip;0;German;6
497;175;StartTrip;French;5;2
498;175;StartTrip;German;6;4
499;176;FinishTrip;German;4
500;176;FinishTrip;0;French;2
501;176;StartTrip;German;4;6
502;176;StartTrip;French;2;5
503;177;FinishTrip;0;English;6
504;177;StartTrip;English;6;2
505;178;FinishTrip;French;5
506;178;FinishTrip;0;American;2
507;178;StartTrip;French;5;3
508;178;StartTrip;American;2;6
509;179;FinishTrip;0;German;6
510;179;StartTrip;German;6;4
511;180;FinishTrip;German;4
512;180;StartTrip;German;4;6
513;182;FinishTrip;English;2
514;182;FinishTrip;0;French;3
515;182;StartTrip;English;2;1
516;182;StartTrip;French;3;5
517;183;FinishTrip;0;German;6
518;183;StartTrip;German;6;4
519;184;FinishTrip;French;5
520;184;FinishTrip;German;4
521;184;StartTrip;French;5;3
522;184;StartTrip;German;4;3
523;187;FinishTrip;0;English;1
524;187;FinishTrip;0;German;3
525;187;StartTrip;English;1;2
526;187;StartTrip;German;3;4
527;188;FinishTrip;American;6
528;188;FinishTrip;0;French;3
529;188;StartTrip;American;6;4
530;188;StartTrip;French;3;5
531;189;FinishTrip;0;American;4
532;189;StartTrip;American;4;6
533;190;FinishTrip;French;5
534;190;StartTrip;French;5;1
535;191;FinishTrip;0;Chinese;1
536;191;StartTrip;Chinese;1;3
537;192;FinishTrip;American;6
538;192;FinishTrip;German;4
539;192;StartTrip;American;6;1
540;192;StartTrip;German;4;3
541;193;FinishTrip;English;2
542;193;StartTrip;English;2;3
543;194;FinishTrip;0;French;1
544;194;StartTrip;French;1;5
545;195;FinishTrip;0;German;3
546;195;StartTrip;German;3;4
547;196;FinishTrip;0;American;1
548;196;StartTrip;American;1;6
549;197;FinishTrip;American;6
550;197;FinishTrip;French;5
551;197;FinishTrip;0;English;3
552;197;StartTrip;American;6;2
553;197;StartTrip;English;3;2
554;197;StartTrip;French;5;4
555;199;FinishTrip;Chinese;3
556;199;StartTrip;Chinese;3;6
557;200;FinishTrip;German;4
558;200;FinishTrip;English;2
559;200;StartTrip;German;4;3
560;200;StartTrip;English;2;6
561;201;FinishTrip;0;French;4
562;201;StartTrip;French;4;5
563;202;FinishTrip;0;American;2
564;202;StartTrip;American;2;6
565;203;FinishTrip;0;Chinese;6
566;203;FinishTrip;0;German;3
567;203;StartTrip;Chinese;6;3
568;203;StartTrip;German;3;4
569;205;FinishTrip;Chinese;3
570;205;StartTrip;Chinese;3;1
571;206;FinishTrip;Russian;1
572;206;StartTrip;Russian;1;6
573;207;FinishTrip;French;5
574;207;FinishTrip;0;Russian;6
575;207;StartTrip;French;5;4
576;207;StartTrip;Russian;6;1
577;208;FinishTrip;German;4
578;208;StartTrip;German;4;3
579;210;FinishTrip;0;English;6
580;210;StartTrip;English;6;2
581;211;FinishTrip;Russian;1
582;211;FinishTrip;0;German;3
583;211;FinishTrip;0;French;4
584;211;StartTrip;Russian;1;5
585;211;StartTrip;French;4;5
586;211;StartTrip;German;3;4
587;212;FinishTrip;American;6
588;212;StartTrip;American;6;1
589;214;FinishTrip;0;Russian;5
590;214;StartTrip;Russian;5;1
591;215;FinishTrip;English;2
592;215;StartTrip;English;2;3
593;216;FinishTrip;German;4
594;216;FinishTrip;0;American;1
595;216;StartTrip;German;4;6
596;216;StartTrip;American;1;6
597;217;FinishTrip;French;5
598;217;FinishTrip;American;6
599;217;StartTrip;French;5;4
600;217;StartTrip;American;6;2
601;218;FinishTrip;Russian;1
602;218;StartTrip;Russian;1;6
603;219;FinishTrip;0;German;6
604;219;FinishTrip;0;Russian;6
605;219;FinishTrip;0;English;3
606;219;StartTrip;German;6;4
607;219;StartTrip;English;3;2
608;219;StartTrip;Russian;6;1
609;220;FinishTrip;German;4
610;220;StartTrip;German;4;6
611;221;FinishTrip;0;French;4
612;221;StartTrip;French;4;5
613;222;FinishTrip;English;2
614;222;FinishTrip;1;American;2
615;222;StartTrip;English;2;3
616;222;StartTrip;American;2;6
617;223;FinishTrip;Russian;1
618;223;FinishTrip;0;German;6
619;223;StartTrip;Russian;1;6
620;223;StartTrip;German;6;4
621;224;FinishTrip;German;4
622;224;FinishTrip;0;Russian;6
623;224;StartTrip;German;4;3
624;224;StartTrip;Russian;6;1
625;226;FinishTrip;0;English;3
626;226;StartTrip;English;3;2
627;227;FinishTrip;French;5
628;227;FinishTrip;0;German;3
629;227;StartTrip;French;5;2
630;227;StartTrip;German;3;4
631;228;FinishTrip;Russian;1
632;228;FinishTrip;0;French;2
633;228;StartTrip;Russian;1;2
634;228;StartTrip;French;2;5
635;229;FinishTrip;English;2
636;229;StartTrip;English;2;1
637;230;FinishTrip;French;5
638;230;StartTrip;French;5;3
639;232;FinishTrip;American;6
640;232;FinishTrip;German;4
641;232;StartTrip;American;6;3
642;232;StartTrip;German;4;5
643;234;FinishTrip;0;French;3
644;234;FinishTrip;0;Russian;2
645;234;FinishTrip;0;English;1
646;234;FinishTrip;0;American;3
647;234;StartTrip;French;3;5
648;234;StartTrip;American;3;6
649;234;StartTrip;Russian;2;1
650;234;StartTrip;English;1;2
651;236;FinishTrip;French;5
652;236;StartTrip;French;5;1
653;238;FinishTrip;American;6
654;238;FinishTrip;0;German;5
655;238;StartTrip;American;6;5
656;238;StartTrip;German;5;4
657;239;FinishTrip;Russian;1
658;239;StartTrip;Russian;1;5
659;240;FinishTrip;English;2
660;240;FinishTrip;0;French;1
661;240;StartTrip;English;2;6
662;240;StartTrip;French;1;5
663;241;FinishTrip;0;American;5
664;241;StartTrip;American;5;6
665;242;FinishTrip;German;4
666;242;FinishTrip;0;Russian;5
667;242;StartTrip;German;4;1
668;242;StartTrip;Russian;5;1
669;243;FinishTrip;French;5
670;243;StartTrip;French;5;3
671;244;FinishTrip;0;German;1
672;244;StartTrip;German;1;4
673;246;FinishTrip;Russian;1
674;246;FinishTrip;German;4
675;246;FinishTrip;American;6
676;246;StartTrip;Russian;1;4
677;246;StartTrip;American;6;5
678;246;StartTrip;German;4;3
679;247;FinishTrip;0;French;3
680;247;StartTrip;French;3;5
681;248;FinishTrip;0;Russian;4
682;248;StartTrip;Russian;4;1
683;249;FinishTrip;French;5
684;249;FinishTrip;0;German;3
685;249;FinishTrip;1;American;5
686;249;StartTrip;French;5;1
687;249;StartTrip;American;5;6
688;249;StartTrip;German;3;4
689;250;FinishTrip;Russian;1
690;250;FinishTrip;0;English;6
691;250;StartTrip;Russian;1;3
692;250;StartTrip;English;6;2
693;253;FinishTrip;0;French;1
694;253;StartTrip;French;1;5
695;254;FinishTrip;German;4
696;254;FinishTrip;American;6
697;254;StartTrip;German;4;5
698;254;StartTrip;American;6;3
699;255;FinishTrip;English;2
700;255;StartTrip;English;2;3
701;256;FinishTrip;French;5
702;256;FinishTrip;0;American;3
703;256;StartTrip;French;5;3
704;256;StartTrip;American;3;6
705;257;FinishTrip;0;Chinese;1
706;257;StartTrip;Chinese;1;3
707;258;FinishTrip;0;Russian;3
708;258;StartTrip;Russian;3;1
709;259;FinishTrip;0;English;3
710;259;StartTrip;English;3;2
711;260;FinishTrip;American;6
712;260;FinishTrip;0;French;3
713;260;FinishTrip;0;German;5
714;260;StartTrip;American;6;5
715;260;StartTrip;German;5;4
716;260;StartTrip;French;3;5
717;262;FinishTrip;English;2
718;262;FinishTrip;French;5
719;262;StartTrip;English;2;3
720;262;StartTrip;French;5;1
721;263;FinishTrip;0;American;5
722;263;StartTrip;American;5;6
723;264;FinishTrip;German;4
724;264;StartTrip;German;4;2
725;265;FinishTrip;Chinese;3
726;265;FinishTrip;0;German;2
727;265;StartTrip;Chinese;3;6
728;265;StartTrip;German;2;4
729;266;FinishTrip;German;4
730;266;FinishTrip;0;French;1
731;266;FinishTrip;0;English;3
732;266;StartTrip;German;4;1
733;266;StartTrip;English;3;2
734;266;StartTrip;French;1;5
735;268;FinishTrip;American;6
736;268;FinishTrip;0;German;1
737;268;StartTrip;American;6;5
738;268;StartTrip;German;1;4
739;269;FinishTrip;French;5
740;269;FinishTrip;English;2
741;269;FinishTrip;0;Chinese;6
742;269;StartTrip;French;5;2
743;269;StartTrip;Chinese;6;3
744;269;StartTrip;English;2;4
745;270;FinishTrip;German;4
746;270;FinishTrip;1;English;4
747;270;FinishTrip;0;French;2
748;270;StartTrip;German;4;6
749;270;StartTrip;French;2;5
750;270;StartTrip;English;4;2
751;271;FinishTrip;Chinese;3
752;271;FinishTrip;English;2
753;271;FinishTrip;0;American;5
754;271;StartTrip;Chinese;3;6
755;271;StartTrip;American;5;6
756;271;StartTrip;English;2;5
757;272;FinishTrip;French;5
758;272;StartTrip;French;5;1
759;273;FinishTrip;0;English;5
760;273;FinishTrip;0;German;6
761;273;StartTrip;English;5;2
762;273;StartTrip;German;6;4
763;274;FinishTrip;English;2
764;274;FinishTrip;German;4
765;274;StartTrip;English;2;3
766;274;StartTrip;German;4;5
767;275;FinishTrip;0;Chinese;6
768;275;StartTrip;Chinese;6;3
769;276;FinishTrip;American;6
770;276;FinishTrip;0;French;1
771;276;StartTrip;American;6;2
772;276;StartTrip;French;1;5
773;277;FinishTrip;Chinese;3
774;277;StartTrip;Chinese;3;2
775;278;FinishTrip;0;English;3
776;278;StartTrip;English;3;2
777;279;FinishTrip;French;5
778;279;StartTrip;French;5;3
779;280;FinishTrip;0;Chinese;2
780;280;FinishTrip;0;German;5
781;280;StartTrip;Chinese;2;3
782;280;StartTrip;German;5;4
783;281;FinishTrip;English;2
784;281;FinishTrip;1;American;2
785;281;StartTrip;English;2;5
786;281;StartTrip;American;2;6
787;283;FinishTrip;0;French;3
788;283;FinishTrip;0;English;5
789;283;StartTrip;French;3;5
790;283;StartTrip;English;5;2
791;284;FinishTrip;German;4
792;284;FinishTrip;English;2
793;284;FinishTrip;Chinese;3
794;284;StartTrip;German;4;1
795;284;StartTrip;Chinese;3;1
796;284;StartTrip;English;2;1
797;285;FinishTrip;French;5
798;285;StartTrip;French;5;1
799;286;FinishTrip;0;German;1
800;286;StartTrip;German;1;4
801;288;FinishTrip;German;4
802;288;StartTrip;German;4;5
803;289;FinishTrip;0;English;1
804;289;FinishTrip;0;French;1
805;289;StartTrip;English;1;2
806;289;StartTrip;French;1;5
807;291;FinishTrip;American;6
808;291;StartTrip;American;6;1
809;292;FinishTrip;French;5
810;292;StartTrip;French;5;1
811;294;FinishTrip;0;German;5
812;294;StartTrip;German;5;4
813;295;FinishTrip;English;2
814;295;FinishTrip;0;American;1
815;295;StartTrip;English;2;1
816;295;StartTrip;American;1;6
817;296;FinishTrip;American;6
818;296;FinishTrip;0;French;1
819;296;StartTrip;American;6;5
820;296;StartTrip;French;1;5
821;298;FinishTrip;German;4
822;298;StartTrip;German;4;3
823;299;FinishTrip;French;5
824;299;FinishTrip;1;American;5
825;299;StartTrip;French;5;4
826;299;StartTrip;American;5;6
827;300;FinishTrip;0;English;1
828;300;StartTrip;English;1;2
829;301;FinishTrip;0;German;3
830;301;StartTrip;German;3;4
831;303;FinishTrip;0;French;4
832;303;StartTrip;French;4;5
833;304;FinishTrip;American;6
834;304;StartTrip;American;6;1
835;306;FinishTrip;German;4
836;306;FinishTrip;English;2
837;306;StartTrip;German;4;1
838;306;StartTrip;English;2;1
839;308;FinishTrip;0;American;1
840;308;FinishTrip;0;German;1
841;308;StartTrip;American;1;6
842;308;StartTrip;German;1;4
843;309;FinishTrip;French;5
844;309;FinishTrip;American;6
845;309;StartTrip;French;5;2
846;309;StartTrip;American;6;3
847;310;FinishTrip;Russian;1
848;310;FinishTrip;German;4
849;310;FinishTrip;0;French;2
850;310;StartTrip;Russian;1;6
851;310;StartTrip;French;2;5
852;310;StartTrip;German;4;5
853;311;FinishTrip;0;American;3
854;311;FinishTrip;0;English;1
855;311;FinishTrip;0;Russian;6
856;311;StartTrip;American;3;6
857;311;StartTrip;Russian;6;1
858;311;StartTrip;English;1;2
859;312;FinishTrip;French;5
860;312;StartTrip;French;5;3
861;315;FinishTrip;American;6
862;315;FinishTrip;Russian;1
863;315;StartTrip;American;6;1
864;315;StartTrip;Russian;1;2
865;316;FinishTrip;0;German;5
866;316;FinishTrip;0;French;3
867;316;StartTrip;German;5;4
868;316;StartTrip;French;3;5
869;317;FinishTrip;English;2
870;317;StartTrip;English;2;4
871;318;FinishTrip;French;5
872;318;FinishTrip;0;English;4
873;318;StartTrip;French;5;6
874;318;StartTrip;English;4;2
875;319;FinishTrip;English;2
876;319;FinishTrip;0;American;1
877;319;StartTrip;English;2;1
878;319;StartTrip;American;1;6
879;320;FinishTrip;German;4
880;320;FinishTrip;American;6
881;320;StartTrip;German;4;6
882;320;StartTrip;American;6;4
883;321;FinishTrip;0;Russian;2
884;321;FinishTrip;0;American;4
885;321;StartTrip;Russian;2;1
886;321;StartTrip;American;4;6
887;323;FinishTrip;0;French;6
888;323;FinishTrip;0;German;6
889;323;StartTrip;French;6;5
890;323;StartTrip;German;6;4
891;324;FinishTrip;German;4
892;324;FinishTrip;American;6
893;324;FinishTrip;0;English;1
894;324;StartTrip;German;4;5
895;324;StartTrip;English;1;2
896;324;StartTrip;American;6;1
897;326;FinishTrip;French;5
898;326;FinishTrip;Russian;1
899;326;StartTrip;French;5;1
900;326;StartTrip;Russian;1;6
901;327;FinishTrip;0;Russian;6
902;327;StartTrip;Russian;6;1
903;328;FinishTrip;0;American;1
904;328;StartTrip;American;1;6
905;329;FinishTrip;American;6
906;329;StartTrip;American;6;3
907;330;FinishTrip;English;2
908;330;FinishTrip;0;German;5
909;330;FinishTrip;0;French;1
910;330;StartTrip;English;2;4
911;330;StartTrip;French;1;5
912;330;StartTrip;German;5;4
913;331;FinishTrip;Russian;1
914;331;FinishTrip;0;American;3
915;331;FinishTrip;0;English;4
916;331;StartTrip;Russian;1;3
917;331;StartTrip;English;4;2
918;331;StartTrip;American;3;6
919;332;FinishTrip;English;2
920;332;StartTrip;English;2;6
921;333;FinishTrip;French;5
922;333;StartTrip;French;5;3
923;334;FinishTrip;German;4
924;334;StartTrip;German;4;5
925;335;FinishTrip;American;6
926;335;StartTrip;American;6;4
927;336;FinishTrip;0;Chinese;1
928;336;FinishTrip;0;American;4
929;336;StartTrip;Chinese;1;3
930;336;StartTrip;American;4;6
931;337;FinishTrip;0;French;3
932;337;StartTrip;French;3;5
933;339;FinishTrip;American;6
934;339;FinishTrip;French;5
935;339;FinishTrip;0;Russian;3
936;339;StartTrip;American;6;1
937;339;StartTrip;Russian;3;1
938;339;StartTrip;French;5;4
939;340;FinishTrip;0;German;5
940;340;StartTrip;German;5;4
941;342;FinishTrip;0;English;6
942;342;StartTrip;English;6;2
943;343;FinishTrip;0;French;4
944;343;FinishTrip;0;American;1
945;343;StartTrip;French;4;5
946;343;StartTrip;American;1;6
947;344;FinishTrip;German;4
948;344;FinishTrip;American;6
949;344;FinishTrip;Chinese;3
950;344;StartTrip;German;4;6
951;344;StartTrip;Chinese;3;2
952;344;StartTrip;American;6;2
953;347;FinishTrip;English;2
954;347;FinishTrip;0;German;6
955;347;FinishTrip;1;Chinese;2
956;347;StartTrip;English;2;5
957;347;StartTrip;Chinese;2;3
958;347;StartTrip;German;6;4
959;348;FinishTrip;German;4
960;348;StartTrip;German;4;2
961;349;FinishTrip;French;5
962;349;FinishTrip;0;German;2
963;349;FinishTrip;0;American;2
964;349;FinishTrip;1;English;5
965;349;StartTrip;French;5;2
966;349;StartTrip;English;5;2
967;349;StartTrip;German;2;4
968;349;StartTrip;American;2;6
969;350;FinishTrip;English;2
970;350;FinishTrip;German;4
971;350;FinishTrip;1;French;2
972;350;StartTrip;English;2;6
973;350;StartTrip;French;2;5
974;350;StartTrip;German;4;6
975;351;FinishTrip;Chinese;3
976;351;StartTrip;Chinese;3;4
977;352;FinishTrip;French;5
978;352;StartTrip;French;5;2
979;353;FinishTrip;0;German;6
980;353;FinishTrip;0;French;2
981;353;StartTrip;German;6;4
982;353;StartTrip;French;2;5
983;354;FinishTrip;German;4
984;354;StartTrip;German;4;1
985;355;FinishTrip;French;5
986;355;StartTrip;French;5;1
987;356;FinishTrip;0;German;1
988;356;FinishTrip;0;Chinese;4
989;356;StartTrip;German;1;4
990;356;StartTrip;Chinese;4;3
991;358;FinishTrip;German;4
992;358;StartTrip;German;4;5
993;359;FinishTrip;Chinese;3
994;359;FinishTrip;American;6
995;359;FinishTrip;0;French;1
996;359;StartTrip;Chinese;3;6
997;359;StartTrip;French;1;5
998;359;StartTrip;American;6;2
999;360;FinishTrip;0;English;6
1000;360;StartTrip;English;6;2
1001;362;FinishTrip;French;5
1002;362;StartTrip;French;5;4
1003;363;FinishTrip;0;Chinese;6
1004;363;StartTrip;Chinese;6;3
1005;364;FinishTrip;0;German;5
1006;364;FinishTrip;0;American;2
1007;364;StartTrip;German;5;4
1008;364;StartTrip;American;2;6
1009;365;FinishTrip;Chinese;3
1010;365;FinishTrip;English;2
1011;365;StartTrip;Chinese;3;6
1012;365;StartTrip;English;2;1
1013;366;FinishTrip;0;French;4
1014;366;StartTrip;French;4;5
1015;368;FinishTrip;German;4
1016;368;StartTrip;German;4;1
1017;369;FinishTrip;0;Chinese;6
1018;369;StartTrip;Chinese;6;3
1019;370;FinishTrip;0;English;1
1020;370;FinishTrip;0;German;1
1021;370;StartTrip;English;1;2
1022;370;StartTrip;German;1;4
1023;371;FinishTrip;Chinese;3
1024;371;StartTrip;Chinese;3;5
1025;372;FinishTrip;German;4
1026;372;FinishTrip;French;5
1027;372;StartTrip;German;4;6
1028;372;StartTrip;French;5;2
1029;373;FinishTrip;0;Chinese;5
1030;373;FinishTrip;0;French;2
1031;373;StartTrip;Chinese;5;3
1032;373;StartTrip;French;2;5
1033;374;FinishTrip;American;6
1034;374;StartTrip;American;6;5
1035;375;FinishTrip;French;5
1036;375;FinishTrip;0;German;6
1037;375;StartTrip;French;5;6
1038;375;StartTrip;German;6;4
1039;376;FinishTrip;English;2
1040;376;FinishTrip;German;4
1041;376;StartTrip;English;2;5
1042;376;StartTrip;German;4;5
1043;377;FinishTrip;Chinese;3
1044;377;FinishTrip;0;American;5
1045;377;StartTrip;Chinese;3;4
1046;377;StartTrip;American;5;6
1047;378;FinishTrip;0;English;5
1048;378;StartTrip;English;5;2
1049;379;FinishTrip;English;2
1050;379;StartTrip;English;2;1
1051;380;FinishTrip;0;French;6
1052;380;StartTrip;French;6;5
1053;382;FinishTrip;American;6
1054;382;FinishTrip;0;German;5
1055;382;FinishTrip;0;Chinese;4
1056;382;StartTrip;American;6;1
1057;382;StartTrip;Chinese;4;3
1058;382;StartTrip;German;5;4
1059;383;FinishTrip;French;5
1060;383;StartTrip;French;5;3
1061;384;FinishTrip;0;English;1
1062;384;StartTrip;English;1;2
1063;385;FinishTrip;Chinese;3
1064;385;StartTrip;Chinese;3;2
1065;386;FinishTrip;German;4
1066;386;FinishTrip;0;American;1
1067;386;StartTrip;German;4;5
1068;386;StartTrip;American;1;6
1069;387;FinishTrip;American;6
1070;387;FinishTrip;0;French;3
1071;387;StartTrip;American;6;2
1072;387;StartTrip;French;3;5
1073;388;FinishTrip;0;Chinese;2
1074;388;StartTrip;Chinese;2;3
1075;389;FinishTrip;French;5
1076;389;StartTrip;French;5;2
1077;390;FinishTrip;English;2
1078;390;FinishTrip;1;French;2
1079;390;StartTrip;English;2;3
1080;390;StartTrip;French;2;5
1081;391;FinishTrip;Russian;1
1082;391;StartTrip;Russian;1;4
1083;392;FinishTrip;French;5
1084;392;FinishTrip;Chinese;3
1085;392;FinishTrip;1;German;5
1086;392;FinishTrip;0;American;2
1087;392;StartTrip;French;5;1
1088;392;StartTrip;American;2;6
1089;392;StartTrip;Chinese;3;4
1090;392;StartTrip;German;5;4
1091;393;FinishTrip;0;Russian;4
1092;393;StartTrip;Russian;4;1
1093;394;FinishTrip;0;English;3
1094;394;StartTrip;English;3;2
1095;395;FinishTrip;Russian;1
1096;395;StartTrip;Russian;1;6
1097;396;FinishTrip;German;4
1098;396;FinishTrip;0;French;1
1099;396;FinishTrip;0;Russian;6
1100;396;StartTrip;German;4;6
1101;396;StartTrip;Russian;6;1
1102;396;StartTrip;French;1;5
1103;397;FinishTrip;English;2
1104;397;FinishTrip;0;Chinese;4
1105;397;StartTrip;English;2;3
1106;397;StartTrip;Chinese;4;3
1107;399;FinishTrip;French;5
1108;399;FinishTrip;0;German;6
1109;399;StartTrip;French;5;3
1110;399;StartTrip;German;6;4
1111;400;FinishTrip;Russian;1
1112;400;FinishTrip;German;4
1113;400;FinishTrip;Chinese;3
1114;400;StartTrip;Russian;1;6
1115;400;StartTrip;Chinese;3;5
1116;400;StartTrip;German;4;3
1117;401;FinishTrip;0;English;3
1118;401;FinishTrip;0;Russian;6
1119;401;StartTrip;English;3;2
1120;401;StartTrip;Russian;6;1
1121;402;FinishTrip;American;6
1122;402;FinishTrip;0;Chinese;5
1123;402;StartTrip;American;6;4
1124;402;StartTrip;Chinese;5;3
1125;403;FinishTrip;0;French;3
1126;403;FinishTrip;0;German;3
1127;403;FinishTrip;0;American;4
1128;403;StartTrip;French;3;5
1129;403;StartTrip;American;4;6
1130;403;StartTrip;German;3;4
1131;404;FinishTrip;English;2
1132;404;StartTrip;English;2;5
1133;405;FinishTrip;Russian;1
1134;405;FinishTrip;French;5
1135;405;StartTrip;Russian;1;2
1136;405;StartTrip;French;5;6
1137;406;FinishTrip;American;6
1138;406;FinishTrip;Chinese;3
1139;406;FinishTrip;0;English;5
1140;406;StartTrip;American;6;1
1141;406;StartTrip;English;5;2
1142;406;StartTrip;Chinese;3;4
1143;407;FinishTrip;English;2
1144;407;StartTrip;English;2;4
1145;408;FinishTrip;German;4
1146;408;FinishTrip;1;English;4
1147;408;StartTrip;German;4;3
1148;408;StartTrip;English;4;2
1149;409;FinishTrip;English;2
1150;409;StartTrip;English;2;5
1151;410;FinishTrip;0;French;6
1152;410;FinishTrip;0;American;1
1153;410;StartTrip;French;6;5
1154;410;StartTrip;American;1;6
1155;411;FinishTrip;American;6
1156;411;FinishTrip;0;English;5
1157;411;FinishTrip;0;German;3
1158;411;FinishTrip;0;Chinese;4
1159;411;FinishTrip;0;Russian;2
1160;411;StartTrip;American;6;4
1161;411;StartTrip;English;5;2
1162;411;StartTrip;Russian;2;1
1163;411;StartTrip;Chinese;4;3
1164;411;StartTrip;German;3;4
1165;412;FinishTrip;English;2
1166;412;FinishTrip;0;American;4
1167;412;StartTrip;English;2;1
1168;412;StartTrip;American;4;6
1169;413;FinishTrip;French;5
1170;413;StartTrip;French;5;1
1171;414;FinishTrip;Chinese;3
1172;414;StartTrip;Chinese;3;4
1173;415;FinishTrip;American;6
1174;415;StartTrip;American;6;2
1175;416;FinishTrip;Russian;1
1176;416;FinishTrip;German;4
1177;416;StartTrip;Russian;1;4
1178;416;StartTrip;German;4;1
1179;417;FinishTrip;0;French;1
1180;417;FinishTrip;0;English;1
1181;417;StartTrip;French;1;5
1182;417;StartTrip;English;1;2
1183;418;FinishTrip;0;German;1
1184;418;FinishTrip;0;Russian;4
1185;418;StartTrip;German;1;4
1186;418;StartTrip;Russian;4;1
1187;419;FinishTrip;0;Chinese;4
1188;419;StartTrip;Chinese;4;3
1189;420;FinishTrip;Russian;1
1190;420;FinishTrip;French;5
1191;420;FinishTrip;German;4
1192;420;FinishTrip;0;American;2
1193;420;StartTrip;Russian;1;6
1194;420;StartTrip;American;2;6
1195;420;StartTrip;French;5;6
1196;420;StartTrip;German;4;1
1197;421;FinishTrip;0;Russian;6
1198;421;StartTrip;Russian;6;1
1199;422;FinishTrip;Chinese;3
1200;422;FinishTrip;0;German;1
1201;422;StartTrip;Chinese;3;5
1202;422;StartTrip;German;1;4
1203;423;FinishTrip;English;2
1204;423;StartTrip;English;2;6
1205;424;FinishTrip;German;4
1206;424;FinishTrip;0;Chinese;5
1207;424;StartTrip;German;4;5
1208;424;StartTrip;Chinese;5;3
1209;425;FinishTrip;Russian;1
1210;425;FinishTrip;0;French;6
1211;425;StartTrip;Russian;1;4
1212;425;StartTrip;French;6;5
1213;427;FinishTrip;0;Russian;4
1214;427;StartTrip;Russian;4;1
1215;428;FinishTrip;French;5
1216;428;FinishTrip;Chinese;3
1217;428;StartTrip;French;5;4
1218;428;StartTrip;Chinese;3;6
1219;429;FinishTrip;Russian;1
1220;429;StartTrip;Russian;1;2
1221;430;FinishTrip;American;6
1222;430;FinishTrip;0;German;5
1223;430;StartTrip;American;6;1
1224;430;StartTrip;German;5;4
1225;432;FinishTrip;0;Chinese;6
1226;432;FinishTrip;0;French;4
1227;432;StartTrip;Chinese;6;3
1228;432;StartTrip;French;4;5
1229;433;FinishTrip;0;English;6
1230;433;StartTrip;English;6;2
1231;434;FinishTrip;German;4
1232;434;FinishTrip;Chinese;3
1233;434;FinishTrip;0;American;1
1234;434;StartTrip;German;4;2
1235;434;StartTrip;American;1;6
1236;434;StartTrip;Chinese;3;4
1237;435;FinishTrip;American;6
1238;435;FinishTrip;0;Russian;2
1239;435;FinishTrip;0;German;2
1240;435;StartTrip;American;6;4
1241;435;StartTrip;German;2;4
1242;435;StartTrip;Russian;2;1
1243;436;FinishTrip;German;4
1244;436;FinishTrip;1;American;4
1245;436;StartTrip;German;4;1
1246;436;StartTrip;American;4;6
1247;438;FinishTrip;English;2
1248;438;FinishTrip;French;5
1249;438;FinishTrip;0;German;1
1250;438;StartTrip;English;2;3
1251;438;StartTrip;German;1;4
1252;438;StartTrip;French;5;6
1253;439;FinishTrip;American;6
1254;439;FinishTrip;0;Chinese;4
1255;439;StartTrip;American;6;4
1256;439;StartTrip;Chinese;4;3
1257;440;FinishTrip;Russian;1
1258;440;FinishTrip;German;4
1259;440;FinishTrip;1;American;4
1260;440;StartTrip;Russian;1;5
1261;440;StartTrip;American;4;6
1262;440;StartTrip;German;4;1
1263;442;FinishTrip;Chinese;3
1264;442;FinishTrip;1;English;3
1265;442;FinishTrip;0;German;1
1266;442;StartTrip;Chinese;3;4
1267;442;StartTrip;German;1;4
1268;442;StartTrip;English;3;2
1269;443;FinishTrip;American;6
1270;443;FinishTrip;1;French;6
1271;443;FinishTrip;0;Russian;5
1272;443;StartTrip;American;6;4
1273;443;StartTrip;Russian;5;1
1274;443;StartTrip;French;6;5
1275;444;FinishTrip;German;4
1276;444;FinishTrip;1;American;4
1277;444;StartTrip;German;4;6
1278;444;StartTrip;American;4;6
1279;445;FinishTrip;English;2
1280;445;StartTrip;English;2;1
1281;446;FinishTrip;French;5
1282;446;StartTrip;French;5;1
1283;447;FinishTrip;Russian;1
1284;447;FinishTrip;American;6
1285;447;FinishTrip;1;German;6
1286;447;FinishTrip;0;Chinese;4
1287;447;StartTrip;Russian;1;3
1288;447;StartTrip;Chinese;4;3
1289;447;StartTrip;American;6;3
1290;447;StartTrip;German;6;4
1291;448;FinishTrip;German;4
1292;448;StartTrip;German;4;5
1293;449;FinishTrip;0;American;3
1294;449;StartTrip;American;3;6
1295;450;FinishTrip;Chinese;3
1296;450;FinishTrip;0;English;1
1297;450;FinishTrip;0;French;1
1298;450;StartTrip;Chinese;3;6
1299;450;StartTrip;French;1;5
1300;450;StartTrip;English;1;2
1301;453;FinishTrip;American;6
1302;453;FinishTrip;French;5
1303;453;StartTrip;American;6;4
1304;453;StartTrip;French;5;6
1305;454;FinishTrip;0;German;5
1306;454;FinishTrip;0;Chinese;6
1307;454;FinishTrip;0;American;4
1308;454;StartTrip;German;5;4
1309;454;StartTrip;American;4;6
1310;454;StartTrip;Chinese;6;3
1311;455;FinishTrip;0;Russian;3
1312;455;StartTrip;Russian;3;1
1313;456;FinishTrip;Chinese;3
1314;456;FinishTrip;English;2
1315;456;StartTrip;Chinese;3;2
1316;456;StartTrip;English;2;4
1317;457;FinishTrip;American;6
1318;457;FinishTrip;0;English;4
1319;457;StartTrip;American;6;4
1320;457;StartTrip;English;4;2
1321;458;FinishTrip;English;2
1322;458;FinishTrip;German;4
1323;458;FinishTrip;0;French;6
1324;458;FinishTrip;1;American;4
1325;458;StartTrip;English;2;3
1326;458;StartTrip;American;4;6
1327;458;StartTrip;German;4;6
1328;458;StartTrip;French;6;5
1329;459;FinishTrip;0;Chinese;2
1330;459;StartTrip;Chinese;2;3
1331;461;FinishTrip;French;5
1332;461;FinishTrip;American;6
1333;461;FinishTrip;1;German;6
1334;461;StartTrip;French;5;4
1335;461;StartTrip;German;6;4
1336;461;StartTrip;American;6;4
1337;462;FinishTrip;German;4
1338;462;FinishTrip;0;English;3
1339;462;FinishTrip;1;American;4
1340;462;StartTrip;German;4;2
1341;462;StartTrip;American;4;6
1342;462;StartTrip;English;3;2
1343;463;FinishTrip;Chinese;3
1344;463;FinishTrip;0;German;2
1345;463;StartTrip;Chinese;3;6
1346;463;StartTrip;German;2;4
1347;464;FinishTrip;German;4
1348;464;StartTrip;German;4;3
1349;465;FinishTrip;English;2
1350;465;FinishTrip;American;6
1351;465;FinishTrip;0;French;4
1352;465;StartTrip;English;2;3
1353;465;StartTrip;French;4;5
1354;465;StartTrip;American;6;3
1355;467;FinishTrip;0;Chinese;6
1356;467;FinishTrip;0;American;3
1357;467;FinishTrip;0;German;3
1358;467;StartTrip;Chinese;6;3
1359;467;StartTrip;German;3;4
1360;467;StartTrip;American;3;6
1361;469;FinishTrip;Chinese;3
1362;469;FinishTrip;1;English;3
1363;469;StartTrip;Chinese;3;4
1364;469;StartTrip;English;3;2
1365;471;FinishTrip;American;6
1366;471;FinishTrip;French;5
1367;471;StartTrip;American;6;3
1368;471;StartTrip;French;5;3
1369;472;FinishTrip;German;4
1370;472;FinishTrip;English;2
1371;472;StartTrip;German;4;3
1372;472;StartTrip;English;2;5
1373;473;FinishTrip;0;American;3
1374;473;StartTrip;American;3;6
1375;474;FinishTrip;0;Chinese;4
1376;474;FinishTrip;0;English;5
1377;474;StartTrip;Chinese;4;3
1378;474;StartTrip;English;5;2
1379;475;FinishTrip;English;2
1380;475;FinishTrip;0;French;3
1381;475;FinishTrip;0;German;3
1382;475;StartTrip;English;2;6
1383;475;StartTrip;German;3;4
1384;475;StartTrip;French;3;5
1385;477;FinishTrip;Chinese;3
1386;477;FinishTrip;French;5
1387;477;FinishTrip;American;6
1388;477;StartTrip;Chinese;3;2
1389;477;StartTrip;American;6;4
1390;477;StartTrip;French;5;2
1391;478;FinishTrip;0;American;4
1392;478;FinishTrip;0;French;2
1393;478;StartTrip;American;4;6
1394;478;StartTrip;French;2;5
1395;480;FinishTrip;German;4
1396;480;FinishTrip;French;5
1397;480;FinishTrip;0;Chinese;2
1398;480;StartTrip;German;4;1
1399;480;StartTrip;Chinese;2;3
1400;480;StartTrip;French;5;4
1401;481;FinishTrip;American;6
1402;481;StartTrip;American;6;5
1403;482;FinishTrip;0;German;1
1404;482;StartTrip;German;1;4
1405;484;FinishTrip;German;4
1406;484;FinishTrip;Chinese;3
1407;484;FinishTrip;1;French;4
1408;484;FinishTrip;0;American;5
1409;484;StartTrip;German;4;5
1410;484;StartTrip;American;5;6
1411;484;StartTrip;Chinese;3;1
1412;484;StartTrip;French;4;5
1413;485;FinishTrip;0;English;6
1414;485;StartTrip;English;6;2
1415;489;FinishTrip;American;6
1416;489;StartTrip;American;6;2
1417;490;FinishTrip;English;2
1418;490;FinishTrip;French;5
1419;490;FinishTrip;1;German;5
1420;490;StartTrip;English;2;5
1421;490;StartTrip;German;5;4
1422;490;StartTrip;French;5;3
1423;492;FinishTrip;0;English;5
1424;492;StartTrip;English;5;2
1425;493;FinishTrip;English;2
1426;493;StartTrip;English;2;6
1427;494;FinishTrip;German;4
1428;494;FinishTrip;0;French;3
1429;494;FinishTrip;0;American;2
1430;494;StartTrip;German;4;1
1431;494;StartTrip;American;2;6
1432;494;StartTrip;French;3;5
1433;496;FinishTrip;French;5
1434;496;FinishTrip;0;German;1
1435;496;StartTrip;French;5;6
1436;496;StartTrip;German;1;4
1437;498;FinishTrip;German;4
1438;498;StartTrip;German;4;1
1439;500;FinishTrip;0;German;1
1440;500;StartTrip;German;1;4
1441;501;FinishTrip;0;French;6
1442;501;StartTrip;French;6;5
1443;502;FinishTrip;German;4
1444;502;StartTrip;German;4;3
1445;503;FinishTrip;0;English;6
1446;503;StartTrip;English;6;2
1447;504;FinishTrip;French;5
1448;504;FinishTrip;American;6
1449;504;StartTrip;French;5;6
1450;504;StartTrip;American;6;5
1451;505;FinishTrip;0;German;3
1452;505;StartTrip;German;3;4
1453;507;FinishTrip;Russian;1
1454;507;FinishTrip;0;American;5
1455;507;StartTrip;Russian;1;4
1456;507;StartTrip;American;5;6
1457;508;FinishTrip;English;2
1458;508;StartTrip;English;2;5
1459;509;FinishTrip;0;French;6
1460;509;FinishTrip;0;Russian;4
1461;509;StartTrip;French;6;5
1462;509;StartTrip;Russian;4;1
1463;510;FinishTrip;German;4
1464;510;FinishTrip;0;English;5
1465;510;StartTrip;German;4;6
1466;510;StartTrip;English;5;2
1467;511;FinishTrip;Russian;1
1468;511;FinishTrip;English;2
1469;511;StartTrip;Russian;1;5
1470;511;StartTrip;English;2;1
1471;512;FinishTrip;American;6
1472;512;FinishTrip;French;5
1473;512;StartTrip;American;6;1
1474;512;StartTrip;French;5;4
1475;513;FinishTrip;0;German;6
1476;513;StartTrip;German;6;4
1477;514;FinishTrip;German;4
1478;514;FinishTrip;0;Russian;5
1479;514;StartTrip;German;4;1
1480;514;StartTrip;Russian;5;1
1481;516;FinishTrip;0;French;4
1482;516;FinishTrip;0;American;1
1483;516;FinishTrip;0;English;1
1484;516;FinishTrip;0;German;1
1485;516;StartTrip;French;4;5
1486;516;StartTrip;German;1;4
1487;516;StartTrip;American;1;6
1488;516;StartTrip;English;1;2
1489;517;FinishTrip;American;6
1490;517;StartTrip;American;6;3
1491;518;FinishTrip;Russian;1
1492;518;FinishTrip;German;4
1493;518;StartTrip;Russian;1;2
1494;518;StartTrip;German;4;1
1495;519;FinishTrip;0;American;3
1496;519;StartTrip;American;3;6
1497;520;FinishTrip;0;German;1
1498;520;StartTrip;German;1;4
1499;522;FinishTrip;French;5
1500;522;FinishTrip;German;4
1501;522;FinishTrip;English;2
1502;522;StartTrip;French;5;3
1503;522;StartTrip;English;2;1
1504;522;StartTrip;German;4;5
1505;523;FinishTrip;American;6
1506;523;StartTrip;American;6;2
1507;524;FinishTrip;0;Russian;2
1508;524;StartTrip;Russian;2;1
1509;526;FinishTrip;0;French;3
1510;526;StartTrip;French;3;5
1511;527;FinishTrip;0;English;1
1512;527;StartTrip;English;1;2
1513;528;FinishTrip;French;5
1514;528;FinishTrip;1;German;5
1515;528;FinishTrip;0;American;2
1516;528;StartTrip;French;5;3
1517;528;StartTrip;American;2;6
1518;528;StartTrip;German;5;4
1519;529;FinishTrip;Russian;1
1520;529;StartTrip;Russian;1;3
1521;532;FinishTrip;German;4
1522;532;FinishTrip;0;French;3
1523;532;StartTrip;German;4;3
1524;532;StartTrip;French;3;5
1525;533;FinishTrip;English;2
1526;533;StartTrip;English;2;1
1527;534;FinishTrip;French;5
1528;534;StartTrip;French;5;2
1529;535;FinishTrip;0;German;3
1530;535;FinishTrip;0;French;2
1531;535;StartTrip;German;3;4
1532;535;StartTrip;French;2;5
1533;536;FinishTrip;0;Chinese;1
1534;536;StartTrip;Chinese;1;3
1535;537;FinishTrip;French;5
1536;537;FinishTrip;0;Russian;3
1537;537;StartTrip;French;5;2
1538;537;StartTrip;Russian;3;1
1539;538;FinishTrip;American;6
1540;538;FinishTrip;0;English;1
1541;538;FinishTrip;0;French;2
1542;538;StartTrip;American;6;4
1543;538;StartTrip;French;2;5
1544;538;StartTrip;English;1;2
1545;539;FinishTrip;0;American;4
1546;539;StartTrip;American;4;6
1547;540;FinishTrip;German;4
1548;540;FinishTrip;French;5
1549;540;StartTrip;German;4;5
1550;540;StartTrip;French;5;3
1551;542;FinishTrip;American;6
1552;542;StartTrip;American;6;1
1553;544;FinishTrip;English;2
1554;544;FinishTrip;Chinese;3
1555;544;FinishTrip;1;French;3
1556;544;StartTrip;English;2;1
1557;544;StartTrip;French;3;5
1558;544;StartTrip;Chinese;3;1
1559;546;FinishTrip;French;5
1560;546;FinishTrip;1;German;5
1561;546;FinishTrip;0;American;1
1562;546;StartTrip;French;5;1
1563;546;StartTrip;American;1;6
1564;546;StartTrip;German;5;4
1565;547;FinishTrip;American;6
1566;547;StartTrip;American;6;1
1567;549;FinishTrip;0;English;1
1568;549;StartTrip;English;1;2
1569;550;FinishTrip;German;4
1570;550;FinishTrip;0;French;1
1571;550;StartTrip;German;4;1
1572;550;StartTrip;French;1;5
1573;551;FinishTrip;0;American;1
1574;551;StartTrip;American;1;6
1575;552;FinishTrip;American;6
1576;552;FinishTrip;0;German;1
1577;552;StartTrip;American;6;5
1578;552;StartTrip;German;1;4
1579;553;FinishTrip;French;5
1580;553;StartTrip;French;5;3
1581;554;FinishTrip;German;4
1582;554;StartTrip;German;4;3
1583;555;FinishTrip;English;2
1584;555;FinishTrip;0;American;5
1585;555;StartTrip;English;2;4
1586;555;StartTrip;American;5;6
1587;556;FinishTrip;0;English;4
1588;556;StartTrip;English;4;2
1589;557;FinishTrip;English;2
1590;557;FinishTrip;0;French;3
1591;557;FinishTrip;0;German;3
1592;557;StartTrip;English;2;3
1593;557;StartTrip;German;3;4
1594;557;StartTrip;French;3;5
1595;559;FinishTrip;French;5
1596;559;StartTrip;French;5;1
1597;560;FinishTrip;American;6
1598;560;StartTrip;American;6;4
1599;561;FinishTrip;0;English;3
1600;561;FinishTrip;0;American;4
1601;561;StartTrip;English;3;2
1602;561;StartTrip;American;4;6
1603;562;FinishTrip;German;4
1604;562;StartTrip;German;4;2
1605;563;FinishTrip;0;French;1
1606;563;FinishTrip;0;German;2
1607;563;StartTrip;French;1;5
1608;563;StartTrip;German;2;4
1609;564;FinishTrip;American;6
1610;564;FinishTrip;German;4
1611;564;FinishTrip;English;2
1612;564;StartTrip;American;6;5
1613;564;StartTrip;English;2;6
1614;564;StartTrip;German;4;6
1615;566;FinishTrip;French;5
1616;566;StartTrip;French;5;1
1617;567;FinishTrip;0;German;6
1618;567;FinishTrip;0;American;5
1619;567;StartTrip;German;6;4
1620;567;StartTrip;American;5;6
1621;568;FinishTrip;German;4
1622;568;StartTrip;German;4;3
1623;570;FinishTrip;0;French;1
1624;570;StartTrip;French;1;5
1625;571;FinishTrip;0;German;3
1626;571;StartTrip;German;3;4
1627;572;FinishTrip;American;6
1628;572;StartTrip;American;6;4
1629;573;FinishTrip;French;5
1630;573;FinishTrip;0;American;4
1631;573;StartTrip;French;5;6
1632;573;StartTrip;American;4;6
1633;574;FinishTrip;0;English;6
1634;574;StartTrip;English;6;2
1635;576;FinishTrip;German;4
1636;576;FinishTrip;American;6
1637;576;StartTrip;German;4;6
1638;576;StartTrip;American;6;4
1639;577;FinishTrip;0;American;4
1640;577;StartTrip;American;4;6
1641;578;FinishTrip;0;French;6
1642;578;StartTrip;French;6;5
1643;579;FinishTrip;English;2
1644;579;FinishTrip;0;German;6
1645;579;StartTrip;English;2;4
1646;579;StartTrip;German;6;4
1647;580;FinishTrip;American;6
1648;580;FinishTrip;German;4
1649;580;FinishTrip;1;English;4
1650;580;StartTrip;American;6;1
1651;580;StartTrip;English;4;2
1652;580;StartTrip;German;4;3
1653;581;FinishTrip;French;5
1654;581;FinishTrip;English;2
1655;581;StartTrip;French;5;6
1656;581;StartTrip;English;2;1
1657;583;FinishTrip;0;German;3
1658;583;StartTrip;German;3;4
1659;584;FinishTrip;0;American;1
1660;584;StartTrip;American;1;6
1661;585;FinishTrip;American;6
1662;585;StartTrip;American;6;5
1663;586;FinishTrip;0;English;1
1664;586;FinishTrip;0;French;6
1665;586;StartTrip;English;1;2
1666;586;StartTrip;French;6;5
1667;588;FinishTrip;German;4
1668;588;FinishTrip;0;American;5
1669;588;StartTrip;German;4;2
1670;588;StartTrip;American;5;6
1671;589;FinishTrip;Russian;1
1672;589;FinishTrip;French;5
1673;589;FinishTrip;0;German;2
1674;589;StartTrip;Russian;1;3
1675;589;StartTrip;German;2;4
1676;589;StartTrip;French;5;4
1677;590;FinishTrip;German;4
1678;590;StartTrip;German;4;3
1679;592;FinishTrip;English;2
1680;592;StartTrip;English;2;5
1681;593;FinishTrip;American;6
1682;593;FinishTrip;0;French;4
1683;593;FinishTrip;0;German;3
1684;593;StartTrip;American;6;2
1685;593;StartTrip;German;3;4
1686;593;StartTrip;French;4;5
1687;594;FinishTrip;0;English;5
1688;594;StartTrip;English;5;2
1689;595;FinishTrip;English;2
1690;595;StartTrip;English;2;5
1691;596;FinishTrip;0;Chinese;1
1692;596;StartTrip;Chinese;1;3
1693;597;FinishTrip;0;Russian;3
1694;597;FinishTrip;0;English;5
1695;597;StartTrip;Russian;3;1
1696;597;StartTrip;English;5;2
1697;598;FinishTrip;German;4
1698;598;FinishTrip;English;2
1699;598;FinishTrip;1;American;2
1700;598;StartTrip;German;4;6
1701;598;StartTrip;American;2;6
1702;598;StartTrip;English;2;1
1703;599;FinishTrip;French;5
1704;599;StartTrip;French;5;1
1705;601;FinishTrip;0;German;6
1706;601;StartTrip;German;6;4
1707;602;FinishTrip;German;4
1708;602;StartTrip;German;4;1
1709;603;FinishTrip;0;English;1
1710;603;FinishTrip;0;French;1
1711;603;StartTrip;English;1;2
1712;603;StartTrip;French;1;5
1713;604;FinishTrip;Chinese;3
1714;604;FinishTrip;0;German;1
1715;604;StartTrip;Chinese;3;4
1716;604;StartTrip;German;1;4
1717;606;FinishTrip;French;5
1718;606;FinishTrip;German;4
1719;606;StartTrip;French;5;1
1720;606;StartTrip;German;4;2
1721;607;FinishTrip;0;German;2
1722;607;StartTrip;German;2;4
1723;608;FinishTrip;American;6
1724;608;FinishTrip;German;4
1725;608;StartTrip;American;6;2
1726;608;StartTrip;German;4;1
1727;609;FinishTrip;English;2
1728;609;FinishTrip;0;Chinese;4
1729;609;StartTrip;English;2;5
1730;609;StartTrip;Chinese;4;3
1731;610;FinishTrip;0;French;1
1732;610;FinishTrip;0;German;1
1733;610;StartTrip;French;1;5
1734;610;StartTrip;German;1;4
1735;611;FinishTrip;0;English;5
1736;611;StartTrip;English;5;2
1737;612;FinishTrip;Chinese;3
1738;612;FinishTrip;German;4
1739;612;FinishTrip;English;2
1740;612;StartTrip;Chinese;3;5
1741;612;StartTrip;English;2;1
1742;612;StartTrip;German;4;3
1743;613;FinishTrip;French;5
1744;613;FinishTrip;0;American;2
1745;613;StartTrip;French;5;6
1746;613;StartTrip;American;2;6
1747;614;FinishTrip;0;Chinese;5
1748;614;StartTrip;Chinese;5;3
1749;615;FinishTrip;0;German;3
1750;615;StartTrip;German;3;4
1751;617;FinishTrip;0;English;1
1752;617;StartTrip;English;1;2
1753;618;FinishTrip;Chinese;3
1754;618;FinishTrip;0;French;6
1755;618;StartTrip;Chinese;3;4
1756;618;StartTrip;French;6;5
1757;620;FinishTrip;German;4
1758;620;StartTrip;German;4;3
1759;621;FinishTrip;French;5
1760;621;StartTrip;French;5;3
1761;623;FinishTrip;English;2
1762;623;FinishTrip;American;6
1763;623;FinishTrip;0;German;3
1764;623;FinishTrip;0;Chinese;4
1765;623;StartTrip;English;2;6
1766;623;StartTrip;Chinese;4;3
1767;623;StartTrip;American;6;3
1768;623;StartTrip;German;3;4
1769;625;FinishTrip;0;French;3
1770;625;FinishTrip;0;American;3
1771;625;StartTrip;French;3;5
1772;625;StartTrip;American;3;6
1773;626;FinishTrip;Chinese;3
1774;626;StartTrip;Chinese;3;5
1775;627;FinishTrip;French;5
1776;627;StartTrip;French;5;4
1777;628;FinishTrip;German;4
1778;628;FinishTrip;0;Chinese;5
1779;628;StartTrip;German;4;3
1780;628;StartTrip;Chinese;5;3
1781;629;FinishTrip;American;6
1782;629;StartTrip;American;6;2
1783;631;FinishTrip;0;French;4
1784;631;FinishTrip;0;German;3
1785;631;StartTrip;French;4;5
1786;631;StartTrip;German;3;4
1787;632;FinishTrip;Chinese;3
1788;632;StartTrip;Chinese;3;2
1789;633;FinishTrip;0;English;6
1790;633;StartTrip;English;6;2
1791;634;FinishTrip;0;American;2
1792;634;StartTrip;American;2;6
1793;635;FinishTrip;0;Chinese;2
1794;635;StartTrip;Chinese;2;3
1795;636;FinishTrip;German;4
1796;636;StartTrip;German;4;6
1797;637;FinishTrip;French;5
1798;637;StartTrip;French;5;2
1799;638;FinishTrip;English;2
1800;638;FinishTrip;1;French;2
1801;638;StartTrip;English;2;3
1802;638;StartTrip;French;2;5
1803;639;FinishTrip;Chinese;3
1804;639;FinishTrip;0;German;6
1805;639;StartTrip;Chinese;3;1
1806;639;StartTrip;German;6;4
1807;640;FinishTrip;French;5
1808;640;FinishTrip;German;4
1809;640;StartTrip;French;5;1
1810;640;StartTrip;German;4;5
1811;642;FinishTrip;0;English;3
1812;642;StartTrip;English;3;2
1813;644;FinishTrip;American;6
1814;644;FinishTrip;0;French;1
1815;644;StartTrip;American;6;2
1816;644;StartTrip;French;1;5
1817;645;FinishTrip;English;2
1818;645;StartTrip;English;2;5
1819;646;FinishTrip;0;German;5
1820;646;StartTrip;German;5;4
1821;647;FinishTrip;French;5
1822;647;FinishTrip;1;English;5
1823;647;StartTrip;French;5;1
1824;647;StartTrip;English;5;2
1825;648;FinishTrip;English;2
1826;648;StartTrip;English;2;3
1827;649;FinishTrip;Russian;1
1828;649;FinishTrip;0;American;2
1829;649;StartTrip;Russian;1;2
1830;649;StartTrip;American;2;6
1831;650;FinishTrip;German;4
1832;650;StartTrip;German;4;1
1833;651;FinishTrip;0;French;1
1834;651;StartTrip;French;1;5
1835;652;FinishTrip;0;English;3
1836;652;FinishTrip;0;German;1
1837;652;StartTrip;English;3;2
1838;652;StartTrip;German;1;4
1839;654;FinishTrip;French;5
1840;654;FinishTrip;German;4
1841;654;StartTrip;French;5;6
1842;654;StartTrip;German;4;2
1843;655;FinishTrip;English;2
1844;655;FinishTrip;1;Russian;2
1845;655;FinishTrip;1;German;2
1846;655;StartTrip;English;2;3
1847;655;StartTrip;German;2;4
1848;655;StartTrip;Russian;2;1
1849;656;FinishTrip;German;4
1850;656;StartTrip;German;4;1
1851;658;FinishTrip;0;German;1
1852;658;StartTrip;German;1;4
1853;659;FinishTrip;American;6
1854;659;FinishTrip;1;French;6
1855;659;FinishTrip;0;English;3
1856;659;StartTrip;American;6;5
1857;659;StartTrip;English;3;2
1858;659;StartTrip;French;6;5
1859;660;FinishTrip;German;4
1860;660;FinishTrip;Russian;1
1861;660;StartTrip;German;4;5
1862;660;StartTrip;Russian;1;6
1863;661;FinishTrip;0;Russian;6
1864;661;StartTrip;Russian;6;1
1865;662;FinishTrip;French;5
1866;662;FinishTrip;English;2
1867;662;FinishTrip;1;American;5
1868;662;StartTrip;French;5;6
1869;662;StartTrip;American;5;6
1870;662;StartTrip;English;2;6
1871;665;FinishTrip;Russian;1
1872;665;StartTrip;Russian;1;6
1873;666;FinishTrip;0;German;5
1874;666;FinishTrip;0;Russian;6
1875;666;StartTrip;German;5;4
1876;666;StartTrip;Russian;6;1
1877;667;FinishTrip;American;6
1878;667;FinishTrip;1;French;6
1879;667;StartTrip;American;6;3
1880;667;StartTrip;French;6;5
1881;669;FinishTrip;0;American;3
1882;669;StartTrip;American;3;6
1883;670;FinishTrip;French;5
1884;670;FinishTrip;Russian;1
1885;670;FinishTrip;German;4
1886;670;StartTrip;French;5;4
1887;670;StartTrip;German;4;2
1888;670;StartTrip;Russian;1;5
1889;671;FinishTrip;0;German;2
1890;671;StartTrip;German;2;4
1891;672;FinishTrip;German;4
1892;672;FinishTrip;0;English;6
1893;672;StartTrip;German;4;5
1894;672;StartTrip;English;6;2
1895;673;FinishTrip;American;6
1896;673;FinishTrip;0;Russian;5
1897;673;StartTrip;American;6;3
1898;673;StartTrip;Russian;5;1
1899;674;FinishTrip;0;French;4
1900;674;StartTrip;French;4;5
1901;675;FinishTrip;0;American;3
1902;675;StartTrip;American;3;6
1903;677;FinishTrip;English;2
1904;677;FinishTrip;Russian;1
1905;677;StartTrip;English;2;4
1906;677;StartTrip;Russian;1;2
1907;678;FinishTrip;0;German;5
1908;678;FinishTrip;0;English;4
1909;678;StartTrip;German;5;4
1910;678;StartTrip;English;4;2
1911;679;FinishTrip;American;6
1912;679;FinishTrip;English;2
1913;679;StartTrip;American;6;1
1914;679;StartTrip;English;2;6
1915;680;FinishTrip;French;5
1916;680;StartTrip;French;5;3
1917;682;FinishTrip;German;4
1918;682;StartTrip;German;4;2
1919;683;FinishTrip;0;Russian;2
1920;683;FinishTrip;0;German;2
1921;683;FinishTrip;0;American;1
1922;683;StartTrip;Russian;2;1
1923;683;StartTrip;American;1;6
1924;683;StartTrip;German;2;4
1925;684;FinishTrip;German;4
1926;684;FinishTrip;American;6
1927;684;FinishTrip;0;French;3
1928;684;StartTrip;German;4;6
1929;684;StartTrip;French;3;5
1930;684;StartTrip;American;6;1
1931;686;FinishTrip;French;5
1932;686;StartTrip;French;5;3
1933;687;FinishTrip;0;German;6
1934;687;StartTrip;German;6;4
1935;688;FinishTrip;German;4
1936;688;FinishTrip;Russian;1
1937;688;FinishTrip;1;American;1
1938;688;StartTrip;German;4;3
1939;688;StartTrip;American;1;6
1940;688;StartTrip;Russian;1;3
1941;689;FinishTrip;American;6
1942;689;FinishTrip;1;English;6
1943;689;StartTrip;American;6;3
1944;689;StartTrip;English;6;2
1945;690;FinishTrip;0;French;3
1946;690;StartTrip;French;3;5
1947;691;FinishTrip;0;German;3
1948;691;FinishTrip;0;American;3
1949;691;FinishTrip;0;Chinese;1
1950;691;StartTrip;German;3;4
1951;691;StartTrip;Chinese;1;3
1952;691;StartTrip;American;3;6
1953;692;FinishTrip;French;5
1954;692;StartTrip;French;5;3
1955;694;FinishTrip;English;2
1956;694;StartTrip;English;2;4
1957;695;FinishTrip;American;6
1958;695;FinishTrip;0;English;4
1959;695;StartTrip;American;6;4
1960;695;StartTrip;English;4;2
1961;696;FinishTrip;English;2
1962;696;FinishTrip;German;4
1963;696;FinishTrip;0;French;3
1964;696;FinishTrip;0;Russian;3
1965;696;FinishTrip;1;American;4
1966;696;StartTrip;English;2;1
1967;696;StartTrip;German;4;1
1968;696;StartTrip;American;4;6
1969;696;StartTrip;Russian;3;1
1970;696;StartTrip;French;3;5
1971;698;FinishTrip;French;5
1972;698;FinishTrip;0;German;1
1973;698;StartTrip;French;5;2
1974;698;StartTrip;German;1;4
1975;699;FinishTrip;Chinese;3
1976;699;FinishTrip;American;6
1977;699;FinishTrip;0;French;2
1978;699;StartTrip;Chinese;3;2
1979;699;StartTrip;French;2;5
1980;699;StartTrip;American;6;5
1981;700;FinishTrip;German;4
1982;700;StartTrip;German;4;5
1983;701;FinishTrip;French;5
1984;701;FinishTrip;0;English;1
1985;701;StartTrip;French;5;4
1986;701;StartTrip;English;1;2
1987;702;FinishTrip;0;American;5
1988;702;FinishTrip;0;Chinese;2
1989;702;StartTrip;American;5;6
1990;702;StartTrip;Chinese;2;3
1991;705;FinishTrip;0;French;4
1992;705;StartTrip;French;4;5
1993;706;FinishTrip;Chinese;3
1994;706;FinishTrip;0;German;5
1995;706;StartTrip;Chinese;3;5
1996;706;StartTrip;German;5;4
1997;707;FinishTrip;English;2
1998;707;FinishTrip;American;6
1999;707;StartTrip;English;2;1
2000;707;StartTrip;American;6;2
2001;708;FinishTrip;0;Chinese;5
2002;708;StartTrip;Chinese;5;3
2003;710;FinishTrip;German;4
2004;710;StartTrip;German;4;1
2005;711;FinishTrip;French;5
2006;711;StartTrip;French;5;1
2007;712;FinishTrip;Chinese;3
2008;712;FinishTrip;0;American;2
2009;712;FinishTrip;0;German;1
2010;712;FinishTrip;0;English;1
2011;712;StartTrip;Chinese;3;2
2012;712;StartTrip;English;1;2
2013;712;StartTrip;American;2;6
2014;712;StartTrip;German;1;4
2015;714;FinishTrip;German;4
2016;714;StartTrip;German;4;6
2017;715;FinishTrip;0;French;1
2018;715;FinishTrip;0;Chinese;2
2019;715;StartTrip;French;1;5
2020;715;StartTrip;Chinese;2;3
2021;717;FinishTrip;0;German;6
2022;717;StartTrip;German;6;4
2023;718;FinishTrip;English;2
2024;718;FinishTrip;German;4
2025;718;FinishTrip;French;5
2026;718;StartTrip;English;2;1
2027;718;StartTrip;French;5;4
2028;718;StartTrip;German;4;1
2029;719;FinishTrip;Chinese;3
2030;719;StartTrip;Chinese;3;5
2031;720;FinishTrip;0;German;1
2032;720;StartTrip;German;1;4
2033;721;FinishTrip;0;Chinese;5
2034;721;StartTrip;Chinese;5;3
2035;722;FinishTrip;German;4
2036;722;FinishTrip;American;6
2037;722;FinishTrip;1;French;4
2038;722;StartTrip;German;4;6
2039;722;StartTrip;French;4;5
2040;722;StartTrip;American;6;5
2041;723;FinishTrip;0;English;1
2042;723;StartTrip;English;1;2
2043;725;FinishTrip;Chinese;3
2044;725;FinishTrip;0;American;5
2045;725;FinishTrip;0;German;6
2046;725;StartTrip;Chinese;3;5
2047;725;StartTrip;German;6;4
2048;725;StartTrip;American;5;6
2049;726;FinishTrip;German;4
2050;726;StartTrip;German;4;3
2051;727;FinishTrip;0;Chinese;5
2052;727;StartTrip;Chinese;5;3
2053;728;FinishTrip;French;5
2054;728;StartTrip;French;5;3
2055;729;FinishTrip;English;2
2056;729;FinishTrip;0;German;3
2057;729;StartTrip;English;2;6
2058;729;StartTrip;German;3;4
2059;730;FinishTrip;American;6
2060;730;StartTrip;American;6;2
2061;731;FinishTrip;Chinese;3
2062;731;StartTrip;Chinese;3;6
2063;732;FinishTrip;0;French;3
2064;732;StartTrip;French;3;5
2065;734;FinishTrip;German;4
2066;734;FinishTrip;French;5
2067;734;StartTrip;German;4;3
2068;734;StartTrip;French;5;2
2069;735;FinishTrip;0;Chinese;6
2070;735;FinishTrip;0;French;2
2071;735;FinishTrip;0;American;2
2072;735;StartTrip;Chinese;6;3
2073;735;StartTrip;American;2;6
2074;735;StartTrip;French;2;5
2075;737;FinishTrip;French;5
2076;737;FinishTrip;Chinese;3
2077;737;FinishTrip;1;German;3
2078;737;StartTrip;French;5;2
2079;737;StartTrip;German;3;4
2080;737;StartTrip;Chinese;3;5
2081;738;FinishTrip;0;French;2
2082;738;StartTrip;French;2;5
2083;739;FinishTrip;0;Chinese;5
2084;739;FinishTrip;0;English;6
2085;739;StartTrip;Chinese;5;3
2086;739;StartTrip;English;6;2
2087;740;FinishTrip;French;5
2088;740;StartTrip;French;5;1
2089;742;FinishTrip;German;4
2090;742;StartTrip;German;4;3
2091;743;FinishTrip;Chinese;3
2092;743;StartTrip;Chinese;3;2
2093;744;FinishTrip;English;2
2094;744;FinishTrip;0;French;1
2095;744;StartTrip;English;2;4
2096;744;StartTrip;French;1;5
2097;745;FinishTrip;American;6
2098;745;FinishTrip;0;German;3
2099;745;FinishTrip;0;English;4
2100;745;StartTrip;American;6;1
2101;745;StartTrip;English;4;2
2102;745;StartTrip;German;3;4
2103;746;FinishTrip;English;2
2104;746;FinishTrip;1;Chinese;2
2105;746;StartTrip;English;2;1
2106;746;StartTrip;Chinese;2;3
2107;747;FinishTrip;French;5
2108;747;StartTrip;French;5;4
2109;748;FinishTrip;Russian;1
2110;748;StartTrip;Russian;1;6
2111;749;FinishTrip;0;American;1
2112;749;FinishTrip;0;Russian;6
2113;749;StartTrip;American;1;6
2114;749;StartTrip;Russian;6;1
2115;750;FinishTrip;German;4
2116;750;FinishTrip;Chinese;3
2117;750;FinishTrip;American;6
2118;750;StartTrip;German;4;6
2119;750;StartTrip;American;6;4
2120;750;StartTrip;Chinese;3;1
2121;751;FinishTrip;0;French;4
2122;751;FinishTrip;0;English;1
2123;751;FinishTrip;0;American;4
2124;751;StartTrip;French;4;5
2125;751;StartTrip;American;4;6
2126;751;StartTrip;English;1;2
2127;753;FinishTrip;Russian;1
2128;753;FinishTrip;0;German;6
2129;753;StartTrip;Russian;1;3
2130;753;StartTrip;German;6;4
2131;754;FinishTrip;American;6
2132;754;FinishTrip;German;4
2133;754;StartTrip;American;6;2
2134;754;StartTrip;German;4;3
2135;757;FinishTrip;English;2
2136;757;FinishTrip;French;5
2137;757;FinishTrip;0;German;3
2138;757;StartTrip;English;2;5
2139;757;StartTrip;German;3;4
2140;757;StartTrip;French;5;3
2141;759;FinishTrip;0;American;2
2142;759;FinishTrip;0;English;5
2143;759;StartTrip;American;2;6
2144;759;StartTrip;English;5;2
2145;760;FinishTrip;English;2
2146;760;StartTrip;English;2;5
2147;761;FinishTrip;0;Russian;3
2148;761;FinishTrip;0;French;3
2149;761;StartTrip;Russian;3;1
2150;761;StartTrip;French;3;5
2151;762;FinishTrip;German;4
2152;762;FinishTrip;0;English;5
2153;762;StartTrip;German;4;2
2154;762;StartTrip;English;5;2
2155;763;FinishTrip;French;5
2156;763;FinishTrip;English;2
2157;763;FinishTrip;1;German;2
2158;763;StartTrip;French;5;4
2159;763;StartTrip;German;2;4
2160;763;StartTrip;English;2;1
2161;764;FinishTrip;German;4
2162;764;StartTrip;German;4;3
2163;767;FinishTrip;0;French;4
2164;767;FinishTrip;0;German;3
2165;767;StartTrip;French;4;5
2166;767;StartTrip;German;3;4
2167;768;FinishTrip;0;English;1
2168;768;StartTrip;English;1;2
2169;769;FinishTrip;American;6
2170;769;StartTrip;American;6;2
2171;772;FinishTrip;German;4
2172;772;StartTrip;German;4;3
2173;773;FinishTrip;French;5
2174;773;StartTrip;French;5;3
2175;774;FinishTrip;English;2
2176;774;FinishTrip;1;American;2
2177;774;StartTrip;English;2;1
2178;774;StartTrip;American;2;6
2179;775;FinishTrip;0;German;3
2180;775;StartTrip;German;3;4
2181;777;FinishTrip;0;French;3
2182;777;StartTrip;French;3;5
2183;779;FinishTrip;French;5
2184;779;FinishTrip;0;English;1
2185;779;StartTrip;French;5;6
2186;779;StartTrip;English;1;2
2187;780;FinishTrip;German;4
2188;780;StartTrip;German;4;2
2189;781;FinishTrip;0;German;2
2190;781;StartTrip;German;2;4
2191;782;FinishTrip;German;4
2192;782;StartTrip;German;4;3
2193;784;FinishTrip;American;6
2194;784;FinishTrip;1;French;6
2195;784;StartTrip;American;6;3
2196;784;StartTrip;French;6;5
2197;785;FinishTrip;English;2
2198;785;FinishTrip;0;German;3
2199;785;StartTrip;English;2;1
2200;785;StartTrip;German;3;4
2201;786;FinishTrip;0;American;3
2202;786;StartTrip;American;3;6
2203;787;FinishTrip;French;5
2204;787;StartTrip;French;5;2
2205;788;FinishTrip;0;French;2
2206;788;StartTrip;French;2;5
2207;790;FinishTrip;German;4
2208;790;FinishTrip;American;6
2209;790;FinishTrip;French;5
2210;790;FinishTrip;0;English;1
2211;790;StartTrip;German;4;2
2212;790;StartTrip;English;1;2
2213;790;StartTrip;American;6;2
2214;790;StartTrip;French;5;1
2215;791;FinishTrip;0;German;2
2216;791;StartTrip;German;2;4
2217;792;FinishTrip;German;4
2218;792;StartTrip;German;4;5
2219;794;FinishTrip;0;French;1
2220;794;StartTrip;French;1;5
2221;795;FinishTrip;0;American;2
2222;795;StartTrip;American;2;6
2223;796;FinishTrip;English;2
2224;796;StartTrip;English;2;5
2225;797;FinishTrip;French;5
2226;797;StartTrip;French;5;2
2227;798;FinishTrip;0;English;5
2228;798;FinishTrip;0;French;2
2229;798;FinishTrip;0;German;5
2230;798;StartTrip;English;5;2
2231;798;StartTrip;German;5;4
2232;798;StartTrip;French;2;5
2233;799;FinishTrip;English;2
2234;799;StartTrip;English;2;4
2235;800;FinishTrip;French;5
2236;800;FinishTrip;0;English;4
2237;800;StartTrip;French;5;3
2238;800;StartTrip;English;4;2
2239;801;FinishTrip;English;2
2240;801;StartTrip;English;2;4
2241;802;FinishTrip;German;4
2242;802;FinishTrip;0;Chinese;1
2243;802;FinishTrip;1;English;4
2244;802;StartTrip;German;4;1
2245;802;StartTrip;English;4;2
2246;802;StartTrip;Chinese;1;3
2247;803;FinishTrip;English;2
2248;803;StartTrip;English;2;5
2249;804;FinishTrip;0;French;3
2250;804;FinishTrip;0;German;1
2251;804;StartTrip;French;3;5
2252;804;StartTrip;German;1;4
2253;805;FinishTrip;American;6
2254;805;FinishTrip;0;English;5
2255;805;StartTrip;American;6;1
2256;805;StartTrip;English;5;2
2257;806;FinishTrip;German;4
2258;806;FinishTrip;English;2
2259;806;FinishTrip;French;5
2260;806;StartTrip;German;4;1
2261;806;StartTrip;French;5;1
2262;806;StartTrip;English;2;3
2263;808;FinishTrip;0;German;1
2264;808;StartTrip;German;1;4
2265;809;FinishTrip;0;American;1
2266;809;StartTrip;American;1;6
2267;810;FinishTrip;Chinese;3
2268;810;FinishTrip;German;4
2269;810;FinishTrip;American;6
2270;810;FinishTrip;1;English;3
2271;810;FinishTrip;0;French;1
2272;810;StartTrip;Chinese;3;6
2273;810;StartTrip;German;4;5
2274;810;StartTrip;French;1;5
2275;810;StartTrip;English;3;2
2276;810;StartTrip;American;6;1
2277;813;FinishTrip;Russian;1
2278;813;FinishTrip;French;5
2279;813;FinishTrip;English;2
2280;813;StartTrip;Russian;1;2
2281;813;StartTrip;English;2;6
2282;813;StartTrip;French;5;6
2283;814;FinishTrip;0;Chinese;6
2284;814;FinishTrip;0;American;1
2285;814;StartTrip;Chinese;6;3
2286;814;StartTrip;American;1;6
2287;815;FinishTrip;American;6
2288;815;StartTrip;American;6;4
2289;816;FinishTrip;Chinese;3
2290;816;FinishTrip;0;German;5
2291;816;FinishTrip;0;American;4
2292;816;StartTrip;Chinese;3;5
2293;816;StartTrip;American;4;6
2294;816;StartTrip;German;5;4
2295;818;FinishTrip;0;French;6
2296;818;FinishTrip;0;Chinese;5
2297;818;StartTrip;French;6;5
2298;818;StartTrip;Chinese;5;3
2299;819;FinishTrip;American;6
2300;819;FinishTrip;0;Russian;2
2301;819;StartTrip;American;6;3
2302;819;StartTrip;Russian;2;1
2303;820;FinishTrip;German;4
2304;820;StartTrip;German;4;6
2305;821;FinishTrip;French;5
2306;821;FinishTrip;0;American;3
2307;821;StartTrip;French;5;4
2308;821;StartTrip;American;3;6
2309;822;FinishTrip;Chinese;3
2310;822;StartTrip;Chinese;3;5
2311;823;FinishTrip;0;German;6
2312;823;FinishTrip;0;English;6
2313;823;StartTrip;German;6;4
2314;823;StartTrip;English;6;2
2315;824;FinishTrip;Russian;1
2316;824;FinishTrip;German;4
2317;824;FinishTrip;0;Chinese;5
2318;824;StartTrip;Russian;1;3
2319;824;StartTrip;Chinese;5;3
2320;824;StartTrip;German;4;1
2321;825;FinishTrip;American;6
2322;825;FinishTrip;0;French;4
2323;825;StartTrip;American;6;1
2324;825;StartTrip;French;4;5
2325;826;FinishTrip;0;German;1
2326;826;StartTrip;German;1;4
2327;828;FinishTrip;English;2
2328;828;FinishTrip;German;4
2329;828;FinishTrip;Chinese;3
2330;828;StartTrip;English;2;1
2331;828;StartTrip;Chinese;3;6
2332;828;StartTrip;German;4;5
2333;829;FinishTrip;0;American;1
2334;829;StartTrip;American;1;6
2335;830;FinishTrip;American;6
2336;830;StartTrip;American;6;1
2337;831;FinishTrip;French;5
2338;831;StartTrip;French;5;3
2339;832;FinishTrip;0;Russian;3
2340;832;FinishTrip;0;Chinese;6
2341;832;StartTrip;Russian;3;1
2342;832;StartTrip;Chinese;6;3
2343;833;FinishTrip;0;English;1
2344;833;StartTrip;English;1;2
2345;834;FinishTrip;Chinese;3
2346;834;FinishTrip;0;German;5
2347;834;FinishTrip;0;American;1
2348;834;StartTrip;Chinese;3;1
2349;834;StartTrip;American;1;6
2350;834;StartTrip;German;5;4
2351;835;FinishTrip;American;6
2352;835;FinishTrip;0;French;3
2353;835;StartTrip;American;6;4
2354;835;StartTrip;French;3;5
2355;836;FinishTrip;0;American;4
2356;836;StartTrip;American;4;6
2357;837;FinishTrip;French;5
2358;837;StartTrip;French;5;2
2359;838;FinishTrip;German;4
2360;838;FinishTrip;0;French;2
2361;838;StartTrip;German;4;3
2362;838;StartTrip;French;2;5
2363;839;FinishTrip;American;6
2364;839;FinishTrip;English;2
2365;839;StartTrip;American;6;1
2366;839;StartTrip;English;2;3
2367;840;FinishTrip;French;5
2368;840;StartTrip;French;5;2
2369;841;FinishTrip;0;German;3
2370;841;FinishTrip;0;French;2
2371;841;StartTrip;German;3;4
2372;841;StartTrip;French;2;5
2373;843;FinishTrip;French;5
2374;843;FinishTrip;0;English;3
2375;843;FinishTrip;0;American;1
2376;843;StartTrip;French;5;2
2377;843;StartTrip;American;1;6
2378;843;StartTrip;English;3;2
2379;844;FinishTrip;American;6
2380;844;FinishTrip;0;French;2
2381;844;StartTrip;American;6;1
2382;844;StartTrip;French;2;5
2383;846;FinishTrip;English;2
2384;846;FinishTrip;French;5
2385;846;FinishTrip;German;4
2386;846;StartTrip;English;2;6
2387;846;StartTrip;German;4;6
2388;846;StartTrip;French;5;2
2389;847;FinishTrip;0;French;2
2390;847;StartTrip;French;2;5
2391;848;FinishTrip;0;American;1
2392;848;StartTrip;American;1;6
2393;849;FinishTrip;French;5
2394;849;FinishTrip;American;6
2395;849;FinishTrip;1;German;6
2396;849;StartTrip;French;5;2
2397;849;StartTrip;German;6;4
2398;849;StartTrip;American;6;4
2399;850;FinishTrip;German;4
2400;850;FinishTrip;0;French;2
2401;850;FinishTrip;1;American;4
2402;850;StartTrip;German;4;1
2403;850;StartTrip;American;4;6
2404;850;StartTrip;French;2;5
2405;852;FinishTrip;French;5
2406;852;FinishTrip;0;German;1
2407;852;StartTrip;French;5;1
2408;852;StartTrip;German;1;4
2409;853;FinishTrip;American;6
2410;853;StartTrip;American;6;2
2411;854;FinishTrip;German;4
2412;854;StartTrip;German;4;3
2413;856;FinishTrip;0;English;6
2414;856;FinishTrip;0;French;1
2415;856;StartTrip;English;6;2
2416;856;StartTrip;French;1;5
2417;857;FinishTrip;0;German;3
2418;857;StartTrip;German;3;4
2419;858;FinishTrip;0;American;2
2420;858;StartTrip;American;2;6
2421;859;FinishTrip;French;5
2422;859;StartTrip;French;5;4
2423;861;FinishTrip;English;2
2424;861;StartTrip;English;2;4
2425;862;FinishTrip;German;4
2426;862;FinishTrip;1;English;4
2427;862;StartTrip;German;4;1
2428;862;StartTrip;English;4;2
2429;863;FinishTrip;English;2
2430;863;FinishTrip;0;French;4
2431;863;StartTrip;English;2;4
2432;863;StartTrip;French;4;5
2433;864;FinishTrip;0;German;1
2434;864;FinishTrip;0;English;4
2435;864;StartTrip;German;1;4
2436;864;StartTrip;English;4;2
2437;865;FinishTrip;English;2
2438;865;StartTrip;English;2;4
2439;866;FinishTrip;German;4
2440;866;FinishTrip;1;English;4
2441;866;StartTrip;German;4;6
2442;866;StartTrip;English;4;2
2443;867;FinishTrip;English;2
2444;867;StartTrip;English;2;6
2445;868;FinishTrip;American;6
2446;868;StartTrip;American;6;3
2447;869;FinishTrip;French;5
2448;869;FinishTrip;0;German;6
2449;869;StartTrip;French;5;4
2450;869;StartTrip;German;6;4
2451;870;FinishTrip;German;4
2452;870;FinishTrip;0;American;3
2453;870;StartTrip;German;4;1
2454;870;StartTrip;American;3;6
2455;872;FinishTrip;0;German;1
2456;872;StartTrip;German;1;4
2457;873;FinishTrip;0;French;4
2458;873;StartTrip;French;4;5
2459;874;FinishTrip;American;6
2460;874;FinishTrip;German;4
2461;874;StartTrip;American;6;5
2462;874;StartTrip;German;4;3
2463;877;FinishTrip;0;English;6
2464;877;FinishTrip;0;German;3
2465;877;FinishTrip;0;American;5
2466;877;StartTrip;English;6;2
2467;877;StartTrip;American;5;6
2468;877;StartTrip;German;3;4
2469;879;FinishTrip;French;5
2470;879;StartTrip;French;5;4
2471;882;FinishTrip;German;4
2472;882;FinishTrip;English;2
2473;882;FinishTrip;American;6
2474;882;StartTrip;German;4;5
2475;882;StartTrip;American;6;5
2476;882;StartTrip;English;2;5
2477;883;FinishTrip;0;French;4
2478;883;StartTrip;French;4;5
2479;884;FinishTrip;Russian;1
2480;884;FinishTrip;0;English;5
2481;884;StartTrip;Russian;1;5
2482;884;StartTrip;English;5;2
2483;885;FinishTrip;English;2
2484;885;FinishTrip;0;American;5
2485;885;StartTrip;English;2;6
2486;885;StartTrip;American;5;6
2487;886;FinishTrip;0;Chinese;1
2488;886;StartTrip;Chinese;1;3
2489;887;FinishTrip;0;Russian;5
2490;887;StartTrip;Russian;5;1
2491;888;FinishTrip;0;German;5
2492;888;StartTrip;German;5;4
2493;889;FinishTrip;French;5
2494;889;StartTrip;French;5;3
2495;890;FinishTrip;American;6
2496;890;StartTrip;American;6;4
2497;891;FinishTrip;Russian;1
2498;891;FinishTrip;0;American;4
2499;891;StartTrip;Russian;1;6
2500;891;StartTrip;American;4;6
2501;892;FinishTrip;German;4
2502;892;FinishTrip;0;Russian;6
2503;892;StartTrip;German;4;1
2504;892;StartTrip;Russian;6;1
2505;893;FinishTrip;0;French;3
2506;893;StartTrip;French;3;5
2507;894;FinishTrip;American;6
2508;894;FinishTrip;Chinese;3
2509;894;FinishTrip;0;German;1
2510;894;StartTrip;American;6;3
2511;894;StartTrip;German;1;4
2512;894;StartTrip;Chinese;3;6
2513;895;FinishTrip;French;5
2514;895;FinishTrip;0;English;6
2515;895;StartTrip;French;5;1
2516;895;StartTrip;English;6;2
2517;896;FinishTrip;Russian;1
2518;896;FinishTrip;German;4
2519;896;FinishTrip;0;American;3
2520;896;StartTrip;Russian;1;2
2521;896;StartTrip;American;3;6
2522;896;StartTrip;German;4;5
2523;898;FinishTrip;0;Chinese;6
2524;898;StartTrip;Chinese;6;3
2525;899;FinishTrip;0;French;1
2526;899;StartTrip;French;1;5
2527;900;FinishTrip;English;2
2528;900;FinishTrip;Chinese;3
2529;900;FinishTrip;American;6
2530;900;StartTrip;English;2;5
2531;900;StartTrip;American;6;1
2532;900;StartTrip;Chinese;3;4
2533;902;FinishTrip;French;5
2534;902;FinishTrip;1;German;5
2535;902;FinishTrip;0;Russian;2
2536;902;FinishTrip;1;English;5
2537;902;StartTrip;French;5;2
2538;902;StartTrip;English;5;2
2539;902;StartTrip;German;5;4
2540;902;StartTrip;Russian;2;1
2541;903;FinishTrip;English;2
2542;903;FinishTrip;1;French;2
2543;903;StartTrip;English;2;6
2544;903;StartTrip;French;2;5
2545;904;FinishTrip;0;American;1
2546;904;StartTrip;American;1;6
2547;905;FinishTrip;French;5
2548;905;FinishTrip;American;6
2549;905;FinishTrip;0;Chinese;4
2550;905;StartTrip;French;5;2
2551;905;StartTrip;Chinese;4;3
2552;905;StartTrip;American;6;1
2553;906;FinishTrip;German;4
2554;906;FinishTrip;0;French;2
2555;906;StartTrip;German;4;6
2556;906;StartTrip;French;2;5
2557;907;FinishTrip;Russian;1
2558;907;StartTrip;Russian;1;2
2559;908;FinishTrip;French;5
2560;908;FinishTrip;Chinese;3
2561;908;StartTrip;French;5;1
2562;908;StartTrip;Chinese;3;1
2563;909;FinishTrip;0;American;1
2564;909;FinishTrip;0;German;6
2565;909;StartTrip;American;1;6
2566;909;StartTrip;German;6;4
2567;910;FinishTrip;American;6
2568;910;FinishTrip;German;4
2569;910;StartTrip;American;6;4
2570;910;StartTrip;German;4;1
2571;911;FinishTrip;0;American;4
2572;911;StartTrip;American;4;6
2573;912;FinishTrip;0;German;1
2574;912;FinishTrip;0;French;1
2575;912;StartTrip;German;1;4
2576;912;StartTrip;French;1;5
2577;913;FinishTrip;0;Russian;2
2578;913;FinishTrip;0;English;6
2579;913;StartTrip;Russian;2;1
2580;913;StartTrip;English;6;2
2581;914;FinishTrip;American;6
2582;914;FinishTrip;German;4
2583;914;StartTrip;American;6;5
2584;914;StartTrip;German;4;2
2585;915;FinishTrip;French;5
2586;915;FinishTrip;0;German;2
2587;915;StartTrip;French;5;2
2588;915;StartTrip;German;2;4
2589;916;FinishTrip;German;4
2590;916;FinishTrip;0;French;2
2591;916;StartTrip;German;4;2
2592;916;StartTrip;French;2;5
2593;917;FinishTrip;0;American;5
2594;917;FinishTrip;0;German;2
2595;917;StartTrip;American;5;6
2596;917;StartTrip;German;2;4
2597;918;FinishTrip;French;5
2598;918;FinishTrip;Russian;1
2599;918;FinishTrip;German;4
2600;918;FinishTrip;English;2
2601;918;StartTrip;French;5;1
2602;918;StartTrip;English;2;3
2603;918;StartTrip;Russian;1;5
2604;918;StartTrip;German;4;3
2605;921;FinishTrip;0;Russian;5
2606;921;FinishTrip;0;German;3
2607;921;StartTrip;Russian;5;1
2608;921;StartTrip;German;3;4
2609;922;FinishTrip;American;6
2610;922;FinishTrip;0;English;3
2611;922;FinishTrip;0;French;1
2612;922;StartTrip;American;6;1
2613;922;StartTrip;French;1;5
2614;922;StartTrip;English;3;2
2615;925;FinishTrip;Russian;1
2616;925;FinishTrip;English;2
2617;925;FinishTrip;French;5
2618;925;StartTrip;Russian;1;2
2619;925;StartTrip;French;5;3
2620;925;StartTrip;English;2;3
2621;926;FinishTrip;German;4
2622;926;FinishTrip;0;American;1
2623;926;StartTrip;German;4;3
2624;926;StartTrip;American;1;6
2625;927;FinishTrip;American;6
2626;927;StartTrip;American;6;4
2627;928;FinishTrip;0;American;4
2628;928;StartTrip;American;4;6
2629;929;FinishTrip;0;English;3
2630;929;FinishTrip;0;French;3
2631;929;FinishTrip;0;German;3
2632;929;StartTrip;English;3;2
2633;929;StartTrip;German;3;4
2634;929;StartTrip;French;3;5
2635;931;FinishTrip;French;5
2636;931;FinishTrip;American;6
2637;931;FinishTrip;0;Russian;2
2638;931;StartTrip;French;5;4
2639;931;StartTrip;Russian;2;1
2640;931;StartTrip;American;6;3
2641;932;FinishTrip;English;2
2642;932;StartTrip;English;2;3
2643;933;FinishTrip;0;American;3
2644;933;StartTrip;American;3;6
2645;934;FinishTrip;German;4
2646;934;StartTrip;German;4;5
2647;935;FinishTrip;0;French;4
2648;935;StartTrip;French;4;5
2649;936;FinishTrip;Russian;1
2650;936;FinishTrip;0;English;3
2651;936;StartTrip;Russian;1;2
2652;936;StartTrip;English;3;2
2653;937;FinishTrip;American;6
2654;937;StartTrip;American;6;4
2655;938;FinishTrip;0;American;4
2656;938;StartTrip;American;4;6
2657;939;FinishTrip;English;2
2658;939;StartTrip;English;2;6
2659;940;FinishTrip;0;German;5
2660;940;StartTrip;German;5;4
2661;941;FinishTrip;American;6
2662;941;FinishTrip;French;5
2663;941;StartTrip;American;6;1
2664;941;StartTrip;French;5;6
2665;942;FinishTrip;0;Russian;2
2666;942;StartTrip;Russian;2;1
2667;944;FinishTrip;German;4
2668;944;StartTrip;German;4;1
2669;945;FinishTrip;0;American;1
2670;945;StartTrip;American;1;6
2671;946;FinishTrip;American;6
2672;946;FinishTrip;1;French;6
2673;946;FinishTrip;0;German;1
2674;946;StartTrip;American;6;5
2675;946;StartTrip;German;1;4
2676;946;StartTrip;French;6;5
2677;947;FinishTrip;Russian;1
2678;947;StartTrip;Russian;1;6
2679;948;FinishTrip;German;4
2680;948;FinishTrip;0;Russian;6
2681;948;StartTrip;German;4;2
2682;948;StartTrip;Russian;6;1
2683;949;FinishTrip;French;5
2684;949;FinishTrip;1;American;5
2685;949;FinishTrip;0;English;6
2686;949;FinishTrip;0;German;2
2687;949;StartTrip;French;5;2
2688;949;StartTrip;German;2;4
2689;949;StartTrip;American;5;6
2690;949;StartTrip;English;6;2
2691;950;FinishTrip;German;4
2692;950;FinishTrip;0;French;2
2693;950;StartTrip;German;4;1
2694;950;StartTrip;French;2;5
2695;952;FinishTrip;Russian;1
2696;952;FinishTrip;French;5
2697;952;FinishTrip;1;German;1
2698;952;StartTrip;Russian;1;5
2699;952;StartTrip;German;1;4
2700;952;StartTrip;French;5;3
2701;954;FinishTrip;American;6
2702;954;FinishTrip;English;2
2703;954;FinishTrip;German;4
2704;954;StartTrip;American;6;1
2705;954;StartTrip;German;4;3
2706;954;StartTrip;English;2;4
2707;955;FinishTrip;0;Russian;5
2708;955;FinishTrip;0;English;4
2709;955;StartTrip;Russian;5;1
2710;955;StartTrip;English;4;2
2711;956;FinishTrip;English;2
2712;956;FinishTrip;0;French;3
2713;956;StartTrip;English;2;3
2714;956;StartTrip;French;3;5
2715;957;FinishTrip;0;German;3
2716;957;StartTrip;German;3;4
2717;958;FinishTrip;French;5
2718;958;FinishTrip;0;American;1
2719;958;StartTrip;French;5;1
2720;958;StartTrip;American;1;6
2721;959;FinishTrip;Russian;1
2722;959;FinishTrip;American;6
2723;959;StartTrip;Russian;1;2
2724;959;StartTrip;American;6;2
2725;960;FinishTrip;0;English;3
2726;960;FinishTrip;0;Chinese;1
2727;960;StartTrip;English;3;2
2728;960;StartTrip;Chinese;1;3
2729;962;FinishTrip;German;4
2730;962;FinishTrip;0;French;1
2731;962;StartTrip;German;4;2
2732;962;StartTrip;French;1;5
2733;963;FinishTrip;English;2
2734;963;FinishTrip;1;German;2
2735;963;StartTrip;English;2;3
2736;963;StartTrip;German;2;4
2737;964;FinishTrip;German;4
2738;964;FinishTrip;0;American;2
2739;964;StartTrip;German;4;6
2740;964;StartTrip;American;2;6
2741;965;FinishTrip;French;5
2742;965;FinishTrip;0;Russian;2
2743;965;StartTrip;French;5;1
2744;965;StartTrip;Russian;2;1
2745;967;FinishTrip;0;English;3
2746;967;FinishTrip;0;German;6
2747;967;StartTrip;English;3;2
2748;967;StartTrip;German;6;4
2749;968;FinishTrip;Chinese;3
2750;968;FinishTrip;German;4
2751;968;StartTrip;Chinese;3;2
2752;968;StartTrip;German;4;1
2753;969;FinishTrip;0;French;1
2754;969;StartTrip;French;1;5
2755;970;FinishTrip;Russian;1
2756;970;FinishTrip;English;2
2757;970;FinishTrip;1;German;1
2758;970;StartTrip;Russian;1;5
2759;970;StartTrip;German;1;4
2760;970;StartTrip;English;2;5
2761;971;FinishTrip;0;Chinese;2
2762;971;StartTrip;Chinese;2;3
2763;972;FinishTrip;French;5
2764;972;FinishTrip;German;4
2765;972;FinishTrip;1;English;5
2766;972;StartTrip;French;5;4
2767;972;StartTrip;English;5;2
2768;972;StartTrip;German;4;1
2769;973;FinishTrip;English;2
2770;973;FinishTrip;0;Russian;5
2771;973;StartTrip;English;2;1
2772;973;StartTrip;Russian;5;1
2773;974;FinishTrip;American;6
2774;974;FinishTrip;0;German;1
2775;974;StartTrip;American;6;2
2776;974;StartTrip;German;1;4
2777;975;FinishTrip;Chinese;3
2778;975;StartTrip;Chinese;3;4
2779;976;FinishTrip;German;4
2780;976;FinishTrip;1;French;4
2781;976;StartTrip;German;4;3
2782;976;StartTrip;French;4;5
2783;977;FinishTrip;Russian;1
2784;977;StartTrip;Russian;1;5
2785;978;FinishTrip;0;English;1
2786;978;StartTrip;English;1;2
2787;979;FinishTrip;0;American;2
2788;979;FinishTrip;0;German;3
2789;979;StartTrip;American;2;6
2790;979;StartTrip;German;3;4
2791;980;FinishTrip;0;Russian;5
2792;980;FinishTrip;0;Chinese;4
2793;980;StartTrip;Russian;5;1
2794;980;StartTrip;Chinese;4;3
2795;982;FinishTrip;French;5
2796;982;StartTrip;French;5;1
2797;983;FinishTrip;Chinese;3
2798;983;StartTrip;Chinese;3;2
2799;984;FinishTrip;German;4
2800;984;FinishTrip;Russian;1
2801;984;FinishTrip;English;2
2802;984;StartTrip;German;4;3
2803;984;StartTrip;English;2;3
2804;984;StartTrip;Russian;1;3
2805;986;FinishTrip;0;Chinese;2
2806;986;FinishTrip;0;French;1
2807;986;StartTrip;Chinese;2;3
2808;986;StartTrip;French;1;5
2809;987;FinishTrip;0;German;3
2810;987;StartTrip;German;3;4
2811;988;FinishTrip;0;English;3
2812;988;StartTrip;English;3;2
2813;989;FinishTrip;American;6
2814;989;FinishTrip;French;5
2815;989;StartTrip;American;6;3
2816;989;StartTrip;French;5;4
2817;990;FinishTrip;Chinese;3
2818;990;StartTrip;Chinese;3;2
2819;991;FinishTrip;English;2
2820;991;FinishTrip;0;American;3
2821;991;StartTrip;English;2;3
2822;991;StartTrip;American;3;6
2823;992;FinishTrip;German;4
2824;992;FinishTrip;0;Russian;3
2825;992;StartTrip;German;4;2
2826;992;StartTrip;Russian;3;1
2827;993;FinishTrip;0;French;4
2828;993;FinishTrip;0;Chinese;2
2829;993;FinishTrip;0;German;2
2830;993;StartTrip;French;4;5
2831;993;StartTrip;German;2;4
2832;993;StartTrip;Chinese;2;3
2833;994;FinishTrip;German;4
2834;994;StartTrip;German;4;1
2835;995;FinishTrip;American;6
2836;995;FinishTrip;0;English;3
2837;995;StartTrip;American;6;4
2838;995;StartTrip;English;3;2
2839;996;FinishTrip;0;German;1
2840;996;FinishTrip;0;American;4
2841;996;StartTrip;German;1;4
2842;996;StartTrip;American;4;6
2843;997;FinishTrip;Chinese;3
2844;997;StartTrip;Chinese;3;1
2845;998;FinishTrip;English;2
2846;998;FinishTrip;German;4
2847;998;StartTrip;English;2;3
2848;998;StartTrip;German;4;3
2849;999;FinishTrip;American;6
2850;999;FinishTrip;French;5
2851;999;StartTrip;American;6;1
2852;999;StartTrip;French;5;2
2853;1000;FinishTrip;0;French;2
2854;1000;StartTrip;French;2;5
2855;1001;FinishTrip;0;German;3
2856;1001;StartTrip;German;3;4
2857;1002;FinishTrip;French;5
2858;1002;FinishTrip;0;English;3
2859;1002;StartTrip;French;5;2
2860;1002;StartTrip;English;3;2
2861;1003;FinishTrip;0;American;1
2862;1003;FinishTrip;0;French;2
2863;1003;StartTrip;American;1;6
2864;1003;StartTrip;French;2;5
2865;1004;FinishTrip;American;6
2866;1004;StartTrip;American;6;1
2867;1005;FinishTrip;French;5
2868;1005;FinishTrip;English;2
2869;1005;StartTrip;French;5;1
2870;1005;StartTrip;English;2;1
2871;1006;FinishTrip;German;4
2872;1006;StartTrip;German;4;2
2873;1007;FinishTrip;0;German;2
2874;1007;StartTrip;German;2;4
2875;1008;FinishTrip;German;4
2876;1008;FinishTrip;0;American;1
2877;1008;StartTrip;German;4;6
2878;1008;StartTrip;American;1;6
2879;1009;FinishTrip;American;6
2880;1009;FinishTrip;0;French;1
2881;1009;StartTrip;American;6;5
2882;1009;StartTrip;French;1;5
2883;1010;FinishTrip;0;English;1
2884;1010;StartTrip;English;1;2
2885;1011;FinishTrip;0;German;6
2886;1011;StartTrip;German;6;4
2887;1012;FinishTrip;French;5
2888;1012;FinishTrip;German;4
2889;1012;FinishTrip;1;American;5
2890;1012;StartTrip;French;5;3
2891;1012;StartTrip;American;5;6
2892;1012;StartTrip;German;4;6
2893;1015;FinishTrip;0;German;6
2894;1015;StartTrip;German;6;4
2895;1016;FinishTrip;English;2
2896;1016;FinishTrip;German;4
2897;1016;FinishTrip;0;French;3
2898;1016;StartTrip;English;2;3
2899;1016;StartTrip;French;3;5
2900;1016;StartTrip;German;4;6
2901;1017;FinishTrip;American;6
2902;1017;StartTrip;American;6;2
2903;1018;FinishTrip;French;5
2904;1018;StartTrip;French;5;1
2905;1019;FinishTrip;0;German;6
2906;1019;StartTrip;German;6;4
2907;1020;FinishTrip;German;4
2908;1020;FinishTrip;0;English;3
2909;1020;StartTrip;German;4;6
2910;1020;StartTrip;English;3;2
2911;1022;FinishTrip;0;American;2
2912;1022;FinishTrip;0;French;1
2913;1022;StartTrip;American;2;6
2914;1022;StartTrip;French;1;5
2915;1023;FinishTrip;English;2
2916;1023;FinishTrip;0;German;6
2917;1023;StartTrip;English;2;4
2918;1023;StartTrip;German;6;4
2919;1024;FinishTrip;German;4
2920;1024;FinishTrip;1;English;4
2921;1024;StartTrip;German;4;3
2922;1024;StartTrip;English;4;2
2923;1025;FinishTrip;French;5
2924;1025;FinishTrip;English;2
2925;1025;StartTrip;French;5;4
2926;1025;StartTrip;English;2;1
2927;1027;FinishTrip;0;German;3
2928;1027;StartTrip;German;3;4
2929;1029;FinishTrip;0;French;4
2930;1029;StartTrip;French;4;5
2931;1030;FinishTrip;0;English;1
2932;1030;StartTrip;English;1;2
2933;1032;FinishTrip;German;4
2934;1032;FinishTrip;American;6
2935;1032;StartTrip;German;4;1
2936;1032;StartTrip;American;6;1
2937;1034;FinishTrip;0;German;1
2938;1034;StartTrip;German;1;4
2939;1035;FinishTrip;French;5
2940;1035;StartTrip;French;5;3
2941;1036;FinishTrip;German;4
2942;1036;FinishTrip;English;2
2943;1036;FinishTrip;0;American;1
2944;1036;StartTrip;German;4;2
2945;1036;StartTrip;American;1;6
2946;1036;StartTrip;English;2;4
2947;1037;FinishTrip;American;6
2948;1037;FinishTrip;0;German;2
2949;1037;FinishTrip;0;English;4
2950;1037;StartTrip;American;6;3
2951;1037;StartTrip;English;4;2
2952;1037;StartTrip;German;2;4
2953;1038;FinishTrip;English;2
2954;1038;FinishTrip;German;4
2955;1038;StartTrip;English;2;1
2956;1038;StartTrip;German;4;6
2957;1039;FinishTrip;0;French;3
2958;1039;FinishTrip;0;American;3
2959;1039;StartTrip;French;3;5
2960;1039;StartTrip;American;3;6
2961;1041;FinishTrip;French;5
2962;1041;FinishTrip;0;German;6
2963;1041;StartTrip;French;5;4
2964;1041;StartTrip;German;6;4
2965;1042;FinishTrip;German;4
2966;1042;StartTrip;German;4;2
2967;1043;FinishTrip;American;6
2968;1043;FinishTrip;0;German;2
2969;1043;FinishTrip;0;English;1
2970;1043;StartTrip;American;6;3
2971;1043;StartTrip;English;1;2
2972;1043;StartTrip;German;2;4
2973;1044;FinishTrip;Russian;1
2974;1044;FinishTrip;German;4
2975;1044;StartTrip;Russian;1;4
2976;1044;StartTrip;German;4;6
2977;1045;FinishTrip;0;French;4
2978;1045;FinishTrip;0;American;3
2979;1045;StartTrip;French;4;5
2980;1045;StartTrip;American;3;6
2981;1046;FinishTrip;0;Russian;4
2982;1046;StartTrip;Russian;4;1
2983;1047;FinishTrip;0;German;6
2984;1047;StartTrip;German;6;4
2985;1048;FinishTrip;Russian;1
2986;1048;FinishTrip;German;4
2987;1048;StartTrip;Russian;1;5
2988;1048;StartTrip;German;4;3
2989;1049;FinishTrip;American;6
2990;1049;FinishTrip;English;2
2991;1049;FinishTrip;0;Chinese;1
2992;1049;StartTrip;American;6;5
2993;1049;StartTrip;Chinese;1;3
2994;1049;StartTrip;English;2;3
2995;1051;FinishTrip;French;5
2996;1051;FinishTrip;1;Russian;5
2997;1051;FinishTrip;0;German;3
2998;1051;StartTrip;French;5;4
2999;1051;StartTrip;German;3;4
3000;1051;StartTrip;Russian;5;1
3001;1052;FinishTrip;0;American;5
3002;1052;StartTrip;American;5;6
3003;1053;FinishTrip;0;English;3
3004;1053;StartTrip;English;3;2
3005;1055;FinishTrip;Russian;1
3006;1055;FinishTrip;0;French;4
3007;1055;StartTrip;Russian;1;5
3008;1055;StartTrip;French;4;5
3009;1056;FinishTrip;English;2
3010;1056;FinishTrip;German;4
3011;1056;StartTrip;English;2;5
3012;1056;StartTrip;German;4;5
3013;1057;FinishTrip;American;6
3014;1057;FinishTrip;Chinese;3
3015;1057;StartTrip;American;6;1
3016;1057;StartTrip;Chinese;3;2
3017;1058;FinishTrip;0;Russian;5
3018;1058;FinishTrip;0;English;5
3019;1058;StartTrip;Russian;5;1
3020;1058;StartTrip;English;5;2
3021;1059;FinishTrip;English;2
3022;1059;StartTrip;English;2;1
3023;1060;FinishTrip;0;Chinese;2
3024;1060;StartTrip;Chinese;2;3
3025;1061;FinishTrip;French;5
3026;1061;FinishTrip;0;American;1
3027;1061;StartTrip;French;5;3
3028;1061;StartTrip;American;1;6
3029;1062;FinishTrip;American;6
3030;1062;FinishTrip;Russian;1
3031;1062;FinishTrip;0;German;5
3032;1062;StartTrip;American;6;3
3033;1062;StartTrip;German;5;4
3034;1062;StartTrip;Russian;1;5
3035;1064;FinishTrip;Chinese;3
3036;1064;FinishTrip;0;English;1
3037;1064;FinishTrip;1;American;3
3038;1064;StartTrip;Chinese;3;6
3039;1064;StartTrip;American;3;6
3040;1064;StartTrip;English;1;2
3041;1065;FinishTrip;0;Russian;5
3042;1065;FinishTrip;0;French;3
3043;1065;StartTrip;Russian;5;1
3044;1065;StartTrip;French;3;5
3045;1066;FinishTrip;German;4
3046;1066;StartTrip;German;4;3
3047;1067;FinishTrip;French;5
3048;1067;StartTrip;French;5;4
3049;1068;FinishTrip;American;6
3050;1068;FinishTrip;1;Chinese;6
3051;1068;StartTrip;American;6;1
3052;1068;StartTrip;Chinese;6;3
3053;1069;FinishTrip;Russian;1
3054;1069;FinishTrip;0;German;3
3055;1069;StartTrip;Russian;1;5
3056;1069;StartTrip;German;3;4
3057;1070;FinishTrip;Chinese;3
3058;1070;FinishTrip;English;2
3059;1070;StartTrip;Chinese;3;2
3060;1070;StartTrip;English;2;4
3061;1071;FinishTrip;0;French;4
3062;1071;FinishTrip;0;English;4
3063;1071;StartTrip;French;4;5
3064;1071;StartTrip;English;4;2
3065;1072;FinishTrip;English;2
3066;1072;FinishTrip;0;American;1
3067;1072;FinishTrip;0;Russian;5
3068;1072;StartTrip;English;2;4
3069;1072;StartTrip;Russian;5;1
3070;1072;StartTrip;American;1;6
3071;1073;FinishTrip;American;6
3072;1073;FinishTrip;0;Chinese;2
3073;1073;FinishTrip;0;English;4
3074;1073;StartTrip;American;6;2
3075;1073;StartTrip;English;4;2
3076;1073;StartTrip;Chinese;2;3
3077;1074;FinishTrip;German;4
3078;1074;FinishTrip;English;2
3079;1074;StartTrip;German;4;1
3080;1074;StartTrip;English;2;1
3081;1076;FinishTrip;Russian;1
3082;1076;FinishTrip;1;German;1
3083;1076;StartTrip;Russian;1;4
3084;1076;StartTrip;German;1;4
3085;1077;FinishTrip;French;5
3086;1077;FinishTrip;Chinese;3
3087;1077;StartTrip;French;5;1
3088;1077;StartTrip;Chinese;3;1
3089;1078;FinishTrip;German;4
3090;1078;FinishTrip;0;American;2
3091;1078;FinishTrip;1;Russian;4
3092;1078;StartTrip;German;4;5
3093;1078;StartTrip;Russian;4;1
3094;1078;StartTrip;American;2;6
3095;1079;FinishTrip;0;English;1
3096;1079;StartTrip;English;1;2
3097;1080;FinishTrip;Russian;1
3098;1080;StartTrip;Russian;1;6
3099;1081;FinishTrip;0;French;1
3100;1081;FinishTrip;0;Russian;6
3101;1081;StartTrip;French;1;5
3102;1081;StartTrip;Russian;6;1
3103;1084;FinishTrip;French;5
3104;1084;FinishTrip;1;German;5
3105;1084;StartTrip;French;5;1
3106;1084;StartTrip;German;5;4
3107;1085;FinishTrip;English;2
3108;1085;FinishTrip;Russian;1
3109;1085;StartTrip;English;2;3
3110;1085;StartTrip;Russian;1;3
3111;1088;FinishTrip;German;4
3112;1088;FinishTrip;American;6
3113;1088;FinishTrip;0;French;1
3114;1088;StartTrip;German;4;1
3115;1088;StartTrip;French;1;5
3116;1088;StartTrip;American;6;2
3117;1089;FinishTrip;0;English;3
3118;1089;StartTrip;English;3;2
3119;1090;FinishTrip;0;German;1
3120;1090;StartTrip;German;1;4
3121;1091;FinishTrip;French;5
3122;1091;StartTrip;French;5;6
3123;1092;FinishTrip;English;2
3124;1092;FinishTrip;German;4
3125;1092;StartTrip;English;2;1
3126;1092;StartTrip;German;4;1
3127;1093;FinishTrip;0;American;2
3128;1093;FinishTrip;0;Russian;3
3129;1093;StartTrip;American;2;6
3130;1093;StartTrip;Russian;3;1
3131;1094;FinishTrip;0;German;1
3132;1094;StartTrip;German;1;4
3133;1096;FinishTrip;German;4
3134;1096;FinishTrip;0;French;6
3135;1096;StartTrip;German;4;2
3136;1096;StartTrip;French;6;5
3137;1097;FinishTrip;0;English;1
3138;1097;FinishTrip;0;German;2
3139;1097;StartTrip;English;1;2
3140;1097;StartTrip;German;2;4
3141;1098;FinishTrip;German;4
3142;1098;StartTrip;German;4;2
3143;1099;FinishTrip;French;5
3144;1099;FinishTrip;0;German;2
3145;1099;StartTrip;French;5;4
3146;1099;StartTrip;German;2;4
3147;1100;FinishTrip;German;4
3148;1100;StartTrip;German;4;6
3149;1103;FinishTrip;American;6
3150;1103;FinishTrip;English;2
3151;1103;FinishTrip;1;German;6
3152;1103;FinishTrip;0;French;4
3153;1103;StartTrip;American;6;1
3154;1103;StartTrip;French;4;5
3155;1103;StartTrip;English;2;4
3156;1103;StartTrip;German;6;4
3157;1104;FinishTrip;German;4
3158;1104;FinishTrip;1;English;4
3159;1104;StartTrip;German;4;6
3160;1104;StartTrip;English;4;2
3161;1105;FinishTrip;English;2
3162;1105;StartTrip;English;2;1
3163;1107;FinishTrip;0;American;1
3164;1107;FinishTrip;0;German;6
3165;1107;StartTrip;American;1;6
3166;1107;StartTrip;German;6;4
3167;1108;FinishTrip;American;6
3168;1108;FinishTrip;German;4
3169;1108;StartTrip;American;6;2
3170;1108;StartTrip;German;4;1
3171;1109;FinishTrip;French;5
3172;1109;StartTrip;French;5;1
3173;1110;FinishTrip;0;English;1
3174;1110;FinishTrip;0;German;1
3175;1110;StartTrip;English;1;2
3176;1110;StartTrip;German;1;4
3177;1112;FinishTrip;German;4
3178;1112;StartTrip;German;4;3
3179;1113;FinishTrip;0;French;1
3180;1113;FinishTrip;0;American;2
3181;1113;StartTrip;French;1;5
3182;1113;StartTrip;American;2;6
3183;1115;FinishTrip;0;German;3
3184;1115;StartTrip;German;3;4
3185;1116;FinishTrip;English;2
3186;1116;FinishTrip;French;5
3187;1116;StartTrip;English;2;4
3188;1116;StartTrip;French;5;3
3189;1117;FinishTrip;0;English;4
3190;1117;StartTrip;English;4;2
3191;1118;FinishTrip;English;2
3192;1118;StartTrip;English;2;5
3193;1120;FinishTrip;German;4
3194;1120;FinishTrip;0;French;3
3195;1120;FinishTrip;0;English;5
3196;1120;StartTrip;German;4;3
3197;1120;StartTrip;English;5;2
3198;1120;StartTrip;French;3;5
3199;1121;FinishTrip;English;2
3200;1121;StartTrip;English;2;1
3201;1122;FinishTrip;French;5
3202;1122;StartTrip;French;5;2
3203;1123;FinishTrip;American;6
3204;1123;FinishTrip;0;French;2
3205;1123;FinishTrip;0;German;3
3206;1123;StartTrip;American;6;4
3207;1123;StartTrip;German;3;4
3208;1123;StartTrip;French;2;5
3209;1124;FinishTrip;0;American;4
3210;1124;StartTrip;American;4;6
3211;1125;FinishTrip;French;5
3212;1125;StartTrip;French;5;2
3213;1126;FinishTrip;0;English;1
3214;1126;FinishTrip;0;French;2
3215;1126;StartTrip;English;1;2
3216;1126;StartTrip;French;2;5
3217;1127;FinishTrip;American;6
3218;1127;StartTrip;American;6;5
3219;1128;FinishTrip;French;5
3220;1128;FinishTrip;German;4
3221;1128;StartTrip;French;5;2
3222;1128;StartTrip;German;4;5
3223;1129;FinishTrip;0;Chinese;1
3224;1129;FinishTrip;0;French;2
3225;1129;StartTrip;Chinese;1;3
3226;1129;StartTrip;French;2;5
3227;1130;FinishTrip;0;American;5
3228;1130;StartTrip;American;5;6
3229;1131;FinishTrip;French;5
3230;1131;StartTrip;French;5;3
3231;1132;FinishTrip;English;2
3232;1132;StartTrip;English;2;1
3233;1134;FinishTrip;0;German;5
3234;1134;StartTrip;German;5;4
3235;1135;FinishTrip;American;6
3236;1135;FinishTrip;0;French;3
3237;1135;StartTrip;American;6;1
3238;1135;StartTrip;French;3;5
3239;1137;FinishTrip;French;5
3240;1137;FinishTrip;Chinese;3
3241;1137;FinishTrip;0;English;1
3242;1137;StartTrip;French;5;4
3243;1137;StartTrip;English;1;2
3244;1137;StartTrip;Chinese;3;4
3245;1138;FinishTrip;German;4
3246;1138;StartTrip;German;4;5
3247;1139;FinishTrip;0;American;1
3248;1139;StartTrip;American;1;6
3249;1140;FinishTrip;American;6
3250;1140;StartTrip;American;6;5
3251;1141;FinishTrip;0;French;4
3252;1141;StartTrip;French;4;5
3253;1142;FinishTrip;0;Chinese;4
3254;1142;StartTrip;Chinese;4;3
3255;1143;FinishTrip;English;2
3256;1143;FinishTrip;0;American;5
3257;1143;StartTrip;English;2;3
3258;1143;StartTrip;American;5;6
3259;1144;FinishTrip;0;German;5
3260;1144;StartTrip;German;5;4
3261;1145;FinishTrip;Chinese;3
3262;1145;FinishTrip;Russian;1
3263;1145;StartTrip;Chinese;3;1
3264;1145;StartTrip;Russian;1;2
3265;1147;FinishTrip;French;5
3266;1147;FinishTrip;0;English;3
3267;1147;StartTrip;French;5;2
3268;1147;StartTrip;English;3;2
3269;1148;FinishTrip;American;6
3270;1148;FinishTrip;German;4
3271;1148;FinishTrip;0;French;2
3272;1148;StartTrip;American;6;4
3273;1148;StartTrip;French;2;5
3274;1148;StartTrip;German;4;2
3275;1149;FinishTrip;0;American;4
3276;1149;FinishTrip;0;German;2
3277;1149;StartTrip;American;4;6
3278;1149;StartTrip;German;2;4
3279;1150;FinishTrip;English;2
3280;1150;FinishTrip;German;4
3281;1150;FinishTrip;French;5
3282;1150;StartTrip;English;2;4
3283;1150;StartTrip;French;5;6
3284;1150;StartTrip;German;4;3
3285;1151;FinishTrip;0;Russian;2
3286;1151;FinishTrip;0;English;4
3287;1151;StartTrip;Russian;2;1
3288;1151;StartTrip;English;4;2
3289;1152;FinishTrip;American;6
3290;1152;FinishTrip;English;2
3291;1152;StartTrip;American;6;5
3292;1152;StartTrip;English;2;1
3293;1153;FinishTrip;0;German;3
3294;1153;StartTrip;German;3;4
3295;1155;FinishTrip;0;French;6
3296;1155;FinishTrip;0;American;5
3297;1155;StartTrip;French;6;5
3298;1155;StartTrip;American;5;6
3299;1156;FinishTrip;Russian;1
3300;1156;StartTrip;Russian;1;5
3301;1157;FinishTrip;0;English;1
3302;1157;StartTrip;English;1;2
3303;1158;FinishTrip;German;4
3304;1158;FinishTrip;French;5
3305;1158;StartTrip;German;4;3
3306;1158;StartTrip;French;5;1
3307;1159;FinishTrip;0;Russian;5
3308;1159;StartTrip;Russian;5;1
3309;1160;FinishTrip;American;6
3310;1160;StartTrip;American;6;2
3311;1161;FinishTrip;0;German;3
3312;1161;StartTrip;German;3;4
3313;1162;FinishTrip;0;French;1
3314;1162;StartTrip;French;1;5
3315;1163;FinishTrip;English;2
3316;1163;FinishTrip;Russian;1
3317;1163;StartTrip;English;2;4
3318;1163;StartTrip;Russian;1;6
3319;1164;FinishTrip;0;English;4
3320;1164;FinishTrip;0;Russian;6
3321;1164;StartTrip;English;4;2
3322;1164;StartTrip;Russian;6;1
3323;1165;FinishTrip;French;5
3324;1165;FinishTrip;English;2
3325;1165;FinishTrip;1;American;2
3326;1165;StartTrip;French;5;3
3327;1165;StartTrip;American;2;6
3328;1165;StartTrip;English;2;6
3329;1166;FinishTrip;German;4
3330;1166;StartTrip;German;4;1
3331;1168;FinishTrip;Russian;1
3332;1168;FinishTrip;1;German;1
3333;1168;StartTrip;Russian;1;6
3334;1168;StartTrip;German;1;4
3335;1169;FinishTrip;0;French;3
3336;1169;FinishTrip;0;Russian;6
3337;1169;StartTrip;French;3;5
3338;1169;StartTrip;Russian;6;1
3339;1170;FinishTrip;German;4
3340;1170;StartTrip;German;4;5
3341;1171;FinishTrip;French;5
3342;1171;StartTrip;French;5;3
3343;1173;FinishTrip;Russian;1
3344;1173;StartTrip;Russian;1;2
3345;1175;FinishTrip;American;6
3346;1175;FinishTrip;0;French;3
3347;1175;FinishTrip;1;English;6
3348;1175;StartTrip;American;6;1
3349;1175;StartTrip;English;6;2
3350;1175;StartTrip;French;3;5
3351;1176;FinishTrip;0;German;5
3352;1176;StartTrip;German;5;4
3353;1177;FinishTrip;French;5
3354;1177;StartTrip;French;5;6
3355;1179;FinishTrip;0;Russian;2
3356;1179;FinishTrip;0;American;1
3357;1179;StartTrip;Russian;2;1
3358;1179;StartTrip;American;1;6
3359;1180;FinishTrip;German;4
3360;1180;FinishTrip;American;6
3361;1180;FinishTrip;English;2
3362;1180;StartTrip;German;4;3
3363;1180;StartTrip;English;2;5
3364;1180;StartTrip;American;6;2
3365;1182;FinishTrip;0;French;6
3366;1182;FinishTrip;0;English;5
3367;1182;StartTrip;French;6;5
3368;1182;StartTrip;English;5;2
3369;1183;FinishTrip;English;2
3370;1183;FinishTrip;0;German;3
3371;1183;StartTrip;English;2;4
3372;1183;StartTrip;German;3;4
3373;1184;FinishTrip;Russian;1
3374;1184;FinishTrip;0;English;4
3375;1184;StartTrip;Russian;1;6
3376;1184;StartTrip;English;4;2
3377;1185;FinishTrip;English;2
3378;1185;FinishTrip;French;5
3379;1185;FinishTrip;1;American;2
3380;1185;FinishTrip;0;Russian;6
3381;1185;StartTrip;English;2;6
3382;1185;StartTrip;Russian;6;1
3383;1185;StartTrip;French;5;3
3384;1185;StartTrip;American;2;6
3385;1188;FinishTrip;German;4
3386;1188;StartTrip;German;4;2
3387;1189;FinishTrip;Russian;1
3388;1189;FinishTrip;0;German;2
3389;1189;FinishTrip;0;French;3
3390;1189;StartTrip;Russian;1;4
3391;1189;StartTrip;French;3;5
3392;1189;StartTrip;German;2;4
3393;1190;FinishTrip;German;4
3394;1190;StartTrip;German;4;3
3395;1191;FinishTrip;French;5
3396;1191;FinishTrip;0;Russian;4
3397;1191;StartTrip;French;5;3
3398;1191;StartTrip;Russian;4;1
3399;1193;FinishTrip;Russian;1
3400;1193;FinishTrip;0;German;3
3401;1193;StartTrip;Russian;1;6
3402;1193;StartTrip;German;3;4
3403;1194;FinishTrip;0;Russian;6
3404;1194;StartTrip;Russian;6;1
3405;1195;FinishTrip;American;6
3406;1195;FinishTrip;1;English;6
3407;1195;FinishTrip;0;French;3
3408;1195;StartTrip;American;6;5
3409;1195;StartTrip;French;3;5
3410;1195;StartTrip;English;6;2
3411;1197;FinishTrip;French;5
3412;1197;FinishTrip;0;Chinese;1
3413;1197;StartTrip;French;5;2
3414;1197;StartTrip;Chinese;1;3
3415;1198;FinishTrip;German;4
3416;1198;FinishTrip;Russian;1
3417;1198;FinishTrip;0;American;5
3418;1198;FinishTrip;0;French;2
3419;1198;StartTrip;German;4;5
3420;1198;StartTrip;French;2;5
3421;1198;StartTrip;Russian;1;6
3422;1198;StartTrip;American;5;6
3423;1199;FinishTrip;0;Russian;6
3424;1199;StartTrip;Russian;6;1
3425;1200;FinishTrip;English;2
3426;1200;FinishTrip;French;5
3427;1200;StartTrip;English;2;4
3428;1200;StartTrip;French;5;6
3429;1201;FinishTrip;0;English;4
3430;1201;StartTrip;English;4;2
3431;1202;FinishTrip;English;2
3432;1202;StartTrip;English;2;1
3433;1203;FinishTrip;American;6
3434;1203;FinishTrip;Russian;1
3435;1203;StartTrip;American;6;1
3436;1203;StartTrip;Russian;1;6
3437;1204;FinishTrip;0;German;5
3438;1204;FinishTrip;0;Russian;6
3439;1204;StartTrip;German;5;4
3440;1204;StartTrip;Russian;6;1
3441;1205;FinishTrip;Chinese;3
3442;1205;FinishTrip;0;French;6
3443;1205;StartTrip;Chinese;3;4
3444;1205;StartTrip;French;6;5
3445;1207;FinishTrip;0;English;1
3446;1207;FinishTrip;0;American;1
3447;1207;StartTrip;English;1;2
3448;1207;StartTrip;American;1;6
3449;1208;FinishTrip;German;4
3450;1208;FinishTrip;American;6
3451;1208;FinishTrip;French;5
3452;1208;FinishTrip;Russian;1
3453;1208;StartTrip;German;4;5
3454;1208;StartTrip;Russian;1;6
3455;1208;StartTrip;American;6;1
3456;1208;StartTrip;French;5;3
3457;1209;FinishTrip;0;Russian;6
3458;1209;StartTrip;Russian;6;1
3459;1210;FinishTrip;0;Chinese;4
3460;1210;StartTrip;Chinese;4;3
3461;1212;FinishTrip;0;French;3
3462;1212;FinishTrip;0;American;1
3463;1212;StartTrip;French;3;5
3464;1212;StartTrip;American;1;6
3465;1213;FinishTrip;Russian;1
3466;1213;FinishTrip;American;6
3467;1213;FinishTrip;Chinese;3
3468;1213;FinishTrip;English;2
3469;1213;StartTrip;Russian;1;4
3470;1213;StartTrip;English;2;4
3471;1213;StartTrip;American;6;4
3472;1213;StartTrip;Chinese;3;4
3473;1214;FinishTrip;French;5
3474;1214;FinishTrip;1;German;5
3475;1214;FinishTrip;0;American;4
3476;1214;FinishTrip;0;English;4
3477;1214;StartTrip;French;5;6
3478;1214;StartTrip;English;4;2
3479;1214;StartTrip;German;5;4
3480;1214;StartTrip;American;4;6
3481;1215;FinishTrip;English;2
3482;1215;FinishTrip;0;Russian;4
3483;1215;StartTrip;English;2;3
3484;1215;StartTrip;Russian;4;1
3485;1217;FinishTrip;American;6
3486;1217;FinishTrip;Russian;1
3487;1217;StartTrip;American;6;2
3488;1217;StartTrip;Russian;1;4
3489;1218;FinishTrip;German;4
3490;1218;FinishTrip;1;Chinese;4
3491;1218;StartTrip;German;4;5
3492;1218;StartTrip;Chinese;4;3
3493;1219;FinishTrip;0;French;6
3494;1219;FinishTrip;0;Russian;4
3495;1219;FinishTrip;0;English;3
3496;1219;StartTrip;French;6;5
3497;1219;StartTrip;English;3;2
3498;1219;StartTrip;Russian;4;1
3499;1221;FinishTrip;Chinese;3
3500;1221;FinishTrip;Russian;1
3501;1221;StartTrip;Chinese;3;6
3502;1221;StartTrip;Russian;1;4
3503;1222;FinishTrip;English;2
3504;1222;FinishTrip;French;5
3505;1222;FinishTrip;1;American;2
3506;1222;StartTrip;English;2;4
3507;1222;StartTrip;American;2;6
3508;1222;StartTrip;French;5;2
3509;1223;FinishTrip;0;Russian;4
3510;1223;FinishTrip;0;French;2
3511;1223;FinishTrip;0;English;4
3512;1223;StartTrip;Russian;4;1
3513;1223;StartTrip;English;4;2
3514;1223;StartTrip;French;2;5
3515;1224;FinishTrip;English;2
3516;1224;FinishTrip;0;German;5
3517;1224;StartTrip;English;2;4
3518;1224;StartTrip;German;5;4
3519;1225;FinishTrip;French;5
3520;1225;FinishTrip;Russian;1
3521;1225;FinishTrip;0;Chinese;6
3522;1225;FinishTrip;0;English;4
3523;1225;StartTrip;French;5;4
3524;1225;StartTrip;English;4;2
3525;1225;StartTrip;Russian;1;3
3526;1225;StartTrip;Chinese;6;3
3527;1226;FinishTrip;English;2
3528;1226;StartTrip;English;2;3
3529;1227;FinishTrip;Chinese;3
3530;1227;StartTrip;Chinese;3;5
3531;1228;FinishTrip;German;4
3532;1228;StartTrip;German;4;2
3533;1229;FinishTrip;0;French;4
3534;1229;FinishTrip;0;Chinese;5
3535;1229;FinishTrip;0;German;2
3536;1229;StartTrip;French;4;5
3537;1229;StartTrip;German;2;4
3538;1229;StartTrip;Chinese;5;3
3539;1230;FinishTrip;German;4
3540;1230;FinishTrip;0;English;3
3541;1230;StartTrip;German;4;3
3542;1230;StartTrip;English;3;2
3543;1232;FinishTrip;American;6
3544;1232;StartTrip;American;6;1
3545;1233;FinishTrip;English;2
3546;1233;FinishTrip;Chinese;3
3547;1233;FinishTrip;1;Russian;3
3548;1233;FinishTrip;1;German;3
3549;1233;StartTrip;English;2;4
3550;1233;StartTrip;German;3;4
3551;1233;StartTrip;Chinese;3;4
3552;1233;StartTrip;Russian;3;1
3553;1234;FinishTrip;0;English;4
3554;1234;StartTrip;English;4;2
3555;1235;FinishTrip;French;5
3556;1235;FinishTrip;English;2
3557;1235;StartTrip;French;5;1
3558;1235;StartTrip;English;2;3
3559;1236;FinishTrip;0;American;1
3560;1236;StartTrip;American;1;6
3561;1237;FinishTrip;American;6
3562;1237;StartTrip;American;6;2
3563;1238;FinishTrip;German;4
3564;1238;FinishTrip;1;Chinese;4
3565;1238;StartTrip;German;4;3
3566;1238;StartTrip;Chinese;4;3
3567;1239;FinishTrip;0;English;3
3568;1239;FinishTrip;0;French;1
3569;1239;StartTrip;English;3;2
3570;1239;StartTrip;French;1;5
3571;1241;FinishTrip;Chinese;3
3572;1241;FinishTrip;1;German;3
3573;1241;StartTrip;Chinese;3;4
3574;1241;StartTrip;German;3;4
3575;1242;FinishTrip;French;5
3576;1242;FinishTrip;English;2
3577;1242;FinishTrip;1;American;2
3578;1242;StartTrip;French;5;6
3579;1242;StartTrip;American;2;6
3580;1242;StartTrip;English;2;3
3581;1246;FinishTrip;German;4
3582;1246;FinishTrip;1;Chinese;4
3583;1246;FinishTrip;0;English;3
3584;1246;StartTrip;German;4;1
3585;1246;StartTrip;English;3;2
3586;1246;StartTrip;Chinese;4;3
3587;1247;FinishTrip;0;French;6
3588;1247;StartTrip;French;6;5
3589;1248;FinishTrip;0;German;1
3590;1248;StartTrip;German;1;4
3591;1249;FinishTrip;Chinese;3
3592;1249;FinishTrip;English;2
3593;1249;StartTrip;Chinese;3;4
3594;1249;StartTrip;English;2;4
3595;1250;FinishTrip;French;5
3596;1250;FinishTrip;German;4
3597;1250;FinishTrip;1;English;4
3598;1250;StartTrip;French;5;1
3599;1250;StartTrip;English;4;2
3600;1250;StartTrip;German;4;5
3601;1251;FinishTrip;English;2
3602;1251;StartTrip;English;2;4
3603;1252;FinishTrip;American;6
3604;1252;FinishTrip;0;English;4
3605;1252;StartTrip;American;6;1
3606;1252;StartTrip;English;4;2
3607;1253;FinishTrip;English;2
3608;1253;StartTrip;English;2;5
3609;1254;FinishTrip;0;Chinese;4
3610;1254;FinishTrip;0;French;1
3611;1254;StartTrip;Chinese;4;3
3612;1254;StartTrip;French;1;5
3613;1255;FinishTrip;0;English;5
3614;1255;StartTrip;English;5;2
3615;1256;FinishTrip;English;2
3616;1256;FinishTrip;0;German;5
3617;1256;FinishTrip;0;American;1
3618;1256;StartTrip;English;2;5
3619;1256;StartTrip;American;1;6
3620;1256;StartTrip;German;5;4
3621;1257;FinishTrip;Chinese;3
3622;1257;FinishTrip;French;5
3623;1257;FinishTrip;American;6
3624;1257;StartTrip;Chinese;3;1
3625;1257;StartTrip;American;6;3
3626;1257;StartTrip;French;5;2
3627;1258;FinishTrip;0;English;5
3628;1258;FinishTrip;0;French;2
3629;1258;StartTrip;English;5;2
3630;1258;StartTrip;French;2;5
3631;1259;FinishTrip;English;2
3632;1259;FinishTrip;0;American;3
3633;1259;StartTrip;English;2;6
3634;1259;StartTrip;American;3;6
3635;1260;FinishTrip;German;4
3636;1260;FinishTrip;French;5
3637;1260;StartTrip;German;4;5
3638;1260;StartTrip;French;5;2
3639;1261;FinishTrip;0;French;2
3640;1261;StartTrip;French;2;5
3641;1263;FinishTrip;American;6
3642;1263;FinishTrip;French;5
3643;1263;StartTrip;American;6;3
3644;1263;StartTrip;French;5;3
3645;1265;FinishTrip;0;American;3
3646;1265;StartTrip;American;3;6
3647;1266;FinishTrip;0;German;5
3648;1266;StartTrip;German;5;4
3649;1267;FinishTrip;0;French;3
3650;1267;StartTrip;French;3;5
3651;1269;FinishTrip;American;6
3652;1269;FinishTrip;French;5
3653;1269;FinishTrip;1;English;6
3654;1269;StartTrip;American;6;4
3655;1269;StartTrip;English;6;2
3656;1269;StartTrip;French;5;1
3657;1270;FinishTrip;German;4
3658;1270;FinishTrip;1;American;4
3659;1270;StartTrip;German;4;5
3660;1270;StartTrip;American;4;6
3661;1273;FinishTrip;American;6
3662;1273;FinishTrip;0;French;1
3663;1273;StartTrip;American;6;5
3664;1273;StartTrip;French;1;5
3665;1274;FinishTrip;English;2
3666;1274;StartTrip;English;2;3
3667;1276;FinishTrip;French;5
3668;1276;FinishTrip;1;German;5
3669;1276;FinishTrip;1;American;5
3670;1276;StartTrip;French;5;4
3671;1276;StartTrip;American;5;6
3672;1276;StartTrip;German;5;4
3673;1278;FinishTrip;0;English;3
3674;1278;StartTrip;English;3;2
3675;1280;FinishTrip;German;4
3676;1280;FinishTrip;1;French;4
3677;1280;StartTrip;German;4;5
3678;1280;StartTrip;French;4;5
3679;1281;FinishTrip;English;2
3680;1281;FinishTrip;American;6
3681;1281;StartTrip;English;2;3
3682;1281;StartTrip;American;6;5
3683;1284;FinishTrip;0;American;5
3684;1284;StartTrip;American;5;6
3685;1285;FinishTrip;Russian;1
3686;1285;FinishTrip;0;English;3
3687;1285;StartTrip;Russian;1;3
3688;1285;StartTrip;English;3;2
3689;1286;FinishTrip;French;5
3690;1286;FinishTrip;1;German;5
3691;1286;StartTrip;French;5;1
3692;1286;StartTrip;German;5;4
3693;1288;FinishTrip;English;2
3694;1288;StartTrip;English;2;4
3695;1289;FinishTrip;American;6
3696;1289;FinishTrip;0;English;4
3697;1289;StartTrip;American;6;4
3698;1289;StartTrip;English;4;2
3699;1290;FinishTrip;German;4
3700;1290;FinishTrip;English;2
3701;1290;FinishTrip;0;French;1
3702;1290;FinishTrip;1;American;4
3703;1290;StartTrip;German;4;2
3704;1290;StartTrip;American;4;6
3705;1290;StartTrip;English;2;3
3706;1290;StartTrip;French;1;5
3707;1291;FinishTrip;0;German;2
3708;1291;StartTrip;German;2;4
3709;1292;FinishTrip;German;4
3710;1292;StartTrip;German;4;3
3711;1293;FinishTrip;French;5
3712;1293;FinishTrip;American;6
3713;1293;FinishTrip;0;Russian;3
3714;1293;StartTrip;French;5;2
3715;1293;StartTrip;Russian;3;1
3716;1293;StartTrip;American;6;2
3717;1294;FinishTrip;0;English;3
3718;1294;FinishTrip;0;French;2
3719;1294;StartTrip;English;3;2
3720;1294;StartTrip;French;2;5
3721;1295;FinishTrip;0;German;3
3722;1295;StartTrip;German;3;4
3723;1296;FinishTrip;French;5
3724;1296;StartTrip;French;5;1
3725;1297;FinishTrip;English;2
3726;1297;StartTrip;English;2;5
3727;1298;FinishTrip;0;American;2
3728;1298;StartTrip;American;2;6
3729;1299;FinishTrip;0;English;5
3730;1299;StartTrip;English;5;2
3731;1300;FinishTrip;German;4
3732;1300;FinishTrip;English;2
3733;1300;FinishTrip;0;French;1
3734;1300;StartTrip;German;4;3
3735;1300;StartTrip;French;1;5
3736;1300;StartTrip;English;2;4
3737;1301;FinishTrip;0;English;4
3738;1301;StartTrip;English;4;2
3739;1302;FinishTrip;English;2
3740;1302;StartTrip;English;2;3
3741;1303;FinishTrip;French;5
3742;1303;FinishTrip;0;German;3
3743;1303;StartTrip;French;5;1
3744;1303;StartTrip;German;3;4
3745;1306;FinishTrip;0;English;3
3746;1306;StartTrip;English;3;2
3747;1307;FinishTrip;0;French;1
3748;1307;StartTrip;French;1;5
3749;1308;FinishTrip;German;4
3750;1308;FinishTrip;American;6
3751;1308;StartTrip;German;4;5
3752;1308;StartTrip;American;6;4
3753;1309;FinishTrip;English;2
3754;1309;FinishTrip;0;American;4
3755;1309;FinishTrip;0;Chinese;1
3756;1309;StartTrip;English;2;4
3757;1309;StartTrip;Chinese;1;3
3758;1309;StartTrip;American;4;6
3759;1310;FinishTrip;French;5
3760;1310;FinishTrip;0;English;4
3761;1310;StartTrip;French;5;2
3762;1310;StartTrip;English;4;2
3763;1311;FinishTrip;English;2
3764;1311;FinishTrip;1;French;2
3765;1311;StartTrip;English;2;3
3766;1311;StartTrip;French;2;5
3767;1312;FinishTrip;American;6
3768;1312;StartTrip;American;6;1
3769;1313;FinishTrip;French;5
3770;1313;StartTrip;French;5;3
3771;1314;FinishTrip;0;German;5
3772;1314;StartTrip;German;5;4
3773;1315;FinishTrip;0;English;3
3774;1315;StartTrip;English;3;2
3775;1316;FinishTrip;0;American;1
3776;1316;StartTrip;American;1;6
3777;1317;FinishTrip;Chinese;3
3778;1317;FinishTrip;American;6
3779;1317;FinishTrip;1;French;3
3780;1317;StartTrip;Chinese;3;4
3781;1317;StartTrip;French;3;5
3782;1317;StartTrip;American;6;4
3783;1318;FinishTrip;English;2
3784;1318;FinishTrip;German;4
3785;1318;FinishTrip;1;American;4
3786;1318;StartTrip;English;2;6
3787;1318;StartTrip;American;4;6
3788;1318;StartTrip;German;4;2
3789;1319;FinishTrip;French;5
3790;1319;FinishTrip;0;German;2
3791;1319;StartTrip;French;5;4
3792;1319;StartTrip;German;2;4
3793;1320;FinishTrip;German;4
3794;1320;StartTrip;German;4;5
3795;1321;FinishTrip;American;6
3796;1321;StartTrip;American;6;2
3797;1322;FinishTrip;0;Chinese;4
3798;1322;StartTrip;Chinese;4;3
3799;1323;FinishTrip;0;French;4
3800;1323;StartTrip;French;4;5
3801;1325;FinishTrip;Chinese;3
3802;1325;StartTrip;Chinese;3;1
3803;1326;FinishTrip;0;German;5
3804;1326;FinishTrip;0;American;2
3805;1326;StartTrip;German;5;4
3806;1326;StartTrip;American;2;6
3807;1328;FinishTrip;0;English;6
3808;1328;StartTrip;English;6;2
3809;1329;FinishTrip;French;5
3810;1329;StartTrip;French;5;6
3811;1330;FinishTrip;German;4
3812;1330;StartTrip;German;4;2
3813;1331;FinishTrip;0;German;2
3814;1331;StartTrip;German;2;4
3815;1332;FinishTrip;German;4
3816;1332;StartTrip;German;4;1
3817;1333;FinishTrip;English;2
3818;1333;StartTrip;English;2;3
3819;1334;FinishTrip;0;French;6
3820;1334;FinishTrip;0;German;1
3821;1334;StartTrip;French;6;5
3822;1334;StartTrip;German;1;4
3823;1336;FinishTrip;American;6
3824;1336;FinishTrip;German;4
3825;1336;StartTrip;American;6;4
3826;1336;StartTrip;German;4;1
3827;1337;FinishTrip;French;5
3828;1337;FinishTrip;0;English;3
3829;1337;FinishTrip;0;American;4
3830;1337;StartTrip;French;5;1
3831;1337;StartTrip;American;4;6
3832;1337;StartTrip;English;3;2
3833;1338;FinishTrip;0;German;1
3834;1338;StartTrip;German;1;4
3835;1340;FinishTrip;English;2
3836;1340;FinishTrip;German;4
3837;1340;FinishTrip;American;6
3838;1340;StartTrip;English;2;4
3839;1340;StartTrip;American;6;2
3840;1340;StartTrip;German;4;2
3841;1341;FinishTrip;0;French;1
3842;1341;FinishTrip;0;German;2
3843;1341;FinishTrip;0;English;4
3844;1341;StartTrip;French;1;5
3845;1341;StartTrip;English;4;2
3846;1341;StartTrip;German;2;4
3847;1342;FinishTrip;English;2
3848;1342;FinishTrip;German;4
3849;1342;StartTrip;English;2;5
3850;1342;StartTrip;German;4;6
3851;1344;FinishTrip;French;5
3852;1344;FinishTrip;1;English;5
3853;1344;StartTrip;French;5;2
3854;1344;StartTrip;English;5;2
3855;1345;FinishTrip;English;2
3856;1345;FinishTrip;Russian;1
3857;1345;FinishTrip;0;German;6
3858;1345;FinishTrip;1;American;2
3859;1345;FinishTrip;1;French;2
3860;1345;StartTrip;English;2;6
3861;1345;StartTrip;Russian;1;4
3862;1345;StartTrip;French;2;5
3863;1345;StartTrip;American;2;6
3864;1345;StartTrip;German;6;4
3865;1346;FinishTrip;German;4
3866;1346;StartTrip;German;4;3
3867;1347;FinishTrip;French;5
3868;1347;FinishTrip;0;Russian;4
3869;1347;StartTrip;French;5;2
3870;1347;StartTrip;Russian;4;1
3871;1348;FinishTrip;0;French;2
3872;1348;StartTrip;French;2;5
3873;1349;FinishTrip;Russian;1
3874;1349;FinishTrip;0;German;3
3875;1349;StartTrip;Russian;1;3
3876;1349;StartTrip;German;3;4
3877;1350;FinishTrip;French;5
3878;1350;StartTrip;French;5;6
3879;1354;FinishTrip;German;4
3880;1354;StartTrip;German;4;3
3881;1355;FinishTrip;American;6
3882;1355;FinishTrip;1;English;6
3883;1355;FinishTrip;1;French;6
3884;1355;StartTrip;American;6;4
3885;1355;StartTrip;French;6;5
3886;1355;StartTrip;English;6;2
3887;1356;FinishTrip;0;American;4
3888;1356;StartTrip;American;4;6
3889;1357;FinishTrip;0;Russian;3
3890;1357;FinishTrip;0;German;3
3891;1357;StartTrip;Russian;3;1
3892;1357;StartTrip;German;3;4
3893;1358;FinishTrip;French;5
3894;1358;StartTrip;French;5;6
3895;1359;FinishTrip;American;6
3896;1359;StartTrip;American;6;1
3897;1360;FinishTrip;English;2
3898;1360;StartTrip;English;2;6
3899;1362;FinishTrip;German;4
3900;1362;StartTrip;German;4;3
3901;1363;FinishTrip;0;American;1
3902;1363;FinishTrip;0;French;6
3903;1363;StartTrip;American;1;6
3904;1363;StartTrip;French;6;5
3905;1364;FinishTrip;American;6
3906;1364;StartTrip;American;6;3
3907;1365;FinishTrip;0;German;3
3908;1365;StartTrip;German;3;4
3909;1366;FinishTrip;French;5
3910;1366;FinishTrip;0;American;3
3911;1366;StartTrip;French;5;3
3912;1366;StartTrip;American;3;6
3913;1370;FinishTrip;German;4
3914;1370;FinishTrip;American;6
3915;1370;FinishTrip;1;English;6
3916;1370;FinishTrip;0;French;3
3917;1370;StartTrip;German;4;1
3918;1370;StartTrip;French;3;5
3919;1370;StartTrip;American;6;4
3920;1370;StartTrip;English;6;2
3921;1371;FinishTrip;0;American;4
3922;1371;StartTrip;American;4;6
3923;1372;FinishTrip;French;5
3924;1372;FinishTrip;0;German;1
3925;1372;StartTrip;French;5;3
3926;1372;StartTrip;German;1;4
3927;1374;FinishTrip;American;6
3928;1374;FinishTrip;German;4
3929;1374;StartTrip;American;6;3
3930;1374;StartTrip;German;4;2
3931;1375;FinishTrip;English;2
3932;1375;FinishTrip;1;German;2
3933;1375;StartTrip;English;2;4
3934;1375;StartTrip;German;2;4
3935;1376;FinishTrip;German;4
3936;1376;FinishTrip;0;French;3
3937;1376;FinishTrip;0;American;3
3938;1376;FinishTrip;1;English;4
3939;1376;StartTrip;German;4;1
3940;1376;StartTrip;English;4;2
3941;1376;StartTrip;French;3;5
3942;1376;StartTrip;American;3;6
3943;1377;FinishTrip;English;2
3944;1377;FinishTrip;0;Chinese;1
3945;1377;StartTrip;English;2;1
3946;1377;StartTrip;Chinese;1;3
3947;1378;FinishTrip;French;5
3948;1378;FinishTrip;0;German;1
3949;1378;StartTrip;French;5;6
3950;1378;StartTrip;German;1;4
3951;1380;FinishTrip;American;6
3952;1380;FinishTrip;German;4
3953;1380;StartTrip;American;6;1
3954;1380;StartTrip;German;4;6
3955;1382;FinishTrip;0;English;1
3956;1382;StartTrip;English;1;2
3957;1383;FinishTrip;0;German;6
3958;1383;FinishTrip;0;French;6
3959;1383;StartTrip;German;6;4
3960;1383;StartTrip;French;6;5
3961;1384;FinishTrip;German;4
3962;1384;FinishTrip;0;American;1
3963;1384;StartTrip;German;4;5
3964;1384;StartTrip;American;1;6
3965;1385;FinishTrip;Chinese;3
3966;1385;FinishTrip;American;6
3967;1385;StartTrip;Chinese;3;1
3968;1385;StartTrip;American;6;1
3969;1386;FinishTrip;French;5
3970;1386;StartTrip;French;5;4
3971;1388;FinishTrip;English;2
3972;1388;StartTrip;English;2;1
3973;1389;FinishTrip;0;American;1
3974;1389;StartTrip;American;1;6
3975;1390;FinishTrip;American;6
3976;1390;FinishTrip;0;French;4
3977;1390;FinishTrip;0;German;5
3978;1390;StartTrip;American;6;5
3979;1390;StartTrip;German;5;4
3980;1390;StartTrip;French;4;5
3981;1393;FinishTrip;0;English;1
3982;1393;FinishTrip;0;American;5
3983;1393;StartTrip;English;1;2
3984;1393;StartTrip;American;5;6
3985;1394;FinishTrip;German;4
3986;1394;StartTrip;German;4;5
3987;1396;FinishTrip;French;5
3988;1396;StartTrip;French;5;4
3989;1398;FinishTrip;American;6
3990;1398;StartTrip;American;6;5
3991;1399;FinishTrip;English;2
3992;1399;StartTrip;English;2;1
3993;1400;FinishTrip;0;German;5
3994;1400;FinishTrip;0;French;4
3995;1400;StartTrip;German;5;4
3996;1400;StartTrip;French;4;5
3997;1401;FinishTrip;0;American;5
3998;1401;StartTrip;American;5;6
3999;1404;FinishTrip;German;4
4000;1404;FinishTrip;0;English;1
4001;1404;StartTrip;German;4;1
4002;1404;StartTrip;English;1;2
4003;1406;FinishTrip;French;5
4004;1406;FinishTrip;American;6
4005;1406;FinishTrip;0;German;1
4006;1406;StartTrip;French;5;6
4007;1406;StartTrip;German;1;4
4008;1406;StartTrip;American;6;1
4009;1408;FinishTrip;German;4
4010;1408;StartTrip;German;4;2
4011;1409;FinishTrip;Russian;1
4012;1409;FinishTrip;0;German;2
4013;1409;StartTrip;Russian;1;3
4014;1409;StartTrip;German;2;4
4015;1410;FinishTrip;German;4
4016;1410;FinishTrip;English;2
4017;1410;FinishTrip;0;American;1
4018;1410;StartTrip;German;4;3
4019;1410;StartTrip;American;1;6
4020;1410;StartTrip;English;2;3
4021;1411;FinishTrip;American;6
4022;1411;FinishTrip;1;French;6
4023;1411;StartTrip;American;6;1
4024;1411;StartTrip;French;6;5
4025;1413;FinishTrip;0;German;3
4026;1413;StartTrip;German;3;4
4027;1414;FinishTrip;French;5
4028;1414;FinishTrip;0;English;3
4029;1414;StartTrip;French;5;3
4030;1414;StartTrip;English;3;2
4031;1415;FinishTrip;0;American;1
4032;1415;StartTrip;American;1;6
4033;1416;FinishTrip;American;6
4034;1416;StartTrip;American;6;2
4035;1417;FinishTrip;English;2
4036;1417;FinishTrip;0;Russian;3
4037;1417;StartTrip;English;2;3
4038;1417;StartTrip;Russian;3;1
4039;1418;FinishTrip;German;4
4040;1418;FinishTrip;0;French;3
4041;1418;StartTrip;German;4;5
4042;1418;StartTrip;French;3;5
4043;1420;FinishTrip;French;5
4044;1420;StartTrip;French;5;3
4045;1421;FinishTrip;0;American;2
4046;1421;FinishTrip;0;English;3
4047;1421;StartTrip;American;2;6
4048;1421;StartTrip;English;3;2
4049;1424;FinishTrip;English;2
4050;1424;FinishTrip;0;French;3
4051;1424;FinishTrip;0;German;5
4052;1424;StartTrip;English;2;1
4053;1424;StartTrip;German;5;4
4054;1424;StartTrip;French;3;5
4055;1426;FinishTrip;French;5
4056;1426;StartTrip;French;5;1
4057;1428;FinishTrip;German;4
4058;1428;StartTrip;German;4;6
4059;1429;FinishTrip;0;English;1
4060;1429;StartTrip;English;1;2
4061;1430;FinishTrip;0;French;1
4062;1430;StartTrip;French;1;5
4063;1431;FinishTrip;American;6
4064;1431;FinishTrip;1;German;6
4065;1431;StartTrip;American;6;5
4066;1431;StartTrip;German;6;4
4067;1432;FinishTrip;German;4
4068;1432;StartTrip;German;4;1
4069;1433;FinishTrip;French;5
4070;1433;StartTrip;French;5;6
4071;1434;FinishTrip;0;German;1
4072;1434;FinishTrip;0;American;5
4073;1434;StartTrip;German;1;4
4074;1434;StartTrip;American;5;6
4075;1435;FinishTrip;English;2
4076;1435;StartTrip;English;2;5
4077;1436;FinishTrip;German;4
4078;1436;StartTrip;German;4;6
4079;1437;FinishTrip;0;English;5
4080;1437;FinishTrip;0;Chinese;1
4081;1437;StartTrip;English;5;2
4082;1437;StartTrip;Chinese;1;3
4083;1438;FinishTrip;English;2
4084;1438;FinishTrip;0;French;6
4085;1438;StartTrip;English;2;4
4086;1438;StartTrip;French;6;5
4087;1439;FinishTrip;American;6
4088;1439;FinishTrip;1;German;6
4089;1439;FinishTrip;0;English;4
4090;1439;StartTrip;American;6;5
4091;1439;StartTrip;English;4;2
4092;1439;StartTrip;German;6;4
4093;1440;FinishTrip;English;2
4094;1440;FinishTrip;German;4
4095;1440;StartTrip;English;2;1
4096;1440;StartTrip;German;4;5
4097;1441;FinishTrip;French;5
4098;1441;StartTrip;French;5;1
4099;1442;FinishTrip;0;American;5
4100;1442;StartTrip;American;5;6
4101;1445;FinishTrip;Chinese;3
4102;1445;FinishTrip;0;French;1
4103;1445;FinishTrip;0;English;1
4104;1445;StartTrip;Chinese;3;2
4105;1445;StartTrip;English;1;2
4106;1445;StartTrip;French;1;5
4107;1446;FinishTrip;0;German;5
4108;1446;StartTrip;German;5;4
4109;1447;FinishTrip;American;6
4110;1447;StartTrip;American;6;3
4111;1448;FinishTrip;French;5
4112;1448;FinishTrip;0;Chinese;2
4113;1448;StartTrip;French;5;2
4114;1448;StartTrip;Chinese;2;3
4115;1449;FinishTrip;0;American;3
4116;1449;FinishTrip;0;French;2
4117;1449;StartTrip;American;3;6
4118;1449;StartTrip;French;2;5
4119;1450;FinishTrip;German;4
4120;1450;StartTrip;German;4;2
4121;1451;FinishTrip;English;2
4122;1451;FinishTrip;French;5
4123;1451;FinishTrip;1;German;2
4124;1451;StartTrip;English;2;6
4125;1451;StartTrip;German;2;4
4126;1451;StartTrip;French;5;3
4127;1452;FinishTrip;Chinese;3
4128;1452;FinishTrip;German;4
4129;1452;StartTrip;Chinese;3;2
4130;1452;StartTrip;German;4;5
4131;1453;FinishTrip;American;6
4132;1453;StartTrip;American;6;2
4133;1455;FinishTrip;0;French;3
4134;1455;FinishTrip;0;Chinese;2
4135;1455;StartTrip;French;3;5
4136;1455;StartTrip;Chinese;2;3
4137;1457;FinishTrip;French;5
4138;1457;StartTrip;French;5;1
4139;1458;FinishTrip;0;German;5
4140;1458;FinishTrip;0;American;2
4141;1458;StartTrip;German;5;4
4142;1458;StartTrip;American;2;6
4143;1459;FinishTrip;Chinese;3
4144;1459;StartTrip;Chinese;3;1
4145;1461;FinishTrip;0;French;1
4146;1461;FinishTrip;0;English;6
4147;1461;StartTrip;French;1;5
4148;1461;StartTrip;English;6;2
4149;1462;FinishTrip;German;4
4150;1462;StartTrip;German;4;5
4151;1464;FinishTrip;French;5
4152;1464;StartTrip;French;5;4
4153;1466;FinishTrip;English;2
4154;1466;StartTrip;English;2;6
4155;1468;FinishTrip;American;6
4156;1468;FinishTrip;0;German;5
4157;1468;FinishTrip;0;French;4
4158;1468;StartTrip;American;6;5
4159;1468;StartTrip;French;4;5
4160;1468;StartTrip;German;5;4
4161;1469;FinishTrip;Russian;1
4162;1469;StartTrip;Russian;1;4
4163;1471;FinishTrip;0;American;5
4164;1471;FinishTrip;0;Russian;4
4165;1471;StartTrip;American;5;6
4166;1471;StartTrip;Russian;4;1
4167;1472;FinishTrip;German;4
4168;1472;StartTrip;German;4;2
4169;1473;FinishTrip;Russian;1
4170;1473;FinishTrip;0;German;2
4171;1473;StartTrip;Russian;1;3
4172;1473;StartTrip;German;2;4
4173;1474;FinishTrip;French;5
4174;1474;FinishTrip;German;4
4175;1474;StartTrip;French;5;2
4176;1474;StartTrip;German;4;2
4177;1475;FinishTrip;0;French;2
4178;1475;FinishTrip;0;German;2
4179;1475;StartTrip;French;2;5
4180;1475;StartTrip;German;2;4
4181;1476;FinishTrip;German;4
4182;1476;FinishTrip;American;6
4183;1476;FinishTrip;1;English;6
4184;1476;StartTrip;German;4;1
4185;1476;StartTrip;English;6;2
4186;1476;StartTrip;American;6;1
4187;1477;FinishTrip;French;5
4188;1477;StartTrip;French;5;2
4189;1478;FinishTrip;0;German;1
4190;1478;FinishTrip;0;French;2
4191;1478;StartTrip;German;1;4
4192;1478;StartTrip;French;2;5
4193;1480;FinishTrip;French;5
4194;1480;FinishTrip;German;4
4195;1480;FinishTrip;0;American;1
4196;1480;StartTrip;French;5;3
4197;1480;StartTrip;American;1;6
4198;1480;StartTrip;German;4;1
4199;1481;FinishTrip;English;2
4200;1481;FinishTrip;American;6
4201;1481;FinishTrip;0;Russian;3
4202;1481;StartTrip;English;2;4
4203;1481;StartTrip;Russian;3;1
4204;1481;StartTrip;American;6;5
4205;1482;FinishTrip;0;German;1
4206;1482;FinishTrip;0;English;4
4207;1482;StartTrip;German;1;4
4208;1482;StartTrip;English;4;2
4209;1483;FinishTrip;English;2
4210;1483;StartTrip;English;2;1
4211;1484;FinishTrip;German;4
4212;1484;FinishTrip;0;American;5
4213;1484;FinishTrip;0;French;3
4214;1484;StartTrip;German;4;2
4215;1484;StartTrip;French;3;5
4216;1484;StartTrip;American;5;6
4217;1485;FinishTrip;0;German;2
4218;1485;StartTrip;German;2;4
4219;1486;FinishTrip;French;5
4220;1486;FinishTrip;German;4
4221;1486;StartTrip;French;5;4
4222;1486;StartTrip;German;4;3
4223;1488;FinishTrip;0;English;1
4224;1488;StartTrip;English;1;2
4225;1489;FinishTrip;American;6
4226;1489;FinishTrip;0;German;3
4227;1489;StartTrip;American;6;3
4228;1489;StartTrip;German;3;4
4229;1490;FinishTrip;0;French;4
4230;1490;StartTrip;French;4;5
4231;1491;FinishTrip;0;American;3
4232;1491;StartTrip;American;3;6
4233;1494;FinishTrip;English;2
4234;1494;FinishTrip;German;4
4235;1494;StartTrip;English;2;3
4236;1494;StartTrip;German;4;2
4237;1495;FinishTrip;American;6
4238;1495;FinishTrip;0;German;2
4239;1495;StartTrip;American;6;1
4240;1495;StartTrip;German;2;4
4241;1496;FinishTrip;French;5
4242;1496;FinishTrip;German;4
4243;1496;StartTrip;French;5;3
4244;1496;StartTrip;German;4;6
4245;1498;FinishTrip;0;English;3
4246;1498;StartTrip;English;3;2
4247;1499;FinishTrip;0;German;6
4248;1499;FinishTrip;0;American;1
4249;1499;StartTrip;German;6;4
4250;1499;StartTrip;American;1;6
4251;1500;FinishTrip;American;6
4252;1500;FinishTrip;German;4
4253;1500;FinishTrip;0;French;3
4254;1500;StartTrip;American;6;4
4255;1500;StartTrip;French;3;5
4256;1500;StartTrip;German;4;5
4257;1501;FinishTrip;English;2
4258;1501;FinishTrip;0;American;4
4259;1501;StartTrip;English;2;1
4260;1501;StartTrip;American;4;6
4261;1502;FinishTrip;French;5
4262;1502;StartTrip;French;5;6
4263;1504;FinishTrip;American;6
4264;1504;StartTrip;American;6;1
4265;1506;FinishTrip;0;German;5
4266;1506;FinishTrip;0;English;1
4267;1506;StartTrip;German;5;4
4268;1506;StartTrip;English;1;2
4269;1507;FinishTrip;0;French;6
4270;1507;StartTrip;French;6;5
4271;1508;FinishTrip;0;American;1
4272;1508;StartTrip;American;1;6
4273;1509;FinishTrip;American;6
4274;1509;StartTrip;American;6;5
4275;1510;FinishTrip;French;5
4276;1510;FinishTrip;German;4
4277;1510;StartTrip;French;5;4
4278;1510;StartTrip;German;4;3
4279;1511;FinishTrip;0;Chinese;1
4280;1511;StartTrip;Chinese;1;3
4281;1512;FinishTrip;English;2
4282;1512;FinishTrip;0;American;5
4283;1512;StartTrip;English;2;6
4284;1512;StartTrip;American;5;6
4285;1513;FinishTrip;0;German;3
4286;1513;StartTrip;German;3;4
4287;1514;FinishTrip;0;French;4
4288;1514;StartTrip;French;4;5
4289;1517;FinishTrip;American;6
4290;1517;StartTrip;American;6;1
4291;1518;FinishTrip;German;4
4292;1518;StartTrip;German;4;6
4293;1519;FinishTrip;Chinese;3
4294;1519;StartTrip;Chinese;3;1
4295;1520;FinishTrip;French;5
4296;1520;StartTrip;French;5;1
4297;1521;FinishTrip;0;German;6
4298;1521;FinishTrip;0;American;1
4299;1521;StartTrip;German;6;4
4300;1521;StartTrip;American;1;6
4301;1522;FinishTrip;American;6
4302;1522;FinishTrip;German;4
4303;1522;FinishTrip;1;English;6
4304;1522;StartTrip;American;6;5
4305;1522;StartTrip;English;6;2
4306;1522;StartTrip;German;4;2
4307;1523;FinishTrip;0;German;2
4308;1523;StartTrip;German;2;4
4309;1524;FinishTrip;German;4
4310;1524;FinishTrip;0;French;1
4311;1524;StartTrip;German;4;5
4312;1524;StartTrip;French;1;5
4313;1525;FinishTrip;0;American;5
4314;1525;StartTrip;American;5;6
4315;1527;FinishTrip;French;5
4316;1527;FinishTrip;English;2
4317;1527;StartTrip;French;5;3
4318;1527;StartTrip;English;2;4
4319;1528;FinishTrip;0;English;4
4320;1528;StartTrip;English;4;2
4321;1529;FinishTrip;English;2
4322;1529;StartTrip;English;2;1
4323;1530;FinishTrip;American;6
4324;1530;FinishTrip;0;German;5
4325;1530;StartTrip;American;6;2
4326;1530;StartTrip;German;5;4
4327;1531;FinishTrip;0;French;3
4328;1531;StartTrip;French;3;5
4329;1533;FinishTrip;Russian;1
4330;1533;FinishTrip;French;5
4331;1533;StartTrip;Russian;1;5
4332;1533;StartTrip;French;5;6
4333;1534;FinishTrip;German;4
4334;1534;FinishTrip;0;English;1
4335;1534;StartTrip;German;4;2
4336;1534;StartTrip;English;1;2
4337;1535;FinishTrip;0;American;2
4338;1535;FinishTrip;0;German;2
4339;1535;StartTrip;American;2;6
4340;1535;StartTrip;German;2;4
4341;1536;FinishTrip;German;4
4342;1536;FinishTrip;0;Russian;5
4343;1536;StartTrip;German;4;1
4344;1536;StartTrip;Russian;5;1
4345;1538;FinishTrip;0;French;6
4346;1538;FinishTrip;0;German;1
4347;1538;StartTrip;French;6;5
4348;1538;StartTrip;German;1;4
4349;1540;FinishTrip;Russian;1
4350;1540;FinishTrip;German;4
4351;1540;FinishTrip;English;2
4352;1540;StartTrip;Russian;1;5
4353;1540;StartTrip;English;2;5
4354;1540;StartTrip;German;4;1
4355;1541;FinishTrip;French;5
4356;1541;StartTrip;French;5;3
4357;1542;FinishTrip;0;German;1
4358;1542;FinishTrip;0;English;5
4359;1542;StartTrip;German;1;4
4360;1542;StartTrip;English;5;2
4361;1543;FinishTrip;English;2
4362;1543;FinishTrip;0;Russian;5
4363;1543;StartTrip;English;2;4
4364;1543;StartTrip;Russian;5;1
4365;1544;FinishTrip;German;4
4366;1544;FinishTrip;1;English;4
4367;1544;StartTrip;German;4;3
4368;1544;StartTrip;English;4;2
4369;1545;FinishTrip;American;6
4370;1545;FinishTrip;English;2
4371;1545;FinishTrip;0;French;3
4372;1545;StartTrip;American;6;4
4373;1545;StartTrip;French;3;5
4374;1545;StartTrip;English;2;3
4375;1546;FinishTrip;0;American;4
4376;1546;StartTrip;American;4;6
4377;1547;FinishTrip;French;5
4378;1547;FinishTrip;Russian;1
4379;1547;FinishTrip;0;German;3
4380;1547;StartTrip;French;5;6
4381;1547;StartTrip;German;3;4
4382;1547;StartTrip;Russian;1;6
4383;1548;FinishTrip;0;Russian;6
4384;1548;StartTrip;Russian;6;1
4385;1549;FinishTrip;American;6
4386;1549;FinishTrip;0;English;3
4387;1549;StartTrip;American;6;5
4388;1549;StartTrip;English;3;2
4389;1552;FinishTrip;Russian;1
4390;1552;FinishTrip;English;2
4391;1552;FinishTrip;German;4
4392;1552;FinishTrip;0;French;6
4393;1552;FinishTrip;0;American;5
4394;1552;StartTrip;Russian;1;3
4395;1552;StartTrip;English;2;6
4396;1552;StartTrip;American;5;6
4397;1552;StartTrip;French;6;5
4398;1552;StartTrip;German;4;2
4399;1553;FinishTrip;0;German;2
4400;1553;StartTrip;German;2;4
4401;1554;FinishTrip;German;4
4402;1554;StartTrip;German;4;6
4403;1555;FinishTrip;French;5
4404;1555;StartTrip;French;5;3
4405;1557;FinishTrip;American;6
4406;1557;FinishTrip;1;German;6
4407;1557;StartTrip;American;6;4
4408;1557;StartTrip;German;6;4
4409;1558;FinishTrip;German;4
4410;1558;FinishTrip;1;American;4
4411;1558;StartTrip;German;4;6
4412;1558;StartTrip;American;4;6
4413;1559;FinishTrip;0;French;3
4414;1559;StartTrip;French;3;5
4415;1560;FinishTrip;0;Russian;3
4416;1560;StartTrip;Russian;3;1
4417;1561;FinishTrip;American;6
4418;1561;FinishTrip;French;5
4419;1561;FinishTrip;1;German;6
4420;1561;StartTrip;American;6;1
4421;1561;StartTrip;German;6;4
4422;1561;StartTrip;French;5;3
4423;1562;FinishTrip;German;4
4424;1562;FinishTrip;0;English;6
4425;1562;StartTrip;German;4;3
4426;1562;StartTrip;English;6;2
4427;1565;FinishTrip;0;French;3
4428;1565;FinishTrip;0;American;1
4429;1565;FinishTrip;0;German;3
4430;1565;StartTrip;French;3;5
4431;1565;StartTrip;German;3;4
4432;1565;StartTrip;American;1;6
4433;1566;FinishTrip;American;6
4434;1566;StartTrip;American;6;3
4435;1567;FinishTrip;English;2
4436;1567;FinishTrip;French;5
4437;1567;StartTrip;English;2;1
4438;1567;StartTrip;French;5;1
4439;1568;FinishTrip;0;American;3
4440;1568;StartTrip;American;3;6
4441;1570;FinishTrip;German;4
4442;1570;StartTrip;German;4;3
4443;1571;FinishTrip;0;French;1
4444;1571;FinishTrip;0;Chinese;1
4445;1571;StartTrip;French;1;5
4446;1571;StartTrip;Chinese;1;3
4447;1572;FinishTrip;American;6
4448;1572;FinishTrip;0;English;1
4449;1572;StartTrip;American;6;1
4450;1572;StartTrip;English;1;2
4451;1573;FinishTrip;0;German;3
4452;1573;StartTrip;German;3;4
4453;1574;FinishTrip;French;5
4454;1574;StartTrip;French;5;6
4455;1576;FinishTrip;0;American;1
4456;1576;StartTrip;American;1;6
4457;1577;FinishTrip;American;6
4458;1577;StartTrip;American;6;1
4459;1578;FinishTrip;English;2
4460;1578;FinishTrip;German;4
4461;1578;StartTrip;English;2;4
4462;1578;StartTrip;German;4;6
4463;1579;FinishTrip;Chinese;3
4464;1579;FinishTrip;0;French;6
4465;1579;FinishTrip;0;English;4
4466;1579;StartTrip;Chinese;3;6
4467;1579;StartTrip;English;4;2
4468;1579;StartTrip;French;6;5
4469;1580;FinishTrip;English;2
4470;1580;StartTrip;English;2;3
4471;1581;FinishTrip;0;German;6
4472;1581;FinishTrip;0;American;1
4473;1581;StartTrip;German;6;4
4474;1581;StartTrip;American;1;6
4475;1582;FinishTrip;French;5
4476;1582;FinishTrip;American;6
4477;1582;FinishTrip;German;4
4478;1582;StartTrip;French;5;2
4479;1582;StartTrip;German;4;1
4480;1582;StartTrip;American;6;2
4481;1583;FinishTrip;0;Chinese;6
4482;1583;FinishTrip;0;French;2
4483;1583;StartTrip;Chinese;6;3
4484;1583;StartTrip;French;2;5
4485;1584;FinishTrip;0;German;1
4486;1584;FinishTrip;0;English;3
4487;1584;StartTrip;German;1;4
4488;1584;StartTrip;English;3;2
4489;1585;FinishTrip;French;5
4490;1585;FinishTrip;Chinese;3
4491;1585;StartTrip;French;5;2
4492;1585;StartTrip;Chinese;3;5
4493;1586;FinishTrip;German;4
4494;1586;FinishTrip;0;French;2
4495;1586;StartTrip;German;4;2
4496;1586;StartTrip;French;2;5
4497;1587;FinishTrip;English;2
4498;1587;FinishTrip;0;Chinese;5
4499;1587;FinishTrip;1;American;2
4500;1587;FinishTrip;1;German;2
4501;1587;StartTrip;English;2;1
4502;1587;StartTrip;German;2;4
4503;1587;StartTrip;Chinese;5;3
4504;1587;StartTrip;American;2;6
4505;1588;FinishTrip;French;5
4506;1588;FinishTrip;German;4
4507;1588;StartTrip;French;5;4
4508;1588;StartTrip;German;4;5
4509;1591;FinishTrip;Chinese;3
4510;1591;StartTrip;Chinese;3;6
4511;1592;FinishTrip;0;English;1
4512;1592;FinishTrip;0;French;4
4513;1592;StartTrip;English;1;2
4514;1592;StartTrip;French;4;5
4515;1594;FinishTrip;0;German;5
4516;1594;StartTrip;German;5;4
4517;1595;FinishTrip;0;Chinese;6
4518;1595;StartTrip;Chinese;6;3
4519;1597;FinishTrip;American;6
4520;1597;FinishTrip;Chinese;3
4521;1597;StartTrip;American;6;3
4522;1597;StartTrip;Chinese;3;4
4523;1598;FinishTrip;French;5
4524;1598;FinishTrip;English;2
4525;1598;FinishTrip;German;4
4526;1598;StartTrip;French;5;1
4527;1598;StartTrip;German;4;2
4528;1598;StartTrip;English;2;4
4529;1599;FinishTrip;0;American;3
4530;1599;FinishTrip;0;English;4
4531;1599;FinishTrip;0;German;2
4532;1599;StartTrip;American;3;6
4533;1599;StartTrip;German;2;4
4534;1599;StartTrip;English;4;2
4535;1600;FinishTrip;German;4
4536;1600;FinishTrip;English;2
4537;1600;StartTrip;German;4;2
4538;1600;StartTrip;English;2;6
4539;1601;FinishTrip;0;German;2
4540;1601;StartTrip;German;2;4
4541;1602;FinishTrip;German;4
4542;1602;FinishTrip;0;French;1
4543;1602;FinishTrip;1;Chinese;4
4544;1602;StartTrip;German;4;6
4545;1602;StartTrip;Chinese;4;3
4546;1602;StartTrip;French;1;5
4547;1603;FinishTrip;American;6
4548;1603;StartTrip;American;6;5
4549;1605;FinishTrip;French;5
4550;1605;FinishTrip;Chinese;3
4551;1605;FinishTrip;0;German;6
4552;1605;StartTrip;French;5;2
4553;1605;StartTrip;German;6;4
4554;1605;StartTrip;Chinese;3;6
4555;1606;FinishTrip;German;4
4556;1606;FinishTrip;0;American;5
4557;1606;FinishTrip;0;French;2
4558;1606;StartTrip;German;4;5
4559;1606;StartTrip;French;2;5
4560;1606;StartTrip;American;5;6
4561;1608;FinishTrip;French;5
4562;1608;StartTrip;French;5;4
4563;1609;FinishTrip;0;Chinese;6
4564;1609;StartTrip;Chinese;6;3
4565;1610;FinishTrip;0;English;6
4566;1610;StartTrip;English;6;2
4567;1611;FinishTrip;American;6
4568;1611;FinishTrip;Chinese;3
4569;1611;StartTrip;American;6;3
4570;1611;StartTrip;Chinese;3;5
4571;1612;FinishTrip;Russian;1
4572;1612;FinishTrip;0;French;4
4573;1612;FinishTrip;0;German;5
4574;1612;StartTrip;Russian;1;2
4575;1612;StartTrip;German;5;4
4576;1612;StartTrip;French;4;5
4577;1613;FinishTrip;0;American;3
4578;1613;FinishTrip;0;Chinese;5
4579;1613;StartTrip;American;3;6
4580;1613;StartTrip;Chinese;5;3
4581;1615;FinishTrip;English;2
4582;1615;StartTrip;English;2;4
4583;1616;FinishTrip;German;4
4584;1616;FinishTrip;1;English;4
4585;1616;StartTrip;German;4;6
4586;1616;StartTrip;English;4;2
4587;1617;FinishTrip;Chinese;3
4588;1617;FinishTrip;English;2
4589;1617;FinishTrip;American;6
4590;1617;StartTrip;Chinese;3;6
4591;1617;StartTrip;American;6;2
4592;1617;StartTrip;English;2;4
4593;1618;FinishTrip;French;5
4594;1618;FinishTrip;0;Russian;2
4595;1618;FinishTrip;0;English;4
4596;1618;StartTrip;French;5;3
4597;1618;StartTrip;English;4;2
4598;1618;StartTrip;Russian;2;1
4599;1619;FinishTrip;English;2
4600;1619;FinishTrip;0;German;6
4601;1619;StartTrip;English;2;3
4602;1619;StartTrip;German;6;4
4603;1620;FinishTrip;German;4
4604;1620;StartTrip;German;4;6
4605;1621;FinishTrip;0;Chinese;6
4606;1621;StartTrip;Chinese;6;3
4607;1622;FinishTrip;0;American;2
4608;1622;FinishTrip;0;French;3
4609;1622;StartTrip;American;2;6
4610;1622;StartTrip;French;3;5
4611;1623;FinishTrip;Chinese;3
4612;1623;FinishTrip;Russian;1
4613;1623;FinishTrip;1;English;3
4614;1623;FinishTrip;0;German;6
4615;1623;StartTrip;Chinese;3;6
4616;1623;StartTrip;German;6;4
4617;1623;StartTrip;Russian;1;3
4618;1623;StartTrip;English;3;2
4619;1624;FinishTrip;French;5
4620;1624;FinishTrip;German;4
4621;1624;StartTrip;French;5;2
4622;1624;StartTrip;German;4;3
4623;1625;FinishTrip;0;French;2
4624;1625;StartTrip;French;2;5
4625;1626;FinishTrip;English;2
4626;1626;StartTrip;English;2;1
4627;1627;FinishTrip;French;5
4628;1627;FinishTrip;0;German;3
4629;1627;FinishTrip;0;Chinese;6
4630;1627;StartTrip;French;5;2
4631;1627;StartTrip;Chinese;6;3
4632;1627;StartTrip;German;3;4
4633;1628;FinishTrip;0;French;2
4634;1628;StartTrip;French;2;5
4635;1629;FinishTrip;Chinese;3
4636;1629;StartTrip;Chinese;3;5
4637;1630;FinishTrip;French;5
4638;1630;StartTrip;French;5;3
4639;1631;FinishTrip;0;Chinese;5
4640;1631;FinishTrip;0;Russian;3
4641;1631;FinishTrip;0;English;1
4642;1631;StartTrip;Chinese;5;3
4643;1631;StartTrip;English;1;2
4644;1631;StartTrip;Russian;3;1
4645;1632;FinishTrip;German;4
4646;1632;FinishTrip;American;6
4647;1632;StartTrip;German;4;6
4648;1632;StartTrip;American;6;2
4649;1634;FinishTrip;0;French;3
4650;1634;StartTrip;French;3;5
4651;1635;FinishTrip;Chinese;3
4652;1635;FinishTrip;0;German;6
4653;1635;StartTrip;Chinese;3;4
4654;1635;StartTrip;German;6;4
4655;1636;FinishTrip;French;5
4656;1636;FinishTrip;German;4
4657;1636;StartTrip;French;5;2
4658;1636;StartTrip;German;4;3
4659;1637;FinishTrip;English;2
4660;1637;FinishTrip;1;American;2
4661;1637;FinishTrip;1;French;2
4662;1637;StartTrip;English;2;1
4663;1637;StartTrip;French;2;5
4664;1637;StartTrip;American;2;6
4665;1639;FinishTrip;French;5
4666;1639;FinishTrip;0;German;3
4667;1639;StartTrip;French;5;1
4668;1639;StartTrip;German;3;4
4669;1640;FinishTrip;0;Chinese;4
4670;1640;StartTrip;Chinese;4;3
4671;1642;FinishTrip;0;English;1
4672;1642;StartTrip;English;1;2
4673;1643;FinishTrip;Chinese;3
4674;1643;FinishTrip;0;French;1
4675;1643;StartTrip;Chinese;3;4
4676;1643;StartTrip;French;1;5
4677;1644;FinishTrip;German;4
4678;1644;StartTrip;German;4;5
4679;1646;FinishTrip;French;5
4680;1646;StartTrip;French;5;6
4681;1647;FinishTrip;American;6
4682;1647;StartTrip;American;6;3
4683;1648;FinishTrip;English;2
4684;1648;FinishTrip;0;Chinese;4
4685;1648;StartTrip;English;2;4
4686;1648;StartTrip;Chinese;4;3
4687;1649;FinishTrip;0;American;3
4688;1649;FinishTrip;0;English;4
4689;1649;StartTrip;American;3;6
4690;1649;StartTrip;English;4;2
4691;1650;FinishTrip;English;2
4692;1650;FinishTrip;0;German;5
4693;1650;StartTrip;English;2;3
4694;1650;StartTrip;German;5;4
4695;1651;FinishTrip;Chinese;3
4696;1651;FinishTrip;0;French;6
4697;1651;StartTrip;Chinese;3;1
4698;1651;StartTrip;French;6;5
4699;1653;FinishTrip;American;6
4700;1653;StartTrip;American;6;5
4701;1654;FinishTrip;German;4
4702;1654;FinishTrip;French;5
4703;1654;FinishTrip;0;English;3
4704;1654;StartTrip;German;4;1
4705;1654;StartTrip;English;3;2
4706;1654;StartTrip;French;5;6
4707;1656;FinishTrip;0;American;5
4708;1656;FinishTrip;0;German;1
4709;1656;StartTrip;American;5;6
4710;1656;StartTrip;German;1;4
4711;1657;FinishTrip;English;2
4712;1657;StartTrip;English;2;1
4713;1658;FinishTrip;German;4
4714;1658;StartTrip;German;4;5
4715;1659;FinishTrip;0;French;6
4716;1659;StartTrip;French;6;5
4717;1661;FinishTrip;American;6
4718;1661;StartTrip;American;6;4
4719;1662;FinishTrip;French;5
4720;1662;FinishTrip;0;English;1
4721;1662;FinishTrip;0;American;4
4722;1662;StartTrip;French;5;2
4723;1662;StartTrip;American;4;6
4724;1662;StartTrip;English;1;2
4725;1663;FinishTrip;0;French;2
4726;1663;StartTrip;French;2;5
4727;1664;FinishTrip;0;German;5
4728;1664;StartTrip;German;5;4
4729;1665;FinishTrip;French;5
4730;1665;FinishTrip;American;6
4731;1665;StartTrip;French;5;4
4732;1665;StartTrip;American;6;4
4733;1666;FinishTrip;0;American;4
4734;1666;StartTrip;American;4;6
4735;1668;FinishTrip;English;2
4736;1668;FinishTrip;German;4
4737;1668;StartTrip;English;2;3
4738;1668;StartTrip;German;4;6
4739;1669;FinishTrip;American;6
4740;1669;FinishTrip;0;French;4
4741;1669;StartTrip;American;6;4
4742;1669;StartTrip;French;4;5
4743;1670;FinishTrip;0;American;4
4744;1670;StartTrip;American;4;6
4745;1671;FinishTrip;0;German;6
4746;1671;StartTrip;German;6;4
4747;1672;FinishTrip;German;4
4748;1672;FinishTrip;0;English;3
4749;1672;StartTrip;German;4;5
4750;1672;StartTrip;English;3;2
4751;1673;FinishTrip;American;6
4752;1673;StartTrip;American;6;5
4753;1675;FinishTrip;English;2
4754;1675;FinishTrip;French;5
4755;1675;StartTrip;English;2;5
4756;1675;StartTrip;French;5;3
4757;1676;FinishTrip;0;American;5
4758;1676;StartTrip;American;5;6
4759;1677;FinishTrip;0;English;5
4760;1677;StartTrip;English;5;2
4761;1678;FinishTrip;English;2
4762;1678;FinishTrip;0;German;5
4763;1678;StartTrip;English;2;1
4764;1678;StartTrip;German;5;4
4765;1679;FinishTrip;0;French;3
4766;1679;StartTrip;French;3;5
4767;1681;FinishTrip;American;6
4768;1681;FinishTrip;French;5
4769;1681;StartTrip;American;6;1
4770;1681;StartTrip;French;5;2
4771;1682;FinishTrip;German;4
4772;1682;FinishTrip;0;French;2
4773;1682;StartTrip;German;4;5
4774;1682;StartTrip;French;2;5
4775;1683;FinishTrip;Russian;1
4776;1683;FinishTrip;1;English;1
4777;1683;StartTrip;Russian;1;6
4778;1683;StartTrip;English;1;2
4779;1684;FinishTrip;French;5
4780;1684;FinishTrip;0;Russian;6
4781;1684;StartTrip;French;5;3
4782;1684;StartTrip;Russian;6;1
4783;1685;FinishTrip;0;American;1
4784;1685;StartTrip;American;1;6
4785;1686;FinishTrip;American;6
4786;1686;StartTrip;American;6;2
4787;1688;FinishTrip;Russian;1
4788;1688;FinishTrip;0;German;5
4789;1688;FinishTrip;0;French;3
4790;1688;StartTrip;Russian;1;6
4791;1688;StartTrip;French;3;5
4792;1688;StartTrip;German;5;4
4793;1689;FinishTrip;English;2
4794;1689;FinishTrip;0;Russian;6
4795;1689;StartTrip;English;2;5
4796;1689;StartTrip;Russian;6;1
4797;1690;FinishTrip;French;5
4798;1690;StartTrip;French;5;3
4799;1691;FinishTrip;0;American;2
4800;1691;FinishTrip;0;English;5
4801;1691;StartTrip;American;2;6
4802;1691;StartTrip;English;5;2
4803;1692;FinishTrip;German;4
4804;1692;FinishTrip;English;2
4805;1692;StartTrip;German;4;1
4806;1692;StartTrip;English;2;6
4807;1693;FinishTrip;Russian;1
4808;1693;StartTrip;Russian;1;2
4809;1694;FinishTrip;0;French;3
4810;1694;FinishTrip;0;German;1
4811;1694;StartTrip;French;3;5
4812;1694;StartTrip;German;1;4
4813;1696;FinishTrip;French;5
4814;1696;FinishTrip;German;4
4815;1696;StartTrip;French;5;4
4816;1696;StartTrip;German;4;6
4817;1699;FinishTrip;0;Russian;2
4818;1699;FinishTrip;0;German;6
4819;1699;StartTrip;Russian;2;1
4820;1699;StartTrip;German;6;4
4821;1700;FinishTrip;German;4
4822;1700;FinishTrip;1;French;4
4823;1700;StartTrip;German;4;5
4824;1700;StartTrip;French;4;5
4825;1701;FinishTrip;American;6
4826;1701;StartTrip;American;6;3
4827;1702;FinishTrip;0;English;6
4828;1702;StartTrip;English;6;2
4829;1703;FinishTrip;0;American;3
4830;1703;FinishTrip;0;Chinese;1
4831;1703;StartTrip;American;3;6
4832;1703;StartTrip;Chinese;1;3
4833;1704;FinishTrip;Russian;1
4834;1704;StartTrip;Russian;1;4
4835;1706;FinishTrip;French;5
4836;1706;FinishTrip;0;Russian;4
4837;1706;FinishTrip;1;German;5
4838;1706;StartTrip;French;5;3
4839;1706;StartTrip;German;5;4
4840;1706;StartTrip;Russian;4;1
4841;1707;FinishTrip;American;6
4842;1707;FinishTrip;English;2
4843;1707;StartTrip;American;6;1
4844;1707;StartTrip;English;2;3
4845;1708;FinishTrip;Russian;1
4846;1708;StartTrip;Russian;1;5
4847;1710;FinishTrip;German;4
4848;1710;FinishTrip;0;French;3
4849;1710;StartTrip;German;4;2
4850;1710;StartTrip;French;3;5
4851;1711;FinishTrip;Chinese;3
4852;1711;FinishTrip;0;Russian;5
4853;1711;FinishTrip;0;American;1
4854;1711;FinishTrip;1;English;3
4855;1711;FinishTrip;0;German;2
4856;1711;StartTrip;Chinese;3;4
4857;1711;StartTrip;Russian;5;1
4858;1711;StartTrip;German;2;4
4859;1711;StartTrip;English;3;2
4860;1711;StartTrip;American;1;6
4861;1712;FinishTrip;French;5
4862;1712;FinishTrip;American;6
4863;1712;FinishTrip;German;4
4864;1712;StartTrip;French;5;1
4865;1712;StartTrip;German;4;6
4866;1712;StartTrip;American;6;5
4867;1714;FinishTrip;English;2
4868;1714;StartTrip;English;2;3
4869;1715;FinishTrip;Russian;1
4870;1715;FinishTrip;0;American;5
4871;1715;FinishTrip;0;German;6
4872;1715;StartTrip;Russian;1;3
4873;1715;StartTrip;German;6;4
4874;1715;StartTrip;American;5;6
4875;1716;FinishTrip;German;4
4876;1716;FinishTrip;1;Chinese;4
4877;1716;FinishTrip;0;French;1
4878;1716;StartTrip;German;4;1
4879;1716;StartTrip;French;1;5
4880;1716;StartTrip;Chinese;4;3
4881;1718;FinishTrip;0;English;3
4882;1718;FinishTrip;0;German;1
4883;1718;StartTrip;English;3;2
4884;1718;StartTrip;German;1;4
4885;1719;FinishTrip;Chinese;3
4886;1719;FinishTrip;French;5
4887;1719;StartTrip;Chinese;3;5
4888;1719;StartTrip;French;5;3
4889;1720;FinishTrip;German;4
4890;1720;FinishTrip;American;6
4891;1720;StartTrip;German;4;2
4892;1720;StartTrip;American;6;1
4893;1721;FinishTrip;English;2
4894;1721;FinishTrip;0;Chinese;5
4895;1721;FinishTrip;1;German;2
4896;1721;StartTrip;English;2;3
4897;1721;StartTrip;German;2;4
4898;1721;StartTrip;Chinese;5;3
4899;1722;FinishTrip;German;4
4900;1722;StartTrip;German;4;3
4901;1723;FinishTrip;0;Russian;3
4902;1723;FinishTrip;0;French;3
4903;1723;StartTrip;Russian;3;1
4904;1723;StartTrip;French;3;5
4905;1724;FinishTrip;0;American;1
4906;1724;StartTrip;American;1;6
4907;1725;FinishTrip;French;5
4908;1725;FinishTrip;American;6
4909;1725;FinishTrip;Chinese;3
4910;1725;FinishTrip;1;German;3
4911;1725;FinishTrip;1;English;3
4912;1725;StartTrip;French;5;6
4913;1725;StartTrip;American;6;5
4914;1725;StartTrip;English;3;2
4915;1725;StartTrip;German;3;4
4916;1725;StartTrip;Chinese;3;4
4917;1728;FinishTrip;English;2
4918;1728;FinishTrip;0;American;5
4919;1728;StartTrip;English;2;3
4920;1728;StartTrip;American;5;6
4921;1730;FinishTrip;German;4
4922;1730;FinishTrip;1;Chinese;4
4923;1730;FinishTrip;0;French;6
4924;1730;StartTrip;German;4;2
4925;1730;StartTrip;French;6;5
4926;1730;StartTrip;Chinese;4;3
4927;1731;FinishTrip;0;German;2
4928;1731;StartTrip;German;2;4
4929;1732;FinishTrip;German;4
4930;1732;FinishTrip;0;English;3
4931;1732;StartTrip;German;4;1
4932;1732;StartTrip;English;3;2
4933;1733;FinishTrip;Chinese;3
4934;1733;FinishTrip;French;5
4935;1733;FinishTrip;American;6
4936;1733;StartTrip;Chinese;3;6
4937;1733;StartTrip;American;6;3
4938;1733;StartTrip;French;5;4
4939;1734;FinishTrip;0;German;1
4940;1734;StartTrip;German;1;4
4941;1735;FinishTrip;English;2
4942;1735;FinishTrip;0;American;3
4943;1735;StartTrip;English;2;3
4944;1735;StartTrip;American;3;6
4945;1736;FinishTrip;German;4
4946;1736;StartTrip;German;4;2
4947;1737;FinishTrip;0;French;4
4948;1737;FinishTrip;0;German;2
4949;1737;FinishTrip;0;Chinese;6
4950;1737;StartTrip;French;4;5
4951;1737;StartTrip;Chinese;6;3
4952;1737;StartTrip;German;2;4
4953;1738;FinishTrip;German;4
4954;1738;StartTrip;German;4;6
4955;1739;FinishTrip;American;6
4956;1739;FinishTrip;Chinese;3
4957;1739;FinishTrip;1;English;3
4958;1739;StartTrip;American;6;2
4959;1739;StartTrip;English;3;2
4960;1739;StartTrip;Chinese;3;6
4961;1741;FinishTrip;0;German;6
4962;1741;StartTrip;German;6;4
4963;1742;FinishTrip;English;2
4964;1742;FinishTrip;German;4
4965;1742;StartTrip;English;2;5
4966;1742;StartTrip;German;4;6
4967;1743;FinishTrip;French;5
4968;1743;FinishTrip;0;Chinese;6
4969;1743;StartTrip;French;5;1
4970;1743;StartTrip;Chinese;6;3
4971;1744;FinishTrip;0;English;5
4972;1744;FinishTrip;0;American;2
4973;1744;StartTrip;English;5;2
4974;1744;StartTrip;American;2;6
4975;1745;FinishTrip;Chinese;3
4976;1745;FinishTrip;English;2
4977;1745;FinishTrip;0;German;6
4978;1745;StartTrip;Chinese;3;6
4979;1745;StartTrip;German;6;4
4980;1745;StartTrip;English;2;3
4981;1746;FinishTrip;German;4
4982;1746;StartTrip;German;4;2
4983;1747;FinishTrip;0;French;1
4984;1747;FinishTrip;0;German;2
4985;1747;StartTrip;French;1;5
4986;1747;StartTrip;German;2;4
4987;1748;FinishTrip;German;4
4988;1748;StartTrip;German;4;3
4989;1749;FinishTrip;0;English;3
4990;1749;FinishTrip;0;Chinese;6
4991;1749;StartTrip;English;3;2
4992;1749;StartTrip;Chinese;6;3
4993;1750;FinishTrip;French;5
4994;1750;StartTrip;French;5;2
4995;1751;FinishTrip;Chinese;3
4996;1751;FinishTrip;1;German;3
4997;1751;FinishTrip;0;French;2
4998;1751;StartTrip;Chinese;3;5
4999;1751;StartTrip;French;2;5
5000;1751;StartTrip;German;3;4
5001;1752;FinishTrip;English;2
5002;1752;StartTrip;English;2;6
5003;1753;FinishTrip;French;5
5004;1753;FinishTrip;1;Chinese;5
5005;1753;StartTrip;French;5;4
5006;1753;StartTrip;Chinese;5;3
5007;1754;FinishTrip;American;6
5008;1754;StartTrip;American;6;4
5009;1755;FinishTrip;0;American;4
5010;1755;StartTrip;American;4;6
5011;1756;FinishTrip;German;4
5012;1756;StartTrip;German;4;3
5013;1757;FinishTrip;Chinese;3
5014;1757;FinishTrip;0;French;4
5015;1757;StartTrip;Chinese;3;6
5016;1757;StartTrip;French;4;5
5017;1758;FinishTrip;American;6
5018;1758;StartTrip;American;6;5
5019;1759;FinishTrip;0;German;3
5020;1759;StartTrip;German;3;4
5021;1761;FinishTrip;0;American;5
5022;1761;FinishTrip;0;Chinese;6
5023;1761;StartTrip;American;5;6
5024;1761;StartTrip;Chinese;6;3
5025;1762;FinishTrip;0;English;6
5026;1762;StartTrip;English;6;2
5027;1763;FinishTrip;Chinese;3
5028;1763;FinishTrip;French;5
5029;1763;StartTrip;Chinese;3;4
5030;1763;StartTrip;French;5;2
5031;1764;FinishTrip;German;4
5032;1764;FinishTrip;0;French;2
5033;1764;StartTrip;German;4;1
5034;1764;StartTrip;French;2;5
5035;1766;FinishTrip;American;6
5036;1766;FinishTrip;French;5
5037;1766;FinishTrip;0;German;1
5038;1766;StartTrip;American;6;1
5039;1766;StartTrip;German;1;4
5040;1766;StartTrip;French;5;2
5041;1767;FinishTrip;English;2
5042;1767;FinishTrip;1;French;2
5043;1767;StartTrip;English;2;4
5044;1767;StartTrip;French;2;5
5045;1768;FinishTrip;German;4
5046;1768;FinishTrip;1;Chinese;4
5047;1768;FinishTrip;1;English;4
5048;1768;StartTrip;German;4;6
5049;1768;StartTrip;English;4;2
5050;1768;StartTrip;Chinese;4;3
5051;1769;FinishTrip;French;5
5052;1769;FinishTrip;English;2
5053;1769;StartTrip;French;5;1
5054;1769;StartTrip;English;2;4
5055;1770;FinishTrip;0;American;1
5056;1770;FinishTrip;0;English;4
5057;1770;StartTrip;American;1;6
5058;1770;StartTrip;English;4;2
5059;1771;FinishTrip;Chinese;3
5060;1771;FinishTrip;English;2
5061;1771;FinishTrip;American;6
5062;1771;FinishTrip;1;German;6
5063;1771;StartTrip;Chinese;3;4
5064;1771;StartTrip;German;6;4
5065;1771;StartTrip;English;2;1
5066;1771;StartTrip;American;6;3
5067;1772;FinishTrip;German;4
5068;1772;StartTrip;German;4;1
5069;1773;FinishTrip;0;American;3
5070;1773;FinishTrip;0;French;1
5071;1773;StartTrip;American;3;6
5072;1773;StartTrip;French;1;5
5073;1774;FinishTrip;0;German;1
5074;1774;StartTrip;German;1;4
5075;1775;FinishTrip;Russian;1
5076;1775;StartTrip;Russian;1;3
5077;1776;FinishTrip;German;4
5078;1776;FinishTrip;French;5
5079;1776;FinishTrip;0;English;1
5080;1776;FinishTrip;1;Chinese;4
5081;1776;StartTrip;German;4;5
5082;1776;StartTrip;Chinese;4;3
5083;1776;StartTrip;French;5;2
5084;1776;StartTrip;English;1;2
5085;1777;FinishTrip;American;6
5086;1777;FinishTrip;0;French;2
5087;1777;StartTrip;American;6;1
5088;1777;StartTrip;French;2;5
5089;1779;FinishTrip;Chinese;3
5090;1779;FinishTrip;French;5
5091;1779;StartTrip;Chinese;3;2
5092;1779;StartTrip;French;5;4
5093;1781;FinishTrip;0;American;1
5094;1781;StartTrip;American;1;6
5095;1782;FinishTrip;American;6
5096;1782;FinishTrip;English;2
5097;1782;FinishTrip;0;German;5
5098;1782;FinishTrip;1;Chinese;2
5099;1782;StartTrip;American;6;4
5100;1782;StartTrip;Chinese;2;3
5101;1782;StartTrip;English;2;1
5102;1782;StartTrip;German;5;4
5103;1783;FinishTrip;0;French;4
5104;1783;FinishTrip;0;American;4
5105;1783;FinishTrip;0;Russian;3
5106;1783;StartTrip;French;4;5
5107;1783;StartTrip;Russian;3;1
5108;1783;StartTrip;American;4;6
5109;1786;FinishTrip;Chinese;3
5110;1786;FinishTrip;American;6
5111;1786;FinishTrip;German;4
5112;1786;StartTrip;Chinese;3;2
5113;1786;StartTrip;German;4;5
5114;1786;StartTrip;American;6;3
5115;1787;FinishTrip;0;English;1
5116;1787;StartTrip;English;1;2
5117;1788;FinishTrip;0;American;3
5118;1788;StartTrip;American;3;6
5119;1789;FinishTrip;French;5
5120;1789;FinishTrip;0;Chinese;2
5121;1789;StartTrip;French;5;6
5122;1789;StartTrip;Chinese;2;3
5123;1792;FinishTrip;American;6
5124;1792;FinishTrip;0;German;5
5125;1792;StartTrip;American;6;4
5126;1792;StartTrip;German;5;4
5127;1793;FinishTrip;English;2
5128;1793;FinishTrip;Chinese;3
5129;1793;FinishTrip;0;American;4
5130;1793;StartTrip;English;2;5
5131;1793;StartTrip;American;4;6
5132;1793;StartTrip;Chinese;3;2
5133;1794;FinishTrip;0;French;6
5134;1794;StartTrip;French;6;5
5135;1795;FinishTrip;0;English;5
5136;1795;StartTrip;English;5;2
5137;1796;FinishTrip;English;2
5138;1796;FinishTrip;American;6
5139;1796;FinishTrip;German;4
5140;1796;FinishTrip;1;Chinese;2
5141;1796;StartTrip;English;2;6
5142;1796;StartTrip;Chinese;2;3
5143;1796;StartTrip;American;6;5
5144;1796;StartTrip;German;4;6
5145;1797;FinishTrip;French;5
5146;1797;StartTrip;French;5;4
5147;1799;FinishTrip;0;German;6
5148;1799;FinishTrip;0;American;5
5149;1799;StartTrip;German;6;4
5150;1799;StartTrip;American;5;6
5151;1800;FinishTrip;Chinese;3
5152;1800;FinishTrip;German;4
5153;1800;StartTrip;Chinese;3;2
5154;1800;StartTrip;German;4;1
5155;1801;FinishTrip;0;French;4
5156;1801;StartTrip;French;4;5
5157;1802;FinishTrip;0;German;1
5158;1802;StartTrip;German;1;4
5159;1803;FinishTrip;0;Chinese;2
5160;1803;StartTrip;Chinese;2;3
5161;1804;FinishTrip;German;4
5162;1804;FinishTrip;American;6
5163;1804;StartTrip;German;4;2
5164;1804;StartTrip;American;6;1
5165;1805;FinishTrip;0;German;2
5166;1805;StartTrip;German;2;4
5167;1806;FinishTrip;German;4
5168;1806;FinishTrip;0;English;6
5169;1806;StartTrip;German;4;5
5170;1806;StartTrip;English;6;2
5171;1807;FinishTrip;Chinese;3
5172;1807;FinishTrip;French;5
5173;1807;StartTrip;Chinese;3;5
5174;1807;StartTrip;French;5;1
5175;1808;FinishTrip;0;American;1
5176;1808;StartTrip;American;1;6
5177;1809;FinishTrip;American;6
5178;1809;FinishTrip;0;Chinese;5
5179;1809;StartTrip;American;6;5
5180;1809;StartTrip;Chinese;5;3
5181;1811;FinishTrip;English;2
5182;1811;FinishTrip;0;French;1
5183;1811;StartTrip;English;2;5
5184;1811;StartTrip;French;1;5
5185;1812;FinishTrip;0;German;5
5186;1812;FinishTrip;0;American;5
5187;1812;StartTrip;German;5;4
5188;1812;StartTrip;American;5;6
5189;1813;FinishTrip;Chinese;3
5190;1813;FinishTrip;0;English;5
5191;1813;StartTrip;Chinese;3;4
5192;1813;StartTrip;English;5;2
5193;1814;FinishTrip;French;5
5194;1814;FinishTrip;English;2
5195;1814;StartTrip;French;5;6
5196;1814;StartTrip;English;2;4
5197;1815;FinishTrip;0;English;4
5198;1815;StartTrip;English;4;2
5199;1816;FinishTrip;German;4
5200;1816;FinishTrip;English;2
5201;1816;StartTrip;German;4;6
5202;1816;StartTrip;English;2;5
5203;1817;FinishTrip;American;6
5204;1817;StartTrip;American;6;3
5205;1818;FinishTrip;0;English;5
5206;1818;FinishTrip;0;Chinese;4
5207;1818;StartTrip;English;5;2
5208;1818;StartTrip;Chinese;4;3
5209;1819;FinishTrip;English;2
5210;1819;FinishTrip;0;American;3
5211;1819;FinishTrip;0;German;6
5212;1819;FinishTrip;0;French;6
5213;1819;StartTrip;English;2;4
5214;1819;StartTrip;French;6;5
5215;1819;StartTrip;American;3;6
5216;1819;StartTrip;German;6;4
5217;1820;FinishTrip;German;4
5218;1820;FinishTrip;1;English;4
5219;1820;StartTrip;German;4;5
5220;1820;StartTrip;English;4;2
5221;1821;FinishTrip;Chinese;3
5222;1821;FinishTrip;English;2
5223;1821;StartTrip;Chinese;3;6
5224;1821;StartTrip;English;2;4
5225;1822;FinishTrip;French;5
5226;1822;FinishTrip;0;English;4
5227;1822;StartTrip;French;5;1
5228;1822;StartTrip;English;4;2
5229;1823;FinishTrip;American;6
5230;1823;FinishTrip;English;2
5231;1823;StartTrip;American;6;4
5232;1823;StartTrip;English;2;5
5233;1824;FinishTrip;0;American;4
5234;1824;StartTrip;American;4;6
5235;1825;FinishTrip;0;English;5
5236;1825;FinishTrip;0;Chinese;6
5237;1825;StartTrip;English;5;2
5238;1825;StartTrip;Chinese;6;3
5239;1826;FinishTrip;English;2
5240;1826;FinishTrip;0;German;5
5241;1826;FinishTrip;0;French;1
5242;1826;StartTrip;English;2;3
5243;1826;StartTrip;French;1;5
5244;1826;StartTrip;German;5;4
5245;1827;FinishTrip;Chinese;3
5246;1827;FinishTrip;American;6
5247;1827;StartTrip;Chinese;3;2
5248;1827;StartTrip;American;6;3
5249;1829;FinishTrip;French;5
5250;1829;FinishTrip;0;American;3
5251;1829;StartTrip;French;5;2
5252;1829;StartTrip;American;3;6
5253;1830;FinishTrip;German;4
5254;1830;FinishTrip;0;Chinese;2
5255;1830;FinishTrip;0;English;3
5256;1830;FinishTrip;0;French;2
5257;1830;StartTrip;German;4;3
5258;1830;StartTrip;French;2;5
5259;1830;StartTrip;Chinese;2;3
5260;1830;StartTrip;English;3;2
5261;1832;FinishTrip;French;5
5262;1832;StartTrip;French;5;2
5263;1833;FinishTrip;English;2
5264;1833;FinishTrip;American;6
5265;1833;FinishTrip;0;German;3
5266;1833;FinishTrip;1;French;2
5267;1833;StartTrip;English;2;6
5268;1833;StartTrip;French;2;5
5269;1833;StartTrip;American;6;4
5270;1833;StartTrip;German;3;4
5271;1834;FinishTrip;Chinese;3
5272;1834;FinishTrip;0;American;4
5273;1834;StartTrip;Chinese;3;1
5274;1834;StartTrip;American;4;6
5275;1835;FinishTrip;Russian;1
5276;1835;FinishTrip;French;5
5277;1835;StartTrip;Russian;1;2
5278;1835;StartTrip;French;5;3
5279;1837;FinishTrip;American;6
5280;1837;StartTrip;American;6;3
5281;1838;FinishTrip;German;4
5282;1838;StartTrip;German;4;2
5283;1839;FinishTrip;0;French;3
5284;1839;FinishTrip;0;American;3
5285;1839;FinishTrip;0;German;2
5286;1839;StartTrip;French;3;5
5287;1839;StartTrip;German;2;4
5288;1839;StartTrip;American;3;6
5289;1840;FinishTrip;German;4
5290;1840;StartTrip;German;4;5
5291;1841;FinishTrip;French;5
5292;1841;FinishTrip;0;Russian;2
5293;1841;StartTrip;French;5;6
5294;1841;StartTrip;Russian;2;1
5295;1843;FinishTrip;American;6
5296;1843;FinishTrip;1;English;6
5297;1843;StartTrip;American;6;5
5298;1843;StartTrip;English;6;2
5299;1846;FinishTrip;Russian;1
5300;1846;FinishTrip;0;German;5
5301;1846;FinishTrip;0;American;5
5302;1846;FinishTrip;0;French;6
5303;1846;StartTrip;Russian;1;3
5304;1846;StartTrip;French;6;5
5305;1846;StartTrip;German;5;4
5306;1846;StartTrip;American;5;6
5307;1848;FinishTrip;English;2
5308;1848;StartTrip;English;2;6
5309;1849;FinishTrip;French;5
5310;1849;StartTrip;French;5;1
5311;1850;FinishTrip;German;4
5312;1850;StartTrip;German;4;3
5313;1851;FinishTrip;American;6
5314;1851;StartTrip;American;6;1
5315;1853;FinishTrip;0;French;1
5316;1853;FinishTrip;0;German;3
5317;1853;StartTrip;French;1;5
5318;1853;StartTrip;German;3;4
5319;1854;FinishTrip;0;Russian;3
5320;1854;StartTrip;Russian;3;1
5321;1855;FinishTrip;0;American;1
5322;1855;StartTrip;American;1;6
5323;1856;FinishTrip;French;5
5324;1856;FinishTrip;American;6
5325;1856;StartTrip;French;5;2
5326;1856;StartTrip;American;6;4
5327;1857;FinishTrip;0;French;2
5328;1857;FinishTrip;0;American;4
5329;1857;StartTrip;French;2;5
5330;1857;StartTrip;American;4;6
5331;1858;FinishTrip;German;4
5332;1858;FinishTrip;0;English;6
5333;1858;StartTrip;German;4;5
5334;1858;StartTrip;English;6;2
5335;1859;FinishTrip;French;5
5336;1859;StartTrip;French;5;6
5337;1860;FinishTrip;American;6
5338;1860;StartTrip;American;6;5
5339;1863;FinishTrip;English;2
5340;1863;FinishTrip;0;American;5
5341;1863;StartTrip;English;2;5
5342;1863;StartTrip;American;5;6
5343;1864;FinishTrip;0;French;6
5344;1864;FinishTrip;0;German;5
5345;1864;StartTrip;French;6;5
5346;1864;StartTrip;German;5;4
5347;1865;FinishTrip;0;English;5
5348;1865;StartTrip;English;5;2
5349;1866;FinishTrip;English;2
5350;1866;StartTrip;English;2;5
5351;1867;FinishTrip;French;5
5352;1867;StartTrip;French;5;3
5353;1868;FinishTrip;American;6
5354;1868;FinishTrip;German;4
5355;1868;FinishTrip;0;English;5
5356;1868;StartTrip;American;6;4
5357;1868;StartTrip;English;5;2
5358;1868;StartTrip;German;4;1
5359;1869;FinishTrip;English;2
5360;1869;FinishTrip;0;American;4
5361;1869;StartTrip;English;2;3
5362;1869;StartTrip;American;4;6
5363;1870;FinishTrip;0;German;1
5364;1870;StartTrip;German;1;4
5365;1871;FinishTrip;0;French;3
5366;1871;StartTrip;French;3;5
5367;1872;FinishTrip;American;6
5368;1872;FinishTrip;German;4
5369;1872;StartTrip;American;6;5
5370;1872;StartTrip;German;4;5
5371;1873;FinishTrip;French;5
5372;1873;FinishTrip;0;English;3
5373;1873;StartTrip;French;5;1
5374;1873;StartTrip;English;3;2
5375;1875;FinishTrip;0;American;5
5376;1875;StartTrip;American;5;6
5377;1876;FinishTrip;English;2
5378;1876;StartTrip;English;2;5
5379;1877;FinishTrip;0;French;1
5380;1877;StartTrip;French;1;5
5381;1878;FinishTrip;0;German;5
5382;1878;FinishTrip;0;English;5
5383;1878;StartTrip;German;5;4
5384;1878;StartTrip;English;5;2
5385;1879;FinishTrip;English;2
5386;1879;StartTrip;English;2;1
5387;1880;FinishTrip;French;5
5388;1880;FinishTrip;American;6
5389;1880;StartTrip;French;5;2
5390;1880;StartTrip;American;6;1
5391;1881;FinishTrip;0;French;2
5392;1881;StartTrip;French;2;5
5393;1882;FinishTrip;German;4
5394;1882;StartTrip;German;4;1
5395;1883;FinishTrip;French;5
5396;1883;StartTrip;French;5;2
5397;1884;FinishTrip;0;English;1
5398;1884;FinishTrip;0;German;1
5399;1884;FinishTrip;0;French;2
5400;1884;FinishTrip;0;American;1
5401;1884;StartTrip;English;1;2
5402;1884;StartTrip;American;1;6
5403;1884;StartTrip;German;1;4
5404;1884;StartTrip;French;2;5
5405;1885;FinishTrip;American;6
5406;1885;StartTrip;American;6;5
5407;1886;FinishTrip;French;5
5408;1886;FinishTrip;German;4
5409;1886;FinishTrip;0;Chinese;1
5410;1886;StartTrip;French;5;3
5411;1886;StartTrip;Chinese;1;3
5412;1886;StartTrip;German;4;5
5413;1888;FinishTrip;0;American;5
5414;1888;StartTrip;American;5;6
5415;1890;FinishTrip;English;2
5416;1890;FinishTrip;0;French;3
5417;1890;StartTrip;English;2;4
5418;1890;StartTrip;French;3;5
5419;1891;FinishTrip;0;English;4
5420;1891;StartTrip;English;4;2
5421;1892;FinishTrip;French;5
5422;1892;FinishTrip;English;2
5423;1892;FinishTrip;1;German;5
5424;1892;StartTrip;French;5;1
5425;1892;StartTrip;German;5;4
5426;1892;StartTrip;English;2;3
5427;1893;FinishTrip;American;6
5428;1893;StartTrip;American;6;5
5429;1894;FinishTrip;Chinese;3
5430;1894;StartTrip;Chinese;3;2
5431;1896;FinishTrip;German;4
5432;1896;FinishTrip;0;English;3
5433;1896;FinishTrip;0;American;5
5434;1896;FinishTrip;0;French;1
5435;1896;StartTrip;German;4;2
5436;1896;StartTrip;French;1;5
5437;1896;StartTrip;English;3;2
5438;1896;StartTrip;American;5;6
5439;1897;FinishTrip;0;Chinese;2
5440;1897;FinishTrip;0;German;2
5441;1897;StartTrip;Chinese;2;3
5442;1897;StartTrip;German;2;4
5443;1898;FinishTrip;German;4
5444;1898;StartTrip;German;4;1
5445;1899;FinishTrip;French;5
5446;1899;FinishTrip;English;2
5447;1899;StartTrip;French;5;2
5448;1899;StartTrip;English;2;4
5449;1900;FinishTrip;0;German;1
5450;1900;FinishTrip;0;English;4
5451;1900;FinishTrip;0;French;2
5452;1900;StartTrip;German;1;4
5453;1900;StartTrip;French;2;5
5454;1900;StartTrip;English;4;2
5455;1901;FinishTrip;Chinese;3
5456;1901;FinishTrip;English;2
5457;1901;FinishTrip;American;6
5458;1901;StartTrip;Chinese;3;1
5459;1901;StartTrip;American;6;1
5460;1901;StartTrip;English;2;6
5461;1902;FinishTrip;French;5
5462;1902;FinishTrip;German;4
5463;1902;StartTrip;French;5;6
5464;1902;StartTrip;German;4;2
5465;1903;FinishTrip;0;German;2
5466;1903;StartTrip;German;2;4
5467;1904;FinishTrip;German;4
5468;1904;StartTrip;German;4;6
5469;1905;FinishTrip;0;American;1
5470;1905;StartTrip;American;1;6
5471;1906;FinishTrip;Russian;1
5472;1906;FinishTrip;American;6
5473;1906;StartTrip;Russian;1;3
5474;1906;StartTrip;American;6;5
5475;1907;FinishTrip;0;German;6
5476;1907;FinishTrip;0;French;6
5477;1907;StartTrip;German;6;4
5478;1907;StartTrip;French;6;5
5479;1908;FinishTrip;German;4
5480;1908;StartTrip;German;4;2
5481;1909;FinishTrip;0;American;5
5482;1909;FinishTrip;0;German;2
5483;1909;StartTrip;American;5;6
5484;1909;StartTrip;German;2;4
5485;1910;FinishTrip;French;5
5486;1910;FinishTrip;German;4
5487;1910;StartTrip;French;5;2
5488;1910;StartTrip;German;4;3
5489;1911;FinishTrip;0;English;6
5490;1911;FinishTrip;0;French;2
5491;1911;StartTrip;English;6;2
5492;1911;StartTrip;French;2;5
5493;1913;FinishTrip;French;5
5494;1913;FinishTrip;0;German;3
5495;1913;StartTrip;French;5;1
5496;1913;StartTrip;German;3;4
5497;1914;FinishTrip;American;6
5498;1914;FinishTrip;0;Russian;3
5499;1914;StartTrip;American;6;3
5500;1914;StartTrip;Russian;3;1
5501;1916;FinishTrip;English;2
5502;1916;FinishTrip;0;American;3
5503;1916;StartTrip;English;2;1
5504;1916;StartTrip;American;3;6
5505;1917;FinishTrip;0;French;1
5506;1917;StartTrip;French;1;5
5507;1918;FinishTrip;German;4
5508;1918;StartTrip;German;4;2
5509;1919;FinishTrip;0;German;2
5510;1919;StartTrip;German;2;4
5511;1920;FinishTrip;American;6
5512;1920;FinishTrip;French;5
5513;1920;FinishTrip;German;4
5514;1920;StartTrip;American;6;3
5515;1920;StartTrip;German;4;3
5516;1920;StartTrip;French;5;1
5517;1921;FinishTrip;0;English;1
5518;1921;StartTrip;English;1;2
5519;1922;FinishTrip;0;American;3
5520;1922;StartTrip;American;3;6
5521;1923;FinishTrip;0;German;3
5522;1923;StartTrip;German;3;4
5523;1924;FinishTrip;0;French;1
5524;1924;StartTrip;French;1;5
5525;1926;FinishTrip;American;6
5526;1926;StartTrip;American;6;5
5527;1927;FinishTrip;French;5
5528;1927;FinishTrip;English;2
5529;1927;StartTrip;French;5;1
5530;1927;StartTrip;English;2;6
5531;1928;FinishTrip;German;4
5532;1928;StartTrip;German;4;5
5533;1929;FinishTrip;0;American;5
5534;1929;StartTrip;American;5;6
5535;1931;FinishTrip;0;French;1
5536;1931;StartTrip;French;1;5
5537;1934;FinishTrip;American;6
5538;1934;FinishTrip;French;5
5539;1934;FinishTrip;1;German;5
5540;1934;StartTrip;American;6;3
5541;1934;StartTrip;German;5;4
5542;1934;StartTrip;French;5;2
5543;1935;FinishTrip;0;French;2
5544;1935;StartTrip;French;2;5
5545;1936;FinishTrip;0;American;3
5546;1936;StartTrip;American;3;6
5547;1937;FinishTrip;French;5
5548;1937;FinishTrip;0;English;6
5549;1937;StartTrip;French;5;6
5550;1937;StartTrip;English;6;2
5551;1938;FinishTrip;German;4
5552;1938;StartTrip;German;4;3
5553;1940;FinishTrip;American;6
5554;1940;StartTrip;American;6;1
5555;1941;FinishTrip;0;German;3
5556;1941;StartTrip;German;3;4
5557;1942;FinishTrip;English;2
5558;1942;FinishTrip;0;French;6
5559;1942;StartTrip;English;2;5
5560;1942;StartTrip;French;6;5
5561;1944;FinishTrip;0;American;1
5562;1944;FinishTrip;0;English;5
5563;1944;StartTrip;American;1;6
5564;1944;StartTrip;English;5;2
5565;1945;FinishTrip;French;5
5566;1945;FinishTrip;English;2
5567;1945;FinishTrip;American;6
5568;1945;StartTrip;French;5;6
5569;1945;StartTrip;American;6;3
5570;1945;StartTrip;English;2;3
5571;1946;FinishTrip;German;4
5572;1946;StartTrip;German;4;2
5573;1947;FinishTrip;0;American;3
5574;1947;FinishTrip;0;German;2
5575;1947;StartTrip;American;3;6
5576;1947;StartTrip;German;2;4
5577;1948;FinishTrip;German;4
5578;1948;StartTrip;German;4;5
5579;1949;FinishTrip;0;English;3
5580;1949;StartTrip;English;3;2
5581;1950;FinishTrip;0;French;6
5582;1950;StartTrip;French;6;5
5583;1951;FinishTrip;American;6
5584;1951;StartTrip;American;6;4
5585;1952;FinishTrip;English;2
5586;1952;FinishTrip;0;American;4
5587;1952;StartTrip;English;2;6
5588;1952;StartTrip;American;4;6
5589;1953;FinishTrip;French;5
5590;1953;FinishTrip;0;Chinese;1
5591;1953;StartTrip;French;5;6
5592;1953;StartTrip;Chinese;1;3
5593;1954;FinishTrip;0;German;5
5594;1954;StartTrip;German;5;4
5595;1955;FinishTrip;American;6
5596;1955;StartTrip;American;6;3
5597;1957;FinishTrip;0;American;3
5598;1957;StartTrip;American;3;6
5599;1958;FinishTrip;German;4
5600;1958;FinishTrip;0;French;6
5601;1958;StartTrip;German;4;1
5602;1958;StartTrip;French;6;5
5603;1960;FinishTrip;0;German;1
5604;1960;StartTrip;German;1;4
5605;1961;FinishTrip;French;5
5606;1961;FinishTrip;Chinese;3
5607;1961;FinishTrip;American;6
5608;1961;StartTrip;French;5;1
5609;1961;StartTrip;American;6;1
5610;1961;StartTrip;Chinese;3;1
5611;1962;FinishTrip;German;4
5612;1962;FinishTrip;0;English;6
5613;1962;StartTrip;German;4;3
5614;1962;StartTrip;English;6;2
5615;1965;FinishTrip;0;American;1
5616;1965;FinishTrip;0;French;1
5617;1965;FinishTrip;0;German;3
5618;1965;StartTrip;American;1;6
5619;1965;StartTrip;French;1;5
5620;1965;StartTrip;German;3;4
5621;1966;FinishTrip;Russian;1
5622;1966;FinishTrip;American;6
5623;1966;StartTrip;Russian;1;6
5624;1966;StartTrip;American;6;3
5625;1967;FinishTrip;English;2
5626;1967;FinishTrip;0;Russian;6
5627;1967;StartTrip;English;2;5
5628;1967;StartTrip;Russian;6;1
5629;1968;FinishTrip;French;5
5630;1968;FinishTrip;0;American;3
5631;1968;StartTrip;French;5;4
5632;1968;StartTrip;American;3;6
5633;1969;FinishTrip;0;English;5
5634;1969;StartTrip;English;5;2
5635;1970;FinishTrip;German;4
5636;1970;FinishTrip;English;2
5637;1970;StartTrip;German;4;6
5638;1970;StartTrip;English;2;3
5639;1971;FinishTrip;Russian;1
5640;1971;StartTrip;Russian;1;4
5641;1972;FinishTrip;American;6
5642;1972;FinishTrip;0;French;4
5643;1972;StartTrip;American;6;5
5644;1972;StartTrip;French;4;5
5645;1973;FinishTrip;0;Russian;4
5646;1973;FinishTrip;0;German;6
5647;1973;StartTrip;Russian;4;1
5648;1973;StartTrip;German;6;4
5649;1974;FinishTrip;German;4
5650;1974;FinishTrip;0;English;3
5651;1974;StartTrip;German;4;5
5652;1974;StartTrip;English;3;2
5653;1975;FinishTrip;Russian;1
5654;1975;FinishTrip;0;American;5
5655;1975;StartTrip;Russian;1;6
5656;1975;StartTrip;American;5;6
5657;1976;FinishTrip;0;Russian;6
5658;1976;StartTrip;Russian;6;1
5659;1977;FinishTrip;English;2
5660;1977;StartTrip;English;2;4
5661;1978;FinishTrip;French;5
5662;1978;FinishTrip;0;English;4
5663;1978;StartTrip;French;5;1
5664;1978;StartTrip;English;4;2
5665;1979;FinishTrip;English;2
5666;1979;StartTrip;English;2;1
5667;1980;FinishTrip;American;6
5668;1980;FinishTrip;Russian;1
5669;1980;FinishTrip;0;German;5
5670;1980;StartTrip;American;6;5
5671;1980;StartTrip;Russian;1;4
5672;1980;StartTrip;German;5;4
5673;1982;FinishTrip;0;French;1
5674;1982;FinishTrip;0;Russian;4
5675;1982;StartTrip;French;1;5
5676;1982;StartTrip;Russian;4;1
5677;1983;FinishTrip;0;American;5
5678;1983;StartTrip;American;5;6
5679;1984;FinishTrip;Russian;1
5680;1984;FinishTrip;German;4
5681;1984;FinishTrip;1;English;1
5682;1984;StartTrip;Russian;1;5
5683;1984;StartTrip;German;4;3
5684;1984;StartTrip;English;1;2
5685;1985;FinishTrip;French;5
5686;1985;StartTrip;French;5;6
5687;1987;FinishTrip;0;Russian;5
5688;1987;FinishTrip;0;German;3
5689;1987;StartTrip;Russian;5;1
5690;1987;StartTrip;German;3;4
5691;1988;FinishTrip;American;6
5692;1988;StartTrip;American;6;4
5693;1989;FinishTrip;0;American;4
5694;1989;StartTrip;American;4;6
5695;1990;FinishTrip;English;2
5696;1990;FinishTrip;0;French;6
5697;1990;StartTrip;English;2;5
5698;1990;StartTrip;French;6;5
5699;1991;FinishTrip;Russian;1
5700;1991;StartTrip;Russian;1;6
5701;1992;FinishTrip;German;4
5702;1992;FinishTrip;American;6
5703;1992;FinishTrip;0;English;5
5704;1992;FinishTrip;1;Russian;6
5705;1992;StartTrip;German;4;1
5706;1992;StartTrip;American;6;5
5707;1992;StartTrip;Russian;6;1
5708;1992;StartTrip;English;5;2
5709;1993;FinishTrip;French;5
5710;1993;FinishTrip;English;2
5711;1993;StartTrip;French;5;6
5712;1993;StartTrip;English;2;4
5713;1994;FinishTrip;0;German;1
5714;1994;FinishTrip;0;English;4
5715;1994;StartTrip;German;1;4
5716;1994;StartTrip;English;4;2
5717;1995;FinishTrip;English;2
5718;1995;FinishTrip;0;American;5
5719;1995;StartTrip;English;2;6
5720;1995;StartTrip;American;5;6
5721;1996;FinishTrip;Russian;1
5722;1996;FinishTrip;German;4
5723;1996;StartTrip;Russian;1;6
5724;1996;StartTrip;German;4;1
5725;1997;FinishTrip;0;Russian;6
5726;1997;StartTrip;Russian;6;1
5727;1998;FinishTrip;0;French;6
5728;1998;FinishTrip;0;German;1
5729;1998;StartTrip;French;6;5
5730;1998;StartTrip;German;1;4
5731;2000;FinishTrip;American;6
5732;2000;FinishTrip;German;4
5733;2000;StartTrip;American;6;5
5734;2000;StartTrip;German;4;6
---- KNOWLEDGE ----
1;{1: {'pet': 'Dog', 'house': 1, 'location': 1, 't': 0}, 4: {'pet': 'Fish', 'house': 4, 'location': 3, 't': 1233}, 5: {'pet': 'Humpster', 'house': 5, 'location': 5, 't': 1051}, 2: {'pet': 'Cat', 'house': 2, 'location': 1, 't': 1984}, 6: {'pet': 'Bear', 'house': 6, 'location': 6, 't': 1992}, 3: {'pet': 'Zebra', 'house': 3, 'location': 3, 't': 1233}}
2;{2: {'pet': 'Cat', 'house': 2, 'location': 2, 't': 0}, 3: {'pet': 'Zebra', 'house': 3, 'location': 2, 't': 1796}, 5: {'pet': 'Humpster', 'house': 5, 'location': 2, 't': 1833}, 4: {'pet': 'Fish', 'house': 4, 'location': 4, 't': 1820}, 6: {'pet': 'Bear', 'house': 6, 'location': 6, 't': 1843}, 1: {'pet': 'Dog', 'house': 1, 'location': 1, 't': 1984}}
3;{3: {'pet': 'Zebra', 'house': 3, 'location': 3, 't': 0}, 4: {'pet': 'Fish', 'house': 4, 'location': 4, 't': 1776}, 2: {'pet': 'Cat', 'house': 2, 'location': 2, 't': 1796}, 5: {'pet': 'Humpster', 'house': 5, 'location': 5, 't': 1753}, 6: {'pet': 'Bear', 'house': 6, 'location': 6, 't': 1068}, 1: {'pet': 'Dog', 'house': 1, 'location': 3, 't': 1233}}
4;{4: {'pet': 'Fish', 'house': 4, 'location': 4, 't': 0}, 3: {'pet': 'Zebra', 'house': 3, 'location': 4, 't': 1776}, 5: {'pet': 'Humpster', 'house': 5, 'location': 5, 't': 1934}, 1: {'pet': 'Dog', 'house': 1, 'location': 3, 't': 1233}, 6: {'pet': 'Bear', 'house': 6, 'location': 6, 't': 1771}, 2: {'pet': 'Cat', 'house': 2, 'location': 4, 't': 1820}}
5;{5: {'pet': 'Humpster', 'house': 5, 'location': 5, 't': 0}, 6: {'pet': 'Bear', 'house': 6, 'location': 2, 't': 1637}, 2: {'pet': 'Cat', 'house': 2, 'location': 2, 't': 1833}, 4: {'pet': 'Fish', 'house': 4, 'location': 5, 't': 1934}, 3: {'pet': 'Zebra', 'house': 3, 'location': 5, 't': 1753}, 1: {'pet': 'Dog', 'house': 1, 'location': 5, 't': 1051}}
6;{6: {'pet': 'Bear', 'house': 6, 'location': 6, 't': 0}, 5: {'pet': 'Humpster', 'house': 5, 'location': 2, 't': 1637}, 4: {'pet': 'Fish', 'house': 4, 'location': 6, 't': 1771}, 2: {'pet': 'Cat', 'house': 2, 'location': 6, 't': 1843}, 1: {'pet': 'Dog', 'house': 1, 'location': 6, 't': 1992}, 3: {'pet': 'Zebra', 'house': 3, 'location': 6, 't': 1068}}
