agent_id;t;value
1;0;0.666667
1;1;0.673333
1;2;0.670000
1;3;0.666667
1;4;0.676667
1;5;0.673333
1;6;0.670000
1;7;0.666667
1;8;0.690000
1;9;0.686667
1;10;0.683333
1;11;0.680000
1;12;0.676667
1;13;0.673333
1;14;0.670000
1;15;0.666667
1;16;0.836667
1;17;0.833333
1;18;0.830000
1;19;0.826667
1;20;0.823333
1;21;0.820000
1;22;0.816667
1;23;0.813333
1;24;0.810000
1;25;0.806667
1;26;0.803333
1;27;0.800000
1;28;0.796667
1;29;0.793333
1;30;0.790000
1;31;0.786667
1;32;0.783333
1;33;0.780000
1;34;0.776667
1;35;0.773333
1;36;0.770000
1;37;0.766667
1;38;0.763333
1;39;0.760000
1;40;0.756667
1;41;0.753333
1;42;0.750000
1;43;0.746667
1;44;0.743333
1;45;0.740000
1;46;0.736667
1;47;0.733333
1;48;0.730000
1;49;0.726667
1;50;0.723333
1;51;0.720000
1;52;0.716667
1;53;0.713333
1;54;0.710000
1;55;0.706667
1;56;0.703333
1;57;0.700000
1;58;0.696667
1;59;0.693333
1;60;0.690000
1;61;0.686667
1;62;0.683333
1;63;0.680000
1;64;0.676667
1;65;0.673333
1;66;0.670000
1;67;0.666667
1;68;0.690000
1;69;0.686667
1;70;0.683333
1;71;0.680000
1;72;0.676667
1;73;0.673333
1;74;0.670000
1;75;0.666667
1;76;0.836667
1;77;0.833333
1;78;0.830000
1;79;0.826667
1;80;0.823333
1;81;0.820000
1;82;0.816667
1;83;0.813333
1;84;0.810000
1;85;0.806667
1;86;0.803333
1;87;0.800000
1;88;0.796667
1;89;0.793333
1;90;0.790000
1;91;0.786667
1;92;0.783333
1;93;0.780000
1;94;0.776667
1;95;0.773333
1;96;0.770000
1;97;0.766667
1;98;0.763333
1;99;0.760000
1;100;0.756667
1;101;0.753333
1;102;0.750000
1;103;0.746667
1;104;0.743333
1;105;0.740000
1;106;0.736667
1;107;0.733333
1;108;0.730000
1;109;0.726667
1;110;0.723333
1;111;0.720000
1;112;0.716667
1;113;0.713333
1;114;0.710000
1;115;0.706667
1;116;0.703333
1;117;0.700000
1;118;0.696667
1;119;0.693333
1;120;0.690000
1;121;0.686667
1;122;0.683333
1;123;0.680000
1;124;0.676667
1;125;0.673333
1;126;0.670000
1;127;0.666667
1;128;0.666667
1;129;0.676667
1;130;0.673333
1;131;0.670000
1;132;0.666667
1;133;0.671667
1;134;0.668333
1;135;0.672222
1;136;0.677778
1;137;0.674444
1;138;0.671111
1;139;0.667778
1;140;0.674444
1;141;0.675556
1;142;0.672222
1;143;0.673333
1;144;0.670000
1;145;0.673333
1;146;0.674444
1;147;0.680000
1;148;0.676667
1;149;0.673333
1;150;0.673333
1;151;0.674444
1;152;0.671111
1;153;0.673333
1;154;0.670000
1;155;0.727778
1;156;0.724444
1;157;0.721111
1;158;0.722222
1;159;0.722222
1;160;0.718889
1;161;0.720000
1;162;0.722222
1;163;0.718889
1;164;0.715556
1;165;0.715556
1;166;0.712222
1;167;0.710000
1;168;0.713333
1;169;0.712222
1;170;0.708889
1;171;0.707778
1;172;0.704444
1;173;0.707778
1;174;0.704444
1;175;0.701111
1;176;0.700000
1;177;0.702222
1;178;0.698889
1;179;0.700000
1;180;0.697778
1;181;0.697778
1;182;0.694444
1;183;0.693333
1;184;0.691111
1;185;0.695556
1;186;0.692222
1;187;0.688889
1;188;0.691111
1;189;0.690000
1;190;0.686667
1;191;0.687778
1;192;0.684444
1;193;0.684444
1;194;0.681111
1;195;0.681111
1;196;0.683333
1;197;0.680000
1;198;0.681111
1;199;0.677778
1;200;0.674444
1;201;0.674444
1;202;0.677778
1;203;0.674444
1;204;0.676667
1;205;0.673333
1;206;0.670000
1;207;0.667778
1;208;0.673333
1;209;0.673333
1;210;0.670000
1;211;0.666667
1;212;0.678889
1;213;0.675556
1;214;0.672222
1;215;0.673333
1;216;0.670000
1;217;0.670000
1;218;0.671111
1;219;0.668889
1;220;0.671111
1;221;0.671111
1;222;0.674444
1;223;0.671111
1;224;0.670000
1;225;0.674444
1;226;0.671111
1;227;0.667778
1;228;0.671111
1;229;0.676667
1;230;0.673333
1;231;0.674444
1;232;0.671111
1;233;0.674444
1;234;0.671111
1;235;0.675556
1;236;0.672222
1;237;0.673333
1;238;0.670000
1;239;0.671111
1;240;0.671111
1;241;0.671111
1;242;0.667778
1;243;0.671111
1;244;0.672222
1;245;0.671111
1;246;0.667778
1;247;0.670000
1;248;0.668889
1;249;0.667778
1;250;0.674444
1;251;0.680000
1;252;0.676667
1;253;0.673333
1;254;0.673333
1;255;0.676667
1;256;0.673333
1;257;0.674444
1;258;0.671111
1;259;0.725556
1;260;0.722222
1;261;0.725556
1;262;0.722222
1;263;0.723333
1;264;0.720000
1;265;0.717778
1;266;0.715556
1;267;0.717778
1;268;0.714444
1;269;0.713333
1;270;0.711111
1;271;0.713333
1;272;0.710000
1;273;0.711111
1;274;0.708889
1;275;0.712222
1;276;0.708889
1;277;0.708889
1;278;0.705556
1;279;0.702222
1;280;0.703333
1;281;0.704444
1;282;0.701111
1;283;0.697778
1;284;0.696667
1;285;0.695556
1;286;0.696667
1;287;0.695556
1;288;0.692222
1;289;0.695556
1;290;0.695556
1;291;0.692222
1;292;0.688889
1;293;0.690000
1;294;0.686667
1;295;0.687778
1;296;0.684444
1;297;0.684444
1;298;0.681111
1;299;0.681111
1;300;0.682222
1;301;0.678889
1;302;0.681111
1;303;0.677778
1;304;0.681111
1;305;0.677778
1;306;0.674444
1;307;0.673333
1;308;0.670000
1;309;0.668889
1;310;0.666667
1;311;0.673333
1;312;0.674444
1;313;0.675556
1;314;0.672222
1;315;0.668889
1;316;0.672222
1;317;0.675556
1;318;0.672222
1;319;0.674444
1;320;0.671111
1;321;0.671111
1;322;0.673333
1;323;0.670000
1;324;0.671111
1;325;0.674444
1;326;0.671111
1;327;0.673333
1;328;0.674444
1;329;0.671111
1;330;0.667778
1;331;0.672222
1;332;0.677778
1;333;0.674444
1;334;0.675556
1;335;0.678889
1;336;0.675556
1;337;0.672222
1;338;0.671111
1;339;0.667778
1;340;0.726667
1;341;0.727778
1;342;0.724444
1;343;0.721111
1;344;0.724444
1;345;0.724444
1;346;0.721111
1;347;0.717778
1;348;0.715556
1;349;0.713333
1;350;0.712222
1;351;0.714444
1;352;0.711111
1;353;0.708889
1;354;0.708889
1;355;0.707778
1;356;0.708889
1;357;0.707778
1;358;0.704444
1;359;0.707778
1;360;0.707778
1;361;0.704444
1;362;0.701111
1;363;0.702222
1;364;0.698889
1;365;0.700000
1;366;0.696667
1;367;0.700000
1;368;0.696667
1;369;0.695556
1;370;0.692222
1;371;0.691111
1;372;0.687778
1;373;0.688889
1;374;0.687778
1;375;0.684444
1;376;0.687778
1;377;0.691111
1;378;0.687778
1;379;0.684444
1;380;0.681111
1;381;0.681111
1;382;0.677778
1;383;0.678889
1;384;0.680000
1;385;0.676667
1;386;0.673333
1;387;0.676667
1;388;0.675556
1;389;0.672222
1;390;0.670000
1;391;0.668889
1;392;0.667778
1;393;0.673333
1;394;0.672222
1;395;0.668889
1;396;0.666667
1;397;0.674444
1;398;0.671111
1;399;0.667778
1;400;0.670000
1;401;0.671111
1;402;0.672222
1;403;0.668889
1;404;0.673333
1;405;0.670000
1;406;0.678889
1;407;0.675556
1;408;0.672222
1;409;0.672222
1;410;0.668889
1;411;0.668889
1;412;0.676667
1;413;0.673333
1;414;0.674444
1;415;0.671111
1;416;0.667778
1;417;0.668889
1;418;0.668889
1;419;0.670000
1;420;0.666667
1;421;0.672222
1;422;0.673333
1;423;0.672222
1;424;0.668889
1;425;0.672222
1;426;0.674444
1;427;0.671111
1;428;0.670000
1;429;0.671111
1;430;0.674444
1;431;0.675556
1;432;0.672222
1;433;0.675556
1;434;0.672222
1;435;0.670000
1;436;0.673333
1;437;0.672222
1;438;0.668889
1;439;0.673333
1;440;0.670000
1;441;0.672222
1;442;0.668889
1;443;0.667778
1;444;0.672222
1;445;0.672222
1;446;0.668889
1;447;0.670000
1;448;0.676667
1;449;0.680000
1;450;0.676667
1;451;0.676667
1;452;0.673333
1;453;0.670000
1;454;0.672222
1;455;0.673333
1;456;0.727778
1;457;0.724444
1;458;0.721111
1;459;0.724444
1;460;0.721111
1;461;0.717778
1;462;0.720000
1;463;0.717778
1;464;0.715556
1;465;0.715556
1;466;0.718889
1;467;0.715556
1;468;0.717778
1;469;0.714444
1;470;0.711111
1;471;0.707778
1;472;0.708889
1;473;0.708889
1;474;0.705556
1;475;0.702222
1;476;0.706667
1;477;0.703333
1;478;0.701111
1;479;0.700000
1;480;0.696667
1;481;0.700000
1;482;0.696667
1;483;0.695556
1;484;0.692222
1;485;0.702222
1;486;0.698889
1;487;0.695556
1;488;0.692222
1;489;0.688889
1;490;0.685556
1;491;0.691111
1;492;0.687778
1;493;0.684444
1;494;0.681111
1;495;0.682222
1;496;0.678889
1;497;0.683333
1;498;0.680000
1;499;0.678889
1;500;0.675556
1;501;0.674444
1;502;0.674444
1;503;0.674444
1;504;0.671111
1;505;0.673333
1;506;0.675556
1;507;0.672222
1;508;0.671111
1;509;0.667778
1;510;0.670000
1;511;0.670000
1;512;0.670000
1;513;0.671111
1;514;0.668889
1;515;0.672222
1;516;0.668889
1;517;0.674444
1;518;0.671111
1;519;0.676667
1;520;0.673333
1;521;0.672222
1;522;0.668889
1;523;0.676667
1;524;0.673333
1;525;0.675556
1;526;0.672222
1;527;0.671111
1;528;0.667778
1;529;0.673333
1;530;0.678889
1;531;0.675556
1;532;0.672222
1;533;0.674444
1;534;0.671111
1;535;0.668889
1;536;0.673333
1;537;0.670000
1;538;0.725556
1;539;0.724444
1;540;0.721111
1;541;0.728889
1;542;0.725556
1;543;0.722222
1;544;0.718889
1;545;0.717778
1;546;0.714444
1;547;0.720000
1;548;0.716667
1;549;0.713333
1;550;0.710000
1;551;0.712222
1;552;0.708889
1;553;0.707778
1;554;0.708889
1;555;0.708889
1;556;0.705556
1;557;0.702222
1;558;0.706667
1;559;0.703333
1;560;0.704444
1;561;0.701111
1;562;0.697778
1;563;0.695556
1;564;0.696667
1;565;0.696667
1;566;0.693333
1;567;0.694444
1;568;0.692222
1;569;0.692222
1;570;0.688889
1;571;0.688889
1;572;0.691111
1;573;0.687778
1;574;0.690000
1;575;0.686667
1;576;0.683333
1;577;0.683333
1;578;0.680000
1;579;0.680000
1;580;0.677778
1;581;0.677778
1;582;0.680000
1;583;0.676667
1;584;0.678889
1;585;0.675556
1;586;0.672222
1;587;0.672222
1;588;0.668889
1;589;0.666667
1;590;0.677778
1;591;0.677778
1;592;0.674444
1;593;0.671111
1;594;0.680000
1;595;0.676667
1;596;0.673333
1;597;0.670000
1;598;0.724444
1;599;0.724444
1;600;0.725556
1;601;0.722222
1;602;0.720000
1;603;0.718889
1;604;0.718889
1;605;0.717778
1;606;0.714444
1;607;0.716667
1;608;0.714444
1;609;0.713333
1;610;0.710000
1;611;0.712222
1;612;0.708889
1;613;0.708889
1;614;0.711111
1;615;0.707778
1;616;0.710000
1;617;0.706667
1;618;0.703333
1;619;0.703333
1;620;0.700000
1;621;0.700000
1;622;0.701111
1;623;0.697778
1;624;0.700000
1;625;0.696667
1;626;0.695556
1;627;0.692222
1;628;0.693333
1;629;0.693333
1;630;0.690000
1;631;0.686667
1;632;0.695556
1;633;0.692222
1;634;0.688889
1;635;0.685556
1;636;0.682222
1;637;0.682222
1;638;0.680000
1;639;0.678889
1;640;0.676667
1;641;0.684444
1;642;0.681111
1;643;0.677778
1;644;0.674444
1;645;0.674444
1;646;0.671111
1;647;0.672222
1;648;0.673333
1;649;0.670000
1;650;0.673333
1;651;0.672222
1;652;0.672222
1;653;0.671111
1;654;0.667778
1;655;0.670000
1;656;0.675000
1;657;0.673333
1;658;0.670000
1;659;0.668333
1;660;0.670000
1;661;0.672500
1;662;0.672500
1;663;0.681667
1;664;0.678333
1;665;0.675000
1;666;0.672500
1;667;0.675833
1;668;0.675000
1;669;0.671667
1;670;0.668333
1;671;0.671667
1;672;0.669167
1;673;0.675000
1;674;0.675000
1;675;0.676667
1;676;0.673333
1;677;0.670000
1;678;0.672500
1;679;0.673333
1;680;0.678333
1;681;0.678333
1;682;0.675000
1;683;0.672500
1;684;0.674167
1;685;0.675000
1;686;0.671667
1;687;0.671667
1;688;0.670000
1;689;0.673333
1;690;0.673889
1;691;0.671667
1;692;0.677778
1;693;0.676667
1;694;0.673333
1;695;0.670556
1;696;0.668333
1;697;0.700556
1;698;0.697222
1;699;0.695556
1;700;0.696667
1;701;0.696667
1;702;0.698889
1;703;0.700556
1;704;0.697222
1;705;0.693889
1;706;0.693889
1;707;0.693889
1;708;0.696111
1;709;0.695000
1;710;0.691667
1;711;0.689444
1;712;0.688333
1;713;0.696667
1;714;0.693333
1;715;0.691667
1;716;0.692222
1;717;0.688889
1;718;0.686111
1;719;0.688889
1;720;0.686667
1;721;0.684444
1;722;0.683333
1;723;0.686667
1;724;0.686667
1;725;0.683333
1;726;0.684444
1;727;0.682778
1;728;0.681667
1;729;0.680556
1;730;0.685556
1;731;0.685000
1;732;0.683889
1;733;0.681667
1;734;0.678333
1;735;0.677222
1;736;0.681667
1;737;0.678333
1;738;0.679444
1;739;0.677222
1;740;0.678889
1;741;0.677778
1;742;0.674444
1;743;0.672778
1;744;0.671111
1;745;0.670000
1;746;0.672222
1;747;0.673889
1;748;0.672778
1;749;0.670000
1;750;0.669444
1;751;0.697222
1;752;0.702222
1;753;0.698889
1;754;0.700556
1;755;0.701667
1;756;0.698333
1;757;0.695000
1;758;0.697778
1;759;0.694444
1;760;0.697222
1;761;0.695000
1;762;0.721667
1;763;0.719444
1;764;0.721667
1;765;0.720000
1;766;0.716667
1;767;0.713333
1;768;0.716111
1;769;0.716111
1;770;0.715556
1;771;0.712222
1;772;0.708889
1;773;0.707222
1;774;0.706111
1;775;0.711111
1;776;0.710556
1;777;0.707222
1;778;0.705000
1;779;0.701667
1;780;0.704444
1;781;0.701667
1;782;0.698889
1;783;0.697222
1;784;0.693889
1;785;0.693333
1;786;0.695556
1;787;0.694444
1;788;0.691667
1;789;0.689444
1;790;0.686111
1;791;0.691667
1;792;0.688889
1;793;0.688889
1;794;0.685556
1;795;0.683889
1;796;0.686111
1;797;0.683889
1;798;0.681111
1;799;0.681667
1;800;0.678889
1;801;0.678333
1;802;0.675556
1;803;0.678333
1;804;0.676111
1;805;0.675000
1;806;0.674444
1;807;0.676667
1;808;0.673333
1;809;0.671111
1;810;0.668333
1;811;0.676111
1;812;0.672778
1;813;0.669444
1;814;0.677778
1;815;0.676111
1;816;0.673333
1;817;0.675000
1;818;0.671667
1;819;0.672222
1;820;0.672778
1;821;0.671111
1;822;0.672222
1;823;0.670000
1;824;0.670000
1;825;0.674444
1;826;0.676667
1;827;0.674444
1;828;0.671111
1;829;0.676111
1;830;0.673333
1;831;0.672222
1;832;0.671111
1;833;0.697778
1;834;0.697778
1;835;0.726111
1;836;0.724444
1;837;0.722778
1;838;0.720000
1;839;0.719444
1;840;0.720556
1;841;0.717778
1;842;0.718333
1;843;0.715000
1;844;0.714444
1;845;0.714444
1;846;0.711111
1;847;0.715556
1;848;0.713333
1;849;0.710556
1;850;0.708889
1;851;0.709444
1;852;0.706111
1;853;0.706111
1;854;0.705556
1;855;0.703889
1;856;0.700556
1;857;0.701667
1;858;0.701111
1;859;0.703333
1;860;0.702222
1;861;0.698889
1;862;0.696111
1;863;0.694444
1;864;0.695000
1;865;0.693333
1;866;0.690556
1;867;0.689444
1;868;0.691667
1;869;0.689444
1;870;0.688889
1;871;0.688889
1;872;0.685556
1;873;0.683333
1;874;0.683333
1;875;0.683333
1;876;0.680000
1;877;0.676667
1;878;0.681667
1;879;0.678333
1;880;0.677222
1;881;0.673889
1;882;0.670556
1;883;0.673333
1;884;0.673333
1;885;0.672222
1;886;0.677222
1;887;0.678333
1;888;0.677222
1;889;0.676111
1;890;0.675000
1;891;0.672222
1;892;0.671111
1;893;0.671111
1;894;0.668889
1;895;0.670000
1;896;0.671667
1;897;0.677222
1;898;0.673889
1;899;0.671667
1;900;0.670000
1;901;0.672778
1;902;0.669444
1;903;0.672222
1;904;0.675556
1;905;0.672778
1;906;0.673889
1;907;0.673333
1;908;0.673333
1;909;0.701111
1;910;0.698889
1;911;0.697222
1;912;0.695556
1;913;0.695000
1;914;0.697222
1;915;0.696111
1;916;0.693889
1;917;0.692222
1;918;0.692222
1;919;0.696667
1;920;0.693333
1;921;0.690000
1;922;0.691667
1;923;0.693889
1;924;0.690556
1;925;0.687222
1;926;0.691667
1;927;0.690556
1;928;0.687778
1;929;0.686111
1;930;0.688333
1;931;0.685000
1;932;0.687778
1;933;0.686667
1;934;0.685556
1;935;0.685556
1;936;0.685556
1;937;0.687222
1;938;0.684444
1;939;0.682778
1;940;0.685000
1;941;0.683889
1;942;0.685556
1;943;0.685000
1;944;0.681667
1;945;0.679444
1;946;0.676667
1;947;0.677778
1;948;0.675000
1;949;0.674444
1;950;0.677778
1;951;0.676667
1;952;0.673333
1;953;0.675000
1;954;0.671667
1;955;0.672778
1;956;0.672222
1;957;0.672222
1;958;0.671667
1;959;0.671111
1;960;0.673889
1;961;0.676667
1;962;0.673333
1;963;0.672222
1;964;0.671667
1;965;0.675556
1;966;0.677222
1;967;0.673889
1;968;0.672778
1;969;0.672222
1;970;0.670556
1;971;0.671111
1;972;0.670000
1;973;0.670556
1;974;0.672222
1;975;0.672778
1;976;0.672222
1;977;0.673889
1;978;0.672222
1;979;0.672222
1;980;0.677222
1;981;0.677778
1;982;0.674444
1;983;0.673333
1;984;0.671667
1;985;0.676667
1;986;0.673333
1;987;0.673889
1;988;0.673333
1;989;0.671667
1;990;0.671667
1;991;0.670000
1;992;0.671111
1;993;0.697222
1;994;0.700000
1;995;0.697778
1;996;0.696667
1;997;0.696111
1;998;0.721667
1;999;0.722222
1;1000;0.721667
1;1001;0.719444
1;1002;0.718889
1;1003;0.717778
1;1004;0.716111
1;1005;0.715000
1;1006;0.716667
1;1007;0.713889
1;1008;0.711111
1;1009;0.710000
1;1010;0.710000
1;1011;0.710000
1;1012;0.707222
1;1013;0.710556
1;1014;0.707222
1;1015;0.703889
1;1016;0.701111
1;1017;0.702778
1;1018;0.702222
1;1019;0.701111
1;1020;0.698333
1;1021;0.698333
1;1022;0.695000
1;1023;0.698889
1;1024;0.696667
1;1025;0.695556
1;1026;0.697222
1;1027;0.693889
1;1028;0.693333
1;1029;0.690000
1;1030;0.690000
1;1031;0.690000
1;1032;0.686667
1;1033;0.686667
1;1034;0.683333
1;1035;0.681111
1;1036;0.680000
1;1037;0.678333
1;1038;0.677222
1;1039;0.678333
1;1040;0.678333
1;1041;0.675000
1;1042;0.674444
1;1043;0.671667
1;1044;0.673333
1;1045;0.672778
1;1046;0.675000
1;1047;0.672778
1;1048;0.670000
1;1049;0.670000
1;1050;0.675000
1;1051;0.671667
1;1052;0.675556
1;1053;0.675000
1;1054;0.673333
1;1055;0.670000
1;1056;0.671667
1;1057;0.672778
1;1058;0.673333
1;1059;0.672778
1;1060;0.672222
1;1061;0.671111
1;1062;0.670556
1;1063;0.672222
1;1064;0.668889
1;1065;0.673333
1;1066;0.673333
1;1067;0.671667
1;1068;0.670556
1;1069;0.670556
1;1070;0.671667
1;1071;0.670556
1;1072;0.671111
1;1073;0.671111
1;1074;0.673333
1;1075;0.673889
1;1076;0.670556
1;1077;0.669444
1;1078;0.697222
1;1079;0.703889
1;1080;0.703889
1;1081;0.701111
1;1082;0.701667
1;1083;0.698333
1;1084;0.695000
1;1085;0.696111
1;1086;0.699444
1;1087;0.696111
1;1088;0.692778
1;1089;0.695000
1;1090;0.693333
1;1091;0.691111
1;1092;0.690556
1;1093;0.691111
1;1094;0.722222
1;1095;0.720000
1;1096;0.716667
1;1097;0.715556
1;1098;0.716111
1;1099;0.713333
1;1100;0.712778
1;1101;0.711111
1;1102;0.707778
1;1103;0.704444
1;1104;0.707778
1;1105;0.706667
1;1106;0.706111
1;1107;0.702778
1;1108;0.700556
1;1109;0.701111
1;1110;0.700000
1;1111;0.701111
1;1112;0.697778
1;1113;0.696111
1;1114;0.700000
1;1115;0.696667
1;1116;0.696111
1;1117;0.695556
1;1118;0.692778
1;1119;0.690556
1;1120;0.687222
1;1121;0.687222
1;1122;0.686667
1;1123;0.683889
1;1124;0.685000
1;1125;0.683333
1;1126;0.680556
1;1127;0.681667
1;1128;0.680000
1;1129;0.680556
1;1130;0.682778
1;1131;0.682222
1;1132;0.681111
1;1133;0.680556
1;1134;0.677222
1;1135;0.676111
1;1136;0.676111
1;1137;0.672778
1;1138;0.677778
1;1139;0.677778
1;1140;0.675000
1;1141;0.673333
1;1142;0.673333
1;1143;0.671667
1;1144;0.673333
1;1145;0.672222
1;1146;0.701111
1;1147;0.697778
1;1148;0.696667
1;1149;0.695556
1;1150;0.694444
1;1151;0.696111
1;1152;0.696111
1;1153;0.697222
1;1154;0.696667
1;1155;0.693333
1;1156;0.694444
1;1157;0.692778
1;1158;0.692778
1;1159;0.693333
1;1160;0.692222
1;1161;0.691667
1;1162;0.691111
1;1163;0.689444
1;1164;0.687222
1;1165;0.686667
1;1166;0.696667
1;1167;0.694444
1;1168;0.691111
1;1169;0.689444
1;1170;0.689444
1;1171;0.689444
1;1172;0.688333
1;1173;0.685000
1;1174;0.685000
1;1175;0.681667
1;1176;0.684444
1;1177;0.683333
1;1178;0.682778
1;1179;0.679444
1;1180;0.679444
1;1181;0.681667
1;1182;0.678333
1;1183;0.677222
1;1184;0.677222
1;1185;0.675000
1;1186;0.687222
1;1187;0.683889
1;1188;0.680556
1;1189;0.677778
1;1190;0.677222
1;1191;0.675556
1;1192;0.675556
1;1193;0.672222
1;1194;0.672222
1;1195;0.671111
1;1196;0.673333
1;1197;0.670000
1;1198;0.671667
1;1199;0.676111
1;1200;0.675000
1;1201;0.675000
1;1202;0.672222
1;1203;0.671667
1;1204;0.671111
1;1205;0.672222
1;1206;0.673333
1;1207;0.670000
1;1208;0.670556
1;1209;0.675556
1;1210;0.674444
1;1211;0.672778
1;1212;0.669444
1;1213;0.667778
1;1214;0.669444
1;1215;0.673333
1;1216;0.673333
1;1217;0.670000
1;1218;0.670556
1;1219;0.672222
1;1220;0.673333
1;1221;0.670000
1;1222;0.670000
1;1223;0.673333
1;1224;0.672778
1;1225;0.672222
1;1226;0.677222
1;1227;0.676111
1;1228;0.673889
1;1229;0.671111
1;1230;0.673889
1;1231;0.673889
1;1232;0.670556
1;1233;0.669444
1;1234;0.701111
1;1235;0.698333
1;1236;0.699444
1;1237;0.696667
1;1238;0.696111
1;1239;0.696111
1;1240;0.696111
1;1241;0.692778
1;1242;0.695000
1;1243;0.702222
1;1244;0.698889
1;1245;0.695556
1;1246;0.692222
1;1247;0.693333
1;1248;0.691667
1;1249;0.689444
1;1250;0.689444
1;1251;0.692222
1;1252;0.689444
1;1253;0.688889
1;1254;0.686667
1;1255;0.686667
1;1256;0.683889
1;1257;0.684444
1;1258;0.711667
1;1259;0.710000
1;1260;0.714444
1;1261;0.715000
1;1262;0.712778
1;1263;0.709444
1;1264;0.709444
1;1265;0.706111
1;1266;0.705000
1;1267;0.703889
1;1268;0.701667
1;1269;0.698333
1;1270;0.700556
1;1271;0.702222
1;1272;0.698889
1;1273;0.695556
1;1274;0.695556
1;1275;0.694444
1;1276;0.691111
1;1277;0.695000
1;1278;0.691667
1;1279;0.690000
1;1280;0.686667
1;1281;0.690000
1;1282;0.690556
1;1283;0.687222
1;1284;0.683889
1;1285;0.683333
1;1286;0.686111
1;1287;0.687222
1;1288;0.683889
1;1289;0.681111
1;1290;0.678889
1;1291;0.681667
1;1292;0.678889
1;1293;0.677222
1;1294;0.706111
1;1295;0.705556
1;1296;0.705000
1;1297;0.703889
1;1298;0.701667
1;1299;0.703889
1;1300;0.701111
1;1301;0.701667
1;1302;0.698889
1;1303;0.697778
1;1304;0.699444
1;1305;0.696111
1;1306;0.692778
1;1307;0.691111
1;1308;0.689444
1;1309;0.690000
1;1310;0.693333
1;1311;0.691111
1;1312;0.691111
1;1313;0.690000
1;1314;0.688889
1;1315;0.687778
1;1316;0.686111
1;1317;0.683333
1;1318;0.684444
1;1319;0.688889
1;1320;0.688333
1;1321;0.688333
1;1322;0.687778
1;1323;0.686111
1;1324;0.686111
1;1325;0.682778
1;1326;0.708333
1;1327;0.712778
1;1328;0.709444
1;1329;0.708889
1;1330;0.708333
1;1331;0.705556
1;1332;0.702778
1;1333;0.700556
1;1334;0.699444
1;1335;0.698889
1;1336;0.695556
1;1337;0.693889
1;1338;0.696111
1;1339;0.693889
1;1340;0.690556
1;1341;0.691111
1;1342;0.690556
1;1343;0.690000
1;1344;0.686667
1;1345;0.684444
1;1346;0.695000
1;1347;0.693333
1;1348;0.691667
1;1349;0.689444
1;1350;0.693333
1;1351;0.692778
1;1352;0.689444
1;1353;0.686111
1;1354;0.682778
1;1355;0.681111
1;1356;0.682778
1;1357;0.681111
1;1358;0.709444
1;1359;0.708889
1;1360;0.707778
1;1361;0.710000
1;1362;0.706667
1;1363;0.705000
1;1364;0.703889
1;1365;0.701667
1;1366;0.701111
1;1367;0.702222
1;1368;0.698889
1;1369;0.695556
1;1370;0.692222
1;1371;0.694444
1;1372;0.692778
1;1373;0.692778
1;1374;0.689444
1;1375;0.687778
1;1376;0.685556
1;1377;0.687222
1;1378;0.691111
1;1379;0.691667
1;1380;0.688333
1;1381;0.688889
1;1382;0.685556
1;1383;0.685556
1;1384;0.684444
1;1385;0.685000
1;1386;0.712778
1;1387;0.711667
1;1388;0.708333
1;1389;0.707778
1;1390;0.705000
1;1391;0.708889
1;1392;0.705556
1;1393;0.702222
1;1394;0.705000
1;1395;0.705000
1;1396;0.701667
1;1397;0.700556
1;1398;0.697222
1;1399;0.695556
1;1400;0.695000
1;1401;0.697222
1;1402;0.696667
1;1403;0.693333
1;1404;0.690000
1;1405;0.691111
1;1406;0.687778
1;1407;0.690556
1;1408;0.687222
1;1409;0.684444
1;1410;0.686111
1;1411;0.687222
1;1412;0.687778
1;1413;0.684444
1;1414;0.683889
1;1415;0.684444
1;1416;0.681667
1;1417;0.681111
1;1418;0.708889
1;1419;0.710000
1;1420;0.706667
1;1421;0.705556
1;1422;0.709444
1;1423;0.706111
1;1424;0.702778
1;1425;0.705556
1;1426;0.702222
1;1427;0.701111
1;1428;0.697778
1;1429;0.696111
1;1430;0.696111
1;1431;0.694444
1;1432;0.693333
1;1433;0.691111
1;1434;0.690556
1;1435;0.691111
1;1436;0.688889
1;1437;0.687222
1;1438;0.688889
1;1439;0.687778
1;1440;0.687222
1;1441;0.690000
1;1442;0.688889
1;1443;0.688333
1;1444;0.685000
1;1445;0.681667
1;1446;0.685000
1;1447;0.683889
1;1448;0.681667
1;1449;0.681111
1;1450;0.681111
1;1451;0.678333
1;1452;0.683333
1;1453;0.685000
1;1454;0.684444
1;1455;0.681111
1;1456;0.681111
1;1457;0.677778
1;1458;0.676667
1;1459;0.681111
1;1460;0.706667
1;1461;0.703333
1;1462;0.704444
1;1463;0.704444
1;1464;0.701111
1;1465;0.700000
1;1466;0.696667
1;1467;0.698889
1;1468;0.695556
1;1469;0.699444
1;1470;0.697222
1;1471;0.693889
1;1472;0.694444
1;1473;0.691667
1;1474;0.693333
1;1475;0.691111
1;1476;0.689444
1;1477;0.692222
1;1478;0.689444
1;1479;0.688333
1;1480;0.685000
1;1481;0.685556
1;1482;0.713333
1;1483;0.711667
1;1484;0.711111
1;1485;0.712222
1;1486;0.709444
1;1487;0.710000
1;1488;0.706667
1;1489;0.706667
1;1490;0.707222
1;1491;0.707222
1;1492;0.706111
1;1493;0.702778
1;1494;0.699444
1;1495;0.698889
1;1496;0.698333
1;1497;0.698889
1;1498;0.695556
1;1499;0.693889
1;1500;0.691667
1;1501;0.693333
1;1502;0.694444
1;1503;0.693889
1;1504;0.690556
1;1505;0.689444
1;1506;0.686111
1;1507;0.688333
1;1508;0.686667
1;1509;0.683889
1;1510;0.682222
1;1511;0.682778
1;1512;0.683889
1;1513;0.688889
1;1514;0.688333
1;1515;0.688333
1;1516;0.685000
1;1517;0.681667
1;1518;0.680556
1;1519;0.678889
1;1520;0.704444
1;1521;0.703333
1;1522;0.701111
1;1523;0.702778
1;1524;0.700000
1;1525;0.701667
1;1526;0.701111
1;1527;0.697778
1;1528;0.697222
1;1529;0.694444
1;1530;0.693889
1;1531;0.695556
1;1532;0.693333
1;1533;0.690000
1;1534;0.691111
1;1535;0.691667
1;1536;0.694444
1;1537;0.694444
1;1538;0.691111
1;1539;0.690556
1;1540;0.687222
1;1541;0.687778
1;1542;0.686667
1;1543;0.685000
1;1544;0.684444
1;1545;0.683333
1;1546;0.683889
1;1547;0.682222
1;1548;0.685000
1;1549;0.683889
1;1550;0.683889
1;1551;0.680556
1;1552;0.677222
1;1553;0.688889
1;1554;0.686111
1;1555;0.684444
1;1556;0.683333
1;1557;0.680000
1;1558;0.677778
1;1559;0.677778
1;1560;0.675556
1;1561;0.701111
1;1562;0.702778
1;1563;0.703889
1;1564;0.700556
1;1565;0.697222
1;1566;0.698333
1;1567;0.696111
1;1568;0.697778
1;1569;0.696667
1;1570;0.693333
1;1571;0.691667
1;1572;0.694444
1;1573;0.696667
1;1574;0.696111
1;1575;0.695556
1;1576;0.692222
1;1577;0.689444
1;1578;0.688333
1;1579;0.687222
1;1580;0.688333
1;1581;0.687222
1;1582;0.685000
1;1583;0.686111
1;1584;0.685000
1;1585;0.684444
1;1586;0.682778
1;1587;0.681111
1;1588;0.688889
1;1589;0.691111
1;1590;0.687778
1;1591;0.684444
1;1592;0.683333
1;1593;0.686667
1;1594;0.683333
1;1595;0.682222
1;1596;0.680000
1;1597;0.676667
1;1598;0.677222
1;1599;0.677222
1;1600;0.677222
1;1601;0.680000
1;1602;0.677222
1;1603;0.678889
1;1604;0.677222
1;1605;0.673889
1;1606;0.673889
1;1607;0.677778
1;1608;0.674444
1;1609;0.673333
1;1610;0.671111
1;1611;0.670556
1;1612;0.669444
1;1613;0.675000
1;1614;0.676111
1;1615;0.672778
1;1616;0.670000
1;1617;0.668889
1;1618;0.671111
1;1619;0.673333
1;1620;0.672778
1;1621;0.671111
1;1622;0.668889
1;1623;0.672222
1;1624;0.677778
1;1625;0.676667
1;1626;0.674444
1;1627;0.673889
1;1628;0.675000
1;1629;0.672778
1;1630;0.670556
1;1631;0.669444
1;1632;0.700556
1;1633;0.701667
1;1634;0.698333
1;1635;0.696111
1;1636;0.696111
1;1637;0.695000
1;1638;0.701111
1;1639;0.697778
1;1640;0.699444
1;1641;0.697778
1;1642;0.694444
1;1643;0.694444
1;1644;0.695556
1;1645;0.695556
1;1646;0.692222
1;1647;0.691667
1;1648;0.689444
1;1649;0.688333
1;1650;0.687778
1;1651;0.688889
1;1652;0.716111
1;1653;0.712778
1;1654;0.711111
1;1655;0.713333
1;1656;0.710000
1;1657;0.710556
1;1658;0.710000
1;1659;0.710000
1;1660;0.708333
1;1661;0.705000
1;1662;0.702222
1;1663;0.704444
1;1664;0.702222
1;1665;0.701111
1;1666;0.700556
1;1667;0.698889
1;1668;0.695556
1;1669;0.696111
1;1670;0.696667
1;1671;0.695000
1;1672;0.692222
1;1673;0.693889
1;1674;0.692222
1;1675;0.688889
1;1676;0.688889
1;1677;0.688333
1;1678;0.685556
1;1679;0.687222
1;1680;0.685000
1;1681;0.681667
1;1682;0.681111
1;1683;0.682222
1;1684;0.682778
1;1685;0.683889
1;1686;0.681111
1;1687;0.680556
1;1688;0.677222
1;1689;0.677778
1;1690;0.677778
1;1691;0.676667
1;1692;0.679444
1;1693;0.682778
1;1694;0.682778
1;1695;0.681667
1;1696;0.678333
1;1697;0.678889
1;1698;0.675556
1;1699;0.672222
1;1700;0.672222
1;1701;0.675556
1;1702;0.673333
1;1703;0.672778
1;1704;0.676111
1;1705;0.673889
1;1706;0.670556
1;1707;0.672778
1;1708;0.673889
1;1709;0.672222
1;1710;0.668889
1;1711;0.667222
1;1712;0.671667
1;1713;0.673889
1;1714;0.670556
1;1715;0.669444
1;1716;0.673889
1;1717;0.675000
1;1718;0.671667
1;1719;0.671111
1;1720;0.671111
1;1721;0.670556
1;1722;0.672222
1;1723;0.670556
1;1724;0.697222
1;1725;0.694444
1;1726;0.702778
1;1727;0.699444
1;1728;0.696111
1;1729;0.697778
1;1730;0.694444
1;1731;0.695000
1;1732;0.692222
1;1733;0.691667
1;1734;0.693889
1;1735;0.691667
1;1736;0.692778
1;1737;0.690000
1;1738;0.691667
1;1739;0.690000
1;1740;0.693333
1;1741;0.690000
1;1742;0.687222
1;1743;0.686667
1;1744;0.686667
1;1745;0.689444
1;1746;0.691111
1;1747;0.688333
1;1748;0.687222
1;1749;0.685556
1;1750;0.685000
1;1751;0.682222
1;1752;0.683889
1;1753;0.686111
1;1754;0.687222
1;1755;0.684444
1;1756;0.682778
1;1757;0.681111
1;1758;0.683333
1;1759;0.681667
1;1760;0.681111
1;1761;0.677778
1;1762;0.678333
1;1763;0.677778
1;1764;0.677778
1;1765;0.676667
1;1766;0.673333
1;1767;0.673889
1;1768;0.672222
1;1769;0.672778
1;1770;0.672222
1;1771;0.670000
1;1772;0.673889
1;1773;0.671667
1;1774;0.672222
1;1775;0.670000
1;1776;0.671111
1;1777;0.676667
1;1778;0.676667
1;1779;0.673333
1;1780;0.673889
1;1781;0.670556
1;1782;0.667778
1;1783;0.672222
1;1784;0.702778
1;1785;0.699444
1;1786;0.696111
1;1787;0.698889
1;1788;0.698889
1;1789;0.697778
1;1790;0.699444
1;1791;0.696111
1;1792;0.692778
1;1793;0.692222
1;1794;0.693333
1;1795;0.691667
1;1796;0.688889
1;1797;0.696667
1;1798;0.695556
1;1799;0.692222
1;1800;0.692222
1;1801;0.691667
1;1802;0.691667
1;1803;0.689444
1;1804;0.688333
1;1805;0.687778
1;1806;0.685000
1;1807;0.687778
1;1808;0.687778
1;1809;0.685000
1;1810;0.685556
1;1811;0.682222
1;1812;0.681667
1;1813;0.683333
1;1814;0.683333
1;1815;0.683333
1;1816;0.680556
1;1817;0.680000
1;1818;0.677778
1;1819;0.676667
1;1820;0.678333
1;1821;0.678889
1;1822;0.678333
1;1823;0.677778
1;1824;0.676111
1;1825;0.674444
1;1826;0.672778
1;1827;0.675556
1;1828;0.675000
1;1829;0.671667
1;1830;0.671111
1;1831;0.674444
1;1832;0.671111
1;1833;0.668333
1;1834;0.675000
1;1835;0.702222
1;1836;0.704444
1;1837;0.701111
1;1838;0.698889
1;1839;0.696111
1;1840;0.696667
1;1841;0.696667
1;1842;0.698889
1;1843;0.695556
1;1844;0.696667
1;1845;0.693333
1;1846;0.690000
1;1847;0.697778
1;1848;0.694444
1;1849;0.696667
1;1850;0.695556
1;1851;0.693889
1;1852;0.692778
1;1853;0.689444
1;1854;0.690556
1;1855;0.716111
1;1856;0.713333
1;1857;0.711111
1;1858;0.710556
1;1859;0.713333
1;1860;0.712778
1;1861;0.711111
1;1862;0.707778
1;1863;0.704444
1;1864;0.705000
1;1865;0.705556
1;1866;0.702778
1;1867;0.700556
1;1868;0.699444
1;1869;0.698333
1;1870;0.698889
1;1871;0.696667
1;1872;0.694444
1;1873;0.696111
1;1874;0.696667
1;1875;0.693333
1;1876;0.692778
1;1877;0.690556
1;1878;0.688889
1;1879;0.688333
1;1880;0.687778
1;1881;0.687222
1;1882;0.685000
1;1883;0.682778
1;1884;0.680000
1;1885;0.682778
1;1886;0.681111
1;1887;0.687778
1;1888;0.684444
1;1889;0.683889
1;1890;0.680556
1;1891;0.678889
1;1892;0.676111
1;1893;0.679444
1;1894;0.677778
1;1895;0.676111
1;1896;0.672778
1;1897;0.676111
1;1898;0.675556
1;1899;0.673333
1;1900;0.671111
1;1901;0.670556
1;1902;0.703889
1;1903;0.703889
1;1904;0.701111
1;1905;0.699444
1;1906;0.696667
1;1907;0.699444
1;1908;0.698333
1;1909;0.695556
1;1910;0.695556
1;1911;0.694444
1;1912;0.695000
1;1913;0.691667
1;1914;0.693333
1;1915;0.720000
1;1916;0.716667
1;1917;0.718333
1;1918;0.716667
1;1919;0.713889
1;1920;0.711111
1;1921;0.712778
1;1922;0.712778
1;1923;0.711667
1;1924;0.711111
1;1925;0.709444
1;1926;0.706111
1;1927;0.704444
1;1928;0.708889
1;1929;0.708889
1;1930;0.708333
1;1931;0.705000
1;1932;0.703333
1;1933;0.700000
1;1934;0.696667
1;1935;0.697222
1;1936;0.695000
1;1937;0.693889
1;1938;0.696111
1;1939;0.694444
1;1940;0.691111
1;1941;0.690000
1;1942;0.689444
1;1943;0.688889
1;1944;0.685556
1;1945;0.683333
1;1946;0.686111
1;1947;0.683333
1;1948;0.682778
1;1949;0.682778
1;1950;0.681111
1;1951;0.679444
1;1952;0.676667
1;1953;0.680556
1;1954;0.684444
1;1955;0.683333
1;1956;0.681111
1;1957;0.677778
1;1958;0.676667
1;1959;0.676111
1;1960;0.672778
1;1961;0.670556
1;1962;0.727778
1;1963;0.729444
1;1964;0.726667
1;1965;0.723889
1;1966;0.726111
1;1967;0.725000
1;1968;0.725556
1;1969;0.727222
1;1970;0.725000
1;1971;0.726111
1;1972;0.724444
1;1973;0.726667
1;1974;0.725556
1;1975;0.727778
1;1976;0.728333
1;1977;0.727778
1;1978;0.725556
1;1979;0.725556
1;1980;0.725556
1;1981;0.727778
1;1982;0.725000
1;1983;0.725000
1;1984;0.725000
1;1985;0.728889
1;1986;0.728889
1;1987;0.726111
1;1988;0.728333
1;1989;0.726111
1;1990;0.725000
1;1991;0.725000
1;1992;0.722778
1;1993;0.725556
1;1994;0.726111
1;1995;0.725000
1;1996;0.781111
1;1997;0.780556
1;1998;0.834444
1;1999;0.890000
1;2000;0.888889
2;0;0.666667
2;1;0.680000
2;2;0.676667
2;3;0.673333
2;4;0.670000
2;5;0.666667
2;6;0.683333
2;7;0.680000
2;8;0.676667
2;9;0.673333
2;10;0.670000
2;11;0.666667
2;12;0.676667
2;13;0.673333
2;14;0.670000
2;15;0.666667
2;16;0.673333
2;17;0.670000
2;18;0.666667
2;19;0.676667
2;20;0.673333
2;21;0.670000
2;22;0.666667
2;23;0.673333
2;24;0.670000
2;25;0.666667
2;26;0.666667
2;27;0.666667
2;28;0.676667
2;29;0.673333
2;30;0.670000
2;31;0.666667
2;32;0.675000
2;33;0.671667
2;34;0.668333
2;35;0.671667
2;36;0.671667
2;37;0.668333
2;38;0.751667
2;39;0.753333
2;40;0.750000
2;41;0.746667
2;42;0.750000
2;43;0.746667
2;44;0.743333
2;45;0.740000
2;46;0.741667
2;47;0.738333
2;48;0.735000
2;49;0.748333
2;50;0.745000
2;51;0.741667
2;52;0.738333
2;53;0.735000
2;54;0.731667
2;55;0.728333
2;56;0.725000
2;57;0.721667
2;58;0.718333
2;59;0.723333
2;60;0.720000
2;61;0.716667
2;62;0.713333
2;63;0.695556
2;64;0.705556
2;65;0.702222
2;66;0.700000
2;67;0.698889
2;68;0.695556
2;69;0.696667
2;70;0.693333
2;71;0.690000
2;72;0.686667
2;73;0.690000
2;74;0.692222
2;75;0.688889
2;76;0.685556
2;77;0.682222
2;78;0.678889
2;79;0.691111
2;80;0.687778
2;81;0.684444
2;82;0.681111
2;83;0.681111
2;84;0.677778
2;85;0.674444
2;86;0.675556
2;87;0.672222
2;88;0.668889
2;89;0.671111
2;90;0.683333
2;91;0.680000
2;92;0.676667
2;93;0.673333
2;94;0.675556
2;95;0.672222
2;96;0.673333
2;97;0.670000
2;98;0.672222
2;99;0.675556
2;100;0.674444
2;101;0.671111
2;102;0.668889
2;103;0.671111
2;104;0.667778
2;105;0.671111
2;106;0.674444
2;107;0.673333
2;108;0.670000
2;109;0.667778
2;110;0.678889
2;111;0.678889
2;112;0.675556
2;113;0.673333
2;114;0.674444
2;115;0.671111
2;116;0.673333
2;117;0.672222
2;118;0.668889
2;119;0.666667
2;120;0.676667
2;121;0.673333
2;122;0.674444
2;123;0.671111
2;124;0.667778
2;125;0.670000
2;126;0.668889
2;127;0.666667
2;128;0.672222
2;129;0.670000
2;130;0.675556
2;131;0.672222
2;132;0.668889
2;133;0.668889
2;134;0.673333
2;135;0.670000
2;136;0.671111
2;137;0.678889
2;138;0.677778
2;139;0.674444
2;140;0.735556
2;141;0.732222
2;142;0.728889
2;143;0.725556
2;144;0.722222
2;145;0.718889
2;146;0.720000
2;147;0.722222
2;148;0.718889
2;149;0.715556
2;150;0.715556
2;151;0.712222
2;152;0.713333
2;153;0.715556
2;154;0.712222
2;155;0.708889
2;156;0.708889
2;157;0.705556
2;158;0.705556
2;159;0.706667
2;160;0.703333
2;161;0.704444
2;162;0.701111
2;163;0.701111
2;164;0.697778
2;165;0.697778
2;166;0.688333
2;167;0.686667
2;168;0.696667
2;169;0.695000
2;170;0.691667
2;171;0.690000
2;172;0.686667
2;173;0.688333
2;174;0.685000
2;175;0.681667
2;176;0.680000
2;177;0.680833
2;178;0.681667
2;179;0.681667
2;180;0.679167
2;181;0.678333
2;182;0.675000
2;183;0.677500
2;184;0.675000
2;185;0.677500
2;186;0.674167
2;187;0.670833
2;188;0.676667
2;189;0.675000
2;190;0.671667
2;191;0.671667
2;192;0.675000
2;193;0.674167
2;194;0.674167
2;195;0.673333
2;196;0.674167
2;197;0.670833
2;198;0.673333
2;199;0.670000
2;200;0.670000
2;201;0.677500
2;202;0.679167
2;203;0.675833
2;204;0.678333
2;205;0.675000
2;206;0.715000
2;207;0.711667
2;208;0.711667
2;209;0.710833
2;210;0.707500
2;211;0.708333
2;212;0.714167
2;213;0.710833
2;214;0.707500
2;215;0.704167
2;216;0.704167
2;217;0.703333
2;218;0.703333
2;219;0.700000
2;220;0.700000
2;221;0.699167
2;222;0.690000
2;223;0.694444
2;224;0.692222
2;225;0.692778
2;226;0.689444
2;227;0.687778
2;228;0.687778
2;229;0.688889
2;230;0.688333
2;231;0.687222
2;232;0.683889
2;233;0.685000
2;234;0.681667
2;235;0.687778
2;236;0.684444
2;237;0.683333
2;238;0.680000
2;239;0.680556
2;240;0.678889
2;241;0.682778
2;242;0.682222
2;243;0.682222
2;244;0.681111
2;245;0.678889
2;246;0.675556
2;247;0.676667
2;248;0.674444
2;249;0.672222
2;250;0.676667
2;251;0.680556
2;252;0.677222
2;253;0.673889
2;254;0.672222
2;255;0.673333
2;256;0.672222
2;257;0.673333
2;258;0.674444
2;259;0.700000
2;260;0.698333
2;261;0.700000
2;262;0.696667
2;263;0.697778
2;264;0.697222
2;265;0.694444
2;266;0.693889
2;267;0.695000
2;268;0.691667
2;269;0.691111
2;270;0.690000
2;271;0.690000
2;272;0.692778
2;273;0.691667
2;274;0.689444
2;275;0.691667
2;276;0.689444
2;277;0.690556
2;278;0.688889
2;279;0.687222
2;280;0.686111
2;281;0.687222
2;282;0.690556
2;283;0.687222
2;284;0.685556
2;285;0.715000
2;286;0.713889
2;287;0.711667
2;288;0.708333
2;289;0.708333
2;290;0.710000
2;291;0.706667
2;292;0.705556
2;293;0.704444
2;294;0.701111
2;295;0.700000
2;296;0.700000
2;297;0.700000
2;298;0.696667
2;299;0.695000
2;300;0.696667
2;301;0.696667
2;302;0.696111
2;303;0.692778
2;304;0.692778
2;305;0.691667
2;306;0.688333
2;307;0.688889
2;308;0.685556
2;309;0.683889
2;310;0.682222
2;311;0.683889
2;312;0.688333
2;313;0.687222
2;314;0.683889
2;315;0.680556
2;316;0.682778
2;317;0.682778
2;318;0.680000
2;319;0.680000
2;320;0.680000
2;321;0.678889
2;322;0.680000
2;323;0.676667
2;324;0.675556
2;325;0.681111
2;326;0.677778
2;327;0.677222
2;328;0.676111
2;329;0.673333
2;330;0.671111
2;331;0.672222
2;332;0.676111
2;333;0.678333
2;334;0.677222
2;335;0.677222
2;336;0.674444
2;337;0.677222
2;338;0.675000
2;339;0.671667
2;340;0.701667
2;341;0.700556
2;342;0.697222
2;343;0.696667
2;344;0.697222
2;345;0.700000
2;346;0.696667
2;347;0.693333
2;348;0.693889
2;349;0.691111
2;350;0.695000
2;351;0.700000
2;352;0.699444
2;353;0.696667
2;354;0.695000
2;355;0.692778
2;356;0.691667
2;357;0.691111
2;358;0.687778
2;359;0.687778
2;360;0.691111
2;361;0.690556
2;362;0.687222
2;363;0.686111
2;364;0.683889
2;365;0.688333
2;366;0.690000
2;367;0.690000
2;368;0.686667
2;369;0.684444
2;370;0.682222
2;371;0.683333
2;372;0.681111
2;373;0.680000
2;374;0.680000
2;375;0.678333
2;376;0.678333
2;377;0.679444
2;378;0.681667
2;379;0.678889
2;380;0.678333
2;381;0.676667
2;382;0.673333
2;383;0.676111
2;384;0.675000
2;385;0.675000
2;386;0.673333
2;387;0.673889
2;388;0.674444
2;389;0.673333
2;390;0.670556
2;391;0.670556
2;392;0.668333
2;393;0.677778
2;394;0.675556
2;395;0.673889
2;396;0.671111
2;397;0.673333
2;398;0.673889
2;399;0.670556
2;400;0.670000
2;401;0.670000
2;402;0.670556
2;403;0.670000
2;404;0.672222
2;405;0.670000
2;406;0.672778
2;407;0.675000
2;408;0.672222
2;409;0.671111
2;410;0.668889
2;411;0.667778
2;412;0.672778
2;413;0.673889
2;414;0.672778
2;415;0.672222
2;416;0.671667
2;417;0.670556
2;418;0.672222
2;419;0.671111
2;420;0.669444
2;421;0.676111
2;422;0.675000
2;423;0.673889
2;424;0.676111
2;425;0.678333
2;426;0.677778
2;427;0.674444
2;428;0.672222
2;429;0.673333
2;430;0.673333
2;431;0.674444
2;432;0.671111
2;433;0.672222
2;434;0.671667
2;435;0.672222
2;436;0.672778
2;437;0.672222
2;438;0.668889
2;439;0.671667
2;440;0.670556
2;441;0.671667
2;442;0.668333
2;443;0.670556
2;444;0.671667
2;445;0.671667
2;446;0.671111
2;447;0.670000
2;448;0.674444
2;449;0.674444
2;450;0.673333
2;451;0.677222
2;452;0.673889
2;453;0.670556
2;454;0.670556
2;455;0.672222
2;456;0.697778
2;457;0.696667
2;458;0.694444
2;459;0.698333
2;460;0.697222
2;461;0.693889
2;462;0.693889
2;463;0.694444
2;464;0.693889
2;465;0.692222
2;466;0.695556
2;467;0.692222
2;468;0.695000
2;469;0.691667
2;470;0.692778
2;471;0.689444
2;472;0.689444
2;473;0.688889
2;474;0.687778
2;475;0.686667
2;476;0.692778
2;477;0.689444
2;478;0.688889
2;479;0.688333
2;480;0.685000
2;481;0.687222
2;482;0.685556
2;483;0.683333
2;484;0.680000
2;485;0.715000
2;486;0.714444
2;487;0.711111
2;488;0.707778
2;489;0.704444
2;490;0.703889
2;491;0.706111
2;492;0.702778
2;493;0.700000
2;494;0.702222
2;495;0.706667
2;496;0.703333
2;497;0.703889
2;498;0.700556
2;499;0.698333
2;500;0.695000
2;501;0.692778
2;502;0.691111
2;503;0.689444
2;504;0.688889
2;505;0.690000
2;506;0.689444
2;507;0.686111
2;508;0.686667
2;509;0.684444
2;510;0.683889
2;511;0.682778
2;512;0.683889
2;513;0.685000
2;514;0.682222
2;515;0.682222
2;516;0.678889
2;517;0.683889
2;518;0.681667
2;519;0.682778
2;520;0.681667
2;521;0.679444
2;522;0.676111
2;523;0.681111
2;524;0.680556
2;525;0.680000
2;526;0.676667
2;527;0.674444
2;528;0.674444
2;529;0.681111
2;530;0.682222
2;531;0.678889
2;532;0.675556
2;533;0.675000
2;534;0.674444
2;535;0.671667
2;536;0.672222
2;537;0.673333
2;538;0.699444
2;539;0.701111
2;540;0.699444
2;541;0.701667
2;542;0.698333
2;543;0.697222
2;544;0.693889
2;545;0.723333
2;546;0.720000
2;547;0.721667
2;548;0.720556
2;549;0.717222
2;550;0.717222
2;551;0.716667
2;552;0.713889
2;553;0.713333
2;554;0.712222
2;555;0.710556
2;556;0.710556
2;557;0.707778
2;558;0.710556
2;559;0.707222
2;560;0.706111
2;561;0.703333
2;562;0.703333
2;563;0.700556
2;564;0.699444
2;565;0.705000
2;566;0.701667
2;567;0.700556
2;568;0.700556
2;569;0.698889
2;570;0.695556
2;571;0.693889
2;572;0.693333
2;573;0.690556
2;574;0.691667
2;575;0.691111
2;576;0.687778
2;577;0.686667
2;578;0.685000
2;579;0.683333
2;580;0.681111
2;581;0.682222
2;582;0.684444
2;583;0.681111
2;584;0.680556
2;585;0.677778
2;586;0.676111
2;587;0.677778
2;588;0.674444
2;589;0.674444
2;590;0.678333
2;591;0.676667
2;592;0.673333
2;593;0.671111
2;594;0.676667
2;595;0.673889
2;596;0.671667
2;597;0.672778
2;598;0.698889
2;599;0.705556
2;600;0.704444
2;601;0.701111
2;602;0.698333
2;603;0.696111
2;604;0.697778
2;605;0.698333
2;606;0.695000
2;607;0.694444
2;608;0.691667
2;609;0.692222
2;610;0.691667
2;611;0.691111
2;612;0.688333
2;613;0.690556
2;614;0.695556
2;615;0.694444
2;616;0.693889
2;617;0.690556
2;618;0.690556
2;619;0.691667
2;620;0.688333
2;621;0.686667
2;622;0.685556
2;623;0.682222
2;624;0.690000
2;625;0.686667
2;626;0.686667
2;627;0.684444
2;628;0.683333
2;629;0.683889
2;630;0.683333
2;631;0.680000
2;632;0.682778
2;633;0.681111
2;634;0.680556
2;635;0.682778
2;636;0.681667
2;637;0.680000
2;638;0.677222
2;639;0.677222
2;640;0.703333
2;641;0.705556
2;642;0.702222
2;643;0.700556
2;644;0.697222
2;645;0.698333
2;646;0.696111
2;647;0.695000
2;648;0.694444
2;649;0.693333
2;650;0.698889
2;651;0.696667
2;652;0.695000
2;653;0.694444
2;654;0.691111
2;655;0.691111
2;656;0.693333
2;657;0.691111
2;658;0.687778
2;659;0.685556
2;660;0.687222
2;661;0.687778
2;662;0.686667
2;663;0.694444
2;664;0.691111
2;665;0.687778
2;666;0.685000
2;667;0.686111
2;668;0.685556
2;669;0.682222
2;670;0.681111
2;671;0.682222
2;672;0.679444
2;673;0.682222
2;674;0.682222
2;675;0.682222
2;676;0.681111
2;677;0.677778
2;678;0.678333
2;679;0.677778
2;680;0.682222
2;681;0.681111
2;682;0.677778
2;683;0.675000
2;684;0.675556
2;685;0.677222
2;686;0.673889
2;687;0.672778
2;688;0.670000
2;689;0.673333
2;690;0.673889
2;691;0.671667
2;692;0.677778
2;693;0.676667
2;694;0.673333
2;695;0.670556
2;696;0.668333
2;697;0.700556
2;698;0.697222
2;699;0.695556
2;700;0.696667
2;701;0.696667
2;702;0.698889
2;703;0.700556
2;704;0.697222
2;705;0.693889
2;706;0.693889
2;707;0.693889
2;708;0.696111
2;709;0.695000
2;710;0.691667
2;711;0.689444
2;712;0.688333
2;713;0.696667
2;714;0.693333
2;715;0.691667
2;716;0.692222
2;717;0.688889
2;718;0.686111
2;719;0.688889
2;720;0.686667
2;721;0.684444
2;722;0.683333
2;723;0.686667
2;724;0.686667
2;725;0.683333
2;726;0.684444
2;727;0.682778
2;728;0.681667
2;729;0.680556
2;730;0.685556
2;731;0.685000
2;732;0.683889
2;733;0.681667
2;734;0.678333
2;735;0.677222
2;736;0.681667
2;737;0.678333
2;738;0.679444
2;739;0.677222
2;740;0.678889
2;741;0.677778
2;742;0.674444
2;743;0.672778
2;744;0.671111
2;745;0.670000
2;746;0.672222
2;747;0.673889
2;748;0.672778
2;749;0.670000
2;750;0.669444
2;751;0.697222
2;752;0.702222
2;753;0.698889
2;754;0.700556
2;755;0.701667
2;756;0.698333
2;757;0.695000
2;758;0.697778
2;759;0.694444
2;760;0.697222
2;761;0.695000
2;762;0.721667
2;763;0.719444
2;764;0.721667
2;765;0.720000
2;766;0.716667
2;767;0.713333
2;768;0.716111
2;769;0.716111
2;770;0.715556
2;771;0.712222
2;772;0.708889
2;773;0.707222
2;774;0.706111
2;775;0.711111
2;776;0.710556
2;777;0.707222
2;778;0.705000
2;779;0.701667
2;780;0.704444
2;781;0.701667
2;782;0.698889
2;783;0.697222
2;784;0.693889
2;785;0.693333
2;786;0.695556
2;787;0.694444
2;788;0.691667
2;789;0.689444
2;790;0.686111
2;791;0.691667
2;792;0.688889
2;793;0.688889
2;794;0.685556
2;795;0.683889
2;796;0.686111
2;797;0.683889
2;798;0.681111
2;799;0.681667
2;800;0.678889
2;801;0.678333
2;802;0.675556
2;803;0.678333
2;804;0.676111
2;805;0.675000
2;806;0.674444
2;807;0.676667
2;808;0.673333
2;809;0.671111
2;810;0.668333
2;811;0.676111
2;812;0.672778
2;813;0.669444
2;814;0.677778
2;815;0.676111
2;816;0.673333
2;817;0.675000
2;818;0.671667
2;819;0.672222
2;820;0.672778
2;821;0.671111
2;822;0.672222
2;823;0.670000
2;824;0.670000
2;825;0.674444
2;826;0.676667
2;827;0.674444
2;828;0.671111
2;829;0.676111
2;830;0.673333
2;831;0.672222
2;832;0.671111
2;833;0.697778
2;834;0.697778
2;835;0.726111
2;836;0.724444
2;837;0.722778
2;838;0.720000
2;839;0.719444
2;840;0.720556
2;841;0.717778
2;842;0.718333
2;843;0.715000
2;844;0.714444
2;845;0.714444
2;846;0.711111
2;847;0.715556
2;848;0.713333
2;849;0.710556
2;850;0.708889
2;851;0.709444
2;852;0.706111
2;853;0.706111
2;854;0.705556
2;855;0.703889
2;856;0.700556
2;857;0.701667
2;858;0.701111
2;859;0.703333
2;860;0.702222
2;861;0.698889
2;862;0.696111
2;863;0.694444
2;864;0.695000
2;865;0.693333
2;866;0.690556
2;867;0.689444
2;868;0.691667
2;869;0.689444
2;870;0.688889
2;871;0.688889
2;872;0.685556
2;873;0.683333
2;874;0.683333
2;875;0.683333
2;876;0.680000
2;877;0.676667
2;878;0.681667
2;879;0.678333
2;880;0.677222
2;881;0.673889
2;882;0.670556
2;883;0.673333
2;884;0.673333
2;885;0.672222
2;886;0.677222
2;887;0.678333
2;888;0.677222
2;889;0.676111
2;890;0.675000
2;891;0.672222
2;892;0.671111
2;893;0.671111
2;894;0.668889
2;895;0.670000
2;896;0.671667
2;897;0.677222
2;898;0.673889
2;899;0.671667
2;900;0.670000
2;901;0.672778
2;902;0.669444
2;903;0.672222
2;904;0.675556
2;905;0.672778
2;906;0.673889
2;907;0.673333
2;908;0.673333
2;909;0.701111
2;910;0.698889
2;911;0.697222
2;912;0.695556
2;913;0.695000
2;914;0.697222
2;915;0.696111
2;916;0.693889
2;917;0.692222
2;918;0.692222
2;919;0.696667
2;920;0.693333
2;921;0.690000
2;922;0.691667
2;923;0.693889
2;924;0.690556
2;925;0.687222
2;926;0.691667
2;927;0.690556
2;928;0.687778
2;929;0.686111
2;930;0.688333
2;931;0.685000
2;932;0.687778
2;933;0.686667
2;934;0.685556
2;935;0.685556
2;936;0.685556
2;937;0.687222
2;938;0.684444
2;939;0.682778
2;940;0.685000
2;941;0.683889
2;942;0.685556
2;943;0.685000
2;944;0.681667
2;945;0.679444
2;946;0.676667
2;947;0.677778
2;948;0.675000
2;949;0.674444
2;950;0.677778
2;951;0.676667
2;952;0.673333
2;953;0.675000
2;954;0.671667
2;955;0.672778
2;956;0.672222
2;957;0.672222
2;958;0.671667
2;959;0.671111
2;960;0.673889
2;961;0.676667
2;962;0.673333
2;963;0.672222
2;964;0.671667
2;965;0.675556
2;966;0.677222
2;967;0.673889
2;968;0.672778
2;969;0.672222
2;970;0.670556
2;971;0.671111
2;972;0.670000
2;973;0.670556
2;974;0.672222
2;975;0.672778
2;976;0.672222
2;977;0.673889
2;978;0.672222
2;979;0.672222
2;980;0.677222
2;981;0.677778
2;982;0.674444
2;983;0.673333
2;984;0.671667
2;985;0.676667
2;986;0.673333
2;987;0.673889
2;988;0.673333
2;989;0.671667
2;990;0.671667
2;991;0.670000
2;992;0.671111
2;993;0.697222
2;994;0.700000
2;995;0.697778
2;996;0.696667
2;997;0.696111
2;998;0.721667
2;999;0.722222
2;1000;0.721667
2;1001;0.719444
2;1002;0.718889
2;1003;0.717778
2;1004;0.716111
2;1005;0.715000
2;1006;0.716667
2;1007;0.713889
2;1008;0.711111
2;1009;0.710000
2;1010;0.710000
2;1011;0.710000
2;1012;0.707222
2;1013;0.710556
2;1014;0.707222
2;1015;0.703889
2;1016;0.701111
2;1017;0.702778
2;1018;0.702222
2;1019;0.701111
2;1020;0.698333
2;1021;0.698333
2;1022;0.695000
2;1023;0.698889
2;1024;0.696667
2;1025;0.695556
2;1026;0.697222
2;1027;0.693889
2;1028;0.693333
2;1029;0.690000
2;1030;0.690000
2;1031;0.690000
2;1032;0.686667
2;1033;0.686667
2;1034;0.683333
2;1035;0.681111
2;1036;0.680000
2;1037;0.678333
2;1038;0.677222
2;1039;0.678333
2;1040;0.678333
2;1041;0.675000
2;1042;0.674444
2;1043;0.671667
2;1044;0.673333
2;1045;0.672778
2;1046;0.675000
2;1047;0.672778
2;1048;0.670000
2;1049;0.670000
2;1050;0.675000
2;1051;0.671667
2;1052;0.675556
2;1053;0.675000
2;1054;0.673333
2;1055;0.670000
2;1056;0.671667
2;1057;0.672778
2;1058;0.673333
2;1059;0.672778
2;1060;0.672222
2;1061;0.671111
2;1062;0.670556
2;1063;0.672222
2;1064;0.668889
2;1065;0.673333
2;1066;0.673333
2;1067;0.671667
2;1068;0.670556
2;1069;0.670556
2;1070;0.671667
2;1071;0.670556
2;1072;0.671111
2;1073;0.671111
2;1074;0.673333
2;1075;0.673889
2;1076;0.670556
2;1077;0.669444
2;1078;0.697222
2;1079;0.703889
2;1080;0.703889
2;1081;0.701111
2;1082;0.701667
2;1083;0.698333
2;1084;0.695000
2;1085;0.696111
2;1086;0.699444
2;1087;0.696111
2;1088;0.692778
2;1089;0.695000
2;1090;0.693333
2;1091;0.691111
2;1092;0.690556
2;1093;0.691111
2;1094;0.722222
2;1095;0.720000
2;1096;0.716667
2;1097;0.715556
2;1098;0.716111
2;1099;0.713333
2;1100;0.712778
2;1101;0.711111
2;1102;0.707778
2;1103;0.704444
2;1104;0.707778
2;1105;0.706667
2;1106;0.706111
2;1107;0.702778
2;1108;0.700556
2;1109;0.701111
2;1110;0.700000
2;1111;0.701111
2;1112;0.697778
2;1113;0.696111
2;1114;0.700000
2;1115;0.696667
2;1116;0.696111
2;1117;0.695556
2;1118;0.692778
2;1119;0.690556
2;1120;0.687222
2;1121;0.687222
2;1122;0.686667
2;1123;0.683889
2;1124;0.685000
2;1125;0.683333
2;1126;0.680556
2;1127;0.681667
2;1128;0.680000
2;1129;0.680556
2;1130;0.682778
2;1131;0.682222
2;1132;0.681111
2;1133;0.680556
2;1134;0.677222
2;1135;0.676111
2;1136;0.676111
2;1137;0.672778
2;1138;0.677778
2;1139;0.677778
2;1140;0.675000
2;1141;0.673333
2;1142;0.673333
2;1143;0.671667
2;1144;0.673333
2;1145;0.672222
2;1146;0.701111
2;1147;0.697778
2;1148;0.696667
2;1149;0.695556
2;1150;0.694444
2;1151;0.696111
2;1152;0.696111
2;1153;0.697222
2;1154;0.696667
2;1155;0.693333
2;1156;0.694444
2;1157;0.692778
2;1158;0.692778
2;1159;0.693333
2;1160;0.692222
2;1161;0.691667
2;1162;0.691111
2;1163;0.689444
2;1164;0.687222
2;1165;0.686667
2;1166;0.696667
2;1167;0.694444
2;1168;0.691111
2;1169;0.689444
2;1170;0.689444
2;1171;0.689444
2;1172;0.688333
2;1173;0.685000
2;1174;0.685000
2;1175;0.681667
2;1176;0.684444
2;1177;0.683333
2;1178;0.682778
2;1179;0.679444
2;1180;0.679444
2;1181;0.681667
2;1182;0.678333
2;1183;0.677222
2;1184;0.677222
2;1185;0.675000
2;1186;0.687222
2;1187;0.683889
2;1188;0.680556
2;1189;0.677778
2;1190;0.677222
2;1191;0.675556
2;1192;0.675556
2;1193;0.672222
2;1194;0.672222
2;1195;0.671111
2;1196;0.673333
2;1197;0.670000
2;1198;0.671667
2;1199;0.676111
2;1200;0.675000
2;1201;0.675000
2;1202;0.672222
2;1203;0.671667
2;1204;0.671111
2;1205;0.672222
2;1206;0.673333
2;1207;0.670000
2;1208;0.670556
2;1209;0.675556
2;1210;0.674444
2;1211;0.672778
2;1212;0.669444
2;1213;0.667778
2;1214;0.669444
2;1215;0.673333
2;1216;0.673333
2;1217;0.670000
2;1218;0.670556
2;1219;0.672222
2;1220;0.673333
2;1221;0.670000
2;1222;0.670000
2;1223;0.673333
2;1224;0.672778
2;1225;0.672222
2;1226;0.677222
2;1227;0.676111
2;1228;0.673889
2;1229;0.671111
2;1230;0.673889
2;1231;0.673889
2;1232;0.670556
2;1233;0.669444
2;1234;0.701111
2;1235;0.698333
2;1236;0.699444
2;1237;0.696667
2;1238;0.696111
2;1239;0.696111
2;1240;0.696111
2;1241;0.692778
2;1242;0.695000
2;1243;0.702222
2;1244;0.698889
2;1245;0.695556
2;1246;0.692222
2;1247;0.693333
2;1248;0.691667
2;1249;0.689444
2;1250;0.689444
2;1251;0.692222
2;1252;0.689444
2;1253;0.688889
2;1254;0.686667
2;1255;0.686667
2;1256;0.683889
2;1257;0.684444
2;1258;0.711667
2;1259;0.710000
2;1260;0.714444
2;1261;0.715000
2;1262;0.712778
2;1263;0.709444
2;1264;0.709444
2;1265;0.706111
2;1266;0.705000
2;1267;0.703889
2;1268;0.701667
2;1269;0.698333
2;1270;0.700556
2;1271;0.702222
2;1272;0.698889
2;1273;0.695556
2;1274;0.695556
2;1275;0.694444
2;1276;0.691111
2;1277;0.695000
2;1278;0.691667
2;1279;0.690000
2;1280;0.686667
2;1281;0.690000
2;1282;0.690556
2;1283;0.687222
2;1284;0.683889
2;1285;0.683333
2;1286;0.686111
2;1287;0.687222
2;1288;0.683889
2;1289;0.681111
2;1290;0.678889
2;1291;0.681667
2;1292;0.678889
2;1293;0.677222
2;1294;0.706111
2;1295;0.705556
2;1296;0.705000
2;1297;0.703889
2;1298;0.701667
2;1299;0.703889
2;1300;0.701111
2;1301;0.701667
2;1302;0.698889
2;1303;0.697778
2;1304;0.699444
2;1305;0.696111
2;1306;0.692778
2;1307;0.691111
2;1308;0.689444
2;1309;0.690000
2;1310;0.693333
2;1311;0.691111
2;1312;0.691111
2;1313;0.690000
2;1314;0.688889
2;1315;0.687778
2;1316;0.686111
2;1317;0.683333
2;1318;0.684444
2;1319;0.688889
2;1320;0.688333
2;1321;0.688333
2;1322;0.687778
2;1323;0.686111
2;1324;0.686111
2;1325;0.682778
2;1326;0.708333
2;1327;0.712778
2;1328;0.709444
2;1329;0.708889
2;1330;0.708333
2;1331;0.705556
2;1332;0.702778
2;1333;0.700556
2;1334;0.699444
2;1335;0.698889
2;1336;0.695556
2;1337;0.693889
2;1338;0.696111
2;1339;0.693889
2;1340;0.690556
2;1341;0.691111
2;1342;0.690556
2;1343;0.690000
2;1344;0.686667
2;1345;0.684444
2;1346;0.695000
2;1347;0.693333
2;1348;0.691667
2;1349;0.689444
2;1350;0.693333
2;1351;0.692778
2;1352;0.689444
2;1353;0.686111
2;1354;0.682778
2;1355;0.681111
2;1356;0.682778
2;1357;0.681111
2;1358;0.709444
2;1359;0.708889
2;1360;0.707778
2;1361;0.710000
2;1362;0.706667
2;1363;0.705000
2;1364;0.703889
2;1365;0.701667
2;1366;0.701111
2;1367;0.702222
2;1368;0.698889
2;1369;0.695556
2;1370;0.692222
2;1371;0.694444
2;1372;0.692778
2;1373;0.692778
2;1374;0.689444
2;1375;0.687778
2;1376;0.685556
2;1377;0.687222
2;1378;0.691111
2;1379;0.691667
2;1380;0.688333
2;1381;0.688889
2;1382;0.685556
2;1383;0.685556
2;1384;0.684444
2;1385;0.685000
2;1386;0.712778
2;1387;0.711667
2;1388;0.708333
2;1389;0.707778
2;1390;0.705000
2;1391;0.708889
2;1392;0.705556
2;1393;0.702222
2;1394;0.705000
2;1395;0.705000
2;1396;0.701667
2;1397;0.700556
2;1398;0.697222
2;1399;0.695556
2;1400;0.695000
2;1401;0.697222
2;1402;0.696667
2;1403;0.693333
2;1404;0.690000
2;1405;0.691111
2;1406;0.687778
2;1407;0.690556
2;1408;0.687222
2;1409;0.684444
2;1410;0.686111
2;1411;0.687222
2;1412;0.687778
2;1413;0.684444
2;1414;0.683889
2;1415;0.684444
2;1416;0.681667
2;1417;0.681111
2;1418;0.708889
2;1419;0.710000
2;1420;0.706667
2;1421;0.705556
2;1422;0.709444
2;1423;0.706111
2;1424;0.702778
2;1425;0.705556
2;1426;0.702222
2;1427;0.701111
2;1428;0.697778
2;1429;0.696111
2;1430;0.696111
2;1431;0.694444
2;1432;0.693333
2;1433;0.691111
2;1434;0.690556
2;1435;0.691111
2;1436;0.688889
2;1437;0.687222
2;1438;0.688889
2;1439;0.687778
2;1440;0.687222
2;1441;0.690000
2;1442;0.688889
2;1443;0.688333
2;1444;0.685000
2;1445;0.681667
2;1446;0.685000
2;1447;0.683889
2;1448;0.681667
2;1449;0.681111
2;1450;0.681111
2;1451;0.678333
2;1452;0.683333
2;1453;0.685000
2;1454;0.684444
2;1455;0.681111
2;1456;0.681111
2;1457;0.677778
2;1458;0.676667
2;1459;0.681111
2;1460;0.706667
2;1461;0.703333
2;1462;0.704444
2;1463;0.704444
2;1464;0.701111
2;1465;0.700000
2;1466;0.696667
2;1467;0.698889
2;1468;0.695556
2;1469;0.699444
2;1470;0.697222
2;1471;0.693889
2;1472;0.694444
2;1473;0.691667
2;1474;0.693333
2;1475;0.691111
2;1476;0.689444
2;1477;0.692222
2;1478;0.689444
2;1479;0.688333
2;1480;0.685000
2;1481;0.685556
2;1482;0.713333
2;1483;0.711667
2;1484;0.711111
2;1485;0.712222
2;1486;0.709444
2;1487;0.710000
2;1488;0.706667
2;1489;0.706667
2;1490;0.707222
2;1491;0.707222
2;1492;0.706111
2;1493;0.702778
2;1494;0.699444
2;1495;0.698889
2;1496;0.698333
2;1497;0.698889
2;1498;0.695556
2;1499;0.693889
2;1500;0.691667
2;1501;0.693333
2;1502;0.694444
2;1503;0.693889
2;1504;0.690556
2;1505;0.689444
2;1506;0.686111
2;1507;0.688333
2;1508;0.686667
2;1509;0.683889
2;1510;0.682222
2;1511;0.682778
2;1512;0.683889
2;1513;0.688889
2;1514;0.688333
2;1515;0.688333
2;1516;0.685000
2;1517;0.681667
2;1518;0.680556
2;1519;0.678889
2;1520;0.704444
2;1521;0.703333
2;1522;0.701111
2;1523;0.702778
2;1524;0.700000
2;1525;0.701667
2;1526;0.701111
2;1527;0.697778
2;1528;0.697222
2;1529;0.694444
2;1530;0.693889
2;1531;0.695556
2;1532;0.693333
2;1533;0.690000
2;1534;0.691111
2;1535;0.691667
2;1536;0.694444
2;1537;0.694444
2;1538;0.691111
2;1539;0.690556
2;1540;0.687222
2;1541;0.687778
2;1542;0.686667
2;1543;0.685000
2;1544;0.684444
2;1545;0.683333
2;1546;0.683889
2;1547;0.682222
2;1548;0.685000
2;1549;0.683889
2;1550;0.683889
2;1551;0.680556
2;1552;0.677222
2;1553;0.688889
2;1554;0.686111
2;1555;0.684444
2;1556;0.683333
2;1557;0.680000
2;1558;0.677778
2;1559;0.677778
2;1560;0.675556
2;1561;0.701111
2;1562;0.702778
2;1563;0.703889
2;1564;0.700556
2;1565;0.697222
2;1566;0.698333
2;1567;0.696111
2;1568;0.697778
2;1569;0.696667
2;1570;0.693333
2;1571;0.691667
2;1572;0.694444
2;1573;0.696667
2;1574;0.696111
2;1575;0.695556
2;1576;0.692222
2;1577;0.689444
2;1578;0.688333
2;1579;0.687222
2;1580;0.688333
2;1581;0.687222
2;1582;0.685000
2;1583;0.686111
2;1584;0.685000
2;1585;0.684444
2;1586;0.682778
2;1587;0.681111
2;1588;0.688889
2;1589;0.691111
2;1590;0.687778
2;1591;0.684444
2;1592;0.683333
2;1593;0.686667
2;1594;0.683333
2;1595;0.682222
2;1596;0.680000
2;1597;0.676667
2;1598;0.677222
2;1599;0.677222
2;1600;0.677222
2;1601;0.680000
2;1602;0.677222
2;1603;0.678889
2;1604;0.677222
2;1605;0.673889
2;1606;0.673889
2;1607;0.677778
2;1608;0.674444
2;1609;0.673333
2;1610;0.671111
2;1611;0.670556
2;1612;0.669444
2;1613;0.675000
2;1614;0.676111
2;1615;0.672778
2;1616;0.670000
2;1617;0.668889
2;1618;0.671111
2;1619;0.673333
2;1620;0.672778
2;1621;0.671111
2;1622;0.668889
2;1623;0.672222
2;1624;0.677778
2;1625;0.676667
2;1626;0.674444
2;1627;0.673889
2;1628;0.675000
2;1629;0.672778
2;1630;0.670556
2;1631;0.669444
2;1632;0.700556
2;1633;0.701667
2;1634;0.698333
2;1635;0.696111
2;1636;0.696111
2;1637;0.695000
2;1638;0.701111
2;1639;0.697778
2;1640;0.699444
2;1641;0.697778
2;1642;0.694444
2;1643;0.694444
2;1644;0.695556
2;1645;0.695556
2;1646;0.692222
2;1647;0.691667
2;1648;0.689444
2;1649;0.688333
2;1650;0.687778
2;1651;0.688889
2;1652;0.716111
2;1653;0.712778
2;1654;0.711111
2;1655;0.713333
2;1656;0.710000
2;1657;0.710556
2;1658;0.710000
2;1659;0.710000
2;1660;0.708333
2;1661;0.705000
2;1662;0.702222
2;1663;0.704444
2;1664;0.702222
2;1665;0.701111
2;1666;0.700556
2;1667;0.698889
2;1668;0.695556
2;1669;0.696111
2;1670;0.696667
2;1671;0.695000
2;1672;0.692222
2;1673;0.693889
2;1674;0.692222
2;1675;0.688889
2;1676;0.688889
2;1677;0.688333
2;1678;0.685556
2;1679;0.687222
2;1680;0.685000
2;1681;0.681667
2;1682;0.681111
2;1683;0.682222
2;1684;0.682778
2;1685;0.683889
2;1686;0.681111
2;1687;0.680556
2;1688;0.677222
2;1689;0.677778
2;1690;0.677778
2;1691;0.676667
2;1692;0.679444
2;1693;0.682778
2;1694;0.682778
2;1695;0.681667
2;1696;0.678333
2;1697;0.678889
2;1698;0.675556
2;1699;0.672222
2;1700;0.672222
2;1701;0.675556
2;1702;0.673333
2;1703;0.672778
2;1704;0.676111
2;1705;0.673889
2;1706;0.670556
2;1707;0.672778
2;1708;0.673889
2;1709;0.672222
2;1710;0.668889
2;1711;0.667222
2;1712;0.671667
2;1713;0.673889
2;1714;0.670556
2;1715;0.669444
2;1716;0.673889
2;1717;0.675000
2;1718;0.671667
2;1719;0.671111
2;1720;0.671111
2;1721;0.670556
2;1722;0.672222
2;1723;0.670556
2;1724;0.697222
2;1725;0.694444
2;1726;0.702778
2;1727;0.699444
2;1728;0.696111
2;1729;0.697778
2;1730;0.694444
2;1731;0.695000
2;1732;0.692222
2;1733;0.691667
2;1734;0.693889
2;1735;0.691667
2;1736;0.692778
2;1737;0.690000
2;1738;0.691667
2;1739;0.690000
2;1740;0.693333
2;1741;0.690000
2;1742;0.687222
2;1743;0.686667
2;1744;0.686667
2;1745;0.689444
2;1746;0.691111
2;1747;0.688333
2;1748;0.687222
2;1749;0.685556
2;1750;0.685000
2;1751;0.682222
2;1752;0.683889
2;1753;0.686111
2;1754;0.687222
2;1755;0.684444
2;1756;0.682778
2;1757;0.681111
2;1758;0.683333
2;1759;0.681667
2;1760;0.681111
2;1761;0.677778
2;1762;0.678333
2;1763;0.677778
2;1764;0.677778
2;1765;0.676667
2;1766;0.673333
2;1767;0.673889
2;1768;0.672222
2;1769;0.672778
2;1770;0.672222
2;1771;0.670000
2;1772;0.673889
2;1773;0.671667
2;1774;0.672222
2;1775;0.670000
2;1776;0.671111
2;1777;0.676667
2;1778;0.676667
2;1779;0.673333
2;1780;0.673889
2;1781;0.670556
2;1782;0.667778
2;1783;0.672222
2;1784;0.702778
2;1785;0.699444
2;1786;0.696111
2;1787;0.698889
2;1788;0.698889
2;1789;0.697778
2;1790;0.699444
2;1791;0.696111
2;1792;0.692778
2;1793;0.692222
2;1794;0.693333
2;1795;0.691667
2;1796;0.688889
2;1797;0.696667
2;1798;0.695556
2;1799;0.692222
2;1800;0.692222
2;1801;0.691667
2;1802;0.691667
2;1803;0.689444
2;1804;0.688333
2;1805;0.687778
2;1806;0.685000
2;1807;0.687778
2;1808;0.687778
2;1809;0.685000
2;1810;0.685556
2;1811;0.682222
2;1812;0.681667
2;1813;0.683333
2;1814;0.683333
2;1815;0.683333
2;1816;0.680556
2;1817;0.680000
2;1818;0.677778
2;1819;0.676667
2;1820;0.678333
2;1821;0.678889
2;1822;0.678333
2;1823;0.677778
2;1824;0.676111
2;1825;0.674444
2;1826;0.672778
2;1827;0.675556
2;1828;0.675000
2;1829;0.671667
2;1830;0.671111
2;1831;0.674444
2;1832;0.671111
2;1833;0.668333
2;1834;0.675000
2;1835;0.702222
2;1836;0.704444
2;1837;0.701111
2;1838;0.698889
2;1839;0.696111
2;1840;0.696667
2;1841;0.696667
2;1842;0.698889
2;1843;0.695556
2;1844;0.696667
2;1845;0.693333
2;1846;0.690000
2;1847;0.697778
2;1848;0.694444
2;1849;0.696667
2;1850;0.695556
2;1851;0.693889
2;1852;0.692778
2;1853;0.689444
2;1854;0.690556
2;1855;0.716111
2;1856;0.713333
2;1857;0.711111
2;1858;0.710556
2;1859;0.713333
2;1860;0.712778
2;1861;0.711111
2;1862;0.707778
2;1863;0.704444
2;1864;0.705000
2;1865;0.705556
2;1866;0.702778
2;1867;0.700556
2;1868;0.699444
2;1869;0.698333
2;1870;0.698889
2;1871;0.696667
2;1872;0.694444
2;1873;0.696111
2;1874;0.696667
2;1875;0.693333
2;1876;0.692778
2;1877;0.690556
2;1878;0.688889
2;1879;0.688333
2;1880;0.687778
2;1881;0.687222
2;1882;0.685000
2;1883;0.682778
2;1884;0.680000
2;1885;0.682778
2;1886;0.681111
2;1887;0.687778
2;1888;0.684444
2;1889;0.683889
2;1890;0.680556
2;1891;0.678889
2;1892;0.676111
2;1893;0.679444
2;1894;0.677778
2;1895;0.676111
2;1896;0.672778
2;1897;0.676111
2;1898;0.675556
2;1899;0.673333
2;1900;0.671111
2;1901;0.670556
2;1902;0.703889
2;1903;0.703889
2;1904;0.701111
2;1905;0.699444
2;1906;0.696667
2;1907;0.699444
2;1908;0.698333
2;1909;0.695556
2;1910;0.695556
2;1911;0.694444
2;1912;0.695000
2;1913;0.691667
2;1914;0.693333
2;1915;0.720000
2;1916;0.716667
2;1917;0.718333
2;1918;0.716667
2;1919;0.713889
2;1920;0.711111
2;1921;0.712778
2;1922;0.712778
2;1923;0.711667
2;1924;0.711111
2;1925;0.709444
2;1926;0.706111
2;1927;0.704444
2;1928;0.708889
2;1929;0.708889
2;1930;0.708333
2;1931;0.705000
2;1932;0.703333
2;1933;0.700000
2;1934;0.696667
2;1935;0.697222
2;1936;0.695000
2;1937;0.693889
2;1938;0.696111
2;1939;0.694444
2;1940;0.691111
2;1941;0.690000
2;1942;0.689444
2;1943;0.688889
2;1944;0.685556
2;1945;0.683333
2;1946;0.686111
2;1947;0.683333
2;1948;0.682778
2;1949;0.682778
2;1950;0.681111
2;1951;0.679444
2;1952;0.676667
2;1953;0.680556
2;1954;0.684444
2;1955;0.683333
2;1956;0.681111
2;1957;0.677778
2;1958;0.676667
2;1959;0.676111
2;1960;0.672778
2;1961;0.670556
2;1962;0.727778
2;1963;0.729444
2;1964;0.726667
2;1965;0.723889
2;1966;0.726111
2;1967;0.725000
2;1968;0.725556
2;1969;0.727222
2;1970;0.725000
2;1971;0.726111
2;1972;0.724444
2;1973;0.726667
2;1974;0.725556
2;1975;0.727778
2;1976;0.728333
2;1977;0.727778
2;1978;0.725556
2;1979;0.725556
2;1980;0.725556
2;1981;0.727778
2;1982;0.725000
2;1983;0.725000
2;1984;0.725000
2;1985;0.728889
2;1986;0.728889
2;1987;0.726111
2;1988;0.728333
2;1989;0.726111
2;1990;0.725000
2;1991;0.725000
2;1992;0.722778
2;1993;0.725556
2;1994;0.726111
2;1995;0.725000
2;1996;0.781111
2;1997;0.780556
2;1998;0.834444
2;1999;0.890000
2;2000;0.888889
3;0;0.666667
3;1;0.670000
3;2;0.666667
3;3;0.676667
3;4;0.673333
3;5;0.670000
3;6;0.666667
3;7;0.673333
3;8;0.670000
3;9;0.666667
3;10;0.676667
3;11;0.673333
3;12;0.670000
3;13;0.666667
3;14;0.676667
3;15;0.673333
3;16;0.670000
3;17;0.666667
3;18;0.670000
3;19;0.666667
3;20;0.678333
3;21;0.675000
3;22;0.671667
3;23;0.668333
3;24;0.668333
3;25;0.668333
3;26;0.668333
3;27;0.668333
3;28;0.671667
3;29;0.670000
3;30;0.668333
3;31;0.672222
3;32;0.676667
3;33;0.673333
3;34;0.670000
3;35;0.671111
3;36;0.670000
3;37;0.671111
3;38;0.725556
3;39;0.725556
3;40;0.722222
3;41;0.721111
3;42;0.722222
3;43;0.721111
3;44;0.717778
3;45;0.716667
3;46;0.716667
3;47;0.715556
3;48;0.712222
3;49;0.721111
3;50;0.718889
3;51;0.718889
3;52;0.715556
3;53;0.712222
3;54;0.710000
3;55;0.708889
3;56;0.705556
3;57;0.704444
3;58;0.701111
3;59;0.704444
3;60;0.702222
3;61;0.702222
3;62;0.698889
3;63;0.695556
3;64;0.708889
3;65;0.705556
3;66;0.702222
3;67;0.698889
3;68;0.695556
3;69;0.694444
3;70;0.691111
3;71;0.690000
3;72;0.686667
3;73;0.686667
3;74;0.688889
3;75;0.685556
3;76;0.687778
3;77;0.684444
3;78;0.681111
3;79;0.688889
3;80;0.685556
3;81;0.684444
3;82;0.681111
3;83;0.680000
3;84;0.676667
3;85;0.674444
3;86;0.672222
3;87;0.675556
3;88;0.672222
3;89;0.674444
3;90;0.680000
3;91;0.676667
3;92;0.673333
3;93;0.674444
3;94;0.676667
3;95;0.673333
3;96;0.670000
3;97;0.668889
3;98;0.671111
3;99;0.676667
3;100;0.673333
3;101;0.672222
3;102;0.668889
3;103;0.671111
3;104;0.667778
3;105;0.666667
3;106;0.671111
3;107;0.673333
3;108;0.670000
3;109;0.667778
3;110;0.676667
3;111;0.677778
3;112;0.675556
3;113;0.674444
3;114;0.673333
3;115;0.670833
3;116;0.671667
3;117;0.672500
3;118;0.669167
3;119;0.666667
3;120;0.674167
3;121;0.675833
3;122;0.675833
3;123;0.672500
3;124;0.669167
3;125;0.670000
3;126;0.668333
3;127;0.669167
3;128;0.672500
3;129;0.670000
3;130;0.673333
3;131;0.671667
3;132;0.668333
3;133;0.669167
3;134;0.671667
3;135;0.673333
3;136;0.673333
3;137;0.678333
3;138;0.676667
3;139;0.673333
3;140;0.718333
3;141;0.718333
3;142;0.715000
3;143;0.711667
3;144;0.708333
3;145;0.710000
3;146;0.710000
3;147;0.710833
3;148;0.707500
3;149;0.704167
3;150;0.703333
3;151;0.703333
3;152;0.703333
3;153;0.704167
3;154;0.700833
3;155;0.700000
3;156;0.699167
3;157;0.695833
3;158;0.695833
3;159;0.698333
3;160;0.695000
3;161;0.695000
3;162;0.695833
3;163;0.695000
3;164;0.691667
3;165;0.690833
3;166;0.688333
3;167;0.686667
3;168;0.696667
3;169;0.695000
3;170;0.691667
3;171;0.690000
3;172;0.686667
3;173;0.688333
3;174;0.685000
3;175;0.681667
3;176;0.680000
3;177;0.680833
3;178;0.681667
3;179;0.681667
3;180;0.679167
3;181;0.678333
3;182;0.675000
3;183;0.677500
3;184;0.675000
3;185;0.677500
3;186;0.674167
3;187;0.670833
3;188;0.676667
3;189;0.675000
3;190;0.671667
3;191;0.671667
3;192;0.675000
3;193;0.674167
3;194;0.674167
3;195;0.673333
3;196;0.674167
3;197;0.670833
3;198;0.673333
3;199;0.670000
3;200;0.670000
3;201;0.677500
3;202;0.679167
3;203;0.675833
3;204;0.678333
3;205;0.675000
3;206;0.715000
3;207;0.711667
3;208;0.711667
3;209;0.710833
3;210;0.707500
3;211;0.708333
3;212;0.714167
3;213;0.710833
3;214;0.707500
3;215;0.704167
3;216;0.704167
3;217;0.703333
3;218;0.703333
3;219;0.700000
3;220;0.700000
3;221;0.699167
3;222;0.700833
3;223;0.700833
3;224;0.698333
3;225;0.697500
3;226;0.694167
3;227;0.693333
3;228;0.695000
3;229;0.693333
3;230;0.694167
3;231;0.694167
3;232;0.690833
3;233;0.692500
3;234;0.689167
3;235;0.692500
3;236;0.689167
3;237;0.689167
3;238;0.685833
3;239;0.685833
3;240;0.682500
3;241;0.690000
3;242;0.686667
3;243;0.685000
3;244;0.685000
3;245;0.683333
3;246;0.680000
3;247;0.679167
3;248;0.677500
3;249;0.674167
3;250;0.678333
3;251;0.679167
3;252;0.675833
3;253;0.672500
3;254;0.671667
3;255;0.673333
3;256;0.673333
3;257;0.673333
3;258;0.676667
3;259;0.673333
3;260;0.672500
3;261;0.674167
3;262;0.670833
3;263;0.674167
3;264;0.670833
3;265;0.668333
3;266;0.669167
3;267;0.672500
3;268;0.669167
3;269;0.667500
3;270;0.667500
3;271;0.669167
3;272;0.670833
3;273;0.670833
3;274;0.669167
3;275;0.674167
3;276;0.672500
3;277;0.671667
3;278;0.670833
3;279;0.670000
3;280;0.670000
3;281;0.673333
3;282;0.671667
3;283;0.668333
3;284;0.667500
3;285;0.713333
3;286;0.713333
3;287;0.711667
3;288;0.708333
3;289;0.710000
3;290;0.714167
3;291;0.710833
3;292;0.707500
3;293;0.707500
3;294;0.704167
3;295;0.704167
3;296;0.705000
3;297;0.704167
3;298;0.700833
3;299;0.700000
3;300;0.700000
3;301;0.701667
3;302;0.702500
3;303;0.699167
3;304;0.700833
3;305;0.697500
3;306;0.694167
3;307;0.696667
3;308;0.693333
3;309;0.691667
3;310;0.689167
3;311;0.692500
3;312;0.694167
3;313;0.694167
3;314;0.690833
3;315;0.687500
3;316;0.684167
3;317;0.685833
3;318;0.683333
3;319;0.685000
3;320;0.685833
3;321;0.685000
3;322;0.681667
3;323;0.678333
3;324;0.678333
3;325;0.685000
3;326;0.681667
3;327;0.681667
3;328;0.678333
3;329;0.675000
3;330;0.671667
3;331;0.675000
3;332;0.672500
3;333;0.677500
3;334;0.677500
3;335;0.679167
3;336;0.675833
3;337;0.679167
3;338;0.677500
3;339;0.674167
3;340;0.674167
3;341;0.674167
3;342;0.670833
3;343;0.671667
3;344;0.673333
3;345;0.675000
3;346;0.671667
3;347;0.668333
3;348;0.670833
3;349;0.668333
3;350;0.667500
3;351;0.676667
3;352;0.677500
3;353;0.675000
3;354;0.674167
3;355;0.672500
3;356;0.672500
3;357;0.673333
3;358;0.670000
3;359;0.671667
3;360;0.674167
3;361;0.675000
3;362;0.671667
3;363;0.671667
3;364;0.670000
3;365;0.670000
3;366;0.674167
3;367;0.675833
3;368;0.672500
3;369;0.670833
3;370;0.669167
3;371;0.672500
3;372;0.670833
3;373;0.670833
3;374;0.672500
3;375;0.669167
3;376;0.670833
3;377;0.674167
3;378;0.675000
3;379;0.672500
3;380;0.673333
3;381;0.672500
3;382;0.669167
3;383;0.671667
3;384;0.671667
3;385;0.673333
3;386;0.672500
3;387;0.674167
3;388;0.672500
3;389;0.672500
3;390;0.670000
3;391;0.671667
3;392;0.668333
3;393;0.675833
3;394;0.672500
3;395;0.671667
3;396;0.668333
3;397;0.670000
3;398;0.672500
3;399;0.669167
3;400;0.670000
3;401;0.670833
3;402;0.670000
3;403;0.670000
3;404;0.672500
3;405;0.670833
3;406;0.671667
3;407;0.673333
3;408;0.670833
3;409;0.670833
3;410;0.669167
3;411;0.668333
3;412;0.672500
3;413;0.673333
3;414;0.673333
3;415;0.674167
3;416;0.670833
3;417;0.669167
3;418;0.673333
3;419;0.671667
3;420;0.670833
3;421;0.673333
3;422;0.670000
3;423;0.670000
3;424;0.675000
3;425;0.680000
3;426;0.679167
3;427;0.675833
3;428;0.672500
3;429;0.675833
3;430;0.672500
3;431;0.672500
3;432;0.669167
3;433;0.672500
3;434;0.673333
3;435;0.675000
3;436;0.672500
3;437;0.670833
3;438;0.667500
3;439;0.673333
3;440;0.672500
3;441;0.670833
3;442;0.667500
3;443;0.672500
3;444;0.671667
3;445;0.670833
3;446;0.671667
3;447;0.671667
3;448;0.671667
3;449;0.673333
3;450;0.670000
3;451;0.677500
3;452;0.674167
3;453;0.670833
3;454;0.671667
3;455;0.673333
3;456;0.670000
3;457;0.670000
3;458;0.667500
3;459;0.672500
3;460;0.672500
3;461;0.669167
3;462;0.670000
3;463;0.670000
3;464;0.670833
3;465;0.670000
3;466;0.675000
3;467;0.671667
3;468;0.674167
3;469;0.670833
3;470;0.674167
3;471;0.670833
3;472;0.670833
3;473;0.671667
3;474;0.668333
3;475;0.668333
3;476;0.679167
3;477;0.675833
3;478;0.675833
3;479;0.674167
3;480;0.670833
3;481;0.675833
3;482;0.672500
3;483;0.670833
3;484;0.667500
3;485;0.717500
3;486;0.718333
3;487;0.715000
3;488;0.711667
3;489;0.708333
3;490;0.705000
3;491;0.710000
3;492;0.706667
3;493;0.704167
3;494;0.709167
3;495;0.709167
3;496;0.705833
3;497;0.708333
3;498;0.705000
3;499;0.703333
3;500;0.700000
3;501;0.698333
3;502;0.697500
3;503;0.696667
3;504;0.697500
3;505;0.698333
3;506;0.699167
3;507;0.695833
3;508;0.692500
3;509;0.690833
3;510;0.690000
3;511;0.690000
3;512;0.690833
3;513;0.690833
3;514;0.688333
3;515;0.686667
3;516;0.683333
3;517;0.691667
3;518;0.688333
3;519;0.686667
3;520;0.683333
3;521;0.681667
3;522;0.678333
3;523;0.687500
3;524;0.684167
3;525;0.680833
3;526;0.677500
3;527;0.675833
3;528;0.677500
3;529;0.680833
3;530;0.677500
3;531;0.674167
3;532;0.670833
3;533;0.671667
3;534;0.672500
3;535;0.670000
3;536;0.672500
3;537;0.675833
3;538;0.673333
3;539;0.676667
3;540;0.673333
3;541;0.678333
3;542;0.675000
3;543;0.671667
3;544;0.668333
3;545;0.714167
3;546;0.710833
3;547;0.714167
3;548;0.710833
3;549;0.707500
3;550;0.709167
3;551;0.710000
3;552;0.706667
3;553;0.705000
3;554;0.705000
3;555;0.704167
3;556;0.701667
3;557;0.699167
3;558;0.705000
3;559;0.701667
3;560;0.701667
3;561;0.698333
3;562;0.697500
3;563;0.695000
3;564;0.695000
3;565;0.702500
3;566;0.699167
3;567;0.699167
3;568;0.696667
3;569;0.695833
3;570;0.692500
3;571;0.691667
3;572;0.692500
3;573;0.689167
3;574;0.690000
3;575;0.690833
3;576;0.687500
3;577;0.686667
3;578;0.683333
3;579;0.682500
3;580;0.680833
3;581;0.680833
3;582;0.685833
3;583;0.682500
3;584;0.683333
3;585;0.680000
3;586;0.676667
3;587;0.680833
3;588;0.677500
3;589;0.675000
3;590;0.675833
3;591;0.675000
3;592;0.671667
3;593;0.670000
3;594;0.675833
3;595;0.673333
3;596;0.671667
3;597;0.675000
3;598;0.672500
3;599;0.675833
3;600;0.675833
3;601;0.672500
3;602;0.670000
3;603;0.668333
3;604;0.672500
3;605;0.675000
3;606;0.671667
3;607;0.672500
3;608;0.670000
3;609;0.668333
3;610;0.669167
3;611;0.670000
3;612;0.667500
3;613;0.672500
3;614;0.673333
3;615;0.673333
3;616;0.674167
3;617;0.670833
3;618;0.672500
3;619;0.675833
3;620;0.672500
3;621;0.671667
3;622;0.671667
3;623;0.668333
3;624;0.680000
3;625;0.676667
3;626;0.675000
3;627;0.673333
3;628;0.673333
3;629;0.675833
3;630;0.672500
3;631;0.669167
3;632;0.675000
3;633;0.674167
3;634;0.675000
3;635;0.671667
3;636;0.671667
3;637;0.670833
3;638;0.668333
3;639;0.670000
3;640;0.710833
3;641;0.715833
3;642;0.712500
3;643;0.711667
3;644;0.708333
3;645;0.707500
3;646;0.705833
3;647;0.705833
3;648;0.706667
3;649;0.706667
3;650;0.703333
3;651;0.701667
3;652;0.700833
3;653;0.701667
3;654;0.698333
3;655;0.700000
3;656;0.700833
3;657;0.699167
3;658;0.695833
3;659;0.694167
3;660;0.695833
3;661;0.697500
3;662;0.694167
3;663;0.703333
3;664;0.700000
3;665;0.696667
3;666;0.693333
3;667;0.693333
3;668;0.692500
3;669;0.689167
3;670;0.685833
3;671;0.686667
3;672;0.684167
3;673;0.690000
3;674;0.686667
3;675;0.688333
3;676;0.685000
3;677;0.681667
3;678;0.679167
3;679;0.680000
3;680;0.685000
3;681;0.685000
3;682;0.681667
3;683;0.679167
3;684;0.676667
3;685;0.677500
3;686;0.674167
3;687;0.674167
3;688;0.671667
3;689;0.670833
3;690;0.671667
3;691;0.670000
3;692;0.677500
3;693;0.677500
3;694;0.674167
3;695;0.671667
3;696;0.669167
3;697;0.673333
3;698;0.670000
3;699;0.669167
3;700;0.670000
3;701;0.671667
3;702;0.676667
3;703;0.676667
3;704;0.673333
3;705;0.670000
3;706;0.671667
3;707;0.673333
3;708;0.674167
3;709;0.674167
3;710;0.670833
3;711;0.669167
3;712;0.669167
3;713;0.675000
3;714;0.671667
3;715;0.670833
3;716;0.673333
3;717;0.670000
3;718;0.667500
3;719;0.673333
3;720;0.671667
3;721;0.670000
3;722;0.670000
3;723;0.674167
3;724;0.675833
3;725;0.672500
3;726;0.671667
3;727;0.670833
3;728;0.670833
3;729;0.670833
3;730;0.680000
3;731;0.676667
3;732;0.676667
3;733;0.675000
3;734;0.671667
3;735;0.671667
3;736;0.671667
3;737;0.668333
3;738;0.671667
3;739;0.670000
3;740;0.674167
3;741;0.674167
3;742;0.670833
3;743;0.670000
3;744;0.669167
3;745;0.669167
3;746;0.670833
3;747;0.675000
3;748;0.675000
3;749;0.671667
3;750;0.668333
3;751;0.710833
3;752;0.717500
3;753;0.714167
3;754;0.711667
3;755;0.710833
3;756;0.707500
3;757;0.704167
3;758;0.710000
3;759;0.706667
3;760;0.704167
3;761;0.702500
3;762;0.700833
3;763;0.699167
3;764;0.704167
3;765;0.703333
3;766;0.700000
3;767;0.696667
3;768;0.702500
3;769;0.704167
3;770;0.700833
3;771;0.697500
3;772;0.694167
3;773;0.693333
3;774;0.693333
3;775;0.694167
3;776;0.695000
3;777;0.691667
3;778;0.690000
3;779;0.686667
3;780;0.692500
3;781;0.690000
3;782;0.687500
3;783;0.686667
3;784;0.683333
3;785;0.682500
3;786;0.687500
3;787;0.684167
3;788;0.681667
3;789;0.680000
3;790;0.676667
3;791;0.682500
3;792;0.680000
3;793;0.681667
3;794;0.678333
3;795;0.677500
3;796;0.674167
3;797;0.672500
3;798;0.670000
3;799;0.672500
3;800;0.670000
3;801;0.670833
3;802;0.668333
3;803;0.674167
3;804;0.672500
3;805;0.672500
3;806;0.670000
3;807;0.675000
3;808;0.671667
3;809;0.670000
3;810;0.666667
3;811;0.676667
3;812;0.673333
3;813;0.670000
3;814;0.679167
3;815;0.677500
3;816;0.674167
3;817;0.675833
3;818;0.672500
3;819;0.675000
3;820;0.671667
3;821;0.670833
3;822;0.670833
3;823;0.669167
3;824;0.670833
3;825;0.672500
3;826;0.674167
3;827;0.672500
3;828;0.669167
3;829;0.678333
3;830;0.675000
3;831;0.671667
3;832;0.671667
3;833;0.670000
3;834;0.671667
3;835;0.715000
3;836;0.713333
3;837;0.710000
3;838;0.707500
3;839;0.708333
3;840;0.708333
3;841;0.705833
3;842;0.708333
3;843;0.705000
3;844;0.705000
3;845;0.703333
3;846;0.700000
3;847;0.708333
3;848;0.706667
3;849;0.703333
3;850;0.701667
3;851;0.701667
3;852;0.698333
3;853;0.700000
3;854;0.696667
3;855;0.695833
3;856;0.692500
3;857;0.695833
3;858;0.696667
3;859;0.693333
3;860;0.693333
3;861;0.690000
3;862;0.687500
3;863;0.686667
3;864;0.689167
3;865;0.688333
3;866;0.685833
3;867;0.685833
3;868;0.690833
3;869;0.687500
3;870;0.688333
3;871;0.686667
3;872;0.683333
3;873;0.681667
3;874;0.683333
3;875;0.682500
3;876;0.679167
3;877;0.675833
3;878;0.680833
3;879;0.677500
3;880;0.677500
3;881;0.674167
3;882;0.670833
3;883;0.674167
3;884;0.675833
3;885;0.673333
3;886;0.678333
3;887;0.681667
3;888;0.678333
3;889;0.678333
3;890;0.678333
3;891;0.675000
3;892;0.671667
3;893;0.670000
3;894;0.668333
3;895;0.670000
3;896;0.674167
3;897;0.675833
3;898;0.672500
3;899;0.670833
3;900;0.670000
3;901;0.672500
3;902;0.669167
3;903;0.670833
3;904;0.677500
3;905;0.674167
3;906;0.674167
3;907;0.675000
3;908;0.671667
3;909;0.715000
3;910;0.712500
3;911;0.710833
3;912;0.707500
3;913;0.708333
3;914;0.709167
3;915;0.706667
3;916;0.705000
3;917;0.704167
3;918;0.701667
3;919;0.707500
3;920;0.704167
3;921;0.700833
3;922;0.701667
3;923;0.703333
3;924;0.700000
3;925;0.696667
3;926;0.700000
3;927;0.699167
3;928;0.695833
3;929;0.692500
3;930;0.697500
3;931;0.694167
3;932;0.694167
3;933;0.694167
3;934;0.690833
3;935;0.692500
3;936;0.694167
3;937;0.693333
3;938;0.690000
3;939;0.686667
3;940;0.691667
3;941;0.691667
3;942;0.692500
3;943;0.689167
3;944;0.685833
3;945;0.684167
3;946;0.680833
3;947;0.681667
3;948;0.678333
3;949;0.675833
3;950;0.678333
3;951;0.678333
3;952;0.675000
3;953;0.676667
3;954;0.673333
3;955;0.673333
3;956;0.670833
3;957;0.672500
3;958;0.673333
3;959;0.673333
3;960;0.670000
3;961;0.675833
3;962;0.672500
3;963;0.672500
3;964;0.673333
3;965;0.672500
3;966;0.672500
3;967;0.669167
3;968;0.669167
3;969;0.670000
3;970;0.669167
3;971;0.669167
3;972;0.669167
3;973;0.671667
3;974;0.672500
3;975;0.670833
3;976;0.671667
3;977;0.675833
3;978;0.672500
3;979;0.674167
3;980;0.675000
3;981;0.674167
3;982;0.670833
3;983;0.670833
3;984;0.670000
3;985;0.672500
3;986;0.669167
3;987;0.671667
3;988;0.672500
3;989;0.671667
3;990;0.671667
3;991;0.670833
3;992;0.670833
3;993;0.668333
3;994;0.674167
3;995;0.672500
3;996;0.671667
3;997;0.670000
3;998;0.710000
3;999;0.712500
3;1000;0.710000
3;1001;0.708333
3;1002;0.709167
3;1003;0.709167
3;1004;0.707500
3;1005;0.704167
3;1006;0.708333
3;1007;0.705833
3;1008;0.703333
3;1009;0.702500
3;1010;0.701667
3;1011;0.703333
3;1012;0.700833
3;1013;0.703333
3;1014;0.700000
3;1015;0.696667
3;1016;0.694167
3;1017;0.698333
3;1018;0.695000
3;1019;0.695000
3;1020;0.692500
3;1021;0.694167
3;1022;0.690833
3;1023;0.690000
3;1024;0.688333
3;1025;0.688333
3;1026;0.692500
3;1027;0.689167
3;1028;0.690000
3;1029;0.686667
3;1030;0.688333
3;1031;0.690000
3;1032;0.686667
3;1033;0.685000
3;1034;0.681667
3;1035;0.680000
3;1036;0.680000
3;1037;0.678333
3;1038;0.676667
3;1039;0.680000
3;1040;0.678333
3;1041;0.675000
3;1042;0.675833
3;1043;0.673333
3;1044;0.675833
3;1045;0.675000
3;1046;0.676667
3;1047;0.673333
3;1048;0.670833
3;1049;0.670000
3;1050;0.676667
3;1051;0.673333
3;1052;0.677500
3;1053;0.674167
3;1054;0.673333
3;1055;0.670000
3;1056;0.671667
3;1057;0.675000
3;1058;0.674167
3;1059;0.671667
3;1060;0.672500
3;1061;0.672500
3;1062;0.672500
3;1063;0.672500
3;1064;0.668889
3;1065;0.673333
3;1066;0.673333
3;1067;0.671667
3;1068;0.670556
3;1069;0.670556
3;1070;0.671667
3;1071;0.670556
3;1072;0.671111
3;1073;0.671111
3;1074;0.673333
3;1075;0.673889
3;1076;0.670556
3;1077;0.669444
3;1078;0.697222
3;1079;0.703889
3;1080;0.703889
3;1081;0.701111
3;1082;0.701667
3;1083;0.698333
3;1084;0.695000
3;1085;0.696111
3;1086;0.699444
3;1087;0.696111
3;1088;0.692778
3;1089;0.695000
3;1090;0.693333
3;1091;0.691111
3;1092;0.690556
3;1093;0.691111
3;1094;0.722222
3;1095;0.720000
3;1096;0.716667
3;1097;0.715556
3;1098;0.716111
3;1099;0.713333
3;1100;0.712778
3;1101;0.711111
3;1102;0.707778
3;1103;0.704444
3;1104;0.707778
3;1105;0.706667
3;1106;0.706111
3;1107;0.702778
3;1108;0.700556
3;1109;0.701111
3;1110;0.700000
3;1111;0.701111
3;1112;0.697778
3;1113;0.696111
3;1114;0.700000
3;1115;0.696667
3;1116;0.696111
3;1117;0.695556
3;1118;0.692778
3;1119;0.690556
3;1120;0.687222
3;1121;0.687222
3;1122;0.686667
3;1123;0.683889
3;1124;0.685000
3;1125;0.683333
3;1126;0.680556
3;1127;0.681667
3;1128;0.680000
3;1129;0.680556
3;1130;0.682778
3;1131;0.682222
3;1132;0.681111
3;1133;0.680556
3;1134;0.677222
3;1135;0.676111
3;1136;0.676111
3;1137;0.672778
3;1138;0.677778
3;1139;0.677778
3;1140;0.675000
3;1141;0.673333
3;1142;0.673333
3;1143;0.671667
3;1144;0.673333
3;1145;0.672222
3;1146;0.701111
3;1147;0.697778
3;1148;0.696667
3;1149;0.695556
3;1150;0.694444
3;1151;0.696111
3;1152;0.696111
3;1153;0.697222
3;1154;0.696667
3;1155;0.693333
3;1156;0.694444
3;1157;0.692778
3;1158;0.692778
3;1159;0.693333
3;1160;0.692222
3;1161;0.691667
3;1162;0.691111
3;1163;0.689444
3;1164;0.687222
3;1165;0.686667
3;1166;0.696667
3;1167;0.694444
3;1168;0.691111
3;1169;0.689444
3;1170;0.689444
3;1171;0.689444
3;1172;0.688333
3;1173;0.685000
3;1174;0.685000
3;1175;0.681667
3;1176;0.684444
3;1177;0.683333
3;1178;0.682778
3;1179;0.679444
3;1180;0.679444
3;1181;0.681667
3;1182;0.678333
3;1183;0.677222
3;1184;0.677222
3;1185;0.675000
3;1186;0.687222
3;1187;0.683889
3;1188;0.680556
3;1189;0.677778
3;1190;0.677222
3;1191;0.675556
3;1192;0.675556
3;1193;0.672222
3;1194;0.672222
3;1195;0.671111
3;1196;0.673333
3;1197;0.670000
3;1198;0.671667
3;1199;0.676111
3;1200;0.675000
3;1201;0.675000
3;1202;0.672222
3;1203;0.671667
3;1204;0.671111
3;1205;0.672222
3;1206;0.673333
3;1207;0.670000
3;1208;0.670556
3;1209;0.675556
3;1210;0.674444
3;1211;0.672778
3;1212;0.669444
3;1213;0.667778
3;1214;0.669444
3;1215;0.673333
3;1216;0.673333
3;1217;0.670000
3;1218;0.670556
3;1219;0.672222
3;1220;0.673333
3;1221;0.670000
3;1222;0.670000
3;1223;0.673333
3;1224;0.672778
3;1225;0.672222
3;1226;0.677222
3;1227;0.676111
3;1228;0.673889
3;1229;0.671111
3;1230;0.673889
3;1231;0.673889
3;1232;0.670556
3;1233;0.669444
3;1234;0.701111
3;1235;0.698333
3;1236;0.699444
3;1237;0.696667
3;1238;0.696111
3;1239;0.696111
3;1240;0.696111
3;1241;0.692778
3;1242;0.695000
3;1243;0.702222
3;1244;0.698889
3;1245;0.695556
3;1246;0.692222
3;1247;0.693333
3;1248;0.691667
3;1249;0.689444
3;1250;0.689444
3;1251;0.692222
3;1252;0.689444
3;1253;0.688889
3;1254;0.686667
3;1255;0.686667
3;1256;0.683889
3;1257;0.684444
3;1258;0.711667
3;1259;0.710000
3;1260;0.714444
3;1261;0.715000
3;1262;0.712778
3;1263;0.709444
3;1264;0.709444
3;1265;0.706111
3;1266;0.705000
3;1267;0.703889
3;1268;0.701667
3;1269;0.698333
3;1270;0.700556
3;1271;0.702222
3;1272;0.698889
3;1273;0.695556
3;1274;0.695556
3;1275;0.694444
3;1276;0.691111
3;1277;0.695000
3;1278;0.691667
3;1279;0.690000
3;1280;0.686667
3;1281;0.690000
3;1282;0.690556
3;1283;0.687222
3;1284;0.683889
3;1285;0.683333
3;1286;0.686111
3;1287;0.687222
3;1288;0.683889
3;1289;0.681111
3;1290;0.678889
3;1291;0.681667
3;1292;0.678889
3;1293;0.677222
3;1294;0.706111
3;1295;0.705556
3;1296;0.705000
3;1297;0.703889
3;1298;0.701667
3;1299;0.703889
3;1300;0.701111
3;1301;0.701667
3;1302;0.698889
3;1303;0.697778
3;1304;0.699444
3;1305;0.696111
3;1306;0.692778
3;1307;0.691111
3;1308;0.689444
3;1309;0.690000
3;1310;0.693333
3;1311;0.691111
3;1312;0.691111
3;1313;0.690000
3;1314;0.688889
3;1315;0.687778
3;1316;0.686111
3;1317;0.683333
3;1318;0.684444
3;1319;0.688889
3;1320;0.688333
3;1321;0.688333
3;1322;0.687778
3;1323;0.686111
3;1324;0.686111
3;1325;0.682778
3;1326;0.708333
3;1327;0.712778
3;1328;0.709444
3;1329;0.708889
3;1330;0.708333
3;1331;0.705556
3;1332;0.702778
3;1333;0.700556
3;1334;0.699444
3;1335;0.698889
3;1336;0.695556
3;1337;0.693889
3;1338;0.696111
3;1339;0.693889
3;1340;0.690556
3;1341;0.691111
3;1342;0.690556
3;1343;0.690000
3;1344;0.686667
3;1345;0.684444
3;1346;0.695000
3;1347;0.693333
3;1348;0.691667
3;1349;0.689444
3;1350;0.693333
3;1351;0.692778
3;1352;0.689444
3;1353;0.686111
3;1354;0.682778
3;1355;0.681111
3;1356;0.682778
3;1357;0.681111
3;1358;0.709444
3;1359;0.708889
3;1360;0.707778
3;1361;0.710000
3;1362;0.706667
3;1363;0.705000
3;1364;0.703889
3;1365;0.701667
3;1366;0.701111
3;1367;0.702222
3;1368;0.698889
3;1369;0.695556
3;1370;0.692222
3;1371;0.694444
3;1372;0.692778
3;1373;0.692778
3;1374;0.689444
3;1375;0.687778
3;1376;0.685556
3;1377;0.687222
3;1378;0.691111
3;1379;0.691667
3;1380;0.688333
3;1381;0.688889
3;1382;0.685556
3;1383;0.685556
3;1384;0.684444
3;1385;0.685000
3;1386;0.712778
3;1387;0.711667
3;1388;0.708333
3;1389;0.707778
3;1390;0.705000
3;1391;0.708889
3;1392;0.705556
3;1393;0.702222
3;1394;0.705000
3;1395;0.705000
3;1396;0.701667
3;1397;0.700556
3;1398;0.697222
3;1399;0.695556
3;1400;0.695000
3;1401;0.697222
3;1402;0.696667
3;1403;0.693333
3;1404;0.690000
3;1405;0.691111
3;1406;0.687778
3;1407;0.690556
3;1408;0.687222
3;1409;0.684444
3;1410;0.686111
3;1411;0.687222
3;1412;0.687778
3;1413;0.684444
3;1414;0.683889
3;1415;0.684444
3;1416;0.681667
3;1417;0.681111
3;1418;0.708889
3;1419;0.710000
3;1420;0.706667
3;1421;0.705556
3;1422;0.709444
3;1423;0.706111
3;1424;0.702778
3;1425;0.705556
3;1426;0.702222
3;1427;0.701111
3;1428;0.697778
3;1429;0.696111
3;1430;0.696111
3;1431;0.694444
3;1432;0.693333
3;1433;0.691111
3;1434;0.690556
3;1435;0.691111
3;1436;0.688889
3;1437;0.687222
3;1438;0.688889
3;1439;0.687778
3;1440;0.687222
3;1441;0.690000
3;1442;0.688889
3;1443;0.688333
3;1444;0.685000
3;1445;0.681667
3;1446;0.685000
3;1447;0.683889
3;1448;0.681667
3;1449;0.681111
3;1450;0.681111
3;1451;0.678333
3;1452;0.683333
3;1453;0.685000
3;1454;0.684444
3;1455;0.681111
3;1456;0.681111
3;1457;0.677778
3;1458;0.676667
3;1459;0.681111
3;1460;0.706667
3;1461;0.703333
3;1462;0.704444
3;1463;0.704444
3;1464;0.701111
3;1465;0.700000
3;1466;0.696667
3;1467;0.698889
3;1468;0.695556
3;1469;0.699444
3;1470;0.697222
3;1471;0.693889
3;1472;0.694444
3;1473;0.691667
3;1474;0.693333
3;1475;0.691111
3;1476;0.689444
3;1477;0.692222
3;1478;0.689444
3;1479;0.688333
3;1480;0.685000
3;1481;0.685556
3;1482;0.713333
3;1483;0.711667
3;1484;0.711111
3;1485;0.712222
3;1486;0.709444
3;1487;0.710000
3;1488;0.706667
3;1489;0.706667
3;1490;0.707222
3;1491;0.707222
3;1492;0.706111
3;1493;0.702778
3;1494;0.699444
3;1495;0.698889
3;1496;0.698333
3;1497;0.698889
3;1498;0.695556
3;1499;0.693889
3;1500;0.691667
3;1501;0.693333
3;1502;0.694444
3;1503;0.693889
3;1504;0.690556
3;1505;0.689444
3;1506;0.686111
3;1507;0.688333
3;1508;0.686667
3;1509;0.683889
3;1510;0.682222
3;1511;0.682778
3;1512;0.683889
3;1513;0.688889
3;1514;0.688333
3;1515;0.688333
3;1516;0.685000
3;1517;0.681667
3;1518;0.680556
3;1519;0.678889
3;1520;0.704444
3;1521;0.703333
3;1522;0.701111
3;1523;0.702778
3;1524;0.700000
3;1525;0.701667
3;1526;0.701111
3;1527;0.697778
3;1528;0.697222
3;1529;0.694444
3;1530;0.693889
3;1531;0.695556
3;1532;0.693333
3;1533;0.690000
3;1534;0.691111
3;1535;0.691667
3;1536;0.694444
3;1537;0.694444
3;1538;0.691111
3;1539;0.690556
3;1540;0.687222
3;1541;0.687778
3;1542;0.686667
3;1543;0.685000
3;1544;0.684444
3;1545;0.683333
3;1546;0.683889
3;1547;0.682222
3;1548;0.685000
3;1549;0.683889
3;1550;0.683889
3;1551;0.680556
3;1552;0.677222
3;1553;0.688889
3;1554;0.686111
3;1555;0.684444
3;1556;0.683333
3;1557;0.680000
3;1558;0.677778
3;1559;0.677778
3;1560;0.675556
3;1561;0.701111
3;1562;0.702778
3;1563;0.703889
3;1564;0.700556
3;1565;0.697222
3;1566;0.698333
3;1567;0.696111
3;1568;0.697778
3;1569;0.696667
3;1570;0.693333
3;1571;0.691667
3;1572;0.694444
3;1573;0.696667
3;1574;0.696111
3;1575;0.695556
3;1576;0.692222
3;1577;0.689444
3;1578;0.688333
3;1579;0.687222
3;1580;0.688333
3;1581;0.687222
3;1582;0.685000
3;1583;0.686111
3;1584;0.685000
3;1585;0.684444
3;1586;0.682778
3;1587;0.681111
3;1588;0.688889
3;1589;0.691111
3;1590;0.687778
3;1591;0.684444
3;1592;0.683333
3;1593;0.686667
3;1594;0.683333
3;1595;0.682222
3;1596;0.680000
3;1597;0.676667
3;1598;0.677222
3;1599;0.677222
3;1600;0.677222
3;1601;0.680000
3;1602;0.677222
3;1603;0.678889
3;1604;0.677222
3;1605;0.673889
3;1606;0.673889
3;1607;0.677778
3;1608;0.674444
3;1609;0.673333
3;1610;0.671111
3;1611;0.670556
3;1612;0.669444
3;1613;0.675000
3;1614;0.676111
3;1615;0.672778
3;1616;0.670000
3;1617;0.668889
3;1618;0.671111
3;1619;0.673333
3;1620;0.672778
3;1621;0.671111
3;1622;0.668889
3;1623;0.672222
3;1624;0.677778
3;1625;0.676667
3;1626;0.674444
3;1627;0.673889
3;1628;0.675000
3;1629;0.672778
3;1630;0.670556
3;1631;0.669444
3;1632;0.700556
3;1633;0.701667
3;1634;0.698333
3;1635;0.696111
3;1636;0.696111
3;1637;0.695000
3;1638;0.701111
3;1639;0.697778
3;1640;0.699444
3;1641;0.697778
3;1642;0.694444
3;1643;0.694444
3;1644;0.695556
3;1645;0.695556
3;1646;0.692222
3;1647;0.691667
3;1648;0.689444
3;1649;0.688333
3;1650;0.687778
3;1651;0.688889
3;1652;0.716111
3;1653;0.712778
3;1654;0.711111
3;1655;0.713333
3;1656;0.710000
3;1657;0.710556
3;1658;0.710000
3;1659;0.710000
3;1660;0.708333
3;1661;0.705000
3;1662;0.702222
3;1663;0.704444
3;1664;0.702222
3;1665;0.701111
3;1666;0.700556
3;1667;0.698889
3;1668;0.695556
3;1669;0.696111
3;1670;0.696667
3;1671;0.695000
3;1672;0.692222
3;1673;0.693889
3;1674;0.692222
3;1675;0.688889
3;1676;0.688889
3;1677;0.688333
3;1678;0.685556
3;1679;0.687222
3;1680;0.685000
3;1681;0.681667
3;1682;0.681111
3;1683;0.682222
3;1684;0.682778
3;1685;0.683889
3;1686;0.681111
3;1687;0.680556
3;1688;0.677222
3;1689;0.677778
3;1690;0.677778
3;1691;0.676667
3;1692;0.679444
3;1693;0.682778
3;1694;0.682778
3;1695;0.681667
3;1696;0.678333
3;1697;0.678889
3;1698;0.675556
3;1699;0.672222
3;1700;0.672222
3;1701;0.675556
3;1702;0.673333
3;1703;0.672778
3;1704;0.676111
3;1705;0.673889
3;1706;0.670556
3;1707;0.672778
3;1708;0.673889
3;1709;0.672222
3;1710;0.668889
3;1711;0.667222
3;1712;0.671667
3;1713;0.673889
3;1714;0.670556
3;1715;0.669444
3;1716;0.673889
3;1717;0.675000
3;1718;0.671667
3;1719;0.671111
3;1720;0.671111
3;1721;0.670556
3;1722;0.672222
3;1723;0.670556
3;1724;0.697222
3;1725;0.694444
3;1726;0.702778
3;1727;0.699444
3;1728;0.696111
3;1729;0.697778
3;1730;0.694444
3;1731;0.695000
3;1732;0.692222
3;1733;0.691667
3;1734;0.693889
3;1735;0.691667
3;1736;0.692778
3;1737;0.690000
3;1738;0.691667
3;1739;0.690000
3;1740;0.693333
3;1741;0.690000
3;1742;0.687222
3;1743;0.686667
3;1744;0.686667
3;1745;0.689444
3;1746;0.691111
3;1747;0.688333
3;1748;0.687222
3;1749;0.685556
3;1750;0.685000
3;1751;0.682222
3;1752;0.683889
3;1753;0.686111
3;1754;0.687222
3;1755;0.684444
3;1756;0.682778
3;1757;0.681111
3;1758;0.683333
3;1759;0.681667
3;1760;0.681111
3;1761;0.677778
3;1762;0.678333
3;1763;0.677778
3;1764;0.677778
3;1765;0.676667
3;1766;0.673333
3;1767;0.673889
3;1768;0.672222
3;1769;0.672778
3;1770;0.672222
3;1771;0.670000
3;1772;0.673889
3;1773;0.671667
3;1774;0.672222
3;1775;0.670000
3;1776;0.671111
3;1777;0.676667
3;1778;0.676667
3;1779;0.673333
3;1780;0.673889
3;1781;0.670556
3;1782;0.667778
3;1783;0.672222
3;1784;0.702778
3;1785;0.699444
3;1786;0.696111
3;1787;0.698889
3;1788;0.698889
3;1789;0.697778
3;1790;0.699444
3;1791;0.696111
3;1792;0.692778
3;1793;0.692222
3;1794;0.693333
3;1795;0.691667
3;1796;0.688889
3;1797;0.696667
3;1798;0.695556
3;1799;0.692222
3;1800;0.692222
3;1801;0.691667
3;1802;0.691667
3;1803;0.689444
3;1804;0.688333
3;1805;0.687778
3;1806;0.685000
3;1807;0.687778
3;1808;0.687778
3;1809;0.685000
3;1810;0.685556
3;1811;0.682222
3;1812;0.681667
3;1813;0.683333
3;1814;0.683333
3;1815;0.683333
3;1816;0.680556
3;1817;0.680000
3;1818;0.677778
3;1819;0.676667
3;1820;0.678333
3;1821;0.678889
3;1822;0.678333
3;1823;0.677778
3;1824;0.676111
3;1825;0.674444
3;1826;0.672778
3;1827;0.675556
3;1828;0.675000
3;1829;0.671667
3;1830;0.671111
3;1831;0.674444
3;1832;0.671111
3;1833;0.668333
3;1834;0.675000
3;1835;0.702222
3;1836;0.704444
3;1837;0.701111
3;1838;0.698889
3;1839;0.696111
3;1840;0.696667
3;1841;0.696667
3;1842;0.698889
3;1843;0.695556
3;1844;0.696667
3;1845;0.693333
3;1846;0.690000
3;1847;0.697778
3;1848;0.694444
3;1849;0.696667
3;1850;0.695556
3;1851;0.693889
3;1852;0.692778
3;1853;0.689444
3;1854;0.690556
3;1855;0.716111
3;1856;0.713333
3;1857;0.711111
3;1858;0.710556
3;1859;0.713333
3;1860;0.712778
3;1861;0.711111
3;1862;0.707778
3;1863;0.704444
3;1864;0.705000
3;1865;0.705556
3;1866;0.702778
3;1867;0.700556
3;1868;0.699444
3;1869;0.698333
3;1870;0.698889
3;1871;0.696667
3;1872;0.694444
3;1873;0.696111
3;1874;0.696667
3;1875;0.693333
3;1876;0.692778
3;1877;0.690556
3;1878;0.688889
3;1879;0.688333
3;1880;0.687778
3;1881;0.687222
3;1882;0.685000
3;1883;0.682778
3;1884;0.680000
3;1885;0.682778
3;1886;0.681111
3;1887;0.687778
3;1888;0.684444
3;1889;0.683889
3;1890;0.680556
3;1891;0.678889
3;1892;0.676111
3;1893;0.679444
3;1894;0.677778
3;1895;0.676111
3;1896;0.672778
3;1897;0.676111
3;1898;0.675556
3;1899;0.673333
3;1900;0.671111
3;1901;0.670556
3;1902;0.703889
3;1903;0.703889
3;1904;0.701111
3;1905;0.699444
3;1906;0.696667
3;1907;0.699444
3;1908;0.698333
3;1909;0.695556
3;1910;0.695556
3;1911;0.694444
3;1912;0.695000
3;1913;0.691667
3;1914;0.693333
3;1915;0.720000
3;1916;0.716667
3;1917;0.718333
3;1918;0.716667
3;1919;0.713889
3;1920;0.711111
3;1921;0.712778
3;1922;0.712778
3;1923;0.711667
3;1924;0.711111
3;1925;0.709444
3;1926;0.706111
3;1927;0.704444
3;1928;0.708889
3;1929;0.708889
3;1930;0.708333
3;1931;0.705000
3;1932;0.703333
3;1933;0.700000
3;1934;0.696667
3;1935;0.697222
3;1936;0.695000
3;1937;0.693889
3;1938;0.696111
3;1939;0.694444
3;1940;0.691111
3;1941;0.690000
3;1942;0.689444
3;1943;0.688889
3;1944;0.685556
3;1945;0.683333
3;1946;0.686111
3;1947;0.683333
3;1948;0.682778
3;1949;0.682778
3;1950;0.681111
3;1951;0.679444
3;1952;0.676667
3;1953;0.680556
3;1954;0.684444
3;1955;0.683333
3;1956;0.681111
3;1957;0.677778
3;1958;0.676667
3;1959;0.676111
3;1960;0.672778
3;1961;0.670556
3;1962;0.727778
3;1963;0.729444
3;1964;0.726667
3;1965;0.723889
3;1966;0.726111
3;1967;0.725000
3;1968;0.725556
3;1969;0.727222
3;1970;0.725000
3;1971;0.726111
3;1972;0.724444
3;1973;0.726667
3;1974;0.725556
3;1975;0.727778
3;1976;0.728333
3;1977;0.727778
3;1978;0.725556
3;1979;0.725556
3;1980;0.725556
3;1981;0.727778
3;1982;0.725000
3;1983;0.725000
3;1984;0.725000
3;1985;0.728889
3;1986;0.728889
3;1987;0.726111
3;1988;0.728333
3;1989;0.726111
3;1990;0.725000
3;1991;0.725000
3;1992;0.722778
3;1993;0.725556
3;1994;0.726111
3;1995;0.725000
3;1996;0.781111
3;1997;0.780556
3;1998;0.834444
3;1999;0.890000
3;2000;0.888889
4;0;0.666667
4;1;0.673333
4;2;0.670000
4;3;0.666667
4;4;0.666667
4;5;0.673333
4;6;0.670000
4;7;0.666667
4;8;0.680000
4;9;0.676667
4;10;0.673333
4;11;0.670000
4;12;0.666667
4;13;0.673333
4;14;0.670000
4;15;0.666667
4;16;0.666667
4;17;0.673333
4;18;0.670000
4;19;0.666667
4;20;0.678333
4;21;0.675000
4;22;0.671667
4;23;0.668333
4;24;0.668333
4;25;0.668333
4;26;0.668333
4;27;0.668333
4;28;0.671667
4;29;0.670000
4;30;0.668333
4;31;0.675000
4;32;0.678333
4;33;0.675000
4;34;0.671667
4;35;0.668333
4;36;0.668333
4;37;0.671667
4;38;0.755000
4;39;0.751667
4;40;0.748333
4;41;0.748333
4;42;0.745000
4;43;0.745000
4;44;0.741667
4;45;0.741667
4;46;0.738333
4;47;0.738333
4;48;0.735000
4;49;0.733333
4;50;0.731667
4;51;0.733333
4;52;0.730000
4;53;0.726667
4;54;0.725000
4;55;0.725000
4;56;0.721667
4;57;0.721667
4;58;0.718333
4;59;0.716667
4;60;0.715000
4;61;0.716667
4;62;0.713333
4;63;0.710000
4;64;0.715000
4;65;0.711667
4;66;0.708333
4;67;0.705000
4;68;0.701667
4;69;0.701667
4;70;0.698333
4;71;0.698333
4;72;0.685556
4;73;0.692222
4;74;0.688889
4;75;0.685556
4;76;0.687778
4;77;0.684444
4;78;0.681111
4;79;0.682222
4;80;0.678889
4;81;0.677778
4;82;0.674444
4;83;0.676667
4;84;0.673333
4;85;0.671111
4;86;0.673333
4;87;0.676667
4;88;0.673333
4;89;0.670000
4;90;0.682222
4;91;0.678889
4;92;0.675556
4;93;0.676667
4;94;0.673333
4;95;0.670000
4;96;0.671111
4;97;0.670000
4;98;0.672222
4;99;0.671111
4;100;0.670000
4;101;0.668889
4;102;0.666667
4;103;0.671111
4;104;0.667778
4;105;0.671111
4;106;0.674444
4;107;0.674444
4;108;0.671111
4;109;0.667778
4;110;0.668889
4;111;0.670000
4;112;0.667778
4;113;0.667778
4;114;0.668889
4;115;0.667778
4;116;0.670000
4;117;0.672222
4;118;0.668889
4;119;0.666667
4;120;0.672222
4;121;0.675556
4;122;0.676667
4;123;0.673333
4;124;0.670000
4;125;0.670000
4;126;0.668889
4;127;0.670000
4;128;0.674444
4;129;0.671111
4;130;0.672222
4;131;0.671111
4;132;0.667500
4;133;0.670833
4;134;0.670833
4;135;0.672500
4;136;0.675833
4;137;0.672500
4;138;0.670833
4;139;0.667500
4;140;0.715000
4;141;0.715000
4;142;0.711667
4;143;0.711667
4;144;0.708333
4;145;0.710000
4;146;0.710000
4;147;0.713333
4;148;0.710000
4;149;0.706667
4;150;0.705833
4;151;0.705833
4;152;0.702500
4;153;0.703333
4;154;0.700000
4;155;0.742500
4;156;0.739167
4;157;0.713333
4;158;0.714444
4;159;0.715000
4;160;0.711667
4;161;0.710556
4;162;0.710556
4;163;0.710000
4;164;0.706667
4;165;0.707222
4;166;0.704444
4;167;0.702222
4;168;0.707778
4;169;0.707778
4;170;0.704444
4;171;0.702222
4;172;0.698889
4;173;0.699444
4;174;0.698889
4;175;0.695556
4;176;0.693333
4;177;0.692778
4;178;0.692222
4;179;0.696667
4;180;0.693889
4;181;0.692222
4;182;0.688889
4;183;0.689444
4;184;0.686667
4;185;0.687222
4;186;0.683889
4;187;0.680556
4;188;0.683333
4;189;0.681667
4;190;0.680000
4;191;0.678889
4;192;0.680000
4;193;0.680556
4;194;0.679444
4;195;0.677778
4;196;0.677222
4;197;0.674444
4;198;0.677778
4;199;0.674444
4;200;0.673333
4;201;0.677222
4;202;0.677222
4;203;0.679444
4;204;0.680000
4;205;0.676667
4;206;0.702222
4;207;0.699444
4;208;0.700556
4;209;0.698889
4;210;0.695556
4;211;0.695000
4;212;0.699444
4;213;0.698333
4;214;0.695000
4;215;0.693889
4;216;0.692778
4;217;0.691667
4;218;0.693333
4;219;0.690556
4;220;0.691667
4;221;0.690000
4;222;0.690000
4;223;0.694444
4;224;0.692222
4;225;0.692778
4;226;0.689444
4;227;0.687778
4;228;0.687778
4;229;0.688889
4;230;0.688333
4;231;0.687222
4;232;0.683889
4;233;0.685000
4;234;0.681667
4;235;0.687778
4;236;0.684444
4;237;0.683333
4;238;0.680000
4;239;0.680556
4;240;0.678889
4;241;0.682778
4;242;0.682222
4;243;0.682222
4;244;0.681111
4;245;0.678889
4;246;0.675556
4;247;0.676667
4;248;0.674444
4;249;0.672222
4;250;0.676667
4;251;0.680556
4;252;0.677222
4;253;0.673889
4;254;0.672222
4;255;0.673333
4;256;0.672222
4;257;0.673333
4;258;0.674444
4;259;0.700000
4;260;0.698333
4;261;0.700000
4;262;0.696667
4;263;0.697778
4;264;0.697222
4;265;0.694444
4;266;0.693889
4;267;0.695000
4;268;0.691667
4;269;0.691111
4;270;0.690000
4;271;0.690000
4;272;0.692778
4;273;0.691667
4;274;0.689444
4;275;0.691667
4;276;0.689444
4;277;0.690556
4;278;0.688889
4;279;0.687222
4;280;0.686111
4;281;0.687222
4;282;0.690556
4;283;0.687222
4;284;0.685556
4;285;0.715000
4;286;0.713889
4;287;0.711667
4;288;0.708333
4;289;0.708333
4;290;0.710000
4;291;0.706667
4;292;0.705556
4;293;0.704444
4;294;0.701111
4;295;0.700000
4;296;0.700000
4;297;0.700000
4;298;0.696667
4;299;0.695000
4;300;0.696667
4;301;0.696667
4;302;0.696111
4;303;0.692778
4;304;0.692778
4;305;0.691667
4;306;0.688333
4;307;0.688889
4;308;0.685556
4;309;0.683889
4;310;0.682222
4;311;0.683889
4;312;0.688333
4;313;0.687222
4;314;0.683889
4;315;0.680556
4;316;0.682778
4;317;0.682778
4;318;0.680000
4;319;0.680000
4;320;0.680000
4;321;0.678889
4;322;0.680000
4;323;0.676667
4;324;0.675556
4;325;0.681111
4;326;0.677778
4;327;0.677222
4;328;0.676111
4;329;0.673333
4;330;0.671111
4;331;0.672222
4;332;0.676111
4;333;0.678333
4;334;0.677222
4;335;0.677222
4;336;0.674444
4;337;0.677222
4;338;0.675000
4;339;0.671667
4;340;0.701667
4;341;0.700556
4;342;0.697222
4;343;0.696667
4;344;0.697222
4;345;0.700000
4;346;0.696667
4;347;0.693333
4;348;0.693889
4;349;0.691111
4;350;0.695000
4;351;0.700000
4;352;0.699444
4;353;0.696667
4;354;0.695000
4;355;0.692778
4;356;0.691667
4;357;0.691111
4;358;0.687778
4;359;0.687778
4;360;0.691111
4;361;0.690556
4;362;0.687222
4;363;0.686111
4;364;0.683889
4;365;0.688333
4;366;0.690000
4;367;0.690000
4;368;0.686667
4;369;0.684444
4;370;0.682222
4;371;0.683333
4;372;0.681111
4;373;0.680000
4;374;0.680000
4;375;0.678333
4;376;0.678333
4;377;0.679444
4;378;0.681667
4;379;0.678889
4;380;0.678333
4;381;0.676667
4;382;0.673333
4;383;0.676111
4;384;0.675000
4;385;0.675000
4;386;0.673333
4;387;0.673889
4;388;0.674444
4;389;0.673333
4;390;0.670556
4;391;0.670556
4;392;0.668333
4;393;0.677778
4;394;0.675556
4;395;0.673889
4;396;0.671111
4;397;0.673333
4;398;0.673889
4;399;0.670556
4;400;0.670000
4;401;0.670000
4;402;0.670556
4;403;0.670000
4;404;0.672222
4;405;0.670000
4;406;0.672778
4;407;0.675000
4;408;0.672222
4;409;0.671111
4;410;0.668889
4;411;0.667778
4;412;0.672778
4;413;0.673889
4;414;0.672778
4;415;0.672222
4;416;0.671667
4;417;0.670556
4;418;0.672222
4;419;0.671111
4;420;0.669444
4;421;0.676111
4;422;0.675000
4;423;0.673889
4;424;0.676111
4;425;0.678333
4;426;0.677778
4;427;0.674444
4;428;0.672222
4;429;0.673333
4;430;0.673333
4;431;0.674444
4;432;0.671111
4;433;0.672222
4;434;0.671667
4;435;0.672222
4;436;0.672778
4;437;0.672222
4;438;0.668889
4;439;0.671667
4;440;0.670556
4;441;0.671667
4;442;0.668333
4;443;0.670556
4;444;0.671667
4;445;0.671667
4;446;0.671111
4;447;0.670000
4;448;0.674444
4;449;0.674444
4;450;0.673333
4;451;0.677222
4;452;0.673889
4;453;0.670556
4;454;0.670556
4;455;0.672222
4;456;0.697778
4;457;0.696667
4;458;0.694444
4;459;0.698333
4;460;0.697222
4;461;0.693889
4;462;0.693889
4;463;0.694444
4;464;0.693889
4;465;0.692222
4;466;0.695556
4;467;0.692222
4;468;0.695000
4;469;0.691667
4;470;0.692778
4;471;0.689444
4;472;0.689444
4;473;0.688889
4;474;0.687778
4;475;0.686667
4;476;0.692778
4;477;0.689444
4;478;0.688889
4;479;0.688333
4;480;0.685000
4;481;0.687222
4;482;0.685556
4;483;0.683333
4;484;0.680000
4;485;0.715000
4;486;0.714444
4;487;0.711111
4;488;0.707778
4;489;0.704444
4;490;0.703889
4;491;0.706111
4;492;0.702778
4;493;0.700000
4;494;0.702222
4;495;0.706667
4;496;0.703333
4;497;0.703889
4;498;0.700556
4;499;0.698333
4;500;0.695000
4;501;0.692778
4;502;0.691111
4;503;0.689444
4;504;0.688889
4;505;0.690000
4;506;0.689444
4;507;0.686111
4;508;0.686667
4;509;0.684444
4;510;0.683889
4;511;0.682778
4;512;0.683889
4;513;0.685000
4;514;0.682222
4;515;0.682222
4;516;0.678889
4;517;0.683889
4;518;0.681667
4;519;0.682778
4;520;0.681667
4;521;0.679444
4;522;0.676111
4;523;0.681111
4;524;0.680556
4;525;0.680000
4;526;0.676667
4;527;0.674444
4;528;0.674444
4;529;0.681111
4;530;0.682222
4;531;0.678889
4;532;0.675556
4;533;0.675000
4;534;0.674444
4;535;0.671667
4;536;0.672222
4;537;0.673333
4;538;0.699444
4;539;0.701111
4;540;0.699444
4;541;0.701667
4;542;0.698333
4;543;0.697222
4;544;0.693889
4;545;0.723333
4;546;0.720000
4;547;0.721667
4;548;0.720556
4;549;0.717222
4;550;0.717222
4;551;0.716667
4;552;0.713889
4;553;0.713333
4;554;0.712222
4;555;0.710556
4;556;0.710556
4;557;0.707778
4;558;0.710556
4;559;0.707222
4;560;0.706111
4;561;0.703333
4;562;0.703333
4;563;0.700556
4;564;0.699444
4;565;0.705000
4;566;0.701667
4;567;0.700556
4;568;0.700556
4;569;0.698889
4;570;0.695556
4;571;0.693889
4;572;0.693333
4;573;0.690556
4;574;0.691667
4;575;0.691111
4;576;0.687778
4;577;0.686667
4;578;0.685000
4;579;0.683333
4;580;0.681111
4;581;0.682222
4;582;0.684444
4;583;0.681111
4;584;0.680556
4;585;0.677778
4;586;0.676111
4;587;0.677778
4;588;0.674444
4;589;0.674444
4;590;0.678333
4;591;0.676667
4;592;0.673333
4;593;0.671111
4;594;0.676667
4;595;0.673889
4;596;0.671667
4;597;0.672778
4;598;0.698889
4;599;0.705556
4;600;0.704444
4;601;0.701111
4;602;0.698333
4;603;0.696111
4;604;0.697778
4;605;0.698333
4;606;0.695000
4;607;0.694444
4;608;0.691667
4;609;0.692222
4;610;0.691667
4;611;0.691111
4;612;0.688333
4;613;0.690556
4;614;0.695556
4;615;0.694444
4;616;0.693889
4;617;0.690556
4;618;0.690556
4;619;0.691667
4;620;0.688333
4;621;0.686667
4;622;0.685556
4;623;0.682222
4;624;0.690000
4;625;0.686667
4;626;0.686667
4;627;0.684444
4;628;0.683333
4;629;0.683889
4;630;0.683333
4;631;0.680000
4;632;0.682778
4;633;0.681111
4;634;0.680556
4;635;0.682778
4;636;0.681667
4;637;0.680000
4;638;0.677222
4;639;0.677222
4;640;0.703333
4;641;0.705556
4;642;0.702222
4;643;0.700556
4;644;0.697222
4;645;0.698333
4;646;0.696111
4;647;0.695000
4;648;0.694444
4;649;0.693333
4;650;0.698889
4;651;0.696667
4;652;0.695000
4;653;0.694444
4;654;0.691111
4;655;0.691111
4;656;0.693333
4;657;0.691111
4;658;0.687778
4;659;0.685556
4;660;0.687222
4;661;0.687778
4;662;0.686667
4;663;0.694444
4;664;0.691111
4;665;0.687778
4;666;0.685000
4;667;0.686111
4;668;0.685556
4;669;0.682222
4;670;0.681111
4;671;0.682222
4;672;0.679444
4;673;0.682222
4;674;0.682222
4;675;0.682222
4;676;0.681111
4;677;0.677778
4;678;0.678333
4;679;0.677778
4;680;0.682222
4;681;0.681111
4;682;0.677778
4;683;0.675000
4;684;0.675556
4;685;0.677222
4;686;0.673889
4;687;0.672778
4;688;0.670000
4;689;0.673333
4;690;0.673889
4;691;0.671667
4;692;0.677778
4;693;0.676667
4;694;0.673333
4;695;0.670556
4;696;0.668333
4;697;0.700556
4;698;0.697222
4;699;0.695556
4;700;0.696667
4;701;0.696667
4;702;0.698889
4;703;0.700556
4;704;0.697222
4;705;0.693889
4;706;0.693889
4;707;0.693889
4;708;0.696111
4;709;0.695000
4;710;0.691667
4;711;0.689444
4;712;0.688333
4;713;0.696667
4;714;0.693333
4;715;0.691667
4;716;0.692222
4;717;0.688889
4;718;0.686111
4;719;0.688889
4;720;0.686667
4;721;0.684444
4;722;0.683333
4;723;0.686667
4;724;0.686667
4;725;0.683333
4;726;0.684444
4;727;0.682778
4;728;0.681667
4;729;0.680556
4;730;0.685556
4;731;0.685000
4;732;0.683889
4;733;0.681667
4;734;0.678333
4;735;0.677222
4;736;0.681667
4;737;0.678333
4;738;0.679444
4;739;0.677222
4;740;0.678889
4;741;0.677778
4;742;0.674444
4;743;0.672778
4;744;0.671111
4;745;0.670000
4;746;0.672222
4;747;0.673889
4;748;0.672778
4;749;0.670000
4;750;0.669444
4;751;0.697222
4;752;0.702222
4;753;0.698889
4;754;0.700556
4;755;0.701667
4;756;0.698333
4;757;0.695000
4;758;0.697778
4;759;0.694444
4;760;0.697222
4;761;0.695000
4;762;0.721667
4;763;0.719444
4;764;0.721667
4;765;0.720000
4;766;0.716667
4;767;0.713333
4;768;0.716111
4;769;0.716111
4;770;0.715556
4;771;0.712222
4;772;0.708889
4;773;0.707222
4;774;0.706111
4;775;0.711111
4;776;0.710556
4;777;0.707222
4;778;0.705000
4;779;0.701667
4;780;0.704444
4;781;0.701667
4;782;0.698889
4;783;0.697222
4;784;0.693889
4;785;0.693333
4;786;0.695556
4;787;0.694444
4;788;0.691667
4;789;0.689444
4;790;0.686111
4;791;0.691667
4;792;0.688889
4;793;0.688889
4;794;0.685556
4;795;0.683889
4;796;0.686111
4;797;0.683889
4;798;0.681111
4;799;0.681667
4;800;0.678889
4;801;0.678333
4;802;0.675556
4;803;0.678333
4;804;0.676111
4;805;0.675000
4;806;0.674444
4;807;0.676667
4;808;0.673333
4;809;0.671111
4;810;0.668333
4;811;0.676111
4;812;0.672778
4;813;0.669444
4;814;0.677778
4;815;0.676111
4;816;0.673333
4;817;0.675000
4;818;0.671667
4;819;0.672222
4;820;0.672778
4;821;0.671111
4;822;0.672222
4;823;0.670000
4;824;0.670000
4;825;0.674444
4;826;0.676667
4;827;0.674444
4;828;0.671111
4;829;0.676111
4;830;0.673333
4;831;0.672222
4;832;0.671111
4;833;0.697778
4;834;0.697778
4;835;0.726111
4;836;0.724444
4;837;0.722778
4;838;0.720000
4;839;0.719444
4;840;0.720556
4;841;0.717778
4;842;0.718333
4;843;0.715000
4;844;0.714444
4;845;0.714444
4;846;0.711111
4;847;0.715556
4;848;0.713333
4;849;0.710556
4;850;0.708889
4;851;0.709444
4;852;0.706111
4;853;0.706111
4;854;0.705556
4;855;0.703889
4;856;0.700556
4;857;0.701667
4;858;0.701111
4;859;0.703333
4;860;0.702222
4;861;0.698889
4;862;0.696111
4;863;0.694444
4;864;0.695000
4;865;0.693333
4;866;0.690556
4;867;0.689444
4;868;0.691667
4;869;0.689444
4;870;0.688889
4;871;0.688889
4;872;0.685556
4;873;0.683333
4;874;0.683333
4;875;0.683333
4;876;0.680000
4;877;0.676667
4;878;0.681667
4;879;0.678333
4;880;0.677222
4;881;0.673889
4;882;0.670556
4;883;0.673333
4;884;0.673333
4;885;0.672222
4;886;0.677222
4;887;0.678333
4;888;0.677222
4;889;0.676111
4;890;0.675000
4;891;0.672222
4;892;0.671111
4;893;0.671111
4;894;0.668889
4;895;0.670000
4;896;0.671667
4;897;0.677222
4;898;0.673889
4;899;0.671667
4;900;0.670000
4;901;0.672778
4;902;0.669444
4;903;0.672222
4;904;0.675556
4;905;0.672778
4;906;0.673889
4;907;0.673333
4;908;0.673333
4;909;0.701111
4;910;0.698889
4;911;0.697222
4;912;0.695556
4;913;0.695000
4;914;0.697222
4;915;0.696111
4;916;0.693889
4;917;0.692222
4;918;0.692222
4;919;0.696667
4;920;0.693333
4;921;0.690000
4;922;0.691667
4;923;0.693889
4;924;0.690556
4;925;0.687222
4;926;0.691667
4;927;0.690556
4;928;0.687778
4;929;0.686111
4;930;0.688333
4;931;0.685000
4;932;0.687778
4;933;0.686667
4;934;0.685556
4;935;0.685556
4;936;0.685556
4;937;0.687222
4;938;0.684444
4;939;0.682778
4;940;0.685000
4;941;0.683889
4;942;0.685556
4;943;0.685000
4;944;0.681667
4;945;0.679444
4;946;0.676667
4;947;0.677778
4;948;0.675000
4;949;0.674444
4;950;0.677778
4;951;0.676667
4;952;0.673333
4;953;0.675000
4;954;0.671667
4;955;0.672778
4;956;0.672222
4;957;0.672222
4;958;0.671667
4;959;0.671111
4;960;0.673889
4;961;0.676667
4;962;0.673333
4;963;0.672222
4;964;0.671667
4;965;0.675556
4;966;0.677222
4;967;0.673889
4;968;0.672778
4;969;0.672222
4;970;0.670556
4;971;0.671111
4;972;0.670000
4;973;0.670556
4;974;0.672222
4;975;0.672778
4;976;0.672222
4;977;0.673889
4;978;0.672222
4;979;0.672222
4;980;0.677222
4;981;0.677778
4;982;0.674444
4;983;0.673333
4;984;0.671667
4;985;0.676667
4;986;0.673333
4;987;0.673889
4;988;0.673333
4;989;0.671667
4;990;0.671667
4;991;0.670000
4;992;0.671111
4;993;0.697222
4;994;0.700000
4;995;0.697778
4;996;0.696667
4;997;0.696111
4;998;0.721667
4;999;0.722222
4;1000;0.721667
4;1001;0.719444
4;1002;0.718889
4;1003;0.717778
4;1004;0.716111
4;1005;0.715000
4;1006;0.716667
4;1007;0.713889
4;1008;0.711111
4;1009;0.710000
4;1010;0.710000
4;1011;0.710000
4;1012;0.707222
4;1013;0.710556
4;1014;0.707222
4;1015;0.703889
4;1016;0.701111
4;1017;0.702778
4;1018;0.702222
4;1019;0.701111
4;1020;0.698333
4;1021;0.698333
4;1022;0.695000
4;1023;0.698889
4;1024;0.696667
4;1025;0.695556
4;1026;0.697222
4;1027;0.693889
4;1028;0.693333
4;1029;0.690000
4;1030;0.690000
4;1031;0.690000
4;1032;0.686667
4;1033;0.686667
4;1034;0.683333
4;1035;0.681111
4;1036;0.680000
4;1037;0.678333
4;1038;0.677222
4;1039;0.678333
4;1040;0.678333
4;1041;0.675000
4;1042;0.674444
4;1043;0.671667
4;1044;0.673333
4;1045;0.672778
4;1046;0.675000
4;1047;0.672778
4;1048;0.670000
4;1049;0.670000
4;1050;0.675000
4;1051;0.671667
4;1052;0.675556
4;1053;0.675000
4;1054;0.673333
4;1055;0.670000
4;1056;0.671667
4;1057;0.672778
4;1058;0.673333
4;1059;0.672778
4;1060;0.672222
4;1061;0.671111
4;1062;0.670556
4;1063;0.672222
4;1064;0.668889
4;1065;0.673333
4;1066;0.673333
4;1067;0.671667
4;1068;0.670556
4;1069;0.670556
4;1070;0.671667
4;1071;0.670556
4;1072;0.671111
4;1073;0.671111
4;1074;0.673333
4;1075;0.673889
4;1076;0.670556
4;1077;0.669444
4;1078;0.697222
4;1079;0.703889
4;1080;0.703889
4;1081;0.701111
4;1082;0.701667
4;1083;0.698333
4;1084;0.695000
4;1085;0.696111
4;1086;0.699444
4;1087;0.696111
4;1088;0.692778
4;1089;0.695000
4;1090;0.693333
4;1091;0.691111
4;1092;0.690556
4;1093;0.691111
4;1094;0.722222
4;1095;0.720000
4;1096;0.716667
4;1097;0.715556
4;1098;0.716111
4;1099;0.713333
4;1100;0.712778
4;1101;0.711111
4;1102;0.707778
4;1103;0.704444
4;1104;0.707778
4;1105;0.706667
4;1106;0.706111
4;1107;0.702778
4;1108;0.700556
4;1109;0.701111
4;1110;0.700000
4;1111;0.701111
4;1112;0.697778
4;1113;0.696111
4;1114;0.700000
4;1115;0.696667
4;1116;0.696111
4;1117;0.695556
4;1118;0.692778
4;1119;0.690556
4;1120;0.687222
4;1121;0.687222
4;1122;0.686667
4;1123;0.683889
4;1124;0.685000
4;1125;0.683333
4;1126;0.680556
4;1127;0.681667
4;1128;0.680000
4;1129;0.680556
4;1130;0.682778
4;1131;0.682222
4;1132;0.681111
4;1133;0.680556
4;1134;0.677222
4;1135;0.676111
4;1136;0.676111
4;1137;0.672778
4;1138;0.677778
4;1139;0.677778
4;1140;0.675000
4;1141;0.673333
4;1142;0.673333
4;1143;0.671667
4;1144;0.673333
4;1145;0.672222
4;1146;0.701111
4;1147;0.697778
4;1148;0.696667
4;1149;0.695556
4;1150;0.694444
4;1151;0.696111
4;1152;0.696111
4;1153;0.697222
4;1154;0.696667
4;1155;0.693333
4;1156;0.694444
4;1157;0.692778
4;1158;0.692778
4;1159;0.693333
4;1160;0.692222
4;1161;0.691667
4;1162;0.691111
4;1163;0.689444
4;1164;0.687222
4;1165;0.686667
4;1166;0.696667
4;1167;0.694444
4;1168;0.691111
4;1169;0.689444
4;1170;0.689444
4;1171;0.689444
4;1172;0.688333
4;1173;0.685000
4;1174;0.685000
4;1175;0.681667
4;1176;0.684444
4;1177;0.683333
4;1178;0.682778
4;1179;0.679444
4;1180;0.679444
4;1181;0.681667
4;1182;0.678333
4;1183;0.677222
4;1184;0.677222
4;1185;0.675000
4;1186;0.687222
4;1187;0.683889
4;1188;0.680556
4;1189;0.677778
4;1190;0.677222
4;1191;0.675556
4;1192;0.675556
4;1193;0.672222
4;1194;0.672222
4;1195;0.671111
4;1196;0.673333
4;1197;0.670000
4;1198;0.671667
4;1199;0.676111
4;1200;0.675000
4;1201;0.675000
4;1202;0.672222
4;1203;0.671667
4;1204;0.671111
4;1205;0.672222
4;1206;0.673333
4;1207;0.670000
4;1208;0.670556
4;1209;0.675556
4;1210;0.674444
4;1211;0.672778
4;1212;0.669444
4;1213;0.667778
4;1214;0.669444
4;1215;0.673333
4;1216;0.673333
4;1217;0.670000
4;1218;0.670556
4;1219;0.672222
4;1220;0.673333
4;1221;0.670000
4;1222;0.670000
4;1223;0.673333
4;1224;0.672778
4;1225;0.672222
4;1226;0.677222
4;1227;0.676111
4;1228;0.673889
4;1229;0.671111
4;1230;0.673889
4;1231;0.673889
4;1232;0.670556
4;1233;0.669444
4;1234;0.701111
4;1235;0.698333
4;1236;0.699444
4;1237;0.696667
4;1238;0.696111
4;1239;0.696111
4;1240;0.696111
4;1241;0.692778
4;1242;0.695000
4;1243;0.702222
4;1244;0.698889
4;1245;0.695556
4;1246;0.692222
4;1247;0.693333
4;1248;0.691667
4;1249;0.689444
4;1250;0.689444
4;1251;0.692222
4;1252;0.689444
4;1253;0.688889
4;1254;0.686667
4;1255;0.686667
4;1256;0.683889
4;1257;0.684444
4;1258;0.711667
4;1259;0.710000
4;1260;0.714444
4;1261;0.715000
4;1262;0.712778
4;1263;0.709444
4;1264;0.709444
4;1265;0.706111
4;1266;0.705000
4;1267;0.703889
4;1268;0.701667
4;1269;0.698333
4;1270;0.700556
4;1271;0.702222
4;1272;0.698889
4;1273;0.695556
4;1274;0.695556
4;1275;0.694444
4;1276;0.691111
4;1277;0.695000
4;1278;0.691667
4;1279;0.690000
4;1280;0.686667
4;1281;0.690000
4;1282;0.690556
4;1283;0.687222
4;1284;0.683889
4;1285;0.683333
4;1286;0.686111
4;1287;0.687222
4;1288;0.683889
4;1289;0.681111
4;1290;0.678889
4;1291;0.681667
4;1292;0.678889
4;1293;0.677222
4;1294;0.706111
4;1295;0.705556
4;1296;0.705000
4;1297;0.703889
4;1298;0.701667
4;1299;0.703889
4;1300;0.701111
4;1301;0.701667
4;1302;0.698889
4;1303;0.697778
4;1304;0.699444
4;1305;0.696111
4;1306;0.692778
4;1307;0.691111
4;1308;0.689444
4;1309;0.690000
4;1310;0.693333
4;1311;0.691111
4;1312;0.691111
4;1313;0.690000
4;1314;0.688889
4;1315;0.687778
4;1316;0.686111
4;1317;0.683333
4;1318;0.684444
4;1319;0.688889
4;1320;0.688333
4;1321;0.688333
4;1322;0.687778
4;1323;0.686111
4;1324;0.686111
4;1325;0.682778
4;1326;0.708333
4;1327;0.712778
4;1328;0.709444
4;1329;0.708889
4;1330;0.708333
4;1331;0.705556
4;1332;0.702778
4;1333;0.700556
4;1334;0.699444
4;1335;0.698889
4;1336;0.695556
4;1337;0.693889
4;1338;0.696111
4;1339;0.693889
4;1340;0.690556
4;1341;0.691111
4;1342;0.690556
4;1343;0.690000
4;1344;0.686667
4;1345;0.684444
4;1346;0.695000
4;1347;0.693333
4;1348;0.691667
4;1349;0.689444
4;1350;0.693333
4;1351;0.692778
4;1352;0.689444
4;1353;0.686111
4;1354;0.682778
4;1355;0.681111
4;1356;0.682778
4;1357;0.681111
4;1358;0.709444
4;1359;0.708889
4;1360;0.707778
4;1361;0.710000
4;1362;0.706667
4;1363;0.705000
4;1364;0.703889
4;1365;0.701667
4;1366;0.701111
4;1367;0.702222
4;1368;0.698889
4;1369;0.695556
4;1370;0.692222
4;1371;0.694444
4;1372;0.692778
4;1373;0.692778
4;1374;0.689444
4;1375;0.687778
4;1376;0.685556
4;1377;0.687222
4;1378;0.691111
4;1379;0.691667
4;1380;0.688333
4;1381;0.688889
4;1382;0.685556
4;1383;0.685556
4;1384;0.684444
4;1385;0.685000
4;1386;0.712778
4;1387;0.711667
4;1388;0.708333
4;1389;0.707778
4;1390;0.705000
4;1391;0.708889
4;1392;0.705556
4;1393;0.702222
4;1394;0.705000
4;1395;0.705000
4;1396;0.701667
4;1397;0.700556
4;1398;0.697222
4;1399;0.695556
4;1400;0.695000
4;1401;0.697222
4;1402;0.696667
4;1403;0.693333
4;1404;0.690000
4;1405;0.691111
4;1406;0.687778
4;1407;0.690556
4;1408;0.687222
4;1409;0.684444
4;1410;0.686111
4;1411;0.687222
4;1412;0.687778
4;1413;0.684444
4;1414;0.683889
4;1415;0.684444
4;1416;0.681667
4;1417;0.681111
4;1418;0.708889
4;1419;0.710000
4;1420;0.706667
4;1421;0.705556
4;1422;0.709444
4;1423;0.706111
4;1424;0.702778
4;1425;0.705556
4;1426;0.702222
4;1427;0.701111
4;1428;0.697778
4;1429;0.696111
4;1430;0.696111
4;1431;0.694444
4;1432;0.693333
4;1433;0.691111
4;1434;0.690556
4;1435;0.691111
4;1436;0.688889
4;1437;0.687222
4;1438;0.688889
4;1439;0.687778
4;1440;0.687222
4;1441;0.690000
4;1442;0.688889
4;1443;0.688333
4;1444;0.685000
4;1445;0.681667
4;1446;0.685000
4;1447;0.683889
4;1448;0.681667
4;1449;0.681111
4;1450;0.681111
4;1451;0.678333
4;1452;0.683333
4;1453;0.685000
4;1454;0.684444
4;1455;0.681111
4;1456;0.681111
4;1457;0.677778
4;1458;0.676667
4;1459;0.681111
4;1460;0.706667
4;1461;0.703333
4;1462;0.704444
4;1463;0.704444
4;1464;0.701111
4;1465;0.700000
4;1466;0.696667
4;1467;0.698889
4;1468;0.695556
4;1469;0.699444
4;1470;0.697222
4;1471;0.693889
4;1472;0.694444
4;1473;0.691667
4;1474;0.693333
4;1475;0.691111
4;1476;0.689444
4;1477;0.692222
4;1478;0.689444
4;1479;0.688333
4;1480;0.685000
4;1481;0.685556
4;1482;0.713333
4;1483;0.711667
4;1484;0.711111
4;1485;0.712222
4;1486;0.709444
4;1487;0.710000
4;1488;0.706667
4;1489;0.706667
4;1490;0.707222
4;1491;0.707222
4;1492;0.706111
4;1493;0.702778
4;1494;0.699444
4;1495;0.698889
4;1496;0.698333
4;1497;0.698889
4;1498;0.695556
4;1499;0.693889
4;1500;0.691667
4;1501;0.693333
4;1502;0.694444
4;1503;0.693889
4;1504;0.690556
4;1505;0.689444
4;1506;0.686111
4;1507;0.688333
4;1508;0.686667
4;1509;0.683889
4;1510;0.682222
4;1511;0.682778
4;1512;0.683889
4;1513;0.688889
4;1514;0.688333
4;1515;0.688333
4;1516;0.685000
4;1517;0.681667
4;1518;0.680556
4;1519;0.678889
4;1520;0.704444
4;1521;0.703333
4;1522;0.701111
4;1523;0.702778
4;1524;0.700000
4;1525;0.701667
4;1526;0.701111
4;1527;0.697778
4;1528;0.697222
4;1529;0.694444
4;1530;0.693889
4;1531;0.695556
4;1532;0.693333
4;1533;0.690000
4;1534;0.691111
4;1535;0.691667
4;1536;0.694444
4;1537;0.694444
4;1538;0.691111
4;1539;0.690556
4;1540;0.687222
4;1541;0.687778
4;1542;0.686667
4;1543;0.685000
4;1544;0.684444
4;1545;0.683333
4;1546;0.683889
4;1547;0.682222
4;1548;0.685000
4;1549;0.683889
4;1550;0.683889
4;1551;0.680556
4;1552;0.677222
4;1553;0.688889
4;1554;0.686111
4;1555;0.684444
4;1556;0.683333
4;1557;0.680000
4;1558;0.677778
4;1559;0.677778
4;1560;0.675556
4;1561;0.701111
4;1562;0.702778
4;1563;0.703889
4;1564;0.700556
4;1565;0.697222
4;1566;0.698333
4;1567;0.696111
4;1568;0.697778
4;1569;0.696667
4;1570;0.693333
4;1571;0.691667
4;1572;0.694444
4;1573;0.696667
4;1574;0.696111
4;1575;0.695556
4;1576;0.692222
4;1577;0.689444
4;1578;0.688333
4;1579;0.687222
4;1580;0.688333
4;1581;0.687222
4;1582;0.685000
4;1583;0.686111
4;1584;0.685000
4;1585;0.684444
4;1586;0.682778
4;1587;0.681111
4;1588;0.688889
4;1589;0.691111
4;1590;0.687778
4;1591;0.684444
4;1592;0.683333
4;1593;0.686667
4;1594;0.683333
4;1595;0.682222
4;1596;0.680000
4;1597;0.676667
4;1598;0.677222
4;1599;0.677222
4;1600;0.677222
4;1601;0.680000
4;1602;0.677222
4;1603;0.678889
4;1604;0.677222
4;1605;0.673889
4;1606;0.673889
4;1607;0.677778
4;1608;0.674444
4;1609;0.673333
4;1610;0.671111
4;1611;0.670556
4;1612;0.669444
4;1613;0.675000
4;1614;0.676111
4;1615;0.672778
4;1616;0.670000
4;1617;0.668889
4;1618;0.671111
4;1619;0.673333
4;1620;0.672778
4;1621;0.671111
4;1622;0.668889
4;1623;0.672222
4;1624;0.677778
4;1625;0.676667
4;1626;0.674444
4;1627;0.673889
4;1628;0.675000
4;1629;0.672778
4;1630;0.670556
4;1631;0.669444
4;1632;0.700556
4;1633;0.701667
4;1634;0.698333
4;1635;0.696111
4;1636;0.696111
4;1637;0.695000
4;1638;0.701111
4;1639;0.697778
4;1640;0.699444
4;1641;0.697778
4;1642;0.694444
4;1643;0.694444
4;1644;0.695556
4;1645;0.695556
4;1646;0.692222
4;1647;0.691667
4;1648;0.689444
4;1649;0.688333
4;1650;0.687778
4;1651;0.688889
4;1652;0.716111
4;1653;0.712778
4;1654;0.711111
4;1655;0.713333
4;1656;0.710000
4;1657;0.710556
4;1658;0.710000
4;1659;0.710000
4;1660;0.708333
4;1661;0.705000
4;1662;0.702222
4;1663;0.704444
4;1664;0.702222
4;1665;0.701111
4;1666;0.700556
4;1667;0.698889
4;1668;0.695556
4;1669;0.696111
4;1670;0.696667
4;1671;0.695000
4;1672;0.692222
4;1673;0.693889
4;1674;0.692222
4;1675;0.688889
4;1676;0.688889
4;1677;0.688333
4;1678;0.685556
4;1679;0.687222
4;1680;0.685000
4;1681;0.681667
4;1682;0.681111
4;1683;0.682222
4;1684;0.682778
4;1685;0.683889
4;1686;0.681111
4;1687;0.680556
4;1688;0.677222
4;1689;0.677778
4;1690;0.677778
4;1691;0.676667
4;1692;0.679444
4;1693;0.682778
4;1694;0.682778
4;1695;0.681667
4;1696;0.678333
4;1697;0.678889
4;1698;0.675556
4;1699;0.672222
4;1700;0.672222
4;1701;0.675556
4;1702;0.673333
4;1703;0.672778
4;1704;0.676111
4;1705;0.673889
4;1706;0.670556
4;1707;0.672778
4;1708;0.673889
4;1709;0.672222
4;1710;0.668889
4;1711;0.667222
4;1712;0.671667
4;1713;0.673889
4;1714;0.670556
4;1715;0.669444
4;1716;0.673889
4;1717;0.675000
4;1718;0.671667
4;1719;0.671111
4;1720;0.671111
4;1721;0.670556
4;1722;0.672222
4;1723;0.670556
4;1724;0.697222
4;1725;0.694444
4;1726;0.702778
4;1727;0.699444
4;1728;0.696111
4;1729;0.697778
4;1730;0.694444
4;1731;0.695000
4;1732;0.692222
4;1733;0.691667
4;1734;0.693889
4;1735;0.691667
4;1736;0.692778
4;1737;0.690000
4;1738;0.691667
4;1739;0.690000
4;1740;0.693333
4;1741;0.690000
4;1742;0.687222
4;1743;0.686667
4;1744;0.686667
4;1745;0.689444
4;1746;0.691111
4;1747;0.688333
4;1748;0.687222
4;1749;0.685556
4;1750;0.685000
4;1751;0.682222
4;1752;0.683889
4;1753;0.686111
4;1754;0.687222
4;1755;0.684444
4;1756;0.682778
4;1757;0.681111
4;1758;0.683333
4;1759;0.681667
4;1760;0.681111
4;1761;0.677778
4;1762;0.678333
4;1763;0.677778
4;1764;0.677778
4;1765;0.676667
4;1766;0.673333
4;1767;0.673889
4;1768;0.672222
4;1769;0.672778
4;1770;0.672222
4;1771;0.670000
4;1772;0.673889
4;1773;0.671667
4;1774;0.672222
4;1775;0.670000
4;1776;0.671111
4;1777;0.676667
4;1778;0.676667
4;1779;0.673333
4;1780;0.673889
4;1781;0.670556
4;1782;0.667778
4;1783;0.672222
4;1784;0.702778
4;1785;0.699444
4;1786;0.696111
4;1787;0.698889
4;1788;0.698889
4;1789;0.697778
4;1790;0.699444
4;1791;0.696111
4;1792;0.692778
4;1793;0.692222
4;1794;0.693333
4;1795;0.691667
4;1796;0.688889
4;1797;0.696667
4;1798;0.695556
4;1799;0.692222
4;1800;0.692222
4;1801;0.691667
4;1802;0.691667
4;1803;0.689444
4;1804;0.688333
4;1805;0.687778
4;1806;0.685000
4;1807;0.687778
4;1808;0.687778
4;1809;0.685000
4;1810;0.685556
4;1811;0.682222
4;1812;0.681667
4;1813;0.683333
4;1814;0.683333
4;1815;0.683333
4;1816;0.680556
4;1817;0.680000
4;1818;0.677778
4;1819;0.676667
4;1820;0.678333
4;1821;0.678889
4;1822;0.678333
4;1823;0.677778
4;1824;0.676111
4;1825;0.674444
4;1826;0.672778
4;1827;0.675556
4;1828;0.675000
4;1829;0.671667
4;1830;0.671111
4;1831;0.674444
4;1832;0.671111
4;1833;0.668333
4;1834;0.675000
4;1835;0.702222
4;1836;0.704444
4;1837;0.701111
4;1838;0.698889
4;1839;0.696111
4;1840;0.696667
4;1841;0.696667
4;1842;0.698889
4;1843;0.695556
4;1844;0.696667
4;1845;0.693333
4;1846;0.690000
4;1847;0.697778
4;1848;0.694444
4;1849;0.696667
4;1850;0.695556
4;1851;0.693889
4;1852;0.692778
4;1853;0.689444
4;1854;0.690556
4;1855;0.716111
4;1856;0.713333
4;1857;0.711111
4;1858;0.710556
4;1859;0.713333
4;1860;0.712778
4;1861;0.711111
4;1862;0.707778
4;1863;0.704444
4;1864;0.705000
4;1865;0.705556
4;1866;0.702778
4;1867;0.700556
4;1868;0.699444
4;1869;0.698333
4;1870;0.698889
4;1871;0.696667
4;1872;0.694444
4;1873;0.696111
4;1874;0.696667
4;1875;0.693333
4;1876;0.692778
4;1877;0.690556
4;1878;0.688889
4;1879;0.688333
4;1880;0.687778
4;1881;0.687222
4;1882;0.685000
4;1883;0.682778
4;1884;0.680000
4;1885;0.682778
4;1886;0.681111
4;1887;0.687778
4;1888;0.684444
4;1889;0.683889
4;1890;0.680556
4;1891;0.678889
4;1892;0.676111
4;1893;0.679444
4;1894;0.677778
4;1895;0.676111
4;1896;0.672778
4;1897;0.676111
4;1898;0.675556
4;1899;0.673333
4;1900;0.671111
4;1901;0.670556
4;1902;0.703889
4;1903;0.703889
4;1904;0.701111
4;1905;0.699444
4;1906;0.696667
4;1907;0.699444
4;1908;0.698333
4;1909;0.695556
4;1910;0.695556
4;1911;0.694444
4;1912;0.695000
4;1913;0.691667
4;1914;0.693333
4;1915;0.720000
4;1916;0.716667
4;1917;0.718333
4;1918;0.716667
4;1919;0.713889
4;1920;0.711111
4;1921;0.712778
4;1922;0.712778
4;1923;0.711667
4;1924;0.711111
4;1925;0.709444
4;1926;0.706111
4;1927;0.704444
4;1928;0.708889
4;1929;0.708889
4;1930;0.708333
4;1931;0.705000
4;1932;0.703333
4;1933;0.700000
4;1934;0.696667
4;1935;0.697222
4;1936;0.695000
4;1937;0.693889
4;1938;0.696111
4;1939;0.694444
4;1940;0.691111
4;1941;0.690000
4;1942;0.689444
4;1943;0.688889
4;1944;0.685556
4;1945;0.683333
4;1946;0.686111
4;1947;0.683333
4;1948;0.682778
4;1949;0.682778
4;1950;0.681111
4;1951;0.679444
4;1952;0.676667
4;1953;0.680556
4;1954;0.684444
4;1955;0.683333
4;1956;0.681111
4;1957;0.677778
4;1958;0.676667
4;1959;0.676111
4;1960;0.672778
4;1961;0.670556
4;1962;0.727778
4;1963;0.729444
4;1964;0.726667
4;1965;0.723889
4;1966;0.726111
4;1967;0.725000
4;1968;0.725556
4;1969;0.727222
4;1970;0.725000
4;1971;0.726111
4;1972;0.724444
4;1973;0.726667
4;1974;0.725556
4;1975;0.727778
4;1976;0.728333
4;1977;0.727778
4;1978;0.725556
4;1979;0.725556
4;1980;0.725556
4;1981;0.727778
4;1982;0.725000
4;1983;0.725000
4;1984;0.725000
4;1985;0.728889
4;1986;0.728889
4;1987;0.726111
4;1988;0.728333
4;1989;0.726111
4;1990;0.725000
4;1991;0.725000
4;1992;0.722778
4;1993;0.725556
4;1994;0.726111
4;1995;0.725000
4;1996;0.781111
4;1997;0.780556
4;1998;0.834444
4;1999;0.890000
4;2000;0.888889
5;0;0.666667
5;1;0.676667
5;2;0.673333
5;3;0.670000
5;4;0.666667
5;5;0.673333
5;6;0.670000
5;7;0.666667
5;8;0.676667
5;9;0.673333
5;10;0.670000
5;11;0.666667
5;12;0.683333
5;13;0.680000
5;14;0.676667
5;15;0.673333
5;16;0.670000
5;17;0.666667
5;18;0.678333
5;19;0.675000
5;20;0.671667
5;21;0.668333
5;22;0.670000
5;23;0.673333
5;24;0.670000
5;25;0.675000
5;26;0.671667
5;27;0.670000
5;28;0.670000
5;29;0.666667
5;30;0.675000
5;31;0.671667
5;32;0.668333
5;33;0.666667
5;34;0.675000
5;35;0.671667
5;36;0.675000
5;37;0.671667
5;38;0.668333
5;39;0.681667
5;40;0.681667
5;41;0.678333
5;42;0.676667
5;43;0.676667
5;44;0.673333
5;45;0.671667
5;46;0.671667
5;47;0.668333
5;48;0.671667
5;49;0.676667
5;50;0.673333
5;51;0.670000
5;52;0.671667
5;53;0.668333
5;54;0.681667
5;55;0.686667
5;56;0.683333
5;57;0.680000
5;58;0.676667
5;59;0.673333
5;60;0.675000
5;61;0.671667
5;62;0.668333
5;63;0.666667
5;64;0.682222
5;65;0.678889
5;66;0.676667
5;67;0.675556
5;68;0.672222
5;69;0.684444
5;70;0.681111
5;71;0.677778
5;72;0.672500
5;73;0.676667
5;74;0.677500
5;75;0.674167
5;76;0.675000
5;77;0.671667
5;78;0.668333
5;79;0.680833
5;80;0.677500
5;81;0.675833
5;82;0.672500
5;83;0.673333
5;84;0.678333
5;85;0.675833
5;86;0.676667
5;87;0.678333
5;88;0.675000
5;89;0.675833
5;90;0.677500
5;91;0.674167
5;92;0.670833
5;93;0.670833
5;94;0.675000
5;95;0.671667
5;96;0.671667
5;97;0.670000
5;98;0.667500
5;99;0.673333
5;100;0.671667
5;101;0.670000
5;102;0.671667
5;103;0.671667
5;104;0.668333
5;105;0.670833
5;106;0.669167
5;107;0.671667
5;108;0.668333
5;109;0.669167
5;110;0.677500
5;111;0.675000
5;112;0.672500
5;113;0.675833
5;114;0.674167
5;115;0.677222
5;116;0.676667
5;117;0.676111
5;118;0.678333
5;119;0.675556
5;120;0.679444
5;121;0.679444
5;122;0.678333
5;123;0.675000
5;124;0.671667
5;125;0.671111
5;126;0.668889
5;127;0.668333
5;128;0.671667
5;129;0.671111
5;130;0.672222
5;131;0.672778
5;132;0.669444
5;133;0.670556
5;134;0.671111
5;135;0.671111
5;136;0.673889
5;137;0.676111
5;138;0.673889
5;139;0.673333
5;140;0.703889
5;141;0.702778
5;142;0.699444
5;143;0.698333
5;144;0.696667
5;145;0.696667
5;146;0.695556
5;147;0.702222
5;148;0.698889
5;149;0.695556
5;150;0.693889
5;151;0.692778
5;152;0.692778
5;153;0.692222
5;154;0.691111
5;155;0.718333
5;156;0.716667
5;157;0.713333
5;158;0.714444
5;159;0.715000
5;160;0.711667
5;161;0.710556
5;162;0.710556
5;163;0.710000
5;164;0.706667
5;165;0.707222
5;166;0.704444
5;167;0.702222
5;168;0.707778
5;169;0.707778
5;170;0.704444
5;171;0.702222
5;172;0.698889
5;173;0.699444
5;174;0.698889
5;175;0.695556
5;176;0.693333
5;177;0.692778
5;178;0.692222
5;179;0.696667
5;180;0.693889
5;181;0.692222
5;182;0.688889
5;183;0.689444
5;184;0.686667
5;185;0.687222
5;186;0.683889
5;187;0.680556
5;188;0.683333
5;189;0.681667
5;190;0.680000
5;191;0.678889
5;192;0.680000
5;193;0.680556
5;194;0.679444
5;195;0.677778
5;196;0.677222
5;197;0.674444
5;198;0.677778
5;199;0.674444
5;200;0.673333
5;201;0.677222
5;202;0.677222
5;203;0.679444
5;204;0.680000
5;205;0.676667
5;206;0.702222
5;207;0.699444
5;208;0.700556
5;209;0.698889
5;210;0.695556
5;211;0.695000
5;212;0.699444
5;213;0.698333
5;214;0.695000
5;215;0.693889
5;216;0.692778
5;217;0.691667
5;218;0.693333
5;219;0.690556
5;220;0.691667
5;221;0.690000
5;222;0.690000
5;223;0.694444
5;224;0.692222
5;225;0.692778
5;226;0.689444
5;227;0.687778
5;228;0.687778
5;229;0.688889
5;230;0.688333
5;231;0.687222
5;232;0.683889
5;233;0.685000
5;234;0.681667
5;235;0.687778
5;236;0.684444
5;237;0.683333
5;238;0.680000
5;239;0.680556
5;240;0.678889
5;241;0.682778
5;242;0.682222
5;243;0.682222
5;244;0.681111
5;245;0.678889
5;246;0.675556
5;247;0.676667
5;248;0.674444
5;249;0.672222
5;250;0.676667
5;251;0.680556
5;252;0.677222
5;253;0.673889
5;254;0.672222
5;255;0.673333
5;256;0.672222
5;257;0.673333
5;258;0.674444
5;259;0.700000
5;260;0.698333
5;261;0.700000
5;262;0.696667
5;263;0.697778
5;264;0.697222
5;265;0.694444
5;266;0.693889
5;267;0.695000
5;268;0.691667
5;269;0.691111
5;270;0.690000
5;271;0.690000
5;272;0.692778
5;273;0.691667
5;274;0.689444
5;275;0.691667
5;276;0.689444
5;277;0.690556
5;278;0.688889
5;279;0.687222
5;280;0.686111
5;281;0.687222
5;282;0.690556
5;283;0.687222
5;284;0.685556
5;285;0.715000
5;286;0.713889
5;287;0.711667
5;288;0.708333
5;289;0.708333
5;290;0.710000
5;291;0.706667
5;292;0.705556
5;293;0.704444
5;294;0.701111
5;295;0.700000
5;296;0.700000
5;297;0.700000
5;298;0.696667
5;299;0.695000
5;300;0.696667
5;301;0.696667
5;302;0.696111
5;303;0.692778
5;304;0.692778
5;305;0.691667
5;306;0.688333
5;307;0.688889
5;308;0.685556
5;309;0.683889
5;310;0.682222
5;311;0.683889
5;312;0.688333
5;313;0.687222
5;314;0.683889
5;315;0.680556
5;316;0.682778
5;317;0.682778
5;318;0.680000
5;319;0.680000
5;320;0.680000
5;321;0.678889
5;322;0.680000
5;323;0.676667
5;324;0.675556
5;325;0.681111
5;326;0.677778
5;327;0.677222
5;328;0.676111
5;329;0.673333
5;330;0.671111
5;331;0.672222
5;332;0.676111
5;333;0.678333
5;334;0.677222
5;335;0.677222
5;336;0.674444
5;337;0.677222
5;338;0.675000
5;339;0.671667
5;340;0.701667
5;341;0.700556
5;342;0.697222
5;343;0.696667
5;344;0.697222
5;345;0.700000
5;346;0.696667
5;347;0.693333
5;348;0.693889
5;349;0.691111
5;350;0.695000
5;351;0.700000
5;352;0.699444
5;353;0.696667
5;354;0.695000
5;355;0.692778
5;356;0.691667
5;357;0.691111
5;358;0.687778
5;359;0.687778
5;360;0.691111
5;361;0.690556
5;362;0.687222
5;363;0.686111
5;364;0.683889
5;365;0.688333
5;366;0.690000
5;367;0.690000
5;368;0.686667
5;369;0.684444
5;370;0.682222
5;371;0.683333
5;372;0.681111
5;373;0.680000
5;374;0.680000
5;375;0.678333
5;376;0.678333
5;377;0.679444
5;378;0.681667
5;379;0.678889
5;380;0.678333
5;381;0.676667
5;382;0.673333
5;383;0.676111
5;384;0.675000
5;385;0.675000
5;386;0.673333
5;387;0.673889
5;388;0.674444
5;389;0.673333
5;390;0.670556
5;391;0.670556
5;392;0.668333
5;393;0.677778
5;394;0.675556
5;395;0.673889
5;396;0.671111
5;397;0.673333
5;398;0.673889
5;399;0.670556
5;400;0.670000
5;401;0.670000
5;402;0.670556
5;403;0.670000
5;404;0.672222
5;405;0.670000
5;406;0.672778
5;407;0.675000
5;408;0.672222
5;409;0.671111
5;410;0.668889
5;411;0.667778
5;412;0.672778
5;413;0.673889
5;414;0.672778
5;415;0.672222
5;416;0.671667
5;417;0.670556
5;418;0.672222
5;419;0.671111
5;420;0.669444
5;421;0.676111
5;422;0.675000
5;423;0.673889
5;424;0.676111
5;425;0.678333
5;426;0.677778
5;427;0.674444
5;428;0.672222
5;429;0.673333
5;430;0.673333
5;431;0.674444
5;432;0.671111
5;433;0.672222
5;434;0.671667
5;435;0.672222
5;436;0.672778
5;437;0.672222
5;438;0.668889
5;439;0.671667
5;440;0.670556
5;441;0.671667
5;442;0.668333
5;443;0.670556
5;444;0.671667
5;445;0.671667
5;446;0.671111
5;447;0.670000
5;448;0.674444
5;449;0.674444
5;450;0.673333
5;451;0.677222
5;452;0.673889
5;453;0.670556
5;454;0.670556
5;455;0.672222
5;456;0.697778
5;457;0.696667
5;458;0.694444
5;459;0.698333
5;460;0.697222
5;461;0.693889
5;462;0.693889
5;463;0.694444
5;464;0.693889
5;465;0.692222
5;466;0.695556
5;467;0.692222
5;468;0.695000
5;469;0.691667
5;470;0.692778
5;471;0.689444
5;472;0.689444
5;473;0.688889
5;474;0.687778
5;475;0.686667
5;476;0.692778
5;477;0.689444
5;478;0.688889
5;479;0.688333
5;480;0.685000
5;481;0.687222
5;482;0.685556
5;483;0.683333
5;484;0.680000
5;485;0.715000
5;486;0.714444
5;487;0.711111
5;488;0.707778
5;489;0.704444
5;490;0.703889
5;491;0.706111
5;492;0.702778
5;493;0.700000
5;494;0.702222
5;495;0.706667
5;496;0.703333
5;497;0.703889
5;498;0.700556
5;499;0.698333
5;500;0.695000
5;501;0.692778
5;502;0.691111
5;503;0.689444
5;504;0.688889
5;505;0.690000
5;506;0.689444
5;507;0.686111
5;508;0.686667
5;509;0.684444
5;510;0.683889
5;511;0.682778
5;512;0.683889
5;513;0.685000
5;514;0.682222
5;515;0.682222
5;516;0.678889
5;517;0.683889
5;518;0.681667
5;519;0.682778
5;520;0.681667
5;521;0.679444
5;522;0.676111
5;523;0.681111
5;524;0.680556
5;525;0.680000
5;526;0.676667
5;527;0.674444
5;528;0.674444
5;529;0.681111
5;530;0.682222
5;531;0.678889
5;532;0.675556
5;533;0.675000
5;534;0.674444
5;535;0.671667
5;536;0.672222
5;537;0.673333
5;538;0.699444
5;539;0.701111
5;540;0.699444
5;541;0.701667
5;542;0.698333
5;543;0.697222
5;544;0.693889
5;545;0.723333
5;546;0.720000
5;547;0.721667
5;548;0.720556
5;549;0.717222
5;550;0.717222
5;551;0.716667
5;552;0.713889
5;553;0.713333
5;554;0.712222
5;555;0.710556
5;556;0.710556
5;557;0.707778
5;558;0.710556
5;559;0.707222
5;560;0.706111
5;561;0.703333
5;562;0.703333
5;563;0.700556
5;564;0.699444
5;565;0.705000
5;566;0.701667
5;567;0.700556
5;568;0.700556
5;569;0.698889
5;570;0.695556
5;571;0.693889
5;572;0.693333
5;573;0.690556
5;574;0.691667
5;575;0.691111
5;576;0.687778
5;577;0.686667
5;578;0.685000
5;579;0.683333
5;580;0.681111
5;581;0.682222
5;582;0.684444
5;583;0.681111
5;584;0.680556
5;585;0.677778
5;586;0.676111
5;587;0.677778
5;588;0.674444
5;589;0.674444
5;590;0.678333
5;591;0.676667
5;592;0.673333
5;593;0.671111
5;594;0.676667
5;595;0.673889
5;596;0.671667
5;597;0.672778
5;598;0.698889
5;599;0.705556
5;600;0.704444
5;601;0.701111
5;602;0.698333
5;603;0.696111
5;604;0.697778
5;605;0.698333
5;606;0.695000
5;607;0.694444
5;608;0.691667
5;609;0.692222
5;610;0.691667
5;611;0.691111
5;612;0.688333
5;613;0.690556
5;614;0.695556
5;615;0.694444
5;616;0.693889
5;617;0.690556
5;618;0.690556
5;619;0.691667
5;620;0.688333
5;621;0.686667
5;622;0.685556
5;623;0.682222
5;624;0.690000
5;625;0.686667
5;626;0.686667
5;627;0.684444
5;628;0.683333
5;629;0.683889
5;630;0.683333
5;631;0.680000
5;632;0.682778
5;633;0.681111
5;634;0.680556
5;635;0.682778
5;636;0.681667
5;637;0.680000
5;638;0.677222
5;639;0.677222
5;640;0.703333
5;641;0.705556
5;642;0.702222
5;643;0.700556
5;644;0.697222
5;645;0.698333
5;646;0.696111
5;647;0.695000
5;648;0.694444
5;649;0.693333
5;650;0.698889
5;651;0.696667
5;652;0.695000
5;653;0.694444
5;654;0.691111
5;655;0.691111
5;656;0.693333
5;657;0.691111
5;658;0.687778
5;659;0.685556
5;660;0.687222
5;661;0.687778
5;662;0.686667
5;663;0.694444
5;664;0.691111
5;665;0.687778
5;666;0.685000
5;667;0.686111
5;668;0.685556
5;669;0.682222
5;670;0.681111
5;671;0.682222
5;672;0.679444
5;673;0.682222
5;674;0.682222
5;675;0.682222
5;676;0.681111
5;677;0.677778
5;678;0.678333
5;679;0.677778
5;680;0.682222
5;681;0.681111
5;682;0.677778
5;683;0.675000
5;684;0.675556
5;685;0.677222
5;686;0.673889
5;687;0.672778
5;688;0.670000
5;689;0.673333
5;690;0.673889
5;691;0.671667
5;692;0.677778
5;693;0.676667
5;694;0.673333
5;695;0.670556
5;696;0.668333
5;697;0.700556
5;698;0.697222
5;699;0.695556
5;700;0.696667
5;701;0.696667
5;702;0.698889
5;703;0.700556
5;704;0.697222
5;705;0.693889
5;706;0.693889
5;707;0.693889
5;708;0.696111
5;709;0.695000
5;710;0.691667
5;711;0.689444
5;712;0.688333
5;713;0.696667
5;714;0.693333
5;715;0.691667
5;716;0.692222
5;717;0.688889
5;718;0.686111
5;719;0.688889
5;720;0.686667
5;721;0.684444
5;722;0.683333
5;723;0.686667
5;724;0.686667
5;725;0.683333
5;726;0.684444
5;727;0.682778
5;728;0.681667
5;729;0.680556
5;730;0.685556
5;731;0.685000
5;732;0.683889
5;733;0.681667
5;734;0.678333
5;735;0.677222
5;736;0.681667
5;737;0.678333
5;738;0.679444
5;739;0.677222
5;740;0.678889
5;741;0.677778
5;742;0.674444
5;743;0.672778
5;744;0.671111
5;745;0.670000
5;746;0.672222
5;747;0.673889
5;748;0.672778
5;749;0.670000
5;750;0.669444
5;751;0.697222
5;752;0.702222
5;753;0.698889
5;754;0.700556
5;755;0.701667
5;756;0.698333
5;757;0.695000
5;758;0.697778
5;759;0.694444
5;760;0.697222
5;761;0.695000
5;762;0.721667
5;763;0.719444
5;764;0.721667
5;765;0.720000
5;766;0.716667
5;767;0.713333
5;768;0.716111
5;769;0.716111
5;770;0.715556
5;771;0.712222
5;772;0.708889
5;773;0.707222
5;774;0.706111
5;775;0.711111
5;776;0.710556
5;777;0.707222
5;778;0.705000
5;779;0.701667
5;780;0.704444
5;781;0.701667
5;782;0.698889
5;783;0.697222
5;784;0.693889
5;785;0.693333
5;786;0.695556
5;787;0.694444
5;788;0.691667
5;789;0.689444
5;790;0.686111
5;791;0.691667
5;792;0.688889
5;793;0.688889
5;794;0.685556
5;795;0.683889
5;796;0.686111
5;797;0.683889
5;798;0.681111
5;799;0.681667
5;800;0.678889
5;801;0.678333
5;802;0.675556
5;803;0.678333
5;804;0.676111
5;805;0.675000
5;806;0.674444
5;807;0.676667
5;808;0.673333
5;809;0.671111
5;810;0.668333
5;811;0.676111
5;812;0.672778
5;813;0.669444
5;814;0.677778
5;815;0.676111
5;816;0.673333
5;817;0.675000
5;818;0.671667
5;819;0.672222
5;820;0.672778
5;821;0.671111
5;822;0.672222
5;823;0.670000
5;824;0.670000
5;825;0.674444
5;826;0.676667
5;827;0.674444
5;828;0.671111
5;829;0.676111
5;830;0.673333
5;831;0.672222
5;832;0.671111
5;833;0.697778
5;834;0.697778
5;835;0.726111
5;836;0.724444
5;837;0.722778
5;838;0.720000
5;839;0.719444
5;840;0.720556
5;841;0.717778
5;842;0.718333
5;843;0.715000
5;844;0.714444
5;845;0.714444
5;846;0.711111
5;847;0.715556
5;848;0.713333
5;849;0.710556
5;850;0.708889
5;851;0.709444
5;852;0.706111
5;853;0.706111
5;854;0.705556
5;855;0.703889
5;856;0.700556
5;857;0.701667
5;858;0.701111
5;859;0.703333
5;860;0.702222
5;861;0.698889
5;862;0.696111
5;863;0.694444
5;864;0.695000
5;865;0.693333
5;866;0.690556
5;867;0.689444
5;868;0.691667
5;869;0.689444
5;870;0.688889
5;871;0.688889
5;872;0.685556
5;873;0.683333
5;874;0.683333
5;875;0.683333
5;876;0.680000
5;877;0.676667
5;878;0.681667
5;879;0.678333
5;880;0.677222
5;881;0.673889
5;882;0.670556
5;883;0.673333
5;884;0.673333
5;885;0.672222
5;886;0.677222
5;887;0.678333
5;888;0.677222
5;889;0.676111
5;890;0.675000
5;891;0.672222
5;892;0.671111
5;893;0.671111
5;894;0.668889
5;895;0.670000
5;896;0.671667
5;897;0.677222
5;898;0.673889
5;899;0.671667
5;900;0.670000
5;901;0.672778
5;902;0.669444
5;903;0.672222
5;904;0.675556
5;905;0.672778
5;906;0.673889
5;907;0.673333
5;908;0.673333
5;909;0.701111
5;910;0.698889
5;911;0.697222
5;912;0.695556
5;913;0.695000
5;914;0.697222
5;915;0.696111
5;916;0.693889
5;917;0.692222
5;918;0.692222
5;919;0.696667
5;920;0.693333
5;921;0.690000
5;922;0.691667
5;923;0.693889
5;924;0.690556
5;925;0.687222
5;926;0.691667
5;927;0.690556
5;928;0.687778
5;929;0.686111
5;930;0.688333
5;931;0.685000
5;932;0.687778
5;933;0.686667
5;934;0.685556
5;935;0.685556
5;936;0.685556
5;937;0.687222
5;938;0.684444
5;939;0.682778
5;940;0.685000
5;941;0.683889
5;942;0.685556
5;943;0.685000
5;944;0.681667
5;945;0.679444
5;946;0.676667
5;947;0.677778
5;948;0.675000
5;949;0.674444
5;950;0.677778
5;951;0.676667
5;952;0.673333
5;953;0.675000
5;954;0.671667
5;955;0.672778
5;956;0.672222
5;957;0.672222
5;958;0.671667
5;959;0.671111
5;960;0.673889
5;961;0.676667
5;962;0.673333
5;963;0.672222
5;964;0.671667
5;965;0.675556
5;966;0.677222
5;967;0.673889
5;968;0.672778
5;969;0.672222
5;970;0.670556
5;971;0.671111
5;972;0.670000
5;973;0.670556
5;974;0.672222
5;975;0.672778
5;976;0.672222
5;977;0.673889
5;978;0.672222
5;979;0.672222
5;980;0.677222
5;981;0.677778
5;982;0.674444
5;983;0.673333
5;984;0.671667
5;985;0.676667
5;986;0.673333
5;987;0.673889
5;988;0.673333
5;989;0.671667
5;990;0.671667
5;991;0.670000
5;992;0.671111
5;993;0.697222
5;994;0.700000
5;995;0.697778
5;996;0.696667
5;997;0.696111
5;998;0.721667
5;999;0.722222
5;1000;0.721667
5;1001;0.719444
5;1002;0.718889
5;1003;0.717778
5;1004;0.716111
5;1005;0.715000
5;1006;0.716667
5;1007;0.713889
5;1008;0.711111
5;1009;0.710000
5;1010;0.710000
5;1011;0.710000
5;1012;0.707222
5;1013;0.710556
5;1014;0.707222
5;1015;0.703889
5;1016;0.701111
5;1017;0.702778
5;1018;0.702222
5;1019;0.701111
5;1020;0.698333
5;1021;0.698333
5;1022;0.695000
5;1023;0.698889
5;1024;0.696667
5;1025;0.695556
5;1026;0.697222
5;1027;0.693889
5;1028;0.693333
5;1029;0.690000
5;1030;0.690000
5;1031;0.690000
5;1032;0.686667
5;1033;0.686667
5;1034;0.683333
5;1035;0.681111
5;1036;0.680000
5;1037;0.678333
5;1038;0.677222
5;1039;0.678333
5;1040;0.678333
5;1041;0.675000
5;1042;0.674444
5;1043;0.671667
5;1044;0.673333
5;1045;0.672778
5;1046;0.675000
5;1047;0.672778
5;1048;0.670000
5;1049;0.670000
5;1050;0.675000
5;1051;0.671667
5;1052;0.675556
5;1053;0.675000
5;1054;0.673333
5;1055;0.670000
5;1056;0.671667
5;1057;0.672778
5;1058;0.673333
5;1059;0.672778
5;1060;0.672222
5;1061;0.671111
5;1062;0.670556
5;1063;0.672222
5;1064;0.668889
5;1065;0.673333
5;1066;0.673333
5;1067;0.671667
5;1068;0.670556
5;1069;0.670556
5;1070;0.671667
5;1071;0.670556
5;1072;0.671111
5;1073;0.671111
5;1074;0.673333
5;1075;0.673889
5;1076;0.670556
5;1077;0.669444
5;1078;0.697222
5;1079;0.703889
5;1080;0.703889
5;1081;0.701111
5;1082;0.701667
5;1083;0.698333
5;1084;0.695000
5;1085;0.696111
5;1086;0.699444
5;1087;0.696111
5;1088;0.692778
5;1089;0.695000
5;1090;0.693333
5;1091;0.691111
5;1092;0.690556
5;1093;0.691111
5;1094;0.722222
5;1095;0.720000
5;1096;0.716667
5;1097;0.715556
5;1098;0.716111
5;1099;0.713333
5;1100;0.712778
5;1101;0.711111
5;1102;0.707778
5;1103;0.704444
5;1104;0.707778
5;1105;0.706667
5;1106;0.706111
5;1107;0.702778
5;1108;0.700556
5;1109;0.701111
5;1110;0.700000
5;1111;0.701111
5;1112;0.697778
5;1113;0.696111
5;1114;0.700000
5;1115;0.696667
5;1116;0.696111
5;1117;0.695556
5;1118;0.692778
5;1119;0.690556
5;1120;0.687222
5;1121;0.687222
5;1122;0.686667
5;1123;0.683889
5;1124;0.685000
5;1125;0.683333
5;1126;0.680556
5;1127;0.681667
5;1128;0.680000
5;1129;0.680556
5;1130;0.682778
5;1131;0.682222
5;1132;0.681111
5;1133;0.680556
5;1134;0.677222
5;1135;0.676111
5;1136;0.676111
5;1137;0.672778
5;1138;0.677778
5;1139;0.677778
5;1140;0.675000
5;1141;0.673333
5;1142;0.673333
5;1143;0.671667
5;1144;0.673333
5;1145;0.672222
5;1146;0.701111
5;1147;0.697778
5;1148;0.696667
5;1149;0.695556
5;1150;0.694444
5;1151;0.696111
5;1152;0.696111
5;1153;0.697222
5;1154;0.696667
5;1155;0.693333
5;1156;0.694444
5;1157;0.692778
5;1158;0.692778
5;1159;0.693333
5;1160;0.692222
5;1161;0.691667
5;1162;0.691111
5;1163;0.689444
5;1164;0.687222
5;1165;0.686667
5;1166;0.696667
5;1167;0.694444
5;1168;0.691111
5;1169;0.689444
5;1170;0.689444
5;1171;0.689444
5;1172;0.688333
5;1173;0.685000
5;1174;0.685000
5;1175;0.681667
5;1176;0.684444
5;1177;0.683333
5;1178;0.682778
5;1179;0.679444
5;1180;0.679444
5;1181;0.681667
5;1182;0.678333
5;1183;0.677222
5;1184;0.677222
5;1185;0.675000
5;1186;0.687222
5;1187;0.683889
5;1188;0.680556
5;1189;0.677778
5;1190;0.677222
5;1191;0.675556
5;1192;0.675556
5;1193;0.672222
5;1194;0.672222
5;1195;0.671111
5;1196;0.673333
5;1197;0.670000
5;1198;0.671667
5;1199;0.676111
5;1200;0.675000
5;1201;0.675000
5;1202;0.672222
5;1203;0.671667
5;1204;0.671111
5;1205;0.672222
5;1206;0.673333
5;1207;0.670000
5;1208;0.670556
5;1209;0.675556
5;1210;0.674444
5;1211;0.672778
5;1212;0.669444
5;1213;0.667778
5;1214;0.669444
5;1215;0.673333
5;1216;0.673333
5;1217;0.670000
5;1218;0.670556
5;1219;0.672222
5;1220;0.673333
5;1221;0.670000
5;1222;0.670000
5;1223;0.673333
5;1224;0.672778
5;1225;0.672222
5;1226;0.677222
5;1227;0.676111
5;1228;0.673889
5;1229;0.671111
5;1230;0.673889
5;1231;0.673889
5;1232;0.670556
5;1233;0.669444
5;1234;0.701111
5;1235;0.698333
5;1236;0.699444
5;1237;0.696667
5;1238;0.696111
5;1239;0.696111
5;1240;0.696111
5;1241;0.692778
5;1242;0.695000
5;1243;0.702222
5;1244;0.698889
5;1245;0.695556
5;1246;0.692222
5;1247;0.693333
5;1248;0.691667
5;1249;0.689444
5;1250;0.689444
5;1251;0.692222
5;1252;0.689444
5;1253;0.688889
5;1254;0.686667
5;1255;0.686667
5;1256;0.683889
5;1257;0.684444
5;1258;0.711667
5;1259;0.710000
5;1260;0.714444
5;1261;0.715000
5;1262;0.712778
5;1263;0.709444
5;1264;0.709444
5;1265;0.706111
5;1266;0.705000
5;1267;0.703889
5;1268;0.701667
5;1269;0.698333
5;1270;0.700556
5;1271;0.702222
5;1272;0.698889
5;1273;0.695556
5;1274;0.695556
5;1275;0.694444
5;1276;0.691111
5;1277;0.695000
5;1278;0.691667
5;1279;0.690000
5;1280;0.686667
5;1281;0.690000
5;1282;0.690556
5;1283;0.687222
5;1284;0.683889
5;1285;0.683333
5;1286;0.686111
5;1287;0.687222
5;1288;0.683889
5;1289;0.681111
5;1290;0.678889
5;1291;0.681667
5;1292;0.678889
5;1293;0.677222
5;1294;0.706111
5;1295;0.705556
5;1296;0.705000
5;1297;0.703889
5;1298;0.701667
5;1299;0.703889
5;1300;0.701111
5;1301;0.701667
5;1302;0.698889
5;1303;0.697778
5;1304;0.699444
5;1305;0.696111
5;1306;0.692778
5;1307;0.691111
5;1308;0.689444
5;1309;0.690000
5;1310;0.693333
5;1311;0.691111
5;1312;0.691111
5;1313;0.690000
5;1314;0.688889
5;1315;0.687778
5;1316;0.686111
5;1317;0.683333
5;1318;0.684444
5;1319;0.688889
5;1320;0.688333
5;1321;0.688333
5;1322;0.687778
5;1323;0.686111
5;1324;0.686111
5;1325;0.682778
5;1326;0.708333
5;1327;0.712778
5;1328;0.709444
5;1329;0.708889
5;1330;0.708333
5;1331;0.705556
5;1332;0.702778
5;1333;0.700556
5;1334;0.699444
5;1335;0.698889
5;1336;0.695556
5;1337;0.693889
5;1338;0.696111
5;1339;0.693889
5;1340;0.690556
5;1341;0.691111
5;1342;0.690556
5;1343;0.690000
5;1344;0.686667
5;1345;0.684444
5;1346;0.695000
5;1347;0.693333
5;1348;0.691667
5;1349;0.689444
5;1350;0.693333
5;1351;0.692778
5;1352;0.689444
5;1353;0.686111
5;1354;0.682778
5;1355;0.681111
5;1356;0.682778
5;1357;0.681111
5;1358;0.709444
5;1359;0.708889
5;1360;0.707778
5;1361;0.710000
5;1362;0.706667
5;1363;0.705000
5;1364;0.703889
5;1365;0.701667
5;1366;0.701111
5;1367;0.702222
5;1368;0.698889
5;1369;0.695556
5;1370;0.692222
5;1371;0.694444
5;1372;0.692778
5;1373;0.692778
5;1374;0.689444
5;1375;0.687778
5;1376;0.685556
5;1377;0.687222
5;1378;0.691111
5;1379;0.691667
5;1380;0.688333
5;1381;0.688889
5;1382;0.685556
5;1383;0.685556
5;1384;0.684444
5;1385;0.685000
5;1386;0.712778
5;1387;0.711667
5;1388;0.708333
5;1389;0.707778
5;1390;0.705000
5;1391;0.708889
5;1392;0.705556
5;1393;0.702222
5;1394;0.705000
5;1395;0.705000
5;1396;0.701667
5;1397;0.700556
5;1398;0.697222
5;1399;0.695556
5;1400;0.695000
5;1401;0.697222
5;1402;0.696667
5;1403;0.693333
5;1404;0.690000
5;1405;0.691111
5;1406;0.687778
5;1407;0.690556
5;1408;0.687222
5;1409;0.684444
5;1410;0.686111
5;1411;0.687222
5;1412;0.687778
5;1413;0.684444
5;1414;0.683889
5;1415;0.684444
5;1416;0.681667
5;1417;0.681111
5;1418;0.708889
5;1419;0.710000
5;1420;0.706667
5;1421;0.705556
5;1422;0.709444
5;1423;0.706111
5;1424;0.702778
5;1425;0.705556
5;1426;0.702222
5;1427;0.701111
5;1428;0.697778
5;1429;0.696111
5;1430;0.696111
5;1431;0.694444
5;1432;0.693333
5;1433;0.691111
5;1434;0.690556
5;1435;0.691111
5;1436;0.688889
5;1437;0.687222
5;1438;0.688889
5;1439;0.687778
5;1440;0.687222
5;1441;0.690000
5;1442;0.688889
5;1443;0.688333
5;1444;0.685000
5;1445;0.681667
5;1446;0.685000
5;1447;0.683889
5;1448;0.681667
5;1449;0.681111
5;1450;0.681111
5;1451;0.678333
5;1452;0.683333
5;1453;0.685000
5;1454;0.684444
5;1455;0.681111
5;1456;0.681111
5;1457;0.677778
5;1458;0.676667
5;1459;0.681111
5;1460;0.706667
5;1461;0.703333
5;1462;0.704444
5;1463;0.704444
5;1464;0.701111
5;1465;0.700000
5;1466;0.696667
5;1467;0.698889
5;1468;0.695556
5;1469;0.699444
5;1470;0.697222
5;1471;0.693889
5;1472;0.694444
5;1473;0.691667
5;1474;0.693333
5;1475;0.691111
5;1476;0.689444
5;1477;0.692222
5;1478;0.689444
5;1479;0.688333
5;1480;0.685000
5;1481;0.685556
5;1482;0.713333
5;1483;0.711667
5;1484;0.711111
5;1485;0.712222
5;1486;0.709444
5;1487;0.710000
5;1488;0.706667
5;1489;0.706667
5;1490;0.707222
5;1491;0.707222
5;1492;0.706111
5;1493;0.702778
5;1494;0.699444
5;1495;0.698889
5;1496;0.698333
5;1497;0.698889
5;1498;0.695556
5;1499;0.693889
5;1500;0.691667
5;1501;0.693333
5;1502;0.694444
5;1503;0.693889
5;1504;0.690556
5;1505;0.689444
5;1506;0.686111
5;1507;0.688333
5;1508;0.686667
5;1509;0.683889
5;1510;0.682222
5;1511;0.682778
5;1512;0.683889
5;1513;0.688889
5;1514;0.688333
5;1515;0.688333
5;1516;0.685000
5;1517;0.681667
5;1518;0.680556
5;1519;0.678889
5;1520;0.704444
5;1521;0.703333
5;1522;0.701111
5;1523;0.702778
5;1524;0.700000
5;1525;0.701667
5;1526;0.701111
5;1527;0.697778
5;1528;0.697222
5;1529;0.694444
5;1530;0.693889
5;1531;0.695556
5;1532;0.693333
5;1533;0.690000
5;1534;0.691111
5;1535;0.691667
5;1536;0.694444
5;1537;0.694444
5;1538;0.691111
5;1539;0.690556
5;1540;0.687222
5;1541;0.687778
5;1542;0.686667
5;1543;0.685000
5;1544;0.684444
5;1545;0.683333
5;1546;0.683889
5;1547;0.682222
5;1548;0.685000
5;1549;0.683889
5;1550;0.683889
5;1551;0.680556
5;1552;0.677222
5;1553;0.688889
5;1554;0.686111
5;1555;0.684444
5;1556;0.683333
5;1557;0.680000
5;1558;0.677778
5;1559;0.677778
5;1560;0.675556
5;1561;0.701111
5;1562;0.702778
5;1563;0.703889
5;1564;0.700556
5;1565;0.697222
5;1566;0.698333
5;1567;0.696111
5;1568;0.697778
5;1569;0.696667
5;1570;0.693333
5;1571;0.691667
5;1572;0.694444
5;1573;0.696667
5;1574;0.696111
5;1575;0.695556
5;1576;0.692222
5;1577;0.689444
5;1578;0.688333
5;1579;0.687222
5;1580;0.688333
5;1581;0.687222
5;1582;0.685000
5;1583;0.686111
5;1584;0.685000
5;1585;0.684444
5;1586;0.682778
5;1587;0.681111
5;1588;0.688889
5;1589;0.691111
5;1590;0.687778
5;1591;0.684444
5;1592;0.683333
5;1593;0.686667
5;1594;0.683333
5;1595;0.682222
5;1596;0.680000
5;1597;0.676667
5;1598;0.677222
5;1599;0.677222
5;1600;0.677222
5;1601;0.680000
5;1602;0.677222
5;1603;0.678889
5;1604;0.677222
5;1605;0.673889
5;1606;0.673889
5;1607;0.677778
5;1608;0.674444
5;1609;0.673333
5;1610;0.671111
5;1611;0.670556
5;1612;0.669444
5;1613;0.675000
5;1614;0.676111
5;1615;0.672778
5;1616;0.670000
5;1617;0.668889
5;1618;0.671111
5;1619;0.673333
5;1620;0.672778
5;1621;0.671111
5;1622;0.668889
5;1623;0.672222
5;1624;0.677778
5;1625;0.676667
5;1626;0.674444
5;1627;0.673889
5;1628;0.675000
5;1629;0.672778
5;1630;0.670556
5;1631;0.669444
5;1632;0.700556
5;1633;0.701667
5;1634;0.698333
5;1635;0.696111
5;1636;0.696111
5;1637;0.695000
5;1638;0.701111
5;1639;0.697778
5;1640;0.699444
5;1641;0.697778
5;1642;0.694444
5;1643;0.694444
5;1644;0.695556
5;1645;0.695556
5;1646;0.692222
5;1647;0.691667
5;1648;0.689444
5;1649;0.688333
5;1650;0.687778
5;1651;0.688889
5;1652;0.716111
5;1653;0.712778
5;1654;0.711111
5;1655;0.713333
5;1656;0.710000
5;1657;0.710556
5;1658;0.710000
5;1659;0.710000
5;1660;0.708333
5;1661;0.705000
5;1662;0.702222
5;1663;0.704444
5;1664;0.702222
5;1665;0.701111
5;1666;0.700556
5;1667;0.698889
5;1668;0.695556
5;1669;0.696111
5;1670;0.696667
5;1671;0.695000
5;1672;0.692222
5;1673;0.693889
5;1674;0.692222
5;1675;0.688889
5;1676;0.688889
5;1677;0.688333
5;1678;0.685556
5;1679;0.687222
5;1680;0.685000
5;1681;0.681667
5;1682;0.681111
5;1683;0.682222
5;1684;0.682778
5;1685;0.683889
5;1686;0.681111
5;1687;0.680556
5;1688;0.677222
5;1689;0.677778
5;1690;0.677778
5;1691;0.676667
5;1692;0.679444
5;1693;0.682778
5;1694;0.682778
5;1695;0.681667
5;1696;0.678333
5;1697;0.678889
5;1698;0.675556
5;1699;0.672222
5;1700;0.672222
5;1701;0.675556
5;1702;0.673333
5;1703;0.672778
5;1704;0.676111
5;1705;0.673889
5;1706;0.670556
5;1707;0.672778
5;1708;0.673889
5;1709;0.672222
5;1710;0.668889
5;1711;0.667222
5;1712;0.671667
5;1713;0.673889
5;1714;0.670556
5;1715;0.669444
5;1716;0.673889
5;1717;0.675000
5;1718;0.671667
5;1719;0.671111
5;1720;0.671111
5;1721;0.670556
5;1722;0.672222
5;1723;0.670556
5;1724;0.697222
5;1725;0.694444
5;1726;0.702778
5;1727;0.699444
5;1728;0.696111
5;1729;0.697778
5;1730;0.694444
5;1731;0.695000
5;1732;0.692222
5;1733;0.691667
5;1734;0.693889
5;1735;0.691667
5;1736;0.692778
5;1737;0.690000
5;1738;0.691667
5;1739;0.690000
5;1740;0.693333
5;1741;0.690000
5;1742;0.687222
5;1743;0.686667
5;1744;0.686667
5;1745;0.689444
5;1746;0.691111
5;1747;0.688333
5;1748;0.687222
5;1749;0.685556
5;1750;0.685000
5;1751;0.682222
5;1752;0.683889
5;1753;0.686111
5;1754;0.687222
5;1755;0.684444
5;1756;0.682778
5;1757;0.681111
5;1758;0.683333
5;1759;0.681667
5;1760;0.681111
5;1761;0.677778
5;1762;0.678333
5;1763;0.677778
5;1764;0.677778
5;1765;0.676667
5;1766;0.673333
5;1767;0.673889
5;1768;0.672222
5;1769;0.672778
5;1770;0.672222
5;1771;0.670000
5;1772;0.673889
5;1773;0.671667
5;1774;0.672222
5;1775;0.670000
5;1776;0.671111
5;1777;0.676667
5;1778;0.676667
5;1779;0.673333
5;1780;0.673889
5;1781;0.670556
5;1782;0.667778
5;1783;0.672222
5;1784;0.702778
5;1785;0.699444
5;1786;0.696111
5;1787;0.698889
5;1788;0.698889
5;1789;0.697778
5;1790;0.699444
5;1791;0.696111
5;1792;0.692778
5;1793;0.692222
5;1794;0.693333
5;1795;0.691667
5;1796;0.688889
5;1797;0.696667
5;1798;0.695556
5;1799;0.692222
5;1800;0.692222
5;1801;0.691667
5;1802;0.691667
5;1803;0.689444
5;1804;0.688333
5;1805;0.687778
5;1806;0.685000
5;1807;0.687778
5;1808;0.687778
5;1809;0.685000
5;1810;0.685556
5;1811;0.682222
5;1812;0.681667
5;1813;0.683333
5;1814;0.683333
5;1815;0.683333
5;1816;0.680556
5;1817;0.680000
5;1818;0.677778
5;1819;0.676667
5;1820;0.678333
5;1821;0.678889
5;1822;0.678333
5;1823;0.677778
5;1824;0.676111
5;1825;0.674444
5;1826;0.672778
5;1827;0.675556
5;1828;0.675000
5;1829;0.671667
5;1830;0.671111
5;1831;0.674444
5;1832;0.671111
5;1833;0.668333
5;1834;0.675000
5;1835;0.702222
5;1836;0.704444
5;1837;0.701111
5;1838;0.698889
5;1839;0.696111
5;1840;0.696667
5;1841;0.696667
5;1842;0.698889
5;1843;0.695556
5;1844;0.696667
5;1845;0.693333
5;1846;0.690000
5;1847;0.697778
5;1848;0.694444
5;1849;0.696667
5;1850;0.695556
5;1851;0.693889
5;1852;0.692778
5;1853;0.689444
5;1854;0.690556
5;1855;0.716111
5;1856;0.713333
5;1857;0.711111
5;1858;0.710556
5;1859;0.713333
5;1860;0.712778
5;1861;0.711111
5;1862;0.707778
5;1863;0.704444
5;1864;0.705000
5;1865;0.705556
5;1866;0.702778
5;1867;0.700556
5;1868;0.699444
5;1869;0.698333
5;1870;0.698889
5;1871;0.696667
5;1872;0.694444
5;1873;0.696111
5;1874;0.696667
5;1875;0.693333
5;1876;0.692778
5;1877;0.690556
5;1878;0.688889
5;1879;0.688333
5;1880;0.687778
5;1881;0.687222
5;1882;0.685000
5;1883;0.682778
5;1884;0.680000
5;1885;0.682778
5;1886;0.681111
5;1887;0.687778
5;1888;0.684444
5;1889;0.683889
5;1890;0.680556
5;1891;0.678889
5;1892;0.676111
5;1893;0.679444
5;1894;0.677778
5;1895;0.676111
5;1896;0.672778
5;1897;0.676111
5;1898;0.675556
5;1899;0.673333
5;1900;0.671111
5;1901;0.670556
5;1902;0.703889
5;1903;0.703889
5;1904;0.701111
5;1905;0.699444
5;1906;0.696667
5;1907;0.699444
5;1908;0.698333
5;1909;0.695556
5;1910;0.695556
5;1911;0.694444
5;1912;0.695000
5;1913;0.691667
5;1914;0.693333
5;1915;0.720000
5;1916;0.716667
5;1917;0.718333
5;1918;0.716667
5;1919;0.713889
5;1920;0.711111
5;1921;0.712778
5;1922;0.712778
5;1923;0.711667
5;1924;0.711111
5;1925;0.709444
5;1926;0.706111
5;1927;0.704444
5;1928;0.708889
5;1929;0.708889
5;1930;0.708333
5;1931;0.705000
5;1932;0.703333
5;1933;0.700000
5;1934;0.696667
5;1935;0.697222
5;1936;0.695000
5;1937;0.693889
5;1938;0.696111
5;1939;0.694444
5;1940;0.691111
5;1941;0.690000
5;1942;0.689444
5;1943;0.688889
5;1944;0.685556
5;1945;0.683333
5;1946;0.686111
5;1947;0.683333
5;1948;0.682778
5;1949;0.682778
5;1950;0.681111
5;1951;0.679444
5;1952;0.676667
5;1953;0.680556
5;1954;0.684444
5;1955;0.683333
5;1956;0.681111
5;1957;0.677778
5;1958;0.676667
5;1959;0.676111
5;1960;0.672778
5;1961;0.670556
5;1962;0.727778
5;1963;0.729444
5;1964;0.726667
5;1965;0.723889
5;1966;0.726111
5;1967;0.725000
5;1968;0.725556
5;1969;0.727222
5;1970;0.725000
5;1971;0.726111
5;1972;0.724444
5;1973;0.726667
5;1974;0.725556
5;1975;0.727778
5;1976;0.728333
5;1977;0.727778
5;1978;0.725556
5;1979;0.725556
5;1980;0.725556
5;1981;0.727778
5;1982;0.725000
5;1983;0.725000
5;1984;0.725000
5;1985;0.728889
5;1986;0.728889
5;1987;0.726111
5;1988;0.728333
5;1989;0.726111
5;1990;0.725000
5;1991;0.725000
5;1992;0.722778
5;1993;0.725556
5;1994;0.726111
5;1995;0.725000
5;1996;0.781111
5;1997;0.780556
5;1998;0.834444
5;1999;0.890000
5;2000;0.888889
6;0;0.666667
6;1;0.670000
6;2;0.666667
6;3;0.676667
6;4;0.673333
6;5;0.670000
6;6;0.666667
6;7;0.673333
6;8;0.670000
6;9;0.666667
6;10;0.680000
6;11;0.676667
6;12;0.673333
6;13;0.670000
6;14;0.666667
6;15;0.673333
6;16;0.670000
6;17;0.666667
6;18;0.678333
6;19;0.675000
6;20;0.671667
6;21;0.668333
6;22;0.670000
6;23;0.673333
6;24;0.670000
6;25;0.675000
6;26;0.671667
6;27;0.670000
6;28;0.670000
6;29;0.666667
6;30;0.675000
6;31;0.671667
6;32;0.668333
6;33;0.666667
6;34;0.675000
6;35;0.671667
6;36;0.675000
6;37;0.671667
6;38;0.668333
6;39;0.681667
6;40;0.681667
6;41;0.678333
6;42;0.676667
6;43;0.676667
6;44;0.673333
6;45;0.671667
6;46;0.671667
6;47;0.668333
6;48;0.671667
6;49;0.676667
6;50;0.673333
6;51;0.670000
6;52;0.671667
6;53;0.668333
6;54;0.681667
6;55;0.686667
6;56;0.683333
6;57;0.680000
6;58;0.676667
6;59;0.673333
6;60;0.675000
6;61;0.671667
6;62;0.668333
6;63;0.666667
6;64;0.675000
6;65;0.671667
6;66;0.670000
6;67;0.670000
6;68;0.666667
6;69;0.686667
6;70;0.683333
6;71;0.680000
6;72;0.676667
6;73;0.683333
6;74;0.680000
6;75;0.676667
6;76;0.673333
6;77;0.670000
6;78;0.666667
6;79;0.678333
6;80;0.675000
6;81;0.671667
6;82;0.668333
6;83;0.670000
6;84;0.683333
6;85;0.680000
6;86;0.683333
6;87;0.680000
6;88;0.676667
6;89;0.673333
6;90;0.680000
6;91;0.676667
6;92;0.673333
6;93;0.670000
6;94;0.673333
6;95;0.670000
6;96;0.673333
6;97;0.670000
6;98;0.668333
6;99;0.670000
6;100;0.670000
6;101;0.666667
6;102;0.673333
6;103;0.673333
6;104;0.670000
6;105;0.675000
6;106;0.671667
6;107;0.671667
6;108;0.668333
6;109;0.671667
6;110;0.673333
6;111;0.670000
6;112;0.666667
6;113;0.673333
6;114;0.673333
6;115;0.670000
6;116;0.668333
6;117;0.668333
6;118;0.681667
6;119;0.680000
6;120;0.680000
6;121;0.676667
6;122;0.680000
6;123;0.676667
6;124;0.673333
6;125;0.670000
6;126;0.670000
6;127;0.666667
6;128;0.676667
6;129;0.673333
6;130;0.670000
6;131;0.675000
6;132;0.671667
6;133;0.673333
6;134;0.670000
6;135;0.666667
6;136;0.675000
6;137;0.671667
6;138;0.668333
6;139;0.673333
6;140;0.680000
6;141;0.676667
6;142;0.673333
6;143;0.670000
6;144;0.671667
6;145;0.668333
6;146;0.671667
6;147;0.676667
6;148;0.673333
6;149;0.670000
6;150;0.671667
6;151;0.668333
6;152;0.668333
6;153;0.673333
6;154;0.676667
6;155;0.673333
6;156;0.670000
6;157;0.666667
6;158;0.672222
6;159;0.672222
6;160;0.668889
6;161;0.670000
6;162;0.673333
6;163;0.672222
6;164;0.668889
6;165;0.673333
6;166;0.670000
6;167;0.667778
6;168;0.671111
6;169;0.674444
6;170;0.671111
6;171;0.670000
6;172;0.666667
6;173;0.671111
6;174;0.673333
6;175;0.670000
6;176;0.668889
6;177;0.671111
6;178;0.667778
6;179;0.680000
6;180;0.677778
6;181;0.677778
6;182;0.674444
6;183;0.673333
6;184;0.671111
6;185;0.675556
6;186;0.672222
6;187;0.668889
6;188;0.671111
6;189;0.671111
6;190;0.671111
6;191;0.672222
6;192;0.668889
6;193;0.673333
6;194;0.670000
6;195;0.670000
6;196;0.672222
6;197;0.670000
6;198;0.676667
6;199;0.673333
6;200;0.670000
6;201;0.670000
6;202;0.673333
6;203;0.681111
6;204;0.683333
6;205;0.680000
6;206;0.676667
6;207;0.673333
6;208;0.674444
6;209;0.674444
6;210;0.671111
6;211;0.667778
6;212;0.676667
6;213;0.677778
6;214;0.674444
6;215;0.671111
6;216;0.667778
6;217;0.668889
6;218;0.675556
6;219;0.672222
6;220;0.670000
6;221;0.670000
6;222;0.671667
6;223;0.680000
6;224;0.677500
6;225;0.676667
6;226;0.673333
6;227;0.672500
6;228;0.674167
6;229;0.672500
6;230;0.673333
6;231;0.673333
6;232;0.670000
6;233;0.673333
6;234;0.670000
6;235;0.676667
6;236;0.673333
6;237;0.673333
6;238;0.670000
6;239;0.672500
6;240;0.669167
6;241;0.676667
6;242;0.677500
6;243;0.675833
6;244;0.675833
6;245;0.674167
6;246;0.670833
6;247;0.672500
6;248;0.670833
6;249;0.667500
6;250;0.675833
6;251;0.676667
6;252;0.673333
6;253;0.670000
6;254;0.669167
6;255;0.672500
6;256;0.672500
6;257;0.675833
6;258;0.672500
6;259;0.669167
6;260;0.668333
6;261;0.672500
6;262;0.669167
6;263;0.672500
6;264;0.673333
6;265;0.670833
6;266;0.668333
6;267;0.671667
6;268;0.668333
6;269;0.669167
6;270;0.667500
6;271;0.669167
6;272;0.671667
6;273;0.671667
6;274;0.670000
6;275;0.675000
6;276;0.671667
6;277;0.675000
6;278;0.671667
6;279;0.670833
6;280;0.670833
6;281;0.670833
6;282;0.677500
6;283;0.674167
6;284;0.673333
6;285;0.675833
6;286;0.675833
6;287;0.674167
6;288;0.670833
6;289;0.672500
6;290;0.676667
6;291;0.673333
6;292;0.673333
6;293;0.673333
6;294;0.670000
6;295;0.670000
6;296;0.671667
6;297;0.673333
6;298;0.670000
6;299;0.669167
6;300;0.673333
6;301;0.675000
6;302;0.675833
6;303;0.672500
6;304;0.674167
6;305;0.674167
6;306;0.670833
6;307;0.673333
6;308;0.670000
6;309;0.669167
6;310;0.668333
6;311;0.671667
6;312;0.676667
6;313;0.676667
6;314;0.673333
6;315;0.670000
6;316;0.670000
6;317;0.671667
6;318;0.669167
6;319;0.670833
6;320;0.672500
6;321;0.672500
6;322;0.671667
6;323;0.668333
6;324;0.668333
6;325;0.678333
6;326;0.675000
6;327;0.675000
6;328;0.671667
6;329;0.669167
6;330;0.667500
6;331;0.670833
6;332;0.671667
6;333;0.676667
6;334;0.676667
6;335;0.678333
6;336;0.675833
6;337;0.675000
6;338;0.673333
6;339;0.670000
6;340;0.673333
6;341;0.673333
6;342;0.670000
6;343;0.670833
6;344;0.673333
6;345;0.676667
6;346;0.673333
6;347;0.670000
6;348;0.669167
6;349;0.666667
6;350;0.674167
6;351;0.683333
6;352;0.680000
6;353;0.677500
6;354;0.676667
6;355;0.675000
6;356;0.675000
6;357;0.673333
6;358;0.670000
6;359;0.671667
6;360;0.675000
6;361;0.675833
6;362;0.672500
6;363;0.672500
6;364;0.669167
6;365;0.677500
6;366;0.678333
6;367;0.680000
6;368;0.676667
6;369;0.675000
6;370;0.671667
6;371;0.675000
6;372;0.671667
6;373;0.671667
6;374;0.670000
6;375;0.669167
6;376;0.670833
6;377;0.674167
6;378;0.675000
6;379;0.672500
6;380;0.673333
6;381;0.672500
6;382;0.669167
6;383;0.672500
6;384;0.672500
6;385;0.674167
6;386;0.670833
6;387;0.673333
6;388;0.675833
6;389;0.672500
6;390;0.670000
6;391;0.671667
6;392;0.668333
6;393;0.680000
6;394;0.676667
6;395;0.675833
6;396;0.672500
6;397;0.674167
6;398;0.674167
6;399;0.670833
6;400;0.671667
6;401;0.670833
6;402;0.670000
6;403;0.667500
6;404;0.672500
6;405;0.670833
6;406;0.671667
6;407;0.672500
6;408;0.670000
6;409;0.670000
6;410;0.668333
6;411;0.668333
6;412;0.670833
6;413;0.674167
6;414;0.674167
6;415;0.670833
6;416;0.671667
6;417;0.670000
6;418;0.674167
6;419;0.672500
6;420;0.669167
6;421;0.680000
6;422;0.676667
6;423;0.675000
6;424;0.680000
6;425;0.681667
6;426;0.680833
6;427;0.677500
6;428;0.674167
6;429;0.674167
6;430;0.670833
6;431;0.674167
6;432;0.670833
6;433;0.672500
6;434;0.673333
6;435;0.671667
6;436;0.670000
6;437;0.670833
6;438;0.667500
6;439;0.673333
6;440;0.670833
6;441;0.671667
6;442;0.668333
6;443;0.669167
6;444;0.669167
6;445;0.670833
6;446;0.671667
6;447;0.671667
6;448;0.670833
6;449;0.672500
6;450;0.672500
6;451;0.676667
6;452;0.673333
6;453;0.670000
6;454;0.671667
6;455;0.674167
6;456;0.670833
6;457;0.668333
6;458;0.666667
6;459;0.674167
6;460;0.670833
6;461;0.667500
6;462;0.669167
6;463;0.671667
6;464;0.669167
6;465;0.668333
6;466;0.675000
6;467;0.671667
6;468;0.675833
6;469;0.672500
6;470;0.671667
6;471;0.668333
6;472;0.670000
6;473;0.670833
6;474;0.670833
6;475;0.668333
6;476;0.679167
6;477;0.675833
6;478;0.674167
6;479;0.675000
6;480;0.671667
6;481;0.673333
6;482;0.672500
6;483;0.670833
6;484;0.667500
6;485;0.678333
6;486;0.679167
6;487;0.675833
6;488;0.672500
6;489;0.669167
6;490;0.670000
6;491;0.675000
6;492;0.671667
6;493;0.669167
6;494;0.674167
6;495;0.682500
6;496;0.679167
6;497;0.681667
6;498;0.678333
6;499;0.676667
6;500;0.673333
6;501;0.671667
6;502;0.670833
6;503;0.670000
6;504;0.670833
6;505;0.674167
6;506;0.675000
6;507;0.671667
6;508;0.672500
6;509;0.670833
6;510;0.670000
6;511;0.670000
6;512;0.670833
6;513;0.674167
6;514;0.671667
6;515;0.670000
6;516;0.666667
6;517;0.675833
6;518;0.674167
6;519;0.672500
6;520;0.672500
6;521;0.670833
6;522;0.667500
6;523;0.676667
6;524;0.677500
6;525;0.674167
6;526;0.670833
6;527;0.669167
6;528;0.670833
6;529;0.682500
6;530;0.679167
6;531;0.675833
6;532;0.672500
6;533;0.673333
6;534;0.674167
6;535;0.671667
6;536;0.674167
6;537;0.670833
6;538;0.668333
6;539;0.672500
6;540;0.671667
6;541;0.676667
6;542;0.673333
6;543;0.673333
6;544;0.670000
6;545;0.672500
6;546;0.669167
6;547;0.673333
6;548;0.673333
6;549;0.670000
6;550;0.671667
6;551;0.672500
6;552;0.670000
6;553;0.670833
6;554;0.670833
6;555;0.670000
6;556;0.671667
6;557;0.669167
6;558;0.675000
6;559;0.671667
6;560;0.671667
6;561;0.669167
6;562;0.670833
6;563;0.668333
6;564;0.668333
6;565;0.678333
6;566;0.675000
6;567;0.675000
6;568;0.676667
6;569;0.675833
6;570;0.672500
6;571;0.671667
6;572;0.672500
6;573;0.670000
6;574;0.673333
6;575;0.674167
6;576;0.670833
6;577;0.670833
6;578;0.670000
6;579;0.669167
6;580;0.667500
6;581;0.670833
6;582;0.675833
6;583;0.672500
6;584;0.673333
6;585;0.670833
6;586;0.670000
6;587;0.674167
6;588;0.670833
6;589;0.672500
6;590;0.673333
6;591;0.672500
6;592;0.669167
6;593;0.667500
6;594;0.677500
6;595;0.675000
6;596;0.673333
6;597;0.670000
6;598;0.667500
6;599;0.679167
6;600;0.679167
6;601;0.675833
6;602;0.673333
6;603;0.671667
6;604;0.675833
6;605;0.674167
6;606;0.670833
6;607;0.671667
6;608;0.669167
6;609;0.671667
6;610;0.670000
6;611;0.670833
6;612;0.668333
6;613;0.671667
6;614;0.680833
6;615;0.677500
6;616;0.678333
6;617;0.675000
6;618;0.676667
6;619;0.675833
6;620;0.672500
6;621;0.671667
6;622;0.671667
6;623;0.668333
6;624;0.679167
6;625;0.675833
6;626;0.677500
6;627;0.674167
6;628;0.674167
6;629;0.673333
6;630;0.674167
6;631;0.670833
6;632;0.676667
6;633;0.673333
6;634;0.674167
6;635;0.679167
6;636;0.675833
6;637;0.675000
6;638;0.672500
6;639;0.674167
6;640;0.671667
6;641;0.676667
6;642;0.673333
6;643;0.672500
6;644;0.669167
6;645;0.672500
6;646;0.670833
6;647;0.670833
6;648;0.671667
6;649;0.671667
6;650;0.676667
6;651;0.675000
6;652;0.674167
6;653;0.675000
6;654;0.671667
6;655;0.673333
6;656;0.674167
6;657;0.672500
6;658;0.669167
6;659;0.667500
6;660;0.671667
6;661;0.673333
6;662;0.670000
6;663;0.683333
6;664;0.680000
6;665;0.676667
6;666;0.673333
6;667;0.673333
6;668;0.674167
6;669;0.670833
6;670;0.670833
6;671;0.671667
6;672;0.669167
6;673;0.675000
6;674;0.673333
6;675;0.675000
6;676;0.675000
6;677;0.671667
6;678;0.669167
6;679;0.670000
6;680;0.678333
6;681;0.678333
6;682;0.675000
6;683;0.672500
6;684;0.670833
6;685;0.675000
6;686;0.671667
6;687;0.671667
6;688;0.670000
6;689;0.673333
6;690;0.673889
6;691;0.671667
6;692;0.677778
6;693;0.676667
6;694;0.673333
6;695;0.670556
6;696;0.668333
6;697;0.700556
6;698;0.697222
6;699;0.695556
6;700;0.696667
6;701;0.696667
6;702;0.698889
6;703;0.700556
6;704;0.697222
6;705;0.693889
6;706;0.693889
6;707;0.693889
6;708;0.696111
6;709;0.695000
6;710;0.691667
6;711;0.689444
6;712;0.688333
6;713;0.696667
6;714;0.693333
6;715;0.691667
6;716;0.692222
6;717;0.688889
6;718;0.686111
6;719;0.688889
6;720;0.686667
6;721;0.684444
6;722;0.683333
6;723;0.686667
6;724;0.686667
6;725;0.683333
6;726;0.684444
6;727;0.682778
6;728;0.681667
6;729;0.680556
6;730;0.685556
6;731;0.685000
6;732;0.683889
6;733;0.681667
6;734;0.678333
6;735;0.677222
6;736;0.681667
6;737;0.678333
6;738;0.679444
6;739;0.677222
6;740;0.678889
6;741;0.677778
6;742;0.674444
6;743;0.672778
6;744;0.671111
6;745;0.670000
6;746;0.672222
6;747;0.673889
6;748;0.672778
6;749;0.670000
6;750;0.669444
6;751;0.697222
6;752;0.702222
6;753;0.698889
6;754;0.700556
6;755;0.701667
6;756;0.698333
6;757;0.695000
6;758;0.697778
6;759;0.694444
6;760;0.697222
6;761;0.695000
6;762;0.721667
6;763;0.719444
6;764;0.721667
6;765;0.720000
6;766;0.716667
6;767;0.713333
6;768;0.716111
6;769;0.716111
6;770;0.715556
6;771;0.712222
6;772;0.708889
6;773;0.707222
6;774;0.706111
6;775;0.711111
6;776;0.710556
6;777;0.707222
6;778;0.705000
6;779;0.701667
6;780;0.704444
6;781;0.701667
6;782;0.698889
6;783;0.697222
6;784;0.693889
6;785;0.693333
6;786;0.695556
6;787;0.694444
6;788;0.691667
6;789;0.689444
6;790;0.686111
6;791;0.691667
6;792;0.688889
6;793;0.688889
6;794;0.685556
6;795;0.683889
6;796;0.686111
6;797;0.683889
6;798;0.681111
6;799;0.681667
6;800;0.678889
6;801;0.678333
6;802;0.675556
6;803;0.678333
6;804;0.676111
6;805;0.675000
6;806;0.674444
6;807;0.676667
6;808;0.673333
6;809;0.671111
6;810;0.668333
6;811;0.676111
6;812;0.672778
6;813;0.669444
6;814;0.677778
6;815;0.676111
6;816;0.673333
6;817;0.675000
6;818;0.671667
6;819;0.672222
6;820;0.672778
6;821;0.671111
6;822;0.672222
6;823;0.670000
6;824;0.670000
6;825;0.674444
6;826;0.676667
6;827;0.674444
6;828;0.671111
6;829;0.676111
6;830;0.673333
6;831;0.672222
6;832;0.671111
6;833;0.697778
6;834;0.697778
6;835;0.726111
6;836;0.724444
6;837;0.722778
6;838;0.720000
6;839;0.719444
6;840;0.720556
6;841;0.717778
6;842;0.718333
6;843;0.715000
6;844;0.714444
6;845;0.714444
6;846;0.711111
6;847;0.715556
6;848;0.713333
6;849;0.710556
6;850;0.708889
6;851;0.709444
6;852;0.706111
6;853;0.706111
6;854;0.705556
6;855;0.703889
6;856;0.700556
6;857;0.701667
6;858;0.701111
6;859;0.703333
6;860;0.702222
6;861;0.698889
6;862;0.696111
6;863;0.694444
6;864;0.695000
6;865;0.693333
6;866;0.690556
6;867;0.689444
6;868;0.691667
6;869;0.689444
6;870;0.688889
6;871;0.688889
6;872;0.685556
6;873;0.683333
6;874;0.683333
6;875;0.683333
6;876;0.680000
6;877;0.676667
6;878;0.681667
6;879;0.678333
6;880;0.677222
6;881;0.673889
6;882;0.670556
6;883;0.673333
6;884;0.673333
6;885;0.672222
6;886;0.677222
6;887;0.678333
6;888;0.677222
6;889;0.676111
6;890;0.675000
6;891;0.672222
6;892;0.671111
6;893;0.671111
6;894;0.668889
6;895;0.670000
6;896;0.671667
6;897;0.677222
6;898;0.673889
6;899;0.671667
6;900;0.670000
6;901;0.672778
6;902;0.669444
6;903;0.672222
6;904;0.675556
6;905;0.672778
6;906;0.673889
6;907;0.673333
6;908;0.673333
6;909;0.701111
6;910;0.698889
6;911;0.697222
6;912;0.695556
6;913;0.695000
6;914;0.697222
6;915;0.696111
6;916;0.693889
6;917;0.692222
6;918;0.692222
6;919;0.696667
6;920;0.693333
6;921;0.690000
6;922;0.691667
6;923;0.693889
6;924;0.690556
6;925;0.687222
6;926;0.691667
6;927;0.690556
6;928;0.687778
6;929;0.686111
6;930;0.688333
6;931;0.685000
6;932;0.687778
6;933;0.686667
6;934;0.685556
6;935;0.685556
6;936;0.685556
6;937;0.687222
6;938;0.684444
6;939;0.682778
6;940;0.685000
6;941;0.683889
6;942;0.685556
6;943;0.685000
6;944;0.681667
6;945;0.679444
6;946;0.676667
6;947;0.677778
6;948;0.675000
6;949;0.674444
6;950;0.677778
6;951;0.676667
6;952;0.673333
6;953;0.675000
6;954;0.671667
6;955;0.672778
6;956;0.672222
6;957;0.672222
6;958;0.671667
6;959;0.671111
6;960;0.673889
6;961;0.676667
6;962;0.673333
6;963;0.672222
6;964;0.671667
6;965;0.675556
6;966;0.677222
6;967;0.673889
6;968;0.672778
6;969;0.672222
6;970;0.670556
6;971;0.671111
6;972;0.670000
6;973;0.670556
6;974;0.672222
6;975;0.672778
6;976;0.672222
6;977;0.673889
6;978;0.672222
6;979;0.672222
6;980;0.677222
6;981;0.677778
6;982;0.674444
6;983;0.673333
6;984;0.671667
6;985;0.676667
6;986;0.673333
6;987;0.673889
6;988;0.673333
6;989;0.671667
6;990;0.671667
6;991;0.670000
6;992;0.671111
6;993;0.697222
6;994;0.700000
6;995;0.697778
6;996;0.696667
6;997;0.696111
6;998;0.721667
6;999;0.722222
6;1000;0.721667
6;1001;0.719444
6;1002;0.718889
6;1003;0.717778
6;1004;0.716111
6;1005;0.715000
6;1006;0.716667
6;1007;0.713889
6;1008;0.711111
6;1009;0.710000
6;1010;0.710000
6;1011;0.710000
6;1012;0.707222
6;1013;0.710556
6;1014;0.707222
6;1015;0.703889
6;1016;0.701111
6;1017;0.702778
6;1018;0.702222
6;1019;0.701111
6;1020;0.698333
6;1021;0.698333
6;1022;0.695000
6;1023;0.698889
6;1024;0.696667
6;1025;0.695556
6;1026;0.697222
6;1027;0.693889
6;1028;0.693333
6;1029;0.690000
6;1030;0.690000
6;1031;0.690000
6;1032;0.686667
6;1033;0.686667
6;1034;0.683333
6;1035;0.681111
6;1036;0.680000
6;1037;0.678333
6;1038;0.677222
6;1039;0.678333
6;1040;0.678333
6;1041;0.675000
6;1042;0.674444
6;1043;0.671667
6;1044;0.673333
6;1045;0.672778
6;1046;0.675000
6;1047;0.672778
6;1048;0.670000
6;1049;0.670000
6;1050;0.675000
6;1051;0.671667
6;1052;0.675556
6;1053;0.675000
6;1054;0.673333
6;1055;0.670000
6;1056;0.671667
6;1057;0.672778
6;1058;0.673333
6;1059;0.672778
6;1060;0.672222
6;1061;0.671111
6;1062;0.670556
6;1063;0.672222
6;1064;0.668889
6;1065;0.673333
6;1066;0.673333
6;1067;0.671667
6;1068;0.670556
6;1069;0.670556
6;1070;0.671667
6;1071;0.670556
6;1072;0.671111
6;1073;0.671111
6;1074;0.673333
6;1075;0.673889
6;1076;0.670556
6;1077;0.669444
6;1078;0.697222
6;1079;0.703889
6;1080;0.703889
6;1081;0.701111
6;1082;0.701667
6;1083;0.698333
6;1084;0.695000
6;1085;0.696111
6;1086;0.699444
6;1087;0.696111
6;1088;0.692778
6;1089;0.695000
6;1090;0.693333
6;1091;0.691111
6;1092;0.690556
6;1093;0.691111
6;1094;0.722222
6;1095;0.720000
6;1096;0.716667
6;1097;0.715556
6;1098;0.716111
6;1099;0.713333
6;1100;0.712778
6;1101;0.711111
6;1102;0.707778
6;1103;0.704444
6;1104;0.707778
6;1105;0.706667
6;1106;0.706111
6;1107;0.702778
6;1108;0.700556
6;1109;0.701111
6;1110;0.700000
6;1111;0.701111
6;1112;0.697778
6;1113;0.696111
6;1114;0.700000
6;1115;0.696667
6;1116;0.696111
6;1117;0.695556
6;1118;0.692778
6;1119;0.690556
6;1120;0.687222
6;1121;0.687222
6;1122;0.686667
6;1123;0.683889
6;1124;0.685000
6;1125;0.683333
6;1126;0.680556
6;1127;0.681667
6;1128;0.680000
6;1129;0.680556
6;1130;0.682778
6;1131;0.682222
6;1132;0.681111
6;1133;0.680556
6;1134;0.677222
6;1135;0.676111
6;1136;0.676111
6;1137;0.672778
6;1138;0.677778
6;1139;0.677778
6;1140;0.675000
6;1141;0.673333
6;1142;0.673333
6;1143;0.671667
6;1144;0.673333
6;1145;0.672222
6;1146;0.701111
6;1147;0.697778
6;1148;0.696667
6;1149;0.695556
6;1150;0.694444
6;1151;0.696111
6;1152;0.696111
6;1153;0.697222
6;1154;0.696667
6;1155;0.693333
6;1156;0.694444
6;1157;0.692778
6;1158;0.692778
6;1159;0.693333
6;1160;0.692222
6;1161;0.691667
6;1162;0.691111
6;1163;0.689444
6;1164;0.687222
6;1165;0.686667
6;1166;0.696667
6;1167;0.694444
6;1168;0.691111
6;1169;0.689444
6;1170;0.689444
6;1171;0.689444
6;1172;0.688333
6;1173;0.685000
6;1174;0.685000
6;1175;0.681667
6;1176;0.684444
6;1177;0.683333
6;1178;0.682778
6;1179;0.679444
6;1180;0.679444
6;1181;0.681667
6;1182;0.678333
6;1183;0.677222
6;1184;0.677222
6;1185;0.675000
6;1186;0.687222
6;1187;0.683889
6;1188;0.680556
6;1189;0.677778
6;1190;0.677222
6;1191;0.675556
6;1192;0.675556
6;1193;0.672222
6;1194;0.672222
6;1195;0.671111
6;1196;0.673333
6;1197;0.670000
6;1198;0.671667
6;1199;0.676111
6;1200;0.675000
6;1201;0.675000
6;1202;0.672222
6;1203;0.671667
6;1204;0.671111
6;1205;0.672222
6;1206;0.673333
6;1207;0.670000
6;1208;0.670556
6;1209;0.675556
6;1210;0.674444
6;1211;0.672778
6;1212;0.669444
6;1213;0.667778
6;1214;0.669444
6;1215;0.673333
6;1216;0.673333
6;1217;0.670000
6;1218;0.670556
6;1219;0.672222
6;1220;0.673333
6;1221;0.670000
6;1222;0.670000
6;1223;0.673333
6;1224;0.672778
6;1225;0.672222
6;1226;0.677222
6;1227;0.676111
6;1228;0.673889
6;1229;0.671111
6;1230;0.673889
6;1231;0.673889
6;1232;0.670556
6;1233;0.669444
6;1234;0.701111
6;1235;0.698333
6;1236;0.699444
6;1237;0.696667
6;1238;0.696111
6;1239;0.696111
6;1240;0.696111
6;1241;0.692778
6;1242;0.695000
6;1243;0.702222
6;1244;0.698889
6;1245;0.695556
6;1246;0.692222
6;1247;0.693333
6;1248;0.691667
6;1249;0.689444
6;1250;0.689444
6;1251;0.692222
6;1252;0.689444
6;1253;0.688889
6;1254;0.686667
6;1255;0.686667
6;1256;0.683889
6;1257;0.684444
6;1258;0.711667
6;1259;0.710000
6;1260;0.714444
6;1261;0.715000
6;1262;0.712778
6;1263;0.709444
6;1264;0.709444
6;1265;0.706111
6;1266;0.705000
6;1267;0.703889
6;1268;0.701667
6;1269;0.698333
6;1270;0.700556
6;1271;0.702222
6;1272;0.698889
6;1273;0.695556
6;1274;0.695556
6;1275;0.694444
6;1276;0.691111
6;1277;0.695000
6;1278;0.691667
6;1279;0.690000
6;1280;0.686667
6;1281;0.690000
6;1282;0.690556
6;1283;0.687222
6;1284;0.683889
6;1285;0.683333
6;1286;0.686111
6;1287;0.687222
6;1288;0.683889
6;1289;0.681111
6;1290;0.678889
6;1291;0.681667
6;1292;0.678889
6;1293;0.677222
6;1294;0.706111
6;1295;0.705556
6;1296;0.705000
6;1297;0.703889
6;1298;0.701667
6;1299;0.703889
6;1300;0.701111
6;1301;0.701667
6;1302;0.698889
6;1303;0.697778
6;1304;0.699444
6;1305;0.696111
6;1306;0.692778
6;1307;0.691111
6;1308;0.689444
6;1309;0.690000
6;1310;0.693333
6;1311;0.691111
6;1312;0.691111
6;1313;0.690000
6;1314;0.688889
6;1315;0.687778
6;1316;0.686111
6;1317;0.683333
6;1318;0.684444
6;1319;0.688889
6;1320;0.688333
6;1321;0.688333
6;1322;0.687778
6;1323;0.686111
6;1324;0.686111
6;1325;0.682778
6;1326;0.708333
6;1327;0.712778
6;1328;0.709444
6;1329;0.708889
6;1330;0.708333
6;1331;0.705556
6;1332;0.702778
6;1333;0.700556
6;1334;0.699444
6;1335;0.698889
6;1336;0.695556
6;1337;0.693889
6;1338;0.696111
6;1339;0.693889
6;1340;0.690556
6;1341;0.691111
6;1342;0.690556
6;1343;0.690000
6;1344;0.686667
6;1345;0.684444
6;1346;0.695000
6;1347;0.693333
6;1348;0.691667
6;1349;0.689444
6;1350;0.693333
6;1351;0.692778
6;1352;0.689444
6;1353;0.686111
6;1354;0.682778
6;1355;0.681111
6;1356;0.682778
6;1357;0.681111
6;1358;0.709444
6;1359;0.708889
6;1360;0.707778
6;1361;0.710000
6;1362;0.706667
6;1363;0.705000
6;1364;0.703889
6;1365;0.701667
6;1366;0.701111
6;1367;0.702222
6;1368;0.698889
6;1369;0.695556
6;1370;0.692222
6;1371;0.694444
6;1372;0.692778
6;1373;0.692778
6;1374;0.689444
6;1375;0.687778
6;1376;0.685556
6;1377;0.687222
6;1378;0.691111
6;1379;0.691667
6;1380;0.688333
6;1381;0.688889
6;1382;0.685556
6;1383;0.685556
6;1384;0.684444
6;1385;0.685000
6;1386;0.712778
6;1387;0.711667
6;1388;0.708333
6;1389;0.707778
6;1390;0.705000
6;1391;0.708889
6;1392;0.705556
6;1393;0.702222
6;1394;0.705000
6;1395;0.705000
6;1396;0.701667
6;1397;0.700556
6;1398;0.697222
6;1399;0.695556
6;1400;0.695000
6;1401;0.697222
6;1402;0.696667
6;1403;0.693333
6;1404;0.690000
6;1405;0.691111
6;1406;0.687778
6;1407;0.690556
6;1408;0.687222
6;1409;0.684444
6;1410;0.686111
6;1411;0.687222
6;1412;0.687778
6;1413;0.684444
6;1414;0.683889
6;1415;0.684444
6;1416;0.681667
6;1417;0.681111
6;1418;0.708889
6;1419;0.710000
6;1420;0.706667
6;1421;0.705556
6;1422;0.709444
6;1423;0.706111
6;1424;0.702778
6;1425;0.705556
6;1426;0.702222
6;1427;0.701111
6;1428;0.697778
6;1429;0.696111
6;1430;0.696111
6;1431;0.694444
6;1432;0.693333
6;1433;0.691111
6;1434;0.690556
6;1435;0.691111
6;1436;0.688889
6;1437;0.687222
6;1438;0.688889
6;1439;0.687778
6;1440;0.687222
6;1441;0.690000
6;1442;0.688889
6;1443;0.688333
6;1444;0.685000
6;1445;0.681667
6;1446;0.685000
6;1447;0.683889
6;1448;0.681667
6;1449;0.681111
6;1450;0.681111
6;1451;0.678333
6;1452;0.683333
6;1453;0.685000
6;1454;0.684444
6;1455;0.681111
6;1456;0.681111
6;1457;0.677778
6;1458;0.676667
6;1459;0.681111
6;1460;0.706667
6;1461;0.703333
6;1462;0.704444
6;1463;0.704444
6;1464;0.701111
6;1465;0.700000
6;1466;0.696667
6;1467;0.698889
6;1468;0.695556
6;1469;0.699444
6;1470;0.697222
6;1471;0.693889
6;1472;0.694444
6;1473;0.691667
6;1474;0.693333
6;1475;0.691111
6;1476;0.689444
6;1477;0.692222
6;1478;0.689444
6;1479;0.688333
6;1480;0.685000
6;1481;0.685556
6;1482;0.713333
6;1483;0.711667
6;1484;0.711111
6;1485;0.712222
6;1486;0.709444
6;1487;0.710000
6;1488;0.706667
6;1489;0.706667
6;1490;0.707222
6;1491;0.707222
6;1492;0.706111
6;1493;0.702778
6;1494;0.699444
6;1495;0.698889
6;1496;0.698333
6;1497;0.698889
6;1498;0.695556
6;1499;0.693889
6;1500;0.691667
6;1501;0.693333
6;1502;0.694444
6;1503;0.693889
6;1504;0.690556
6;1505;0.689444
6;1506;0.686111
6;1507;0.688333
6;1508;0.686667
6;1509;0.683889
6;1510;0.682222
6;1511;0.682778
6;1512;0.683889
6;1513;0.688889
6;1514;0.688333
6;1515;0.688333
6;1516;0.685000
6;1517;0.681667
6;1518;0.680556
6;1519;0.678889
6;1520;0.704444
6;1521;0.703333
6;1522;0.701111
6;1523;0.702778
6;1524;0.700000
6;1525;0.701667
6;1526;0.701111
6;1527;0.697778
6;1528;0.697222
6;1529;0.694444
6;1530;0.693889
6;1531;0.695556
6;1532;0.693333
6;1533;0.690000
6;1534;0.691111
6;1535;0.691667
6;1536;0.694444
6;1537;0.694444
6;1538;0.691111
6;1539;0.690556
6;1540;0.687222
6;1541;0.687778
6;1542;0.686667
6;1543;0.685000
6;1544;0.684444
6;1545;0.683333
6;1546;0.683889
6;1547;0.682222
6;1548;0.685000
6;1549;0.683889
6;1550;0.683889
6;1551;0.680556
6;1552;0.677222
6;1553;0.688889
6;1554;0.686111
6;1555;0.684444
6;1556;0.683333
6;1557;0.680000
6;1558;0.677778
6;1559;0.677778
6;1560;0.675556
6;1561;0.701111
6;1562;0.702778
6;1563;0.703889
6;1564;0.700556
6;1565;0.697222
6;1566;0.698333
6;1567;0.696111
6;1568;0.697778
6;1569;0.696667
6;1570;0.693333
6;1571;0.691667
6;1572;0.694444
6;1573;0.696667
6;1574;0.696111
6;1575;0.695556
6;1576;0.692222
6;1577;0.689444
6;1578;0.688333
6;1579;0.687222
6;1580;0.688333
6;1581;0.687222
6;1582;0.685000
6;1583;0.686111
6;1584;0.685000
6;1585;0.684444
6;1586;0.682778
6;1587;0.681111
6;1588;0.688889
6;1589;0.691111
6;1590;0.687778
6;1591;0.684444
6;1592;0.683333
6;1593;0.686667
6;1594;0.683333
6;1595;0.682222
6;1596;0.680000
6;1597;0.676667
6;1598;0.677222
6;1599;0.677222
6;1600;0.677222
6;1601;0.680000
6;1602;0.677222
6;1603;0.678889
6;1604;0.677222
6;1605;0.673889
6;1606;0.673889
6;1607;0.677778
6;1608;0.674444
6;1609;0.673333
6;1610;0.671111
6;1611;0.670556
6;1612;0.669444
6;1613;0.675000
6;1614;0.676111
6;1615;0.672778
6;1616;0.670000
6;1617;0.668889
6;1618;0.671111
6;1619;0.673333
6;1620;0.672778
6;1621;0.671111
6;1622;0.668889
6;1623;0.672222
6;1624;0.677778
6;1625;0.676667
6;1626;0.674444
6;1627;0.673889
6;1628;0.675000
6;1629;0.672778
6;1630;0.670556
6;1631;0.669444
6;1632;0.700556
6;1633;0.701667
6;1634;0.698333
6;1635;0.696111
6;1636;0.696111
6;1637;0.695000
6;1638;0.701111
6;1639;0.697778
6;1640;0.699444
6;1641;0.697778
6;1642;0.694444
6;1643;0.694444
6;1644;0.695556
6;1645;0.695556
6;1646;0.692222
6;1647;0.691667
6;1648;0.689444
6;1649;0.688333
6;1650;0.687778
6;1651;0.688889
6;1652;0.716111
6;1653;0.712778
6;1654;0.711111
6;1655;0.713333
6;1656;0.710000
6;1657;0.710556
6;1658;0.710000
6;1659;0.710000
6;1660;0.708333
6;1661;0.705000
6;1662;0.702222
6;1663;0.704444
6;1664;0.702222
6;1665;0.701111
6;1666;0.700556
6;1667;0.698889
6;1668;0.695556
6;1669;0.696111
6;1670;0.696667
6;1671;0.695000
6;1672;0.692222
6;1673;0.693889
6;1674;0.692222
6;1675;0.688889
6;1676;0.688889
6;1677;0.688333
6;1678;0.685556
6;1679;0.687222
6;1680;0.685000
6;1681;0.681667
6;1682;0.681111
6;1683;0.682222
6;1684;0.682778
6;1685;0.683889
6;1686;0.681111
6;1687;0.680556
6;1688;0.677222
6;1689;0.677778
6;1690;0.677778
6;1691;0.676667
6;1692;0.679444
6;1693;0.682778
6;1694;0.682778
6;1695;0.681667
6;1696;0.678333
6;1697;0.678889
6;1698;0.675556
6;1699;0.672222
6;1700;0.672222
6;1701;0.675556
6;1702;0.673333
6;1703;0.672778
6;1704;0.676111
6;1705;0.673889
6;1706;0.670556
6;1707;0.672778
6;1708;0.673889
6;1709;0.672222
6;1710;0.668889
6;1711;0.667222
6;1712;0.671667
6;1713;0.673889
6;1714;0.670556
6;1715;0.669444
6;1716;0.673889
6;1717;0.675000
6;1718;0.671667
6;1719;0.671111
6;1720;0.671111
6;1721;0.670556
6;1722;0.672222
6;1723;0.670556
6;1724;0.697222
6;1725;0.694444
6;1726;0.702778
6;1727;0.699444
6;1728;0.696111
6;1729;0.697778
6;1730;0.694444
6;1731;0.695000
6;1732;0.692222
6;1733;0.691667
6;1734;0.693889
6;1735;0.691667
6;1736;0.692778
6;1737;0.690000
6;1738;0.691667
6;1739;0.690000
6;1740;0.693333
6;1741;0.690000
6;1742;0.687222
6;1743;0.686667
6;1744;0.686667
6;1745;0.689444
6;1746;0.691111
6;1747;0.688333
6;1748;0.687222
6;1749;0.685556
6;1750;0.685000
6;1751;0.682222
6;1752;0.683889
6;1753;0.686111
6;1754;0.687222
6;1755;0.684444
6;1756;0.682778
6;1757;0.681111
6;1758;0.683333
6;1759;0.681667
6;1760;0.681111
6;1761;0.677778
6;1762;0.678333
6;1763;0.677778
6;1764;0.677778
6;1765;0.676667
6;1766;0.673333
6;1767;0.673889
6;1768;0.672222
6;1769;0.672778
6;1770;0.672222
6;1771;0.670000
6;1772;0.673889
6;1773;0.671667
6;1774;0.672222
6;1775;0.670000
6;1776;0.671111
6;1777;0.676667
6;1778;0.676667
6;1779;0.673333
6;1780;0.673889
6;1781;0.670556
6;1782;0.667778
6;1783;0.672222
6;1784;0.702778
6;1785;0.699444
6;1786;0.696111
6;1787;0.698889
6;1788;0.698889
6;1789;0.697778
6;1790;0.699444
6;1791;0.696111
6;1792;0.692778
6;1793;0.692222
6;1794;0.693333
6;1795;0.691667
6;1796;0.688889
6;1797;0.696667
6;1798;0.695556
6;1799;0.692222
6;1800;0.692222
6;1801;0.691667
6;1802;0.691667
6;1803;0.689444
6;1804;0.688333
6;1805;0.687778
6;1806;0.685000
6;1807;0.687778
6;1808;0.687778
6;1809;0.685000
6;1810;0.685556
6;1811;0.682222
6;1812;0.681667
6;1813;0.683333
6;1814;0.683333
6;1815;0.683333
6;1816;0.680556
6;1817;0.680000
6;1818;0.677778
6;1819;0.676667
6;1820;0.678333
6;1821;0.678889
6;1822;0.678333
6;1823;0.677778
6;1824;0.676111
6;1825;0.674444
6;1826;0.672778
6;1827;0.675556
6;1828;0.675000
6;1829;0.671667
6;1830;0.671111
6;1831;0.674444
6;1832;0.671111
6;1833;0.668333
6;1834;0.675000
6;1835;0.702222
6;1836;0.704444
6;1837;0.701111
6;1838;0.698889
6;1839;0.696111
6;1840;0.696667
6;1841;0.696667
6;1842;0.698889
6;1843;0.695556
6;1844;0.696667
6;1845;0.693333
6;1846;0.690000
6;1847;0.697778
6;1848;0.694444
6;1849;0.696667
6;1850;0.695556
6;1851;0.693889
6;1852;0.692778
6;1853;0.689444
6;1854;0.690556
6;1855;0.716111
6;1856;0.713333
6;1857;0.711111
6;1858;0.710556
6;1859;0.713333
6;1860;0.712778
6;1861;0.711111
6;1862;0.707778
6;1863;0.704444
6;1864;0.705000
6;1865;0.705556
6;1866;0.702778
6;1867;0.700556
6;1868;0.699444
6;1869;0.698333
6;1870;0.698889
6;1871;0.696667
6;1872;0.694444
6;1873;0.696111
6;1874;0.696667
6;1875;0.693333
6;1876;0.692778
6;1877;0.690556
6;1878;0.688889
6;1879;0.688333
6;1880;0.687778
6;1881;0.687222
6;1882;0.685000
6;1883;0.682778
6;1884;0.680000
6;1885;0.682778
6;1886;0.681111
6;1887;0.687778
6;1888;0.684444
6;1889;0.683889
6;1890;0.680556
6;1891;0.678889
6;1892;0.676111
6;1893;0.679444
6;1894;0.677778
6;1895;0.676111
6;1896;0.672778
6;1897;0.676111
6;1898;0.675556
6;1899;0.673333
6;1900;0.671111
6;1901;0.670556
6;1902;0.703889
6;1903;0.703889
6;1904;0.701111
6;1905;0.699444
6;1906;0.696667
6;1907;0.699444
6;1908;0.698333
6;1909;0.695556
6;1910;0.695556
6;1911;0.694444
6;1912;0.695000
6;1913;0.691667
6;1914;0.693333
6;1915;0.720000
6;1916;0.716667
6;1917;0.718333
6;1918;0.716667
6;1919;0.713889
6;1920;0.711111
6;1921;0.712778
6;1922;0.712778
6;1923;0.711667
6;1924;0.711111
6;1925;0.709444
6;1926;0.706111
6;1927;0.704444
6;1928;0.708889
6;1929;0.708889
6;1930;0.708333
6;1931;0.705000
6;1932;0.703333
6;1933;0.700000
6;1934;0.696667
6;1935;0.697222
6;1936;0.695000
6;1937;0.693889
6;1938;0.696111
6;1939;0.694444
6;1940;0.691111
6;1941;0.690000
6;1942;0.689444
6;1943;0.688889
6;1944;0.685556
6;1945;0.683333
6;1946;0.686111
6;1947;0.683333
6;1948;0.682778
6;1949;0.682778
6;1950;0.681111
6;1951;0.679444
6;1952;0.676667
6;1953;0.680556
6;1954;0.684444
6;1955;0.683333
6;1956;0.681111
6;1957;0.677778
6;1958;0.676667
6;1959;0.676111
6;1960;0.672778
6;1961;0.670556
6;1962;0.727778
6;1963;0.729444
6;1964;0.726667
6;1965;0.723889
6;1966;0.726111
6;1967;0.725000
6;1968;0.725556
6;1969;0.727222
6;1970;0.725000
6;1971;0.726111
6;1972;0.724444
6;1973;0.726667
6;1974;0.725556
6;1975;0.727778
6;1976;0.728333
6;1977;0.727778
6;1978;0.725556
6;1979;0.725556
6;1980;0.725556
6;1981;0.727778
6;1982;0.725000
6;1983;0.725000
6;1984;0.725000
6;1985;0.728889
6;1986;0.728889
6;1987;0.726111
6;1988;0.728333
6;1989;0.726111
6;1990;0.725000
6;1991;0.725000
6;1992;0.722778
6;1993;0.725556
6;1994;0.726111
6;1995;0.725000
6;1996;0.781111
6;1997;0.780556
6;1998;0.834444
6;1999;0.890000
6;2000;0.888889
