1;0;StartTrip;Russian;1;5
2;0;StartTrip;Chinese;3;5
3;0;StartTrip;American;6;3
4;0;StartTrip;French;5;6
5;0;StartTrip;English;2;4
6;0;StartTrip;German;4;6
7;1;FinishTrip;0;English;4
8;1;StartTrip;English;4;2
9;2;FinishTrip;English;2
10;2;FinishTrip;0;American;3
11;2;FinishTrip;0;Chinese;5
12;2;StartTrip;English;2;4
13;2;StartTrip;Chinese;5;3
14;2;StartTrip;American;3;6
15;3;FinishTrip;0;Russian;5
16;3;FinishTrip;0;German;6
17;3;FinishTrip;0;English;4
18;3;StartTrip;Russian;5;1
19;3;StartTrip;English;4;2
20;3;StartTrip;German;6;4
21;4;FinishTrip;English;2
22;4;FinishTrip;German;4
23;4;StartTrip;English;2;1
24;4;StartTrip;German;4;6
25;5;FinishTrip;0;French;6
26;5;StartTrip;French;6;5
27;6;FinishTrip;Chinese;3
28;6;FinishTrip;American;6
29;6;StartTrip;Chinese;3;1
30;6;StartTrip;American;6;5
31;7;FinishTrip;Russian;1
32;7;FinishTrip;0;German;6
33;7;StartTrip;Russian;1;6
34;7;StartTrip;German;6;4
35;8;FinishTrip;French;5
36;8;FinishTrip;German;4
37;8;FinishTrip;0;Russian;6
38;8;StartTrip;French;5;6
39;8;StartTrip;Russian;6;1
40;8;StartTrip;German;4;6
41;9;FinishTrip;0;American;5
42;9;FinishTrip;0;English;1
43;9;StartTrip;American;5;6
44;9;StartTrip;English;1;2
45;11;FinishTrip;0;German;6
46;11;StartTrip;German;6;4
47;12;FinishTrip;Russian;1
48;12;FinishTrip;German;4
49;12;StartTrip;Russian;1;3
50;12;StartTrip;German;4;1
51;13;FinishTrip;0;French;6
52;13;StartTrip;French;6;5
53;14;FinishTrip;American;6
54;14;FinishTrip;0;German;1
55;14;StartTrip;American;6;5
56;14;StartTrip;German;1;4
57;15;FinishTrip;English;2
58;15;StartTrip;English;2;4
59;16;FinishTrip;German;4
60;16;FinishTrip;French;5
61;16;FinishTrip;1;English;4
62;16;StartTrip;German;4;6
63;16;StartTrip;English;4;2
64;16;StartTrip;French;5;1
65;17;FinishTrip;English;2
66;17;FinishTrip;0;American;5
67;17;StartTrip;English;2;5
68;17;StartTrip;American;5;6
69;19;FinishTrip;0;German;6
70;19;FinishTrip;0;English;5
71;19;StartTrip;German;6;4
72;19;StartTrip;English;5;2
73;20;FinishTrip;English;2
74;20;FinishTrip;German;4
75;20;FinishTrip;0;Russian;3
76;20;FinishTrip;0;French;1
77;20;StartTrip;English;2;5
78;20;StartTrip;French;1;5
79;20;StartTrip;German;4;6
80;20;StartTrip;Russian;3;1
81;22;FinishTrip;American;6
82;22;FinishTrip;0;English;5
83;22;StartTrip;American;6;2
84;22;StartTrip;English;5;2
85;23;FinishTrip;French;5
86;23;FinishTrip;English;2
87;23;FinishTrip;0;German;6
88;23;StartTrip;French;5;4
89;23;StartTrip;German;6;4
90;23;StartTrip;English;2;1
91;24;FinishTrip;German;4
92;24;StartTrip;German;4;1
93;26;FinishTrip;0;German;1
94;26;StartTrip;German;1;4
95;27;FinishTrip;0;American;2
96;27;FinishTrip;0;French;4
97;27;StartTrip;American;2;6
98;27;StartTrip;French;4;5
99;28;FinishTrip;German;4
100;28;FinishTrip;0;English;1
101;28;StartTrip;German;4;6
102;28;StartTrip;English;1;2
103;31;FinishTrip;0;German;6
104;31;StartTrip;German;6;4
105;32;FinishTrip;German;4
106;32;StartTrip;German;4;1
107;33;FinishTrip;French;5
108;33;StartTrip;French;5;4
109;34;FinishTrip;English;2
110;34;FinishTrip;0;German;1
111;34;StartTrip;English;2;1
112;34;StartTrip;German;1;4
113;36;FinishTrip;German;4
114;36;StartTrip;German;4;1
115;37;FinishTrip;American;6
116;37;FinishTrip;0;French;4
117;37;StartTrip;American;6;5
118;37;StartTrip;French;4;5
119;38;FinishTrip;0;German;1
120;38;StartTrip;German;1;4
121;39;FinishTrip;0;English;1
122;39;StartTrip;English;1;2
123;40;FinishTrip;German;4
124;40;FinishTrip;0;American;5
125;40;StartTrip;German;4;1
126;40;StartTrip;American;5;6
127;42;FinishTrip;0;German;1
128;42;StartTrip;German;1;4
129;43;FinishTrip;French;5
130;43;StartTrip;French;5;6
131;44;FinishTrip;German;4
132;44;StartTrip;German;4;1
133;45;FinishTrip;American;6
134;45;FinishTrip;English;2
135;45;StartTrip;American;6;3
136;45;StartTrip;English;2;1
137;46;FinishTrip;0;German;1
138;46;StartTrip;German;1;4
139;47;FinishTrip;0;American;3
140;47;StartTrip;American;3;6
141;48;FinishTrip;German;4
142;48;FinishTrip;0;French;6
143;48;StartTrip;German;4;1
144;48;StartTrip;French;6;5
145;50;FinishTrip;0;English;1
146;50;FinishTrip;0;German;1
147;50;StartTrip;English;1;2
148;50;StartTrip;German;1;4
149;51;FinishTrip;French;5
150;51;FinishTrip;American;6
151;51;StartTrip;French;5;6
152;51;StartTrip;American;6;4
153;52;FinishTrip;German;4
154;52;FinishTrip;1;American;4
155;52;StartTrip;German;4;6
156;52;StartTrip;American;4;6
157;55;FinishTrip;American;6
158;55;FinishTrip;1;German;6
159;55;StartTrip;American;6;5
160;55;StartTrip;German;6;4
161;56;FinishTrip;English;2
162;56;FinishTrip;German;4
163;56;FinishTrip;0;French;6
164;56;StartTrip;English;2;1
165;56;StartTrip;French;6;5
166;56;StartTrip;German;4;6
167;58;FinishTrip;0;American;5
168;58;FinishTrip;0;Chinese;1
169;58;StartTrip;American;5;6
170;58;StartTrip;Chinese;1;3
171;59;FinishTrip;French;5
172;59;FinishTrip;0;German;6
173;59;StartTrip;French;5;6
174;59;StartTrip;German;6;4
175;60;FinishTrip;German;4
176;60;StartTrip;German;4;6
177;61;FinishTrip;0;English;1
178;61;StartTrip;English;1;2
179;63;FinishTrip;1;American;6
180;63;FinishTrip;German;6
181;63;changeHouse;2;German;American;6;4
182;63;StartTrip;American;6;4
183;63;StartTrip;German;6;1
184;64;FinishTrip;American;4
185;64;FinishTrip;0;French;6
186;64;StartTrip;American;4;6
187;64;StartTrip;French;6;5
188;66;FinishTrip;Chinese;3
189;66;StartTrip;Chinese;3;1
190;67;FinishTrip;French;5
191;67;FinishTrip;English;2
192;67;FinishTrip;0;German;1
193;67;FinishTrip;0;American;6
194;67;StartTrip;French;5;4
195;67;StartTrip;American;6;4
196;67;StartTrip;English;2;5
197;67;StartTrip;German;1;6
198;68;FinishTrip;American;4
199;68;FinishTrip;German;6
200;68;StartTrip;American;4;6
201;68;StartTrip;German;6;1
202;69;FinishTrip;0;English;5
203;69;StartTrip;English;5;2
204;70;FinishTrip;English;2
205;70;StartTrip;English;2;4
206;71;FinishTrip;0;French;4
207;71;FinishTrip;0;English;4
208;71;FinishTrip;0;American;6
209;71;StartTrip;French;4;5
210;71;StartTrip;American;6;4
211;71;StartTrip;English;4;2
212;72;FinishTrip;English;2
213;72;FinishTrip;Russian;1
214;72;FinishTrip;American;4
215;72;FinishTrip;1;German;1
216;72;StartTrip;English;2;3
217;72;StartTrip;German;1;6
218;72;StartTrip;Russian;1;4
219;72;StartTrip;American;4;5
220;73;FinishTrip;German;6
221;73;StartTrip;German;6;1
222;74;FinishTrip;0;Russian;4
223;74;StartTrip;Russian;4;1
224;76;FinishTrip;Russian;1
225;76;FinishTrip;0;English;3
226;76;StartTrip;Russian;1;2
227;76;StartTrip;English;3;2
228;77;FinishTrip;French;5
229;77;FinishTrip;0;German;1
230;77;StartTrip;French;5;2
231;77;StartTrip;German;1;6
232;78;FinishTrip;German;6
233;78;FinishTrip;0;American;5
234;78;FinishTrip;0;French;2
235;78;StartTrip;German;6;1
236;78;StartTrip;French;2;5
237;78;StartTrip;American;5;4
238;79;FinishTrip;English;2
239;79;StartTrip;English;2;4
240;80;FinishTrip;French;5
241;80;FinishTrip;0;English;4
242;80;StartTrip;French;5;2
243;80;StartTrip;English;4;2
244;81;FinishTrip;English;2
245;81;FinishTrip;1;French;2
246;81;StartTrip;English;2;4
247;81;StartTrip;French;2;5
248;82;FinishTrip;1;American;4
249;82;FinishTrip;0;Russian;2
250;82;FinishTrip;0;German;1
251;82;FinishTrip;English;4
252;82;ChangePet;2;English;American;Bear;Cat
253;82;changeHouse;2;English;American;4;2
254;82;StartTrip;American;4;2
255;82;StartTrip;English;4;1
256;82;StartTrip;Russian;2;1
257;82;StartTrip;German;1;6
258;83;FinishTrip;French;5
259;83;FinishTrip;American;2
260;83;FinishTrip;German;6
261;83;StartTrip;French;5;6
262;83;StartTrip;German;6;1
263;83;StartTrip;American;2;3
264;84;FinishTrip;0;English;1
265;84;StartTrip;English;1;4
266;86;FinishTrip;English;4
267;86;StartTrip;English;4;3
268;87;FinishTrip;Russian;1
269;87;FinishTrip;0;American;3
270;87;FinishTrip;1;German;1
271;87;StartTrip;Russian;1;6
272;87;StartTrip;German;1;6
273;87;StartTrip;American;3;2
274;88;FinishTrip;German;6
275;88;FinishTrip;1;French;6
276;88;FinishTrip;1;Russian;6
277;88;ChangePet;2;German;French;Humpster;Fish
278;88;StartTrip;German;6;1
279;88;StartTrip;Russian;6;1
280;88;StartTrip;French;6;5
281;89;FinishTrip;0;English;3
282;89;StartTrip;English;3;4
283;90;FinishTrip;American;2
284;90;StartTrip;American;2;5
285;91;FinishTrip;French;5
286;91;StartTrip;French;5;1
287;92;FinishTrip;1;Russian;1
288;92;FinishTrip;0;American;5
289;92;FinishTrip;German;1
290;92;changeHouse;2;Russian;German;6;1
291;92;StartTrip;Russian;1;6
292;92;StartTrip;German;1;6
293;92;StartTrip;American;5;2
294;93;FinishTrip;Russian;6
295;93;FinishTrip;American;2
296;93;FinishTrip;1;German;6
297;93;StartTrip;Russian;6;1
298;93;StartTrip;German;6;1
299;93;StartTrip;American;2;5
300;94;FinishTrip;English;4
301;94;StartTrip;English;4;1
302;95;FinishTrip;0;American;5
303;95;FinishTrip;0;French;1
304;95;StartTrip;American;5;2
305;95;StartTrip;French;1;5
306;96;FinishTrip;American;2
307;96;FinishTrip;0;English;1
308;96;StartTrip;American;2;1
309;96;StartTrip;English;1;4
310;97;FinishTrip;1;German;1
311;97;FinishTrip;Russian;1
312;97;changeHouse;2;Russian;German;1;6
313;97;StartTrip;German;1;6
314;97;StartTrip;Russian;1;3
315;98;FinishTrip;French;5
316;98;FinishTrip;English;4
317;98;FinishTrip;German;6
318;98;StartTrip;French;5;6
319;98;StartTrip;German;6;1
320;98;StartTrip;English;4;1
321;100;FinishTrip;0;English;1
322;100;StartTrip;English;1;4
323;101;FinishTrip;0;American;1
324;101;StartTrip;American;1;2
325;102;FinishTrip;English;4
326;102;FinishTrip;0;German;1
327;102;StartTrip;English;4;2
328;102;StartTrip;German;1;6
329;103;FinishTrip;German;6
330;103;FinishTrip;1;French;6
331;103;FinishTrip;0;English;2
332;103;StartTrip;German;6;1
333;103;StartTrip;English;2;4
334;103;StartTrip;French;6;5
335;104;FinishTrip;English;4
336;104;StartTrip;English;4;1
337;105;FinishTrip;0;Russian;3
338;105;StartTrip;Russian;3;1
339;106;FinishTrip;French;5
340;106;FinishTrip;0;English;1
341;106;StartTrip;French;5;6
342;106;StartTrip;English;1;4
343;107;FinishTrip;American;2
344;107;FinishTrip;0;German;1
345;107;StartTrip;American;2;4
346;107;StartTrip;German;1;6
347;108;FinishTrip;English;4
348;108;FinishTrip;German;6
349;108;FinishTrip;1;American;4
350;108;ChangePet;2;English;American;Cat;Bear
351;108;StartTrip;English;4;1
352;108;StartTrip;American;4;2
353;108;StartTrip;German;6;1
354;109;FinishTrip;American;2
355;109;StartTrip;American;2;6
356;110;FinishTrip;0;English;1
357;110;StartTrip;English;1;4
358;111;FinishTrip;0;French;6
359;111;StartTrip;French;6;5
360;112;FinishTrip;English;4
361;112;FinishTrip;0;German;1
362;112;StartTrip;English;4;5
363;112;StartTrip;German;1;6
364;113;FinishTrip;German;6
365;113;StartTrip;German;6;1
366;114;FinishTrip;French;5
367;114;StartTrip;French;5;4
368;117;FinishTrip;0;German;1
369;117;StartTrip;German;1;6
370;118;FinishTrip;German;6
371;118;FinishTrip;0;French;4
372;118;FinishTrip;0;Chinese;1
373;118;FinishTrip;0;English;5
374;118;StartTrip;German;6;1
375;118;StartTrip;English;5;4
376;118;StartTrip;French;4;5
377;118;StartTrip;Chinese;1;3
378;119;FinishTrip;0;American;6
379;119;StartTrip;American;6;2
380;122;FinishTrip;English;4
381;122;FinishTrip;0;German;1
382;122;StartTrip;English;4;2
383;122;StartTrip;German;1;6
384;123;FinishTrip;German;6
385;123;FinishTrip;0;English;2
386;123;StartTrip;German;6;1
387;123;StartTrip;English;2;4
388;124;FinishTrip;American;2
389;124;FinishTrip;English;4
390;124;FinishTrip;French;5
391;124;StartTrip;American;2;6
392;124;StartTrip;French;5;1
393;124;StartTrip;English;4;2
394;125;FinishTrip;0;English;2
395;125;StartTrip;English;2;4
396;126;FinishTrip;Chinese;3
397;126;FinishTrip;English;4
398;126;StartTrip;Chinese;3;4
399;126;StartTrip;English;4;1
400;127;FinishTrip;0;German;1
401;127;StartTrip;German;1;6
402;128;FinishTrip;German;6
403;128;FinishTrip;0;English;1
404;128;FinishTrip;0;French;1
405;128;StartTrip;German;6;1
406;128;StartTrip;French;1;5
407;128;StartTrip;English;1;4
408;130;FinishTrip;English;4
409;130;StartTrip;English;4;1
410;131;FinishTrip;French;5
411;131;FinishTrip;0;Chinese;4
412;131;StartTrip;French;5;6
413;131;StartTrip;Chinese;4;3
414;132;FinishTrip;0;English;1
415;132;FinishTrip;0;German;1
416;132;StartTrip;English;1;4
417;132;StartTrip;German;1;6
418;133;FinishTrip;German;6
419;133;StartTrip;German;6;1
420;134;FinishTrip;Chinese;3
421;134;FinishTrip;English;4
422;134;FinishTrip;0;American;6
423;134;StartTrip;Chinese;3;4
424;134;StartTrip;American;6;2
425;134;StartTrip;English;4;5
426;136;FinishTrip;0;French;6
427;136;StartTrip;French;6;5
428;137;FinishTrip;0;German;1
429;137;StartTrip;German;1;6
430;138;FinishTrip;German;6
431;138;StartTrip;German;6;1
432;139;FinishTrip;French;5
433;139;FinishTrip;American;2
434;139;FinishTrip;0;Chinese;4
435;139;StartTrip;French;5;6
436;139;StartTrip;Chinese;4;3
437;139;StartTrip;American;2;3
438;140;FinishTrip;0;English;5
439;140;StartTrip;English;5;4
440;142;FinishTrip;Chinese;3
441;142;FinishTrip;0;German;1
442;142;StartTrip;Chinese;3;4
443;142;StartTrip;German;1;6
444;143;FinishTrip;German;6
445;143;FinishTrip;0;American;3
446;143;StartTrip;German;6;1
447;143;StartTrip;American;3;2
448;144;FinishTrip;English;4
449;144;FinishTrip;0;French;6
450;144;StartTrip;English;4;1
451;144;StartTrip;French;6;5
452;146;FinishTrip;American;2
453;146;FinishTrip;0;English;1
454;146;StartTrip;American;2;6
455;146;StartTrip;English;1;4
456;147;FinishTrip;French;5
457;147;FinishTrip;0;German;1
458;147;FinishTrip;0;Chinese;4
459;147;StartTrip;French;5;6
460;147;StartTrip;Chinese;4;3
461;147;StartTrip;German;1;6
462;148;FinishTrip;English;4
463;148;FinishTrip;German;6
464;148;StartTrip;English;4;5
465;148;StartTrip;German;6;1
466;150;FinishTrip;Chinese;3
467;150;StartTrip;Chinese;3;1
468;152;FinishTrip;0;German;1
469;152;FinishTrip;0;French;6
470;152;StartTrip;German;1;6
471;152;StartTrip;French;6;5
472;153;FinishTrip;German;6
473;153;StartTrip;German;6;1
474;154;FinishTrip;0;English;5
475;154;StartTrip;English;5;4
476;155;FinishTrip;French;5
477;155;StartTrip;French;5;6
478;156;FinishTrip;0;American;6
479;156;StartTrip;American;6;2
480;157;FinishTrip;Russian;1
481;157;FinishTrip;1;German;1
482;157;ChangePet;2;Russian;German;Humpster;Dog
483;157;StartTrip;Russian;1;4
484;157;StartTrip;German;1;6
485;158;FinishTrip;English;4
486;158;FinishTrip;German;6
487;158;StartTrip;English;4;3
488;158;StartTrip;German;6;1
489;159;FinishTrip;0;Russian;4
490;159;StartTrip;Russian;4;1
491;160;FinishTrip;0;French;6
492;160;StartTrip;French;6;5
493;161;FinishTrip;Russian;1
494;161;FinishTrip;American;2
495;161;FinishTrip;0;English;3
496;161;StartTrip;Russian;1;2
497;161;StartTrip;English;3;4
498;161;StartTrip;American;2;5
499;162;FinishTrip;0;German;1
500;162;StartTrip;German;1;6
501;163;FinishTrip;German;6
502;163;FinishTrip;1;French;5
503;163;FinishTrip;American;5
504;163;changeHouse;2;French;American;2;5
505;163;StartTrip;German;6;1
506;163;StartTrip;American;5;2
507;163;StartTrip;French;5;2
508;164;FinishTrip;French;2
509;164;FinishTrip;1;American;2
510;164;StartTrip;French;2;1
511;164;StartTrip;American;2;5
512;166;FinishTrip;English;4
513;166;FinishTrip;American;5
514;166;StartTrip;English;4;1
515;166;StartTrip;American;5;4
516;167;FinishTrip;0;Russian;2
517;167;FinishTrip;0;German;1
518;167;StartTrip;Russian;2;1
519;167;StartTrip;German;1;6
520;168;FinishTrip;German;6
521;168;FinishTrip;0;English;1
522;168;StartTrip;German;6;1
523;168;StartTrip;English;1;4
524;169;FinishTrip;0;French;1
525;169;StartTrip;French;1;2
526;170;FinishTrip;English;4
527;170;FinishTrip;1;American;4
528;170;StartTrip;English;4;1
529;170;StartTrip;American;4;5
530;172;FinishTrip;1;Russian;1
531;172;FinishTrip;1;German;1
532;172;FinishTrip;English;1
533;172;changeHouse;2;Russian;English;4;1
534;172;StartTrip;Russian;1;4
535;172;StartTrip;English;1;5
536;172;StartTrip;German;1;6
537;173;FinishTrip;German;6
538;173;StartTrip;German;6;1
539;174;FinishTrip;Russian;4
540;174;StartTrip;Russian;4;1
541;175;FinishTrip;French;2
542;175;FinishTrip;0;English;5
543;175;StartTrip;French;2;5
544;175;StartTrip;English;5;1
545;176;FinishTrip;American;5
546;176;FinishTrip;0;Russian;1
547;176;StartTrip;American;5;1
548;176;StartTrip;Russian;1;4
549;177;FinishTrip;0;French;5
550;177;FinishTrip;0;German;1
551;177;StartTrip;French;5;2
552;177;StartTrip;German;1;6
553;178;FinishTrip;Russian;4
554;178;FinishTrip;German;6
555;178;FinishTrip;French;2
556;178;StartTrip;Russian;4;1
557;178;StartTrip;French;2;6
558;178;StartTrip;German;6;1
559;179;FinishTrip;English;1
560;179;StartTrip;English;1;5
561;180;FinishTrip;0;American;1
562;180;FinishTrip;0;Russian;1
563;180;StartTrip;American;1;5
564;180;StartTrip;Russian;1;4
565;182;FinishTrip;Russian;4
566;182;FinishTrip;0;German;1
567;182;FinishTrip;0;English;5
568;182;StartTrip;Russian;4;1
569;182;StartTrip;English;5;1
570;182;StartTrip;German;1;6
571;183;FinishTrip;American;5
572;183;FinishTrip;German;6
573;183;StartTrip;American;5;6
574;183;StartTrip;German;6;1
575;184;FinishTrip;0;Russian;1
576;184;StartTrip;Russian;1;4
577;186;FinishTrip;English;1
578;186;FinishTrip;Russian;4
579;186;StartTrip;English;1;3
580;186;StartTrip;Russian;4;1
581;187;FinishTrip;0;German;1
582;187;StartTrip;German;1;6
583;188;FinishTrip;German;6
584;188;FinishTrip;1;French;6
585;188;FinishTrip;0;Russian;1
586;188;FinishTrip;1;American;6
587;188;ChangePet;2;French;American;Bear;Fish
588;188;changeHouse;2;French;American;5;2
589;188;StartTrip;German;6;1
590;188;StartTrip;American;6;2
591;188;StartTrip;French;6;5
592;188;StartTrip;Russian;1;4
593;190;FinishTrip;Russian;4
594;190;StartTrip;Russian;4;1
595;191;FinishTrip;French;5
596;191;StartTrip;French;5;6
597;192;FinishTrip;0;Russian;1
598;192;FinishTrip;0;German;1
599;192;StartTrip;Russian;1;4
600;192;StartTrip;German;1;6
601;193;FinishTrip;American;2
602;193;FinishTrip;German;6
603;193;StartTrip;American;2;6
604;193;StartTrip;German;6;1
605;194;FinishTrip;Russian;4
606;194;FinishTrip;0;English;3
607;194;StartTrip;Russian;4;1
608;194;StartTrip;English;3;1
609;196;FinishTrip;0;French;6
610;196;FinishTrip;0;Russian;1
611;196;StartTrip;French;6;5
612;196;StartTrip;Russian;1;4
613;197;FinishTrip;0;German;1
614;197;StartTrip;German;1;6
615;198;FinishTrip;Russian;4
616;198;FinishTrip;German;6
617;198;StartTrip;Russian;4;1
618;198;StartTrip;German;6;1
619;199;FinishTrip;French;5
620;199;StartTrip;French;5;4
621;200;FinishTrip;0;Russian;1
622;200;StartTrip;Russian;1;4
623;202;FinishTrip;Russian;4
624;202;FinishTrip;0;German;1
625;202;FinishTrip;0;Chinese;1
626;202;StartTrip;Russian;4;1
627;202;StartTrip;Chinese;1;3
628;202;StartTrip;German;1;6
629;203;FinishTrip;German;6
630;203;FinishTrip;1;American;6
631;203;FinishTrip;0;French;4
632;203;StartTrip;German;6;1
633;203;StartTrip;French;4;5
634;203;StartTrip;American;6;2
635;204;FinishTrip;0;Russian;1
636;204;StartTrip;Russian;1;4
637;206;FinishTrip;Russian;4
638;206;StartTrip;Russian;4;1
639;207;FinishTrip;0;German;1
640;207;StartTrip;German;1;6
641;208;FinishTrip;American;2
642;208;FinishTrip;German;6
643;208;FinishTrip;0;Russian;1
644;208;StartTrip;American;2;6
645;208;StartTrip;Russian;1;4
646;208;StartTrip;German;6;1
647;209;FinishTrip;French;5
648;209;StartTrip;French;5;1
649;210;FinishTrip;Chinese;3
650;210;FinishTrip;Russian;4
651;210;StartTrip;Chinese;3;5
652;210;StartTrip;Russian;4;1
653;212;FinishTrip;0;German;1
654;212;FinishTrip;0;Russian;1
655;212;FinishTrip;0;Chinese;5
656;212;StartTrip;German;1;6
657;212;StartTrip;Chinese;5;3
658;212;StartTrip;Russian;1;4
659;213;FinishTrip;German;6
660;213;FinishTrip;0;French;1
661;213;StartTrip;German;6;1
662;213;StartTrip;French;1;5
663;214;FinishTrip;Russian;4
664;214;StartTrip;Russian;4;1
665;216;FinishTrip;French;5
666;216;FinishTrip;Chinese;3
667;216;FinishTrip;0;Russian;1
668;216;StartTrip;French;5;6
669;216;StartTrip;Russian;1;4
670;216;StartTrip;Chinese;3;4
671;217;FinishTrip;0;German;1
672;217;StartTrip;German;1;6
673;218;FinishTrip;German;6
674;218;FinishTrip;Russian;4
675;218;FinishTrip;1;American;6
676;218;StartTrip;German;6;1
677;218;StartTrip;American;6;2
678;218;StartTrip;Russian;4;1
679;220;FinishTrip;0;Russian;1
680;220;StartTrip;Russian;1;4
681;221;FinishTrip;0;French;6
682;221;FinishTrip;0;Chinese;4
683;221;StartTrip;French;6;5
684;221;StartTrip;Chinese;4;3
685;222;FinishTrip;Russian;4
686;222;FinishTrip;0;German;1
687;222;StartTrip;Russian;4;1
688;222;StartTrip;German;1;6
689;223;FinishTrip;American;2
690;223;FinishTrip;German;6
691;223;StartTrip;American;2;5
692;223;StartTrip;German;6;1
693;224;FinishTrip;French;5
694;224;FinishTrip;Chinese;3
695;224;FinishTrip;0;Russian;1
696;224;StartTrip;French;5;6
697;224;StartTrip;Russian;1;4
698;224;StartTrip;Chinese;3;5
699;225;FinishTrip;0;American;5
700;225;StartTrip;American;5;2
701;226;FinishTrip;American;2
702;226;FinishTrip;Russian;4
703;226;FinishTrip;0;Chinese;5
704;226;StartTrip;American;2;6
705;226;StartTrip;Chinese;5;3
706;226;StartTrip;Russian;4;1
707;227;FinishTrip;0;German;1
708;227;StartTrip;German;1;6
709;228;FinishTrip;German;6
710;228;FinishTrip;0;Russian;1
711;228;StartTrip;German;6;1
712;228;StartTrip;Russian;1;4
713;229;FinishTrip;0;French;6
714;229;StartTrip;French;6;5
715;230;FinishTrip;Russian;4
716;230;FinishTrip;Chinese;3
717;230;StartTrip;Russian;4;1
718;230;StartTrip;Chinese;3;4
719;232;FinishTrip;French;5
720;232;FinishTrip;0;German;1
721;232;FinishTrip;0;Russian;1
722;232;StartTrip;French;5;6
723;232;StartTrip;Russian;1;4
724;232;StartTrip;German;1;6
725;233;FinishTrip;German;6
726;233;StartTrip;German;6;1
727;234;FinishTrip;Russian;4
728;234;StartTrip;Russian;4;1
729;235;FinishTrip;0;Chinese;4
730;235;StartTrip;Chinese;4;3
731;236;FinishTrip;0;Russian;1
732;236;FinishTrip;0;American;6
733;236;StartTrip;Russian;1;4
734;236;StartTrip;American;6;2
735;237;FinishTrip;0;German;1
736;237;FinishTrip;0;French;6
737;237;StartTrip;German;1;6
738;237;StartTrip;French;6;5
739;238;FinishTrip;Russian;4
740;238;FinishTrip;Chinese;3
741;238;FinishTrip;German;6
742;238;StartTrip;Russian;4;1
743;238;StartTrip;German;6;1
744;238;StartTrip;Chinese;3;2
745;240;FinishTrip;French;5
746;240;FinishTrip;0;Russian;1
747;240;StartTrip;French;5;6
748;240;StartTrip;Russian;1;4
749;241;FinishTrip;1;American;2
750;241;FinishTrip;Chinese;2
751;241;ChangePet;2;Chinese;American;Fish;Zebra
752;241;changeHouse;2;Chinese;American;2;3
753;241;StartTrip;American;2;3
754;241;StartTrip;Chinese;2;1
755;242;FinishTrip;Russian;4
756;242;FinishTrip;0;German;1
757;242;StartTrip;Russian;4;1
758;242;StartTrip;German;1;6
759;243;FinishTrip;German;6
760;243;StartTrip;German;6;1
761;244;FinishTrip;0;Russian;1
762;244;StartTrip;Russian;1;4
763;245;FinishTrip;American;3
764;245;FinishTrip;0;French;6
765;245;StartTrip;American;3;4
766;245;StartTrip;French;6;5
767;246;FinishTrip;Russian;4
768;246;FinishTrip;1;English;1
769;246;FinishTrip;Chinese;1
770;246;changeHouse;2;English;Chinese;2;1
771;246;StartTrip;Russian;4;1
772;246;StartTrip;Chinese;1;2
773;246;StartTrip;English;1;2
774;247;FinishTrip;0;German;1
775;247;StartTrip;German;1;6
776;248;FinishTrip;French;5
777;248;FinishTrip;German;6
778;248;FinishTrip;0;Russian;1
779;248;StartTrip;French;5;6
780;248;StartTrip;Russian;1;4
781;248;StartTrip;German;6;1
782;250;FinishTrip;Russian;4
783;250;FinishTrip;1;American;4
784;250;ChangePet;2;Russian;American;Zebra;Humpster
785;250;StartTrip;Russian;4;1
786;250;StartTrip;American;4;3
787;252;FinishTrip;1;English;2
788;252;FinishTrip;0;German;1
789;252;FinishTrip;Chinese;2
790;252;FinishTrip;0;Russian;1
791;252;changeHouse;2;English;Chinese;1;2
792;252;StartTrip;English;2;1
793;252;StartTrip;Russian;1;4
794;252;StartTrip;German;1;6
795;252;StartTrip;Chinese;2;4
796;253;FinishTrip;American;3
797;253;FinishTrip;German;6
798;253;FinishTrip;0;Chinese;4
799;253;FinishTrip;1;French;6
800;253;StartTrip;American;3;1
801;253;StartTrip;French;6;5
802;253;StartTrip;German;6;1
803;253;StartTrip;Chinese;4;2
804;254;FinishTrip;Russian;4
805;254;FinishTrip;Chinese;2
806;254;StartTrip;Russian;4;1
807;254;StartTrip;Chinese;2;4
808;255;FinishTrip;0;Chinese;4
809;255;StartTrip;Chinese;4;2
810;256;FinishTrip;French;5
811;256;FinishTrip;Chinese;2
812;256;FinishTrip;0;Russian;1
813;256;StartTrip;French;5;6
814;256;StartTrip;Russian;1;4
815;256;StartTrip;Chinese;2;4
816;257;FinishTrip;English;1
817;257;FinishTrip;1;German;1
818;257;FinishTrip;0;Chinese;4
819;257;ChangePet;2;English;German;Dog;Cat
820;257;StartTrip;English;1;5
821;257;StartTrip;Chinese;4;2
822;257;StartTrip;German;1;6
823;258;FinishTrip;Russian;4
824;258;FinishTrip;German;6
825;258;FinishTrip;Chinese;2
826;258;StartTrip;Russian;4;1
827;258;StartTrip;Chinese;2;1
828;258;StartTrip;German;6;1
829;260;FinishTrip;0;English;5
830;260;FinishTrip;0;Russian;1
831;260;StartTrip;English;5;1
832;260;StartTrip;Russian;1;4
833;261;FinishTrip;0;French;6
834;261;StartTrip;French;6;5
835;262;FinishTrip;Russian;4
836;262;FinishTrip;0;German;1
837;262;StartTrip;Russian;4;1
838;262;StartTrip;German;1;6
839;263;FinishTrip;German;6
840;263;FinishTrip;0;Chinese;1
841;263;StartTrip;German;6;1
842;263;StartTrip;Chinese;1;2
843;264;FinishTrip;1;English;1
844;264;FinishTrip;French;5
845;264;FinishTrip;Russian;1
846;264;changeHouse;2;Russian;English;1;4
847;264;StartTrip;English;1;4
848;264;StartTrip;Russian;1;2
849;264;StartTrip;French;5;6
850;266;FinishTrip;English;4
851;266;StartTrip;English;4;1
852;267;FinishTrip;0;German;1
853;267;StartTrip;German;1;6
854;268;FinishTrip;German;6
855;268;FinishTrip;0;English;1
856;268;StartTrip;German;6;1
857;268;StartTrip;English;1;4
858;269;FinishTrip;Chinese;2
859;269;FinishTrip;0;French;6
860;269;StartTrip;Chinese;2;4
861;269;StartTrip;French;6;5
862;270;FinishTrip;English;4
863;270;FinishTrip;0;Russian;2
864;270;FinishTrip;1;Chinese;4
865;270;StartTrip;English;4;1
866;270;StartTrip;Chinese;4;2
867;270;StartTrip;Russian;2;1
868;271;FinishTrip;Chinese;2
869;271;StartTrip;Chinese;2;4
870;272;FinishTrip;French;5
871;272;FinishTrip;0;Chinese;4
872;272;FinishTrip;0;German;1
873;272;FinishTrip;0;English;1
874;272;StartTrip;French;5;6
875;272;StartTrip;English;1;4
876;272;StartTrip;Chinese;4;2
877;272;StartTrip;German;1;6
878;273;FinishTrip;Chinese;2
879;273;FinishTrip;German;6
880;273;StartTrip;Chinese;2;4
881;273;StartTrip;German;6;1
882;274;FinishTrip;English;4
883;274;FinishTrip;1;Chinese;4
884;274;StartTrip;English;4;5
885;274;StartTrip;Chinese;4;2
886;275;FinishTrip;Russian;1
887;275;FinishTrip;Chinese;2
888;275;StartTrip;Russian;1;2
889;275;StartTrip;Chinese;2;5
890;277;FinishTrip;0;French;6
891;277;FinishTrip;0;Chinese;5
892;277;FinishTrip;0;German;1
893;277;StartTrip;French;6;5
894;277;StartTrip;German;1;6
895;277;StartTrip;Chinese;5;2
896;278;FinishTrip;German;6
897;278;FinishTrip;Chinese;2
898;278;StartTrip;German;6;1
899;278;StartTrip;Chinese;2;4
900;279;FinishTrip;0;Chinese;4
901;279;StartTrip;Chinese;4;2
902;280;FinishTrip;Chinese;2
903;280;FinishTrip;French;5
904;280;FinishTrip;1;English;5
905;280;StartTrip;Chinese;2;4
906;280;StartTrip;English;5;4
907;280;StartTrip;French;5;4
908;281;FinishTrip;0;Russian;2
909;281;FinishTrip;0;Chinese;4
910;281;StartTrip;Russian;2;1
911;281;StartTrip;Chinese;4;2
912;282;FinishTrip;Chinese;2
913;282;FinishTrip;0;German;1
914;282;StartTrip;Chinese;2;1
915;282;StartTrip;German;1;6
916;283;FinishTrip;German;6
917;283;StartTrip;German;6;1
918;284;FinishTrip;English;4
919;284;FinishTrip;1;French;4
920;284;StartTrip;English;4;2
921;284;StartTrip;French;4;5
922;285;FinishTrip;0;English;2
923;285;StartTrip;English;2;4
924;286;FinishTrip;Russian;1
925;286;FinishTrip;English;4
926;286;StartTrip;Russian;1;3
927;286;StartTrip;English;4;1
928;287;FinishTrip;0;German;1
929;287;FinishTrip;0;Chinese;1
930;287;StartTrip;German;1;6
931;287;StartTrip;Chinese;1;2
932;288;FinishTrip;German;6
933;288;FinishTrip;0;English;1
934;288;StartTrip;German;6;1
935;288;StartTrip;English;1;4
936;290;FinishTrip;French;5
937;290;FinishTrip;English;4
938;290;StartTrip;French;5;6
939;290;StartTrip;English;4;1
940;292;FinishTrip;0;German;1
941;292;FinishTrip;0;English;1
942;292;StartTrip;German;1;6
943;292;StartTrip;English;1;4
944;293;FinishTrip;Chinese;2
945;293;FinishTrip;German;6
946;293;StartTrip;Chinese;2;1
947;293;StartTrip;German;6;1
948;294;FinishTrip;English;4
949;294;FinishTrip;0;Russian;3
950;294;StartTrip;English;4;1
951;294;StartTrip;Russian;3;1
952;295;FinishTrip;0;French;6
953;295;StartTrip;French;6;5
954;296;FinishTrip;0;English;1
955;296;StartTrip;English;1;4
956;297;FinishTrip;0;German;1
957;297;StartTrip;German;1;6
958;298;FinishTrip;English;4
959;298;FinishTrip;German;6
960;298;FinishTrip;French;5
961;298;FinishTrip;0;Chinese;1
962;298;StartTrip;English;4;1
963;298;StartTrip;Chinese;1;2
964;298;StartTrip;German;6;1
965;298;StartTrip;French;5;6
966;300;FinishTrip;0;English;1
967;300;StartTrip;English;1;4
968;302;FinishTrip;English;4
969;302;FinishTrip;0;German;1
970;302;StartTrip;English;4;1
971;302;StartTrip;German;1;6
972;303;FinishTrip;German;6
973;303;FinishTrip;1;French;6
974;303;StartTrip;German;6;1
975;303;StartTrip;French;6;5
976;304;FinishTrip;Chinese;2
977;304;FinishTrip;0;English;1
978;304;StartTrip;Chinese;2;4
979;304;StartTrip;English;1;4
980;305;FinishTrip;0;American;1
981;305;FinishTrip;0;Chinese;4
982;305;StartTrip;American;1;3
983;305;StartTrip;Chinese;4;2
984;306;FinishTrip;English;4
985;306;FinishTrip;Chinese;2
986;306;FinishTrip;French;5
987;306;StartTrip;English;4;5
988;306;StartTrip;French;5;6
989;306;StartTrip;Chinese;2;5
990;307;FinishTrip;0;German;1
991;307;StartTrip;German;1;6
992;308;FinishTrip;German;6
993;308;FinishTrip;0;Chinese;5
994;308;StartTrip;German;6;1
995;308;StartTrip;Chinese;5;2
996;309;FinishTrip;Chinese;2
997;309;StartTrip;Chinese;2;1
998;311;FinishTrip;0;French;6
999;311;StartTrip;French;6;5
1000;312;FinishTrip;0;English;5
1001;312;FinishTrip;0;German;1
1002;312;StartTrip;English;5;4
1003;312;StartTrip;German;1;6
1004;313;FinishTrip;American;3
1005;313;FinishTrip;German;6
1006;313;StartTrip;American;3;5
1007;313;StartTrip;German;6;1
1008;314;FinishTrip;French;5
1009;314;FinishTrip;0;Chinese;1
1010;314;StartTrip;French;5;6
1011;314;StartTrip;Chinese;1;2
1012;315;FinishTrip;0;American;5
1013;315;StartTrip;American;5;3
1014;316;FinishTrip;English;4
1015;316;StartTrip;English;4;3
1016;317;FinishTrip;0;German;1
1017;317;StartTrip;German;1;6
1018;318;FinishTrip;German;6
1019;318;StartTrip;German;6;1
1020;319;FinishTrip;American;3
1021;319;FinishTrip;1;English;3
1022;319;FinishTrip;0;French;6
1023;319;StartTrip;American;3;5
1024;319;StartTrip;French;6;5
1025;319;StartTrip;English;3;4
1026;320;FinishTrip;Chinese;2
1027;320;StartTrip;Chinese;2;3
1028;321;FinishTrip;0;American;5
1029;321;StartTrip;American;5;3
1030;322;FinishTrip;French;5
1031;322;FinishTrip;0;German;1
1032;322;StartTrip;French;5;1
1033;322;StartTrip;German;1;6
1034;323;FinishTrip;German;6
1035;323;StartTrip;German;6;1
1036;324;FinishTrip;English;4
1037;324;FinishTrip;0;Chinese;3
1038;324;StartTrip;English;4;5
1039;324;StartTrip;Chinese;3;2
1040;325;FinishTrip;American;3
1041;325;StartTrip;American;3;1
1042;326;FinishTrip;0;French;1
1043;326;StartTrip;French;1;5
1044;327;FinishTrip;Chinese;2
1045;327;FinishTrip;0;German;1
1046;327;StartTrip;Chinese;2;4
1047;327;StartTrip;German;1;6
1048;328;FinishTrip;German;6
1049;328;FinishTrip;0;Chinese;4
1050;328;StartTrip;German;6;1
1051;328;StartTrip;Chinese;4;2
1052;329;FinishTrip;French;5
1053;329;FinishTrip;Chinese;2
1054;329;StartTrip;French;5;6
1055;329;StartTrip;Chinese;2;3
1056;330;FinishTrip;0;English;5
1057;330;StartTrip;English;5;4
1058;332;FinishTrip;0;German;1
1059;332;StartTrip;German;1;6
1060;333;FinishTrip;German;6
1061;333;FinishTrip;0;Chinese;3
1062;333;StartTrip;German;6;1
1063;333;StartTrip;Chinese;3;2
1064;334;FinishTrip;English;4
1065;334;FinishTrip;0;French;6
1066;334;StartTrip;English;4;2
1067;334;StartTrip;French;6;5
1068;335;FinishTrip;0;English;2
1069;335;StartTrip;English;2;4
1070;336;FinishTrip;Chinese;2
1071;336;FinishTrip;English;4
1072;336;StartTrip;Chinese;2;5
1073;336;StartTrip;English;4;1
1074;337;FinishTrip;French;5
1075;337;FinishTrip;0;German;1
1076;337;StartTrip;French;5;6
1077;337;StartTrip;German;1;6
1078;338;FinishTrip;German;6
1079;338;FinishTrip;0;English;1
1080;338;FinishTrip;0;Chinese;5
1081;338;StartTrip;German;6;1
1082;338;StartTrip;Chinese;5;2
1083;338;StartTrip;English;1;4
1084;339;FinishTrip;Chinese;2
1085;339;StartTrip;Chinese;2;1
1086;340;FinishTrip;English;4
1087;340;StartTrip;English;4;5
1088;342;FinishTrip;0;French;6
1089;342;FinishTrip;0;German;1
1090;342;StartTrip;French;6;5
1091;342;StartTrip;German;1;6
1092;343;FinishTrip;German;6
1093;343;StartTrip;German;6;1
1094;344;FinishTrip;0;Chinese;1
1095;344;StartTrip;Chinese;1;2
1096;345;FinishTrip;French;5
1097;345;StartTrip;French;5;6
1098;346;FinishTrip;Russian;1
1099;346;FinishTrip;0;English;5
1100;346;StartTrip;Russian;1;3
1101;346;StartTrip;English;5;4
1102;347;FinishTrip;0;German;1
1103;347;StartTrip;German;1;6
1104;348;FinishTrip;German;6
1105;348;StartTrip;German;6;1
1106;350;FinishTrip;English;4
1107;350;FinishTrip;Chinese;2
1108;350;FinishTrip;0;French;6
1109;350;StartTrip;English;4;3
1110;350;StartTrip;French;6;5
1111;350;StartTrip;Chinese;2;1
1112;352;FinishTrip;0;German;1
1113;352;StartTrip;German;1;6
1114;353;FinishTrip;German;6
1115;353;FinishTrip;French;5
1116;353;FinishTrip;0;English;3
1117;353;StartTrip;German;6;1
1118;353;StartTrip;English;3;4
1119;353;StartTrip;French;5;2
1120;354;FinishTrip;0;Russian;3
1121;354;FinishTrip;0;French;2
1122;354;StartTrip;Russian;3;1
1123;354;StartTrip;French;2;5
1124;355;FinishTrip;0;Chinese;1
1125;355;StartTrip;Chinese;1;2
1126;356;FinishTrip;French;5
1127;356;StartTrip;French;5;6
1128;357;FinishTrip;0;German;1
1129;357;StartTrip;German;1;6
1130;358;FinishTrip;English;4
1131;358;FinishTrip;German;6
1132;358;StartTrip;English;4;1
1133;358;StartTrip;German;6;1
1134;360;FinishTrip;0;English;1
1135;360;StartTrip;English;1;4
1136;361;FinishTrip;Chinese;2
1137;361;FinishTrip;0;French;6
1138;361;StartTrip;Chinese;2;1
1139;361;StartTrip;French;6;5
1140;362;FinishTrip;English;4
1141;362;FinishTrip;0;German;1
1142;362;StartTrip;English;4;1
1143;362;StartTrip;German;1;6
1144;363;FinishTrip;German;6
1145;363;StartTrip;German;6;1
1146;364;FinishTrip;French;5
1147;364;FinishTrip;0;English;1
1148;364;StartTrip;French;5;6
1149;364;StartTrip;English;1;4
1150;366;FinishTrip;English;4
1151;366;FinishTrip;0;Chinese;1
1152;366;StartTrip;English;4;3
1153;366;StartTrip;Chinese;1;2
1154;367;FinishTrip;0;German;1
1155;367;StartTrip;German;1;6
1156;368;FinishTrip;German;6
1157;368;StartTrip;German;6;1
1158;369;FinishTrip;0;French;6
1159;369;FinishTrip;0;English;3
1160;369;StartTrip;French;6;5
1161;369;StartTrip;English;3;4
1162;372;FinishTrip;Chinese;2
1163;372;FinishTrip;French;5
1164;372;FinishTrip;0;German;1
1165;372;StartTrip;Chinese;2;5
1166;372;StartTrip;German;1;6
1167;372;StartTrip;French;5;6
1168;373;FinishTrip;German;6
1169;373;StartTrip;German;6;1
1170;374;FinishTrip;English;4
1171;374;FinishTrip;0;Chinese;5
1172;374;StartTrip;English;4;5
1173;374;StartTrip;Chinese;5;2
1174;375;FinishTrip;Chinese;2
1175;375;StartTrip;Chinese;2;5
1176;377;FinishTrip;0;French;6
1177;377;FinishTrip;0;Chinese;5
1178;377;FinishTrip;0;German;1
1179;377;FinishTrip;0;American;1
1180;377;StartTrip;French;6;5
1181;377;StartTrip;American;1;3
1182;377;StartTrip;Chinese;5;2
1183;377;StartTrip;German;1;6
1184;378;FinishTrip;Chinese;2
1185;378;FinishTrip;German;6
1186;378;StartTrip;Chinese;2;3
1187;378;StartTrip;German;6;1
1188;380;FinishTrip;1;French;5
1189;380;FinishTrip;English;5
1190;380;changeHouse;2;English;French;5;4
1191;380;StartTrip;French;5;4
1192;380;StartTrip;English;5;4
1193;382;FinishTrip;0;German;1
1194;382;FinishTrip;0;Chinese;3
1195;382;StartTrip;German;1;6
1196;382;StartTrip;Chinese;3;2
1197;383;FinishTrip;German;6
1198;383;StartTrip;German;6;1
1199;384;FinishTrip;French;4
1200;384;FinishTrip;1;English;4
1201;384;StartTrip;French;4;6
1202;384;StartTrip;English;4;5
1203;385;FinishTrip;American;3
1204;385;FinishTrip;Chinese;2
1205;385;StartTrip;American;3;6
1206;385;StartTrip;Chinese;2;4
1207;386;FinishTrip;0;Chinese;4
1208;386;StartTrip;Chinese;4;2
1209;387;FinishTrip;Chinese;2
1210;387;FinishTrip;0;German;1
1211;387;FinishTrip;0;French;6
1212;387;StartTrip;Chinese;2;1
1213;387;StartTrip;French;6;4
1214;387;StartTrip;German;1;6
1215;388;FinishTrip;French;4
1216;388;FinishTrip;German;6
1217;388;StartTrip;French;4;5
1218;388;StartTrip;German;6;1
1219;389;FinishTrip;0;American;6
1220;389;StartTrip;American;6;3
1221;390;FinishTrip;English;5
1222;390;StartTrip;English;5;3
1223;391;FinishTrip;American;3
1224;391;StartTrip;American;3;6
1225;392;FinishTrip;0;German;1
1226;392;FinishTrip;0;Chinese;1
1227;392;StartTrip;German;1;6
1228;392;StartTrip;Chinese;1;2
1229;393;FinishTrip;German;6
1230;393;StartTrip;German;6;1
1231;394;FinishTrip;0;English;3
1232;394;FinishTrip;0;French;5
1233;394;StartTrip;English;3;5
1234;394;StartTrip;French;5;4
1235;395;FinishTrip;0;American;6
1236;395;StartTrip;American;6;3
1237;396;FinishTrip;English;5
1238;396;StartTrip;English;5;3
1239;397;FinishTrip;American;3
1240;397;FinishTrip;0;German;1
1241;397;StartTrip;American;3;6
1242;397;StartTrip;German;1;6
1243;398;FinishTrip;Chinese;2
1244;398;FinishTrip;German;6
1245;398;FinishTrip;French;4
1246;398;StartTrip;Chinese;2;3
1247;398;StartTrip;French;4;2
1248;398;StartTrip;German;6;1
1249;399;FinishTrip;0;French;2
1250;399;StartTrip;French;2;4
1251;400;FinishTrip;French;4
1252;400;FinishTrip;0;English;3
1253;400;StartTrip;French;4;2
1254;400;StartTrip;English;3;5
1255;401;FinishTrip;0;American;6
1256;401;FinishTrip;0;French;2
1257;401;StartTrip;American;6;3
1258;401;StartTrip;French;2;4
1259;402;FinishTrip;English;5
1260;402;FinishTrip;French;4
1261;402;FinishTrip;0;Chinese;3
1262;402;FinishTrip;0;German;1
1263;402;StartTrip;English;5;2
1264;402;StartTrip;German;1;6
1265;402;StartTrip;French;4;6
1266;402;StartTrip;Chinese;3;2
1267;403;FinishTrip;American;3
1268;403;FinishTrip;German;6
1269;403;FinishTrip;0;English;2
1270;403;StartTrip;American;3;4
1271;403;StartTrip;English;2;5
1272;403;StartTrip;German;6;1
1273;405;FinishTrip;Chinese;2
1274;405;FinishTrip;English;5
1275;405;FinishTrip;0;French;6
1276;405;StartTrip;Chinese;2;1
1277;405;StartTrip;French;6;4
1278;405;StartTrip;English;5;4
1279;406;FinishTrip;Russian;1
1280;406;FinishTrip;French;4
1281;406;StartTrip;Russian;1;4
1282;406;StartTrip;French;4;6
1283;407;FinishTrip;0;German;1
1284;407;StartTrip;German;1;6
1285;408;FinishTrip;German;6
1286;408;FinishTrip;0;American;4
1287;408;FinishTrip;0;Russian;4
1288;408;StartTrip;German;6;1
1289;408;StartTrip;Russian;4;1
1290;408;StartTrip;American;4;3
1291;409;FinishTrip;0;English;4
1292;409;FinishTrip;0;French;6
1293;409;StartTrip;English;4;5
1294;409;StartTrip;French;6;4
1295;410;FinishTrip;French;4
1296;410;FinishTrip;Russian;1
1297;410;FinishTrip;1;Chinese;1
1298;410;ChangePet;2;Russian;Chinese;Fish;Zebra
1299;410;StartTrip;French;4;5
1300;410;StartTrip;Chinese;1;2
1301;410;StartTrip;Russian;1;3
1302;411;FinishTrip;American;3
1303;411;StartTrip;American;3;2
1304;412;FinishTrip;0;German;1
1305;412;StartTrip;German;1;6
1306;413;FinishTrip;German;6
1307;413;StartTrip;German;6;1
1308;414;FinishTrip;0;American;2
1309;414;StartTrip;American;2;3
1310;415;FinishTrip;English;5
1311;415;StartTrip;English;5;2
1312;416;FinishTrip;Chinese;2
1313;416;FinishTrip;1;English;2
1314;416;FinishTrip;0;French;5
1315;416;StartTrip;Chinese;2;5
1316;416;StartTrip;French;5;4
1317;416;StartTrip;English;2;5
1318;417;FinishTrip;0;German;1
1319;417;StartTrip;German;1;6
1320;418;FinishTrip;1;English;5
1321;418;FinishTrip;German;6
1322;418;FinishTrip;1;American;3
1323;418;FinishTrip;Russian;3
1324;418;FinishTrip;Chinese;5
1325;418;ChangePet;2;Russian;American;Humpster;Fish
1326;418;changeHouse;2;Russian;American;3;1
1327;418;changeHouse;2;English;Chinese;2;5
1328;418;StartTrip;English;5;2
1329;418;StartTrip;German;6;1
1330;418;StartTrip;Chinese;5;1
1331;418;StartTrip;Russian;3;1
1332;418;StartTrip;American;3;1
1333;419;FinishTrip;English;2
1334;419;StartTrip;English;2;5
1335;420;FinishTrip;French;4
1336;420;StartTrip;French;4;6
1337;421;FinishTrip;0;English;5
1338;421;StartTrip;English;5;2
1339;422;FinishTrip;English;2
1340;422;FinishTrip;0;German;1
1341;422;FinishTrip;0;Chinese;1
1342;422;StartTrip;English;2;3
1343;422;StartTrip;Chinese;1;5
1344;422;StartTrip;German;1;6
1345;423;FinishTrip;1;German;6
1346;423;FinishTrip;French;6
1347;423;changeHouse;2;German;French;4;6
1348;423;StartTrip;German;6;4
1349;423;StartTrip;French;6;4
1350;424;FinishTrip;1;German;4
1351;424;FinishTrip;French;4
1352;424;changeHouse;2;German;French;6;4
1353;424;StartTrip;German;4;6
1354;424;StartTrip;French;4;6
1355;425;FinishTrip;Chinese;5
1356;425;StartTrip;Chinese;5;1
1357;426;FinishTrip;0;English;3
1358;426;StartTrip;English;3;2
1359;427;FinishTrip;German;6
1360;427;FinishTrip;1;French;6
1361;427;StartTrip;German;6;1
1362;427;StartTrip;French;6;4
1363;428;FinishTrip;French;4
1364;428;StartTrip;French;4;6
1365;429;FinishTrip;English;2
1366;429;FinishTrip;0;Chinese;1
1367;429;StartTrip;English;2;5
1368;429;StartTrip;Chinese;1;5
1369;431;FinishTrip;0;French;6
1370;431;FinishTrip;0;German;1
1371;431;FinishTrip;0;English;5
1372;431;StartTrip;French;6;4
1373;431;StartTrip;English;5;2
1374;431;StartTrip;German;1;6
1375;432;FinishTrip;Chinese;5
1376;432;FinishTrip;German;6
1377;432;FinishTrip;French;4
1378;432;FinishTrip;English;2
1379;432;StartTrip;Chinese;5;3
1380;432;StartTrip;English;2;3
1381;432;StartTrip;German;6;1
1382;432;StartTrip;French;4;2
1383;433;FinishTrip;0;French;2
1384;433;StartTrip;French;2;4
1385;434;FinishTrip;French;4
1386;434;StartTrip;French;4;6
1387;436;FinishTrip;0;Chinese;3
1388;436;FinishTrip;0;English;3
1389;436;FinishTrip;0;German;1
1390;436;StartTrip;Chinese;3;5
1391;436;StartTrip;German;1;6
1392;436;StartTrip;English;3;2
1393;437;FinishTrip;1;German;6
1394;437;FinishTrip;French;6
1395;437;changeHouse;2;German;French;4;6
1396;437;StartTrip;German;6;4
1397;437;StartTrip;French;6;4
1398;438;FinishTrip;Chinese;5
1399;438;FinishTrip;German;4
1400;438;FinishTrip;1;French;4
1401;438;StartTrip;Chinese;5;4
1402;438;StartTrip;French;4;6
1403;438;StartTrip;German;4;1
1404;439;FinishTrip;English;2
1405;439;StartTrip;English;2;1
1406;440;FinishTrip;0;German;1
1407;440;StartTrip;German;1;4
1408;441;FinishTrip;French;6
1409;441;StartTrip;French;6;5
1410;442;FinishTrip;German;4
1411;442;FinishTrip;1;Chinese;4
1412;442;StartTrip;German;4;1
1413;442;StartTrip;Chinese;4;5
1414;444;FinishTrip;0;English;1
1415;444;FinishTrip;0;French;5
1416;444;FinishTrip;0;German;1
1417;444;StartTrip;English;1;2
1418;444;StartTrip;German;1;4
1419;444;StartTrip;French;5;6
1420;446;FinishTrip;German;4
1421;446;StartTrip;German;4;6
1422;448;FinishTrip;Chinese;5
1423;448;StartTrip;Chinese;5;4
1424;449;FinishTrip;French;6
1425;449;FinishTrip;1;German;6
1426;449;StartTrip;French;6;5
1427;449;StartTrip;German;6;4
1428;450;FinishTrip;English;2
1429;450;FinishTrip;German;4
1430;450;StartTrip;English;2;5
1431;450;StartTrip;German;4;1
1432;452;FinishTrip;0;Chinese;4
1433;452;FinishTrip;0;German;1
1434;452;FinishTrip;0;French;5
1435;452;FinishTrip;0;English;5
1436;452;StartTrip;Chinese;4;5
1437;452;StartTrip;English;5;2
1438;452;StartTrip;German;1;4
1439;452;StartTrip;French;5;6
1440;453;FinishTrip;English;2
1441;453;StartTrip;English;2;4
1442;454;FinishTrip;German;4
1443;454;FinishTrip;1;English;4
1444;454;StartTrip;German;4;1
1445;454;StartTrip;English;4;2
1446;455;FinishTrip;English;2
1447;455;StartTrip;English;2;4
1448;456;FinishTrip;0;German;1
1449;456;FinishTrip;0;English;4
1450;456;StartTrip;German;1;4
1451;456;StartTrip;English;4;2
1452;457;FinishTrip;French;6
1453;457;FinishTrip;English;2
1454;457;StartTrip;French;6;5
1455;457;StartTrip;English;2;4
1456;458;FinishTrip;Chinese;5
1457;458;FinishTrip;German;4
1458;458;FinishTrip;1;English;4
1459;458;ChangePet;2;English;German;Cat;Dog
1460;458;StartTrip;Chinese;5;3
1461;458;StartTrip;English;4;2
1462;458;StartTrip;German;4;6
1463;459;FinishTrip;English;2
1464;459;StartTrip;English;2;4
1465;460;FinishTrip;0;French;5
1466;460;FinishTrip;0;English;4
1467;460;StartTrip;French;5;6
1468;460;StartTrip;English;4;2
1469;461;FinishTrip;English;2
1470;461;FinishTrip;0;German;6
1471;461;StartTrip;English;2;1
1472;461;StartTrip;German;6;4
1473;462;FinishTrip;German;4
1474;462;FinishTrip;0;Chinese;3
1475;462;StartTrip;German;4;6
1476;462;StartTrip;Chinese;3;5
1477;464;FinishTrip;Chinese;5
1478;464;StartTrip;Chinese;5;3
1479;465;FinishTrip;1;French;6
1480;465;FinishTrip;German;6
1481;465;changeHouse;2;German;French;6;4
1482;465;StartTrip;French;6;4
1483;465;StartTrip;German;6;1
1484;466;FinishTrip;French;4
1485;466;FinishTrip;0;English;1
1486;466;StartTrip;French;4;6
1487;466;StartTrip;English;1;2
1488;468;FinishTrip;0;Chinese;3
1489;468;StartTrip;Chinese;3;5
1490;469;FinishTrip;0;German;1
1491;469;FinishTrip;0;French;6
1492;469;StartTrip;German;1;6
1493;469;StartTrip;French;6;4
1494;470;FinishTrip;French;4
1495;470;FinishTrip;Chinese;5
1496;470;FinishTrip;1;American;1
1497;470;FinishTrip;German;6
1498;470;FinishTrip;Russian;1
1499;470;changeHouse;2;Russian;American;1;3
1500;470;StartTrip;French;4;6
1501;470;StartTrip;Chinese;5;2
1502;470;StartTrip;Russian;1;4
1503;470;StartTrip;German;6;1
1504;470;StartTrip;American;1;3
1505;471;FinishTrip;0;Chinese;2
1506;471;StartTrip;Chinese;2;5
1507;472;FinishTrip;English;2
1508;472;FinishTrip;0;Russian;4
1509;472;StartTrip;English;2;1
1510;472;StartTrip;Russian;4;1
1511;473;FinishTrip;Chinese;5
1512;473;FinishTrip;0;French;6
1513;473;StartTrip;Chinese;5;2
1514;473;StartTrip;French;6;4
1515;474;FinishTrip;French;4
1516;474;FinishTrip;Russian;1
1517;474;FinishTrip;1;German;1
1518;474;FinishTrip;0;Chinese;2
1519;474;StartTrip;French;4;2
1520;474;StartTrip;Chinese;2;5
1521;474;StartTrip;Russian;1;4
1522;474;StartTrip;German;1;6
1523;475;FinishTrip;German;6
1524;475;FinishTrip;0;French;2
1525;475;StartTrip;German;6;1
1526;475;StartTrip;French;2;4
1527;476;FinishTrip;Chinese;5
1528;476;FinishTrip;1;French;4
1529;476;FinishTrip;Russian;4
1530;476;changeHouse;2;Russian;French;4;1
1531;476;StartTrip;Chinese;5;3
1532;476;StartTrip;Russian;4;1
1533;476;StartTrip;French;4;1
1534;477;FinishTrip;0;English;1
1535;477;StartTrip;English;1;2
1536;478;FinishTrip;French;1
1537;478;FinishTrip;American;3
1538;478;FinishTrip;1;Russian;1
1539;478;ChangePet;2;Russian;French;Bear;Humpster
1540;478;StartTrip;French;1;5
1541;478;StartTrip;Russian;1;4
1542;478;StartTrip;American;3;1
1543;479;FinishTrip;0;German;1
1544;479;StartTrip;German;1;6
1545;480;FinishTrip;German;6
1546;480;FinishTrip;Russian;4
1547;480;FinishTrip;0;Chinese;3
1548;480;StartTrip;German;6;1
1549;480;StartTrip;Chinese;3;5
1550;480;StartTrip;Russian;4;1
1551;481;FinishTrip;0;French;5
1552;481;StartTrip;French;5;1
1553;482;FinishTrip;Chinese;5
1554;482;FinishTrip;0;Russian;1
1555;482;StartTrip;Chinese;5;3
1556;482;StartTrip;Russian;1;4
1557;483;FinishTrip;English;2
1558;483;StartTrip;English;2;3
1559;484;FinishTrip;Russian;4
1560;484;FinishTrip;0;German;1
1561;484;StartTrip;Russian;4;1
1562;484;StartTrip;German;1;6
1563;485;FinishTrip;French;1
1564;485;FinishTrip;German;6
1565;485;StartTrip;French;1;6
1566;485;StartTrip;German;6;1
1567;486;FinishTrip;0;Chinese;3
1568;486;FinishTrip;0;Russian;1
1569;486;FinishTrip;0;French;6
1570;486;StartTrip;Chinese;3;5
1571;486;StartTrip;French;6;1
1572;486;StartTrip;Russian;1;4
1573;487;FinishTrip;0;English;3
1574;487;StartTrip;English;3;2
1575;488;FinishTrip;Russian;4
1576;488;FinishTrip;Chinese;5
1577;488;StartTrip;Russian;4;1
1578;488;StartTrip;Chinese;5;4
1579;489;FinishTrip;0;German;1
1580;489;StartTrip;German;1;6
1581;490;FinishTrip;English;2
1582;490;FinishTrip;German;6
1583;490;FinishTrip;1;French;1
1584;490;FinishTrip;Russian;1
1585;490;changeHouse;2;Russian;French;1;4
1586;490;StartTrip;English;2;5
1587;490;StartTrip;Russian;1;4
1588;490;StartTrip;German;6;1
1589;490;StartTrip;French;1;4
1590;492;FinishTrip;1;French;4
1591;492;FinishTrip;Chinese;4
1592;492;FinishTrip;0;English;5
1593;492;FinishTrip;1;Russian;4
1594;492;ChangePet;3;Russian;Chinese;French;Zebra;Humpster;Bear
1595;492;changeHouse;2;Chinese;French;4;5
1596;492;changeHouse;2;Russian;French;5;1
1597;492;StartTrip;French;4;1
1598;492;StartTrip;Russian;4;5
1599;492;StartTrip;Chinese;4;2
1600;492;StartTrip;English;5;2
1601;493;FinishTrip;English;2
1602;493;FinishTrip;1;Chinese;2
1603;493;StartTrip;English;2;5
1604;493;StartTrip;Chinese;2;4
1605;494;FinishTrip;French;1
1606;494;FinishTrip;Chinese;4
1607;494;FinishTrip;1;German;1
1608;494;StartTrip;French;1;4
1609;494;StartTrip;German;1;6
1610;494;StartTrip;Chinese;4;5
1611;495;FinishTrip;German;6
1612;495;FinishTrip;0;English;5
1613;495;StartTrip;German;6;1
1614;495;StartTrip;English;5;2
1615;496;FinishTrip;English;2
1616;496;FinishTrip;0;French;4
1617;496;StartTrip;English;2;3
1618;496;StartTrip;French;4;1
1619;498;FinishTrip;Russian;5
1620;498;FinishTrip;French;1
1621;498;StartTrip;Russian;5;1
1622;498;StartTrip;French;1;6
1623;499;FinishTrip;0;German;1
1624;499;FinishTrip;0;French;6
1625;499;StartTrip;German;1;6
1626;499;StartTrip;French;6;1
1627;500;FinishTrip;German;6
1628;500;FinishTrip;0;Chinese;5
1629;500;FinishTrip;0;English;3
1630;500;StartTrip;German;6;1
1631;500;StartTrip;English;3;2
1632;500;StartTrip;Chinese;5;4
1633;502;FinishTrip;0;Russian;1
1634;502;StartTrip;Russian;1;5
1635;503;FinishTrip;French;1
1636;503;FinishTrip;English;2
1637;503;StartTrip;French;1;5
1638;503;StartTrip;English;2;3
1639;504;FinishTrip;Chinese;4
1640;504;FinishTrip;0;German;1
1641;504;StartTrip;Chinese;4;1
1642;504;StartTrip;German;1;6
1643;505;FinishTrip;Russian;5
1644;505;FinishTrip;German;6
1645;505;StartTrip;Russian;5;1
1646;505;StartTrip;German;6;1
1647;506;FinishTrip;0;French;5
1648;506;FinishTrip;0;Chinese;1
1649;506;StartTrip;French;5;1
1650;506;StartTrip;Chinese;1;4
1651;507;FinishTrip;0;English;3
1652;507;StartTrip;English;3;2
1653;508;FinishTrip;Chinese;4
1654;508;StartTrip;Chinese;4;1
1655;509;FinishTrip;0;German;1
1656;509;FinishTrip;0;Russian;1
1657;509;StartTrip;German;1;6
1658;509;StartTrip;Russian;1;5
1659;510;FinishTrip;1;French;1
1660;510;FinishTrip;English;2
1661;510;FinishTrip;German;6
1662;510;FinishTrip;Chinese;1
1663;510;changeHouse;2;Chinese;French;1;4
1664;510;StartTrip;French;1;4
1665;510;StartTrip;Chinese;1;4
1666;510;StartTrip;English;2;1
1667;510;StartTrip;German;6;1
1668;512;FinishTrip;Russian;5
1669;512;FinishTrip;1;French;4
1670;512;FinishTrip;Chinese;4
1671;512;ChangePet;2;Chinese;French;Bear;Humpster
1672;512;changeHouse;2;Chinese;French;4;1
1673;512;StartTrip;Russian;5;1
1674;512;StartTrip;Chinese;4;2
1675;512;StartTrip;French;4;1
1676;513;FinishTrip;0;Chinese;2
1677;513;StartTrip;Chinese;2;4
1678;514;FinishTrip;French;1
1679;514;FinishTrip;Chinese;4
1680;514;FinishTrip;1;German;1
1681;514;StartTrip;French;1;5
1682;514;StartTrip;German;1;6
1683;514;StartTrip;Chinese;4;2
1684;515;FinishTrip;German;6
1685;515;FinishTrip;0;English;1
1686;515;FinishTrip;0;Chinese;2
1687;515;StartTrip;German;6;1
1688;515;StartTrip;Chinese;2;4
1689;515;StartTrip;English;1;2
1690;516;FinishTrip;Chinese;4
1691;516;FinishTrip;0;Russian;1
1692;516;StartTrip;Chinese;4;1
1693;516;StartTrip;Russian;1;5
1694;517;FinishTrip;0;French;5
1695;517;StartTrip;French;5;1
1696;518;FinishTrip;0;Chinese;1
1697;518;StartTrip;Chinese;1;4
1698;519;FinishTrip;Russian;5
1699;519;FinishTrip;0;German;1
1700;519;StartTrip;Russian;5;1
1701;519;StartTrip;German;1;6
1702;520;FinishTrip;Chinese;4
1703;520;FinishTrip;German;6
1704;520;StartTrip;Chinese;4;1
1705;520;StartTrip;German;6;1
1706;521;FinishTrip;French;1
1707;521;FinishTrip;English;2
1708;521;StartTrip;French;1;6
1709;521;StartTrip;English;2;5
1710;522;FinishTrip;0;Chinese;1
1711;522;FinishTrip;0;French;6
1712;522;StartTrip;Chinese;1;4
1713;522;StartTrip;French;6;1
1714;523;FinishTrip;0;Russian;1
1715;523;FinishTrip;0;English;5
1716;523;StartTrip;Russian;1;5
1717;523;StartTrip;English;5;2
1718;524;FinishTrip;English;2
1719;524;FinishTrip;Chinese;4
1720;524;FinishTrip;0;German;1
1721;524;StartTrip;English;2;1
1722;524;StartTrip;German;1;6
1723;524;StartTrip;Chinese;4;5
1724;525;FinishTrip;German;6
1725;525;StartTrip;German;6;1
1726;526;FinishTrip;Russian;5
1727;526;FinishTrip;French;1
1728;526;StartTrip;Russian;5;1
1729;526;StartTrip;French;1;2
1730;529;FinishTrip;0;German;1
1731;529;FinishTrip;0;English;1
1732;529;StartTrip;German;1;6
1733;529;StartTrip;English;1;2
1734;530;FinishTrip;German;6
1735;530;FinishTrip;0;Chinese;5
1736;530;FinishTrip;0;American;1
1737;530;FinishTrip;0;Russian;1
1738;530;StartTrip;German;6;1
1739;530;StartTrip;Russian;1;5
1740;530;StartTrip;Chinese;5;4
1741;530;StartTrip;American;1;3
1742;532;FinishTrip;0;French;2
1743;532;StartTrip;French;2;1
1744;533;FinishTrip;Russian;5
1745;533;StartTrip;Russian;5;1
1746;534;FinishTrip;Chinese;4
1747;534;FinishTrip;0;German;1
1748;534;StartTrip;Chinese;4;5
1749;534;StartTrip;German;1;6
1750;535;FinishTrip;English;2
1751;535;FinishTrip;German;6
1752;535;StartTrip;English;2;5
1753;535;StartTrip;German;6;1
1754;537;FinishTrip;1;French;1
1755;537;FinishTrip;Russian;1
1756;537;FinishTrip;0;English;5
1757;537;changeHouse;2;Russian;French;1;5
1758;537;StartTrip;French;1;5
1759;537;StartTrip;English;5;2
1760;537;StartTrip;Russian;1;4
1761;538;FinishTrip;American;3
1762;538;FinishTrip;English;2
1763;538;StartTrip;American;3;2
1764;538;StartTrip;English;2;5
1765;539;FinishTrip;0;German;1
1766;539;FinishTrip;0;Russian;4
1767;539;StartTrip;German;1;6
1768;539;StartTrip;Russian;4;1
1769;540;FinishTrip;German;6
1770;540;FinishTrip;1;French;5
1771;540;FinishTrip;Chinese;5
1772;540;FinishTrip;1;English;5
1773;540;changeHouse;3;English;Chinese;French;4;5;2
1774;540;StartTrip;German;6;1
1775;540;StartTrip;English;5;4
1776;540;StartTrip;French;5;2
1777;540;StartTrip;Chinese;5;1
1778;541;FinishTrip;Russian;1
1779;541;FinishTrip;1;French;2
1780;541;FinishTrip;American;2
1781;541;ChangePet;2;French;American;Fish;Humpster
1782;541;changeHouse;2;French;American;3;2
1783;541;StartTrip;Russian;1;4
1784;541;StartTrip;American;2;6
1785;541;StartTrip;French;2;3
1786;543;FinishTrip;0;Russian;4
1787;543;StartTrip;Russian;4;1
1788;544;FinishTrip;English;4
1789;544;FinishTrip;0;German;1
1790;544;FinishTrip;0;Chinese;1
1791;544;StartTrip;English;4;1
1792;544;StartTrip;Chinese;1;5
1793;544;StartTrip;German;1;6
1794;545;FinishTrip;Russian;1
1795;545;FinishTrip;German;6
1796;545;FinishTrip;French;3
1797;545;StartTrip;Russian;1;3
1798;545;StartTrip;French;3;5
1799;545;StartTrip;German;6;1
1800;546;FinishTrip;0;English;1
1801;546;StartTrip;English;1;4
1802;547;FinishTrip;Chinese;5
1803;547;FinishTrip;1;French;5
1804;547;StartTrip;Chinese;5;1
1805;547;StartTrip;French;5;3
1806;548;FinishTrip;English;4
1807;548;StartTrip;English;4;2
1808;549;FinishTrip;0;German;1
1809;549;FinishTrip;0;English;2
1810;549;StartTrip;German;1;6
1811;549;StartTrip;English;2;4
1812;550;FinishTrip;German;6
1813;550;FinishTrip;English;4
1814;550;StartTrip;German;6;1
1815;550;StartTrip;English;4;1
1816;551;FinishTrip;French;3
1817;551;FinishTrip;0;American;6
1818;551;FinishTrip;0;Chinese;1
1819;551;StartTrip;French;3;1
1820;551;StartTrip;Chinese;1;5
1821;551;StartTrip;American;6;2
1822;552;FinishTrip;0;English;1
1823;552;StartTrip;English;1;4
1824;553;FinishTrip;0;Russian;3
1825;553;StartTrip;Russian;3;1
1826;554;FinishTrip;English;4
1827;554;FinishTrip;Chinese;5
1828;554;FinishTrip;0;German;1
1829;554;StartTrip;English;4;2
1830;554;StartTrip;German;1;6
1831;554;StartTrip;Chinese;5;4
1832;555;FinishTrip;German;6
1833;555;FinishTrip;0;English;2
1834;555;StartTrip;German;6;1
1835;555;StartTrip;English;2;4
1836;556;FinishTrip;American;2
1837;556;FinishTrip;English;4
1838;556;StartTrip;American;2;1
1839;556;StartTrip;English;4;3
1840;558;FinishTrip;0;Chinese;4
1841;558;StartTrip;Chinese;4;5
1842;559;FinishTrip;0;English;3
1843;559;FinishTrip;0;German;1
1844;559;StartTrip;English;3;4
1845;559;StartTrip;German;1;6
1846;560;FinishTrip;German;6
1847;560;StartTrip;German;6;1
1848;561;FinishTrip;0;American;1
1849;561;StartTrip;American;1;2
1850;564;FinishTrip;Chinese;5
1851;564;FinishTrip;English;4
1852;564;FinishTrip;0;German;1
1853;564;StartTrip;Chinese;5;4
1854;564;StartTrip;German;1;6
1855;564;StartTrip;English;4;1
1856;565;FinishTrip;German;6
1857;565;StartTrip;German;6;1
1858;566;FinishTrip;0;English;1
1859;566;StartTrip;English;1;4
1860;567;FinishTrip;American;2
1861;567;StartTrip;American;2;4
1862;568;FinishTrip;English;4
1863;568;FinishTrip;1;American;4
1864;568;FinishTrip;1;Chinese;4
1865;568;ChangePet;3;English;Chinese;American;Bear;Humpster;Cat
1866;568;changeHouse;2;English;American;2;4
1867;568;changeHouse;2;English;American;4;2
1868;568;StartTrip;English;4;5
1869;568;StartTrip;Chinese;4;5
1870;568;StartTrip;American;4;2
1871;569;FinishTrip;American;2
1872;569;FinishTrip;0;German;1
1873;569;StartTrip;American;2;4
1874;569;StartTrip;German;1;6
1875;570;FinishTrip;German;6
1876;570;FinishTrip;0;American;4
1877;570;StartTrip;German;6;1
1878;570;StartTrip;American;4;2
1879;571;FinishTrip;American;2
1880;571;StartTrip;American;2;6
1881;574;FinishTrip;Chinese;5
1882;574;FinishTrip;1;English;5
1883;574;FinishTrip;0;German;1
1884;574;StartTrip;Chinese;5;1
1885;574;StartTrip;German;1;6
1886;574;StartTrip;English;5;4
1887;575;FinishTrip;German;6
1888;575;StartTrip;German;6;1
1889;578;FinishTrip;English;4
1890;578;FinishTrip;0;Chinese;1
1891;578;StartTrip;English;4;2
1892;578;StartTrip;Chinese;1;5
1893;579;FinishTrip;0;German;1
1894;579;FinishTrip;0;English;2
1895;579;StartTrip;German;1;6
1896;579;StartTrip;English;2;4
1897;580;FinishTrip;German;6
1898;580;FinishTrip;English;4
1899;580;StartTrip;German;6;1
1900;580;StartTrip;English;4;1
1901;581;FinishTrip;Chinese;5
1902;581;FinishTrip;0;American;6
1903;581;StartTrip;Chinese;5;1
1904;581;StartTrip;American;6;2
1905;582;FinishTrip;0;English;1
1906;582;StartTrip;English;1;4
1907;584;FinishTrip;English;4
1908;584;FinishTrip;0;German;1
1909;584;StartTrip;English;4;1
1910;584;StartTrip;German;1;6
1911;585;FinishTrip;German;6
1912;585;FinishTrip;0;Chinese;1
1913;585;StartTrip;German;6;1
1914;585;StartTrip;Chinese;1;5
1915;586;FinishTrip;American;2
1916;586;FinishTrip;0;English;1
1917;586;StartTrip;American;2;6
1918;586;StartTrip;English;1;4
1919;588;FinishTrip;Chinese;5
1920;588;FinishTrip;English;4
1921;588;StartTrip;Chinese;5;1
1922;588;StartTrip;English;4;1
1923;589;FinishTrip;0;German;1
1924;589;StartTrip;German;1;6
1925;590;FinishTrip;German;6
1926;590;FinishTrip;0;English;1
1927;590;StartTrip;German;6;1
1928;590;StartTrip;English;1;4
1929;592;FinishTrip;English;4
1930;592;FinishTrip;0;Chinese;1
1931;592;StartTrip;English;4;5
1932;592;StartTrip;Chinese;1;5
1933;594;FinishTrip;0;German;1
1934;594;StartTrip;German;1;6
1935;595;FinishTrip;Chinese;5
1936;595;FinishTrip;German;6
1937;595;StartTrip;Chinese;5;2
1938;595;StartTrip;German;6;1
1939;596;FinishTrip;0;American;6
1940;596;FinishTrip;0;Chinese;2
1941;596;StartTrip;American;6;2
1942;596;StartTrip;Chinese;2;5
1943;598;FinishTrip;1;Chinese;5
1944;598;FinishTrip;English;5
1945;598;changeHouse;2;English;Chinese;5;4
1946;598;StartTrip;Chinese;5;4
1947;598;StartTrip;English;5;1
1948;599;FinishTrip;0;German;1
1949;599;StartTrip;German;1;6
1950;600;FinishTrip;German;6
1951;600;StartTrip;German;6;1
1952;601;FinishTrip;American;2
1953;601;StartTrip;American;2;1
1954;602;FinishTrip;Chinese;4
1955;602;FinishTrip;0;English;1
1956;602;StartTrip;Chinese;4;1
1957;602;StartTrip;English;1;5
1958;603;FinishTrip;0;French;1
1959;603;StartTrip;French;1;3
1960;604;FinishTrip;0;German;1
1961;604;FinishTrip;0;Chinese;1
1962;604;StartTrip;German;1;6
1963;604;StartTrip;Chinese;1;4
1964;605;FinishTrip;English;5
1965;605;FinishTrip;Russian;1
1966;605;FinishTrip;German;6
1967;605;StartTrip;English;5;1
1968;605;StartTrip;German;6;1
1969;605;StartTrip;Russian;1;2
1970;606;FinishTrip;Chinese;4
1971;606;FinishTrip;0;American;1
1972;606;StartTrip;Chinese;4;5
1973;606;StartTrip;American;1;2
1974;609;FinishTrip;0;German;1
1975;609;FinishTrip;0;English;1
1976;609;StartTrip;German;1;6
1977;609;StartTrip;English;1;5
1978;610;FinishTrip;German;6
1979;610;StartTrip;German;6;1
1980;611;FinishTrip;French;3
1981;611;FinishTrip;0;Russian;2
1982;611;StartTrip;French;3;6
1983;611;StartTrip;Russian;2;1
1984;612;FinishTrip;American;2
1985;612;FinishTrip;English;5
1986;612;FinishTrip;1;Chinese;5
1987;612;StartTrip;American;2;5
1988;612;StartTrip;Chinese;5;4
1989;612;StartTrip;English;5;4
1990;614;FinishTrip;0;German;1
1991;614;FinishTrip;0;American;5
1992;614;StartTrip;German;1;6
1993;614;StartTrip;American;5;2
1994;615;FinishTrip;American;2
1995;615;FinishTrip;1;German;6
1996;615;FinishTrip;French;6
1997;615;changeHouse;2;German;French;3;6
1998;615;StartTrip;American;2;1
1999;615;StartTrip;French;6;5
2000;615;StartTrip;German;6;3
2001;616;FinishTrip;Chinese;4
2002;616;FinishTrip;Russian;1
2003;616;FinishTrip;1;English;4
2004;616;ChangePet;2;English;Chinese;Humpster;Bear
2005;616;StartTrip;Chinese;4;1
2006;616;StartTrip;English;4;5
2007;616;StartTrip;Russian;1;3
2008;617;FinishTrip;German;3
2009;617;StartTrip;German;3;1
2010;618;FinishTrip;0;French;5
2011;618;FinishTrip;0;Chinese;1
2012;618;StartTrip;French;5;6
2013;618;StartTrip;Chinese;1;4
2014;620;FinishTrip;Chinese;4
2015;620;FinishTrip;0;American;1
2016;620;StartTrip;Chinese;4;2
2017;620;StartTrip;American;1;2
2018;621;FinishTrip;0;Chinese;2
2019;621;StartTrip;Chinese;2;4
2020;622;FinishTrip;English;5
2021;622;FinishTrip;Chinese;4
2022;622;StartTrip;English;5;1
2023;622;StartTrip;Chinese;4;3
2024;623;FinishTrip;French;6
2025;623;StartTrip;French;6;4
2026;624;FinishTrip;0;Russian;3
2027;624;FinishTrip;0;French;4
2028;624;StartTrip;Russian;3;1
2029;624;StartTrip;French;4;6
2030;625;FinishTrip;0;Chinese;3
2031;625;StartTrip;Chinese;3;4
2032;626;FinishTrip;American;2
2033;626;FinishTrip;0;English;1
2034;626;StartTrip;American;2;4
2035;626;StartTrip;English;1;5
2036;627;FinishTrip;French;6
2037;627;FinishTrip;0;American;4
2038;627;StartTrip;French;6;5
2039;627;StartTrip;American;4;2
2040;628;FinishTrip;American;2
2041;628;StartTrip;American;2;6
2042;629;FinishTrip;English;5
2043;629;StartTrip;English;5;4
2044;630;FinishTrip;Chinese;4
2045;630;FinishTrip;0;French;5
2046;630;StartTrip;Chinese;4;1
2047;630;StartTrip;French;5;6
2048;632;FinishTrip;0;Chinese;1
2049;632;StartTrip;Chinese;1;4
2050;633;FinishTrip;0;English;4
2051;633;StartTrip;English;4;5
2052;634;FinishTrip;Chinese;4
2053;634;StartTrip;Chinese;4;5
2054;635;FinishTrip;French;6
2055;635;StartTrip;French;6;4
2056;636;FinishTrip;0;French;4
2057;636;StartTrip;French;4;6
2058;638;FinishTrip;0;American;6
2059;638;StartTrip;American;6;2
2060;639;FinishTrip;English;5
2061;639;FinishTrip;French;6
2062;639;StartTrip;English;5;1
2063;639;StartTrip;French;6;5
2064;640;FinishTrip;0;Chinese;5
2065;640;StartTrip;Chinese;5;4
2066;642;FinishTrip;0;French;5
2067;642;StartTrip;French;5;6
2068;643;FinishTrip;American;2
2069;643;FinishTrip;0;English;1
2070;643;StartTrip;American;2;4
2071;643;StartTrip;English;1;5
2072;644;FinishTrip;1;Chinese;4
2073;644;FinishTrip;American;4
2074;644;ChangePet;2;Chinese;American;Cat;Bear
2075;644;changeHouse;2;Chinese;American;2;4
2076;644;StartTrip;Chinese;4;2
2077;644;StartTrip;American;4;6
2078;645;FinishTrip;Chinese;2
2079;645;StartTrip;Chinese;2;4
2080;646;FinishTrip;English;5
2081;646;FinishTrip;0;Chinese;4
2082;646;StartTrip;English;5;2
2083;646;StartTrip;Chinese;4;2
2084;647;FinishTrip;1;Chinese;2
2085;647;FinishTrip;1;French;6
2086;647;FinishTrip;American;6
2087;647;FinishTrip;English;2
2088;647;changeHouse;2;French;American;4;6
2089;647;changeHouse;2;English;Chinese;2;5
2090;647;StartTrip;Chinese;2;5
2091;647;StartTrip;English;2;1
2092;647;StartTrip;French;6;4
2093;647;StartTrip;American;6;5
2094;648;FinishTrip;French;4
2095;648;StartTrip;French;4;1
2096;649;FinishTrip;Chinese;5
2097;649;StartTrip;Chinese;5;2
2098;650;FinishTrip;0;American;5
2099;650;FinishTrip;0;French;1
2100;650;FinishTrip;0;Chinese;2
2101;650;StartTrip;American;5;6
2102;650;StartTrip;Chinese;2;5
2103;650;StartTrip;French;1;4
2104;652;FinishTrip;French;4
2105;652;FinishTrip;Chinese;5
2106;652;FinishTrip;0;English;1
2107;652;StartTrip;French;4;2
2108;652;StartTrip;English;1;2
2109;652;StartTrip;Chinese;5;3
2110;653;FinishTrip;0;French;2
2111;653;StartTrip;French;2;4
2112;654;FinishTrip;French;4
2113;654;StartTrip;French;4;6
2114;655;FinishTrip;American;6
2115;655;StartTrip;American;6;1
2116;656;FinishTrip;0;Chinese;3
2117;656;StartTrip;Chinese;3;5
2118;657;FinishTrip;0;French;6
2119;657;StartTrip;French;6;4
2120;658;FinishTrip;Chinese;5
2121;658;FinishTrip;French;4
2122;658;FinishTrip;English;2
2123;658;StartTrip;Chinese;5;4
2124;658;StartTrip;English;2;5
2125;658;StartTrip;French;4;5
2126;659;FinishTrip;0;American;1
2127;659;StartTrip;American;1;6
2128;660;FinishTrip;American;6
2129;660;FinishTrip;0;English;5
2130;660;StartTrip;American;6;5
2131;660;StartTrip;English;5;2
2132;661;FinishTrip;English;2
2133;661;StartTrip;English;2;5
2134;662;FinishTrip;0;Chinese;4
2135;662;StartTrip;Chinese;4;5
2136;663;FinishTrip;0;English;5
2137;663;FinishTrip;0;American;5
2138;663;StartTrip;English;5;2
2139;663;StartTrip;American;5;6
2140;664;FinishTrip;English;2
2141;664;FinishTrip;0;French;5
2142;664;StartTrip;English;2;1
2143;664;StartTrip;French;5;4
2144;668;FinishTrip;American;6
2145;668;FinishTrip;French;4
2146;668;FinishTrip;Chinese;5
2147;668;StartTrip;American;6;4
2148;668;StartTrip;Chinese;5;2
2149;668;StartTrip;French;4;2
2150;669;FinishTrip;0;English;1
2151;669;FinishTrip;0;French;2
2152;669;FinishTrip;0;German;1
2153;669;FinishTrip;0;American;4
2154;669;FinishTrip;0;Chinese;2
2155;669;StartTrip;English;1;2
2156;669;StartTrip;French;2;4
2157;669;StartTrip;Chinese;2;5
2158;669;StartTrip;American;4;6
2159;669;StartTrip;German;1;3
2160;670;FinishTrip;French;4
2161;670;StartTrip;French;4;6
2162;671;FinishTrip;Chinese;5
2163;671;StartTrip;Chinese;5;4
2164;672;FinishTrip;American;6
2165;672;StartTrip;American;6;5
2166;673;FinishTrip;0;French;6
2167;673;StartTrip;French;6;4
2168;674;FinishTrip;French;4
2169;674;StartTrip;French;4;2
2170;675;FinishTrip;1;English;2
2171;675;FinishTrip;0;Chinese;4
2172;675;FinishTrip;0;American;5
2173;675;FinishTrip;French;2
2174;675;changeHouse;2;English;French;4;2
2175;675;StartTrip;English;2;4
2176;675;StartTrip;French;2;4
2177;675;StartTrip;Chinese;4;5
2178;675;StartTrip;American;5;6
2179;676;FinishTrip;Russian;1
2180;676;FinishTrip;English;4
2181;676;FinishTrip;1;French;4
2182;676;StartTrip;Russian;1;6
2183;676;StartTrip;French;4;2
2184;676;StartTrip;English;4;3
2185;677;FinishTrip;German;3
2186;677;FinishTrip;French;2
2187;677;FinishTrip;0;Russian;6
2188;677;StartTrip;German;3;6
2189;677;StartTrip;Russian;6;1
2190;677;StartTrip;French;2;6
2191;679;FinishTrip;0;English;3
2192;679;StartTrip;English;3;4
2193;680;FinishTrip;American;6
2194;680;StartTrip;American;6;3
2195;681;FinishTrip;Chinese;5
2196;681;FinishTrip;Russian;1
2197;681;FinishTrip;0;German;6
2198;681;StartTrip;Chinese;5;4
2199;681;StartTrip;German;6;3
2200;681;StartTrip;Russian;1;2
2201;682;FinishTrip;0;American;3
2202;682;StartTrip;American;3;6
2203;683;FinishTrip;German;3
2204;683;StartTrip;German;3;6
2205;684;FinishTrip;English;4
2206;684;StartTrip;English;4;2
2207;685;FinishTrip;0;Chinese;4
2208;685;FinishTrip;0;English;2
2209;685;StartTrip;Chinese;4;5
2210;685;StartTrip;English;2;4
2211;686;FinishTrip;American;6
2212;686;FinishTrip;English;4
2213;686;StartTrip;American;6;2
2214;686;StartTrip;English;4;3
2215;687;FinishTrip;0;German;6
2216;687;FinishTrip;0;Russian;2
2217;687;FinishTrip;0;French;6
2218;687;StartTrip;German;6;3
2219;687;StartTrip;French;6;2
2220;687;StartTrip;Russian;2;1
2221;689;FinishTrip;German;3
2222;689;FinishTrip;1;English;3
2223;689;ChangePet;2;English;German;Dog;Humpster
2224;689;StartTrip;German;3;6
2225;689;StartTrip;English;3;4
2226;691;FinishTrip;Chinese;5
2227;691;FinishTrip;0;American;2
2228;691;StartTrip;Chinese;5;1
2229;691;StartTrip;American;2;6
2230;692;FinishTrip;French;2
2231;692;FinishTrip;Russian;1
2232;692;StartTrip;French;2;1
2233;692;StartTrip;Russian;1;4
2234;693;FinishTrip;0;German;6
2235;693;StartTrip;German;6;3
2236;694;FinishTrip;English;4
2237;694;FinishTrip;1;Russian;4
2238;694;StartTrip;English;4;1
2239;694;StartTrip;Russian;4;1
2240;695;FinishTrip;German;3
2241;695;FinishTrip;0;Chinese;1
2242;695;StartTrip;German;3;1
2243;695;StartTrip;Chinese;1;5
2244;696;FinishTrip;Russian;1
2245;696;FinishTrip;1;English;1
2246;696;StartTrip;Russian;1;6
2247;696;StartTrip;English;1;4
2248;697;FinishTrip;0;French;1
2249;697;FinishTrip;0;Russian;6
2250;697;StartTrip;French;1;2
2251;697;StartTrip;Russian;6;1
2252;698;FinishTrip;English;4
2253;698;FinishTrip;Chinese;5
2254;698;StartTrip;English;4;1
2255;698;StartTrip;Chinese;5;1
2256;700;FinishTrip;0;English;1
2257;700;StartTrip;English;1;4
2258;701;FinishTrip;Russian;1
2259;701;FinishTrip;American;6
2260;701;StartTrip;Russian;1;6
2261;701;StartTrip;American;6;3
2262;702;FinishTrip;English;4
2263;702;FinishTrip;0;Chinese;1
2264;702;FinishTrip;0;Russian;6
2265;702;StartTrip;English;4;3
2266;702;StartTrip;Russian;6;1
2267;702;StartTrip;Chinese;1;5
2268;703;FinishTrip;French;2
2269;703;FinishTrip;0;American;3
2270;703;StartTrip;French;2;6
2271;703;StartTrip;American;3;6
2272;705;FinishTrip;Chinese;5
2273;705;FinishTrip;0;English;3
2274;705;StartTrip;Chinese;5;1
2275;705;StartTrip;English;3;4
2276;706;FinishTrip;Russian;1
2277;706;StartTrip;Russian;1;4
2278;707;FinishTrip;American;6
2279;707;StartTrip;American;6;4
2280;708;FinishTrip;0;Russian;4
2281;708;FinishTrip;0;American;4
2282;708;StartTrip;Russian;4;1
2283;708;StartTrip;American;4;6
2284;709;FinishTrip;0;Chinese;1
2285;709;StartTrip;Chinese;1;5
2286;710;FinishTrip;English;4
2287;710;FinishTrip;Russian;1
2288;710;StartTrip;English;4;2
2289;710;StartTrip;Russian;1;3
2290;711;FinishTrip;American;6
2291;711;FinishTrip;0;English;2
2292;711;StartTrip;American;6;5
2293;711;StartTrip;English;2;4
2294;712;FinishTrip;Chinese;5
2295;712;FinishTrip;English;4
2296;712;StartTrip;Chinese;5;1
2297;712;StartTrip;English;4;1
2298;713;FinishTrip;0;French;6
2299;713;StartTrip;French;6;2
2300;714;FinishTrip;0;English;1
2301;714;FinishTrip;0;American;5
2302;714;StartTrip;English;1;4
2303;714;StartTrip;American;5;6
2304;716;FinishTrip;English;4
2305;716;FinishTrip;0;Chinese;1
2306;716;StartTrip;English;4;5
2307;716;StartTrip;Chinese;1;5
2308;718;FinishTrip;French;2
2309;718;FinishTrip;0;Russian;3
2310;718;StartTrip;French;2;4
2311;718;StartTrip;Russian;3;1
2312;719;FinishTrip;American;6
2313;719;FinishTrip;Chinese;5
2314;719;FinishTrip;0;French;4
2315;719;StartTrip;American;6;5
2316;719;StartTrip;French;4;2
2317;719;StartTrip;Chinese;5;1
2318;720;FinishTrip;French;2
2319;720;StartTrip;French;2;6
2320;722;FinishTrip;0;English;5
2321;722;FinishTrip;0;American;5
2322;722;StartTrip;English;5;4
2323;722;StartTrip;American;5;6
2324;723;FinishTrip;0;Chinese;1
2325;723;StartTrip;Chinese;1;5
2326;726;FinishTrip;English;4
2327;726;FinishTrip;Chinese;5
2328;726;StartTrip;English;4;1
2329;726;StartTrip;Chinese;5;4
2330;727;FinishTrip;American;6
2331;727;StartTrip;American;6;1
2332;728;FinishTrip;0;English;1
2333;728;StartTrip;English;1;4
2334;730;FinishTrip;English;4
2335;730;FinishTrip;1;Chinese;4
2336;730;FinishTrip;0;French;6
2337;730;StartTrip;English;4;5
2338;730;StartTrip;French;6;2
2339;730;StartTrip;Chinese;4;5
2340;731;FinishTrip;0;American;1
2341;731;StartTrip;American;1;6
2342;732;FinishTrip;American;6
2343;732;StartTrip;American;6;5
2344;735;FinishTrip;French;2
2345;735;FinishTrip;0;American;5
2346;735;StartTrip;French;2;6
2347;735;StartTrip;American;5;6
2348;736;FinishTrip;Chinese;5
2349;736;FinishTrip;1;English;5
2350;736;ChangePet;2;English;Chinese;Cat;Dog
2351;736;StartTrip;Chinese;5;1
2352;736;StartTrip;English;5;4
2353;740;FinishTrip;American;6
2354;740;FinishTrip;English;4
2355;740;FinishTrip;0;Chinese;1
2356;740;StartTrip;American;6;4
2357;740;StartTrip;Chinese;1;5
2358;740;StartTrip;English;4;5
2359;741;FinishTrip;0;American;4
2360;741;StartTrip;American;4;6
2361;743;FinishTrip;Chinese;5
2362;743;StartTrip;Chinese;5;2
2363;744;FinishTrip;American;6
2364;744;FinishTrip;0;Chinese;2
2365;744;StartTrip;American;6;2
2366;744;StartTrip;Chinese;2;5
2367;745;FinishTrip;0;French;6
2368;745;StartTrip;French;6;2
2369;746;FinishTrip;Chinese;5
2370;746;FinishTrip;1;English;5
2371;746;ChangePet;2;English;Chinese;Dog;Cat
2372;746;StartTrip;Chinese;5;1
2373;746;StartTrip;English;5;4
2374;747;FinishTrip;0;German;1
2375;747;StartTrip;German;1;3
2376;749;FinishTrip;0;American;2
2377;749;StartTrip;American;2;6
2378;750;FinishTrip;French;2
2379;750;FinishTrip;English;4
2380;750;FinishTrip;0;Chinese;1
2381;750;StartTrip;French;2;5
2382;750;StartTrip;Chinese;1;5
2383;750;StartTrip;English;4;2
2384;751;FinishTrip;0;English;2
2385;751;StartTrip;English;2;4
2386;752;FinishTrip;English;4
2387;752;FinishTrip;0;French;5
2388;752;StartTrip;English;4;5
2389;752;StartTrip;French;5;2
2390;753;FinishTrip;Chinese;5
2391;753;FinishTrip;French;2
2392;753;StartTrip;Chinese;5;4
2393;753;StartTrip;French;2;6
2394;755;FinishTrip;German;3
2395;755;StartTrip;German;3;6
2396;757;FinishTrip;0;Chinese;4
2397;757;StartTrip;Chinese;4;5
2398;758;FinishTrip;0;English;5
2399;758;StartTrip;English;5;4
2400;759;FinishTrip;1;American;6
2401;759;FinishTrip;German;6
2402;759;changeHouse;2;German;American;6;3
2403;759;StartTrip;American;6;3
2404;759;StartTrip;German;6;1
2405;761;FinishTrip;American;3
2406;761;StartTrip;American;3;6
2407;762;FinishTrip;English;4
2408;762;StartTrip;English;4;1
2409;763;FinishTrip;Chinese;5
2410;763;FinishTrip;0;German;1
2411;763;FinishTrip;0;French;6
2412;763;StartTrip;Chinese;5;3
2413;763;StartTrip;French;6;2
2414;763;StartTrip;German;1;6
2415;764;FinishTrip;German;6
2416;764;FinishTrip;0;English;1
2417;764;StartTrip;German;6;1
2418;764;StartTrip;English;1;4
2419;765;FinishTrip;0;American;6
2420;765;StartTrip;American;6;3
2421;766;FinishTrip;English;4
2422;766;StartTrip;English;4;2
2423;767;FinishTrip;American;3
2424;767;FinishTrip;0;English;2
2425;767;FinishTrip;1;Chinese;3
2426;767;ChangePet;2;Chinese;American;Bear;Cat
2427;767;StartTrip;American;3;2
2428;767;StartTrip;Chinese;3;5
2429;767;StartTrip;English;2;4
2430;768;FinishTrip;English;4
2431;768;FinishTrip;French;2
2432;768;FinishTrip;0;German;1
2433;768;StartTrip;English;4;5
2434;768;StartTrip;German;1;6
2435;768;StartTrip;French;2;6
2436;769;FinishTrip;Chinese;5
2437;769;FinishTrip;German;6
2438;769;StartTrip;Chinese;5;3
2439;769;StartTrip;German;6;1
2440;770;FinishTrip;Russian;1
2441;770;FinishTrip;0;American;2
2442;770;StartTrip;Russian;1;2
2443;770;StartTrip;American;2;3
2444;773;FinishTrip;0;German;1
2445;773;FinishTrip;0;Chinese;3
2446;773;StartTrip;German;1;6
2447;773;StartTrip;Chinese;3;5
2448;774;FinishTrip;American;3
2449;774;FinishTrip;German;6
2450;774;FinishTrip;0;English;5
2451;774;StartTrip;American;3;4
2452;774;StartTrip;English;5;4
2453;774;StartTrip;German;6;1
2454;775;FinishTrip;Chinese;5
2455;775;StartTrip;Chinese;5;2
2456;776;FinishTrip;0;Russian;2
2457;776;FinishTrip;0;Chinese;2
2458;776;StartTrip;Russian;2;1
2459;776;StartTrip;Chinese;2;5
2460;778;FinishTrip;English;4
2461;778;FinishTrip;Chinese;5
2462;778;FinishTrip;0;German;1
2463;778;FinishTrip;0;French;6
2464;778;StartTrip;English;4;1
2465;778;StartTrip;French;6;2
2466;778;StartTrip;Chinese;5;1
2467;778;StartTrip;German;1;6
2468;779;FinishTrip;German;6
2469;779;FinishTrip;0;American;4
2470;779;StartTrip;German;6;1
2471;779;StartTrip;American;4;3
2472;780;FinishTrip;0;English;1
2473;780;StartTrip;English;1;4
2474;781;FinishTrip;Russian;1
2475;781;StartTrip;Russian;1;3
2476;782;FinishTrip;English;4
2477;782;FinishTrip;American;3
2478;782;FinishTrip;0;Chinese;1
2479;782;StartTrip;English;4;1
2480;782;StartTrip;Chinese;1;5
2481;782;StartTrip;American;3;4
2482;783;FinishTrip;French;2
2483;783;FinishTrip;0;German;1
2484;783;StartTrip;French;2;1
2485;783;StartTrip;German;1;6
2486;784;FinishTrip;German;6
2487;784;FinishTrip;0;English;1
2488;784;StartTrip;German;6;1
2489;784;StartTrip;English;1;4
2490;785;FinishTrip;Chinese;5
2491;785;StartTrip;Chinese;5;1
2492;786;FinishTrip;English;4
2493;786;StartTrip;English;4;1
2494;787;FinishTrip;0;American;4
2495;787;StartTrip;American;4;3
2496;788;FinishTrip;0;English;1
2497;788;FinishTrip;0;French;1
2498;788;FinishTrip;0;German;1
2499;788;StartTrip;English;1;4
2500;788;StartTrip;German;1;6
2501;788;StartTrip;French;1;2
2502;789;FinishTrip;German;6
2503;789;FinishTrip;0;Russian;3
2504;789;FinishTrip;0;Chinese;1
2505;789;StartTrip;German;6;1
2506;789;StartTrip;Chinese;1;5
2507;789;StartTrip;Russian;3;1
2508;790;FinishTrip;English;4
2509;790;FinishTrip;American;3
2510;790;StartTrip;English;4;2
2511;790;StartTrip;American;3;4
2512;791;FinishTrip;0;English;2
2513;791;StartTrip;English;2;4
2514;792;FinishTrip;Chinese;5
2515;792;FinishTrip;English;4
2516;792;StartTrip;Chinese;5;3
2517;792;StartTrip;English;4;5
2518;793;FinishTrip;0;German;1
2519;793;StartTrip;German;1;6
2520;794;FinishTrip;French;2
2521;794;FinishTrip;German;6
2522;794;StartTrip;French;2;5
2523;794;StartTrip;German;6;1
2524;795;FinishTrip;0;American;4
2525;795;StartTrip;American;4;3
2526;796;FinishTrip;0;Chinese;3
2527;796;FinishTrip;0;French;5
2528;796;StartTrip;Chinese;3;5
2529;796;StartTrip;French;5;2
2530;797;FinishTrip;French;2
2531;797;StartTrip;French;2;5
2532;798;FinishTrip;American;3
2533;798;FinishTrip;Chinese;5
2534;798;FinishTrip;0;German;1
2535;798;FinishTrip;1;English;5
2536;798;StartTrip;American;3;5
2537;798;StartTrip;English;5;4
2538;798;StartTrip;Chinese;5;4
2539;798;StartTrip;German;1;6
2540;799;FinishTrip;German;6
2541;799;FinishTrip;0;French;5
2542;799;StartTrip;German;6;1
2543;799;StartTrip;French;5;2
2544;800;FinishTrip;French;2
2545;800;FinishTrip;0;American;5
2546;800;StartTrip;French;2;4
2547;800;StartTrip;American;5;3
2548;801;FinishTrip;0;French;4
2549;801;StartTrip;French;4;2
2550;802;FinishTrip;French;2
2551;802;FinishTrip;1;English;4
2552;802;FinishTrip;Chinese;4
2553;802;changeHouse;2;English;Chinese;5;4
2554;802;StartTrip;French;2;6
2555;802;StartTrip;Chinese;4;1
2556;802;StartTrip;English;4;5
2557;803;FinishTrip;0;German;1
2558;803;StartTrip;German;1;6
2559;804;FinishTrip;American;3
2560;804;FinishTrip;German;6
2561;804;FinishTrip;0;Chinese;1
2562;804;StartTrip;American;3;4
2563;804;StartTrip;Chinese;1;4
2564;804;StartTrip;German;6;1
2565;806;FinishTrip;Chinese;4
2566;806;StartTrip;Chinese;4;5
2567;808;FinishTrip;English;5
2568;808;FinishTrip;0;German;1
2569;808;StartTrip;English;5;3
2570;808;StartTrip;German;1;6
2571;809;FinishTrip;German;6
2572;809;FinishTrip;0;American;4
2573;809;StartTrip;German;6;1
2574;809;StartTrip;American;4;3
2575;812;FinishTrip;American;3
2576;812;FinishTrip;1;English;3
2577;812;FinishTrip;0;French;6
2578;812;FinishTrip;0;Chinese;5
2579;812;ChangePet;2;English;American;Cat;Dog
2580;812;StartTrip;American;3;6
2581;812;StartTrip;Chinese;5;4
2582;812;StartTrip;English;3;5
2583;812;StartTrip;French;6;2
2584;813;FinishTrip;0;German;1
2585;813;StartTrip;German;1;6
2586;814;FinishTrip;English;5
2587;814;FinishTrip;German;6
2588;814;StartTrip;English;5;4
2589;814;StartTrip;German;6;1
2590;816;FinishTrip;Chinese;4
2591;816;FinishTrip;0;American;6
2592;816;StartTrip;Chinese;4;1
2593;816;StartTrip;American;6;3
2594;817;FinishTrip;French;2
2595;817;StartTrip;French;2;5
2596;818;FinishTrip;American;3
2597;818;FinishTrip;0;German;1
2598;818;FinishTrip;0;English;4
2599;818;FinishTrip;0;Chinese;1
2600;818;StartTrip;American;3;4
2601;818;StartTrip;Chinese;1;4
2602;818;StartTrip;German;1;6
2603;818;StartTrip;English;4;5
2604;819;FinishTrip;German;6
2605;819;FinishTrip;0;French;5
2606;819;StartTrip;German;6;1
2607;819;StartTrip;French;5;2
2608;820;FinishTrip;Chinese;4
2609;820;FinishTrip;French;2
2610;820;StartTrip;Chinese;4;2
2611;820;StartTrip;French;2;4
2612;821;FinishTrip;0;Chinese;2
2613;821;FinishTrip;0;French;4
2614;821;StartTrip;Chinese;2;4
2615;821;StartTrip;French;4;2
2616;822;FinishTrip;Chinese;4
2617;822;FinishTrip;French;2
2618;822;StartTrip;Chinese;4;5
2619;822;StartTrip;French;2;6
2620;823;FinishTrip;0;American;4
2621;823;FinishTrip;0;German;1
2622;823;StartTrip;American;4;3
2623;823;StartTrip;German;1;6
2624;824;FinishTrip;English;5
2625;824;FinishTrip;German;6
2626;824;StartTrip;English;5;4
2627;824;StartTrip;German;6;1
2628;826;FinishTrip;American;3
2629;826;StartTrip;American;3;5
2630;828;FinishTrip;0;German;1
2631;828;FinishTrip;0;American;5
2632;828;FinishTrip;0;Chinese;5
2633;828;FinishTrip;0;English;4
2634;828;StartTrip;German;1;6
2635;828;StartTrip;English;4;5
2636;828;StartTrip;American;5;3
2637;828;StartTrip;Chinese;5;4
2638;829;FinishTrip;German;6
2639;829;StartTrip;German;6;1
2640;832;FinishTrip;Chinese;4
2641;832;FinishTrip;American;3
2642;832;FinishTrip;0;French;6
2643;832;StartTrip;Chinese;4;2
2644;832;StartTrip;French;6;2
2645;832;StartTrip;American;3;6
2646;833;FinishTrip;0;German;1
2647;833;FinishTrip;0;Chinese;2
2648;833;StartTrip;German;1;6
2649;833;StartTrip;Chinese;2;4
2650;834;FinishTrip;English;5
2651;834;FinishTrip;Chinese;4
2652;834;FinishTrip;German;6
2653;834;StartTrip;English;5;2
2654;834;StartTrip;German;6;1
2655;834;StartTrip;Chinese;4;5
2656;835;FinishTrip;0;English;2
2657;835;StartTrip;English;2;5
2658;836;FinishTrip;0;American;6
2659;836;StartTrip;American;6;3
2660;837;FinishTrip;English;5
2661;837;FinishTrip;French;2
2662;837;StartTrip;English;5;2
2663;837;StartTrip;French;2;6
2664;838;FinishTrip;American;3
2665;838;FinishTrip;0;German;1
2666;838;FinishTrip;0;English;2
2667;838;StartTrip;American;3;6
2668;838;StartTrip;English;2;5
2669;838;StartTrip;German;1;6
2670;839;FinishTrip;German;6
2671;839;StartTrip;German;6;1
2672;840;FinishTrip;1;English;5
2673;840;FinishTrip;Chinese;5
2674;840;changeHouse;2;English;Chinese;4;5
2675;840;StartTrip;English;5;4
2676;840;StartTrip;Chinese;5;2
2677;841;FinishTrip;Russian;1
2678;841;FinishTrip;0;Chinese;2
2679;841;StartTrip;Russian;1;4
2680;841;StartTrip;Chinese;2;5
2681;842;FinishTrip;0;American;6
2682;842;StartTrip;American;6;3
2683;843;FinishTrip;Chinese;5
2684;843;FinishTrip;0;German;1
2685;843;FinishTrip;0;Russian;4
2686;843;StartTrip;Chinese;5;4
2687;843;StartTrip;Russian;4;1
2688;843;StartTrip;German;1;6
2689;844;FinishTrip;English;4
2690;844;FinishTrip;German;6
2691;844;FinishTrip;American;3
2692;844;StartTrip;English;4;3
2693;844;StartTrip;American;3;6
2694;844;StartTrip;German;6;1
2695;845;FinishTrip;Russian;1
2696;845;StartTrip;Russian;1;5
2697;847;FinishTrip;0;French;6
2698;847;FinishTrip;0;Chinese;4
2699;847;FinishTrip;0;English;3
2700;847;StartTrip;French;6;2
2701;847;StartTrip;English;3;4
2702;847;StartTrip;Chinese;4;5
2703;848;FinishTrip;0;American;6
2704;848;FinishTrip;0;German;1
2705;848;FinishTrip;0;Russian;5
2706;848;StartTrip;American;6;3
2707;848;StartTrip;Russian;5;1
2708;848;StartTrip;German;1;6
2709;849;FinishTrip;German;6
2710;849;StartTrip;German;6;1
2711;850;FinishTrip;American;3
2712;850;StartTrip;American;3;5
2713;852;FinishTrip;English;4
2714;852;FinishTrip;Russian;1
2715;852;FinishTrip;French;2
2716;852;FinishTrip;0;American;5
2717;852;StartTrip;English;4;1
2718;852;StartTrip;American;5;3
2719;852;StartTrip;Russian;1;2
2720;852;StartTrip;French;2;4
2721;853;FinishTrip;Chinese;5
2722;853;FinishTrip;0;French;4
2723;853;FinishTrip;0;German;1
2724;853;StartTrip;Chinese;5;3
2725;853;StartTrip;German;1;6
2726;853;StartTrip;French;4;2
2727;854;FinishTrip;French;2
2728;854;FinishTrip;German;6
2729;854;FinishTrip;0;English;1
2730;854;StartTrip;French;2;4
2731;854;StartTrip;English;1;4
2732;854;StartTrip;German;6;1
2733;855;FinishTrip;0;French;4
2734;855;StartTrip;French;4;2
2735;856;FinishTrip;American;3
2736;856;FinishTrip;French;2
2737;856;FinishTrip;English;4
2738;856;StartTrip;American;3;2
2739;856;StartTrip;English;4;5
2740;856;StartTrip;French;2;6
2741;857;FinishTrip;0;Chinese;3
2742;857;StartTrip;Chinese;3;5
2743;858;FinishTrip;0;Russian;2
2744;858;FinishTrip;0;German;1
2745;858;StartTrip;Russian;2;1
2746;858;StartTrip;German;1;6
2747;859;FinishTrip;Chinese;5
2748;859;FinishTrip;German;6
2749;859;FinishTrip;0;American;2
2750;859;StartTrip;Chinese;5;4
2751;859;StartTrip;American;2;3
2752;859;StartTrip;German;6;1
2753;862;FinishTrip;0;English;5
2754;862;StartTrip;English;5;4
2755;863;FinishTrip;1;Russian;1
2756;863;FinishTrip;American;3
2757;863;FinishTrip;German;1
2758;863;FinishTrip;0;Chinese;4
2759;863;changeHouse;2;Russian;German;6;1
2760;863;StartTrip;Russian;1;6
2761;863;StartTrip;Chinese;4;5
2762;863;StartTrip;American;3;1
2763;863;StartTrip;German;1;6
2764;864;FinishTrip;Russian;6
2765;864;FinishTrip;1;German;6
2766;864;StartTrip;Russian;6;1
2767;864;StartTrip;German;6;1
2768;866;FinishTrip;English;4
2769;866;FinishTrip;0;French;6
2770;866;StartTrip;English;4;3
2771;866;StartTrip;French;6;2
2772;868;FinishTrip;German;1
2773;868;FinishTrip;1;Russian;1
2774;868;StartTrip;German;1;6
2775;868;StartTrip;Russian;1;6
2776;869;FinishTrip;Russian;6
2777;869;FinishTrip;Chinese;5
2778;869;FinishTrip;0;English;3
2779;869;FinishTrip;1;German;6
2780;869;StartTrip;Russian;6;1
2781;869;StartTrip;German;6;1
2782;869;StartTrip;Chinese;5;1
2783;869;StartTrip;English;3;4
2784;871;FinishTrip;French;2
2785;871;StartTrip;French;2;6
2786;873;FinishTrip;German;1
2787;873;FinishTrip;1;Russian;1
2788;873;FinishTrip;1;Chinese;1
2789;873;StartTrip;German;1;6
2790;873;StartTrip;Chinese;1;5
2791;873;StartTrip;Russian;1;6
2792;874;FinishTrip;English;4
2793;874;FinishTrip;1;Russian;6
2794;874;FinishTrip;German;6
2795;874;changeHouse;2;Russian;German;1;6
2796;874;StartTrip;English;4;1
2797;874;StartTrip;German;6;1
2798;874;StartTrip;Russian;6;1
2799;876;FinishTrip;Chinese;5
2800;876;FinishTrip;0;English;1
2801;876;StartTrip;Chinese;5;4
2802;876;StartTrip;English;1;4
2803;878;FinishTrip;Russian;1
2804;878;FinishTrip;English;4
2805;878;FinishTrip;1;German;1
2806;878;StartTrip;Russian;1;4
2807;878;StartTrip;German;1;6
2808;878;StartTrip;English;4;3
2809;879;FinishTrip;German;6
2810;879;StartTrip;German;6;1
2811;880;FinishTrip;0;Chinese;4
2812;880;FinishTrip;0;Russian;4
2813;880;StartTrip;Chinese;4;5
2814;880;StartTrip;Russian;4;1
2815;881;FinishTrip;0;English;3
2816;881;FinishTrip;0;French;6
2817;881;StartTrip;English;3;4
2818;881;StartTrip;French;6;2
2819;882;FinishTrip;Russian;1
2820;882;StartTrip;Russian;1;4
2821;883;FinishTrip;0;German;1
2822;883;StartTrip;German;1;6
2823;884;FinishTrip;German;6
2824;884;FinishTrip;0;Russian;4
2825;884;StartTrip;German;6;1
2826;884;StartTrip;Russian;4;1
2827;886;FinishTrip;French;2
2828;886;FinishTrip;English;4
2829;886;FinishTrip;Russian;1
2830;886;FinishTrip;Chinese;5
2831;886;StartTrip;French;2;6
2832;886;StartTrip;Chinese;5;3
2833;886;StartTrip;English;4;1
2834;886;StartTrip;Russian;1;4
2835;888;FinishTrip;0;German;1
2836;888;FinishTrip;0;Russian;4
2837;888;FinishTrip;0;English;1
2838;888;StartTrip;German;1;6
2839;888;StartTrip;English;1;4
2840;888;StartTrip;Russian;4;1
2841;889;FinishTrip;German;6
2842;889;StartTrip;German;6;1
2843;890;FinishTrip;Russian;1
2844;890;FinishTrip;English;4
2845;890;FinishTrip;0;Chinese;3
2846;890;StartTrip;Russian;1;2
2847;890;StartTrip;Chinese;3;5
2848;890;StartTrip;English;4;5
2849;892;FinishTrip;Chinese;5
2850;892;StartTrip;Chinese;5;2
2851;893;FinishTrip;0;German;1
2852;893;FinishTrip;0;Chinese;2
2853;893;StartTrip;German;1;6
2854;893;StartTrip;Chinese;2;5
2855;894;FinishTrip;German;6
2856;894;StartTrip;German;6;1
2857;895;FinishTrip;Chinese;5
2858;895;StartTrip;Chinese;5;1
2859;896;FinishTrip;0;English;5
2860;896;FinishTrip;0;Russian;2
2861;896;FinishTrip;0;French;6
2862;896;StartTrip;English;5;4
2863;896;StartTrip;French;6;2
2864;896;StartTrip;Russian;2;1
2865;898;FinishTrip;0;German;1
2866;898;StartTrip;German;1;6
2867;899;FinishTrip;German;6
2868;899;FinishTrip;0;Chinese;1
2869;899;StartTrip;German;6;1
2870;899;StartTrip;Chinese;1;5
2871;900;FinishTrip;English;4
2872;900;StartTrip;English;4;5
2873;901;FinishTrip;Russian;1
2874;901;FinishTrip;French;2
2875;901;StartTrip;Russian;1;2
2876;901;StartTrip;French;2;5
2877;902;FinishTrip;Chinese;5
2878;902;StartTrip;Chinese;5;3
2879;903;FinishTrip;0;French;5
2880;903;FinishTrip;0;German;1
2881;903;StartTrip;French;5;2
2882;903;StartTrip;German;1;6
2883;904;FinishTrip;French;2
2884;904;FinishTrip;German;6
2885;904;StartTrip;French;2;4
2886;904;StartTrip;German;6;1
2887;905;FinishTrip;0;French;4
2888;905;StartTrip;French;4;2
2889;906;FinishTrip;French;2
2890;906;FinishTrip;0;English;5
2891;906;FinishTrip;0;Chinese;3
2892;906;StartTrip;French;2;6
2893;906;StartTrip;Chinese;3;5
2894;906;StartTrip;English;5;4
2895;907;FinishTrip;0;Russian;2
2896;907;StartTrip;Russian;2;1
2897;908;FinishTrip;Chinese;5
2898;908;FinishTrip;0;German;1
2899;908;StartTrip;Chinese;5;4
2900;908;StartTrip;German;1;6
2901;909;FinishTrip;German;6
2902;909;StartTrip;German;6;1
2903;910;FinishTrip;English;4
2904;910;StartTrip;English;4;3
2905;912;FinishTrip;Russian;1
2906;912;FinishTrip;0;Chinese;4
2907;912;StartTrip;Russian;1;5
2908;912;StartTrip;Chinese;4;5
2909;913;FinishTrip;0;German;1
2910;913;FinishTrip;0;English;3
2911;913;StartTrip;German;1;6
2912;913;StartTrip;English;3;4
2913;914;FinishTrip;German;6
2914;914;StartTrip;German;6;1
2915;915;FinishTrip;0;American;1
2916;915;FinishTrip;0;Russian;5
2917;915;StartTrip;American;1;3
2918;915;StartTrip;Russian;5;1
2919;916;FinishTrip;0;French;6
2920;916;StartTrip;French;6;2
2921;918;FinishTrip;Chinese;5
2922;918;FinishTrip;English;4
2923;918;FinishTrip;0;German;1
2924;918;StartTrip;Chinese;5;1
2925;918;StartTrip;German;1;6
2926;918;StartTrip;English;4;5
2927;919;FinishTrip;Russian;1
2928;919;FinishTrip;German;6
2929;919;StartTrip;Russian;1;4
2930;919;StartTrip;German;6;1
2931;921;FinishTrip;French;2
2932;921;FinishTrip;0;Russian;4
2933;921;StartTrip;French;2;5
2934;921;StartTrip;Russian;4;1
2935;922;FinishTrip;0;Chinese;1
2936;922;StartTrip;Chinese;1;5
2937;923;FinishTrip;American;3
2938;923;FinishTrip;Russian;1
2939;923;FinishTrip;1;German;1
2940;923;FinishTrip;0;French;5
2941;923;StartTrip;American;3;4
2942;923;StartTrip;French;5;2
2943;923;StartTrip;Russian;1;2
2944;923;StartTrip;German;1;6
2945;924;FinishTrip;German;6
2946;924;FinishTrip;French;2
2947;924;FinishTrip;0;English;5
2948;924;StartTrip;German;6;1
2949;924;StartTrip;English;5;4
2950;924;StartTrip;French;2;6
2951;925;FinishTrip;Chinese;5
2952;925;StartTrip;Chinese;5;1
2953;928;FinishTrip;1;English;4
2954;928;FinishTrip;American;4
2955;928;FinishTrip;0;German;1
2956;928;changeHouse;2;English;American;3;4
2957;928;StartTrip;English;4;3
2958;928;StartTrip;German;1;6
2959;928;StartTrip;American;4;3
2960;929;FinishTrip;German;6
2961;929;FinishTrip;0;Russian;2
2962;929;FinishTrip;0;Chinese;1
2963;929;StartTrip;German;6;1
2964;929;StartTrip;Chinese;1;5
2965;929;StartTrip;Russian;2;1
2966;931;FinishTrip;English;3
2967;931;FinishTrip;1;American;3
2968;931;StartTrip;English;3;4
2969;931;StartTrip;American;3;4
2970;932;FinishTrip;Chinese;5
2971;932;StartTrip;Chinese;5;2
2972;933;FinishTrip;0;German;1
2973;933;FinishTrip;0;Chinese;2
2974;933;StartTrip;German;1;6
2975;933;StartTrip;Chinese;2;5
2976;934;FinishTrip;Russian;1
2977;934;FinishTrip;German;6
2978;934;FinishTrip;1;French;6
2979;934;StartTrip;Russian;1;2
2980;934;StartTrip;French;6;2
2981;934;StartTrip;German;6;1
2982;935;FinishTrip;Chinese;5
2983;935;StartTrip;Chinese;5;2
2984;936;FinishTrip;American;4
2985;936;FinishTrip;1;English;4
2986;936;FinishTrip;0;Chinese;2
2987;936;StartTrip;American;4;5
2988;936;StartTrip;Chinese;2;5
2989;936;StartTrip;English;4;3
2990;938;FinishTrip;Chinese;5
2991;938;FinishTrip;0;German;1
2992;938;StartTrip;Chinese;5;2
2993;938;StartTrip;German;1;6
2994;939;FinishTrip;English;3
2995;939;FinishTrip;German;6
2996;939;FinishTrip;French;2
2997;939;FinishTrip;1;Chinese;2
2998;939;StartTrip;English;3;4
2999;939;StartTrip;Chinese;2;5
3000;939;StartTrip;German;6;1
3001;939;StartTrip;French;2;5
3002;940;FinishTrip;0;Russian;2
3003;940;StartTrip;Russian;2;1
3004;941;FinishTrip;Chinese;5
3005;941;FinishTrip;1;French;5
3006;941;StartTrip;Chinese;5;1
3007;941;StartTrip;French;5;2
3008;942;FinishTrip;French;2
3009;942;FinishTrip;0;American;5
3010;942;StartTrip;French;2;5
3011;942;StartTrip;American;5;4
3012;943;FinishTrip;0;German;1
3013;943;StartTrip;German;1;6
3014;944;FinishTrip;German;6
3015;944;FinishTrip;0;English;4
3016;944;FinishTrip;0;French;5
3017;944;StartTrip;German;6;1
3018;944;StartTrip;French;5;2
3019;944;StartTrip;English;4;3
3020;945;FinishTrip;Russian;1
3021;945;FinishTrip;French;2
3022;945;FinishTrip;1;Chinese;1
3023;945;StartTrip;Russian;1;5
3024;945;StartTrip;Chinese;1;5
3025;945;StartTrip;French;2;4
3026;946;FinishTrip;1;American;4
3027;946;FinishTrip;French;4
3028;946;ChangePet;2;French;American;Dog;Fish
3029;946;changeHouse;2;French;American;4;2
3030;946;StartTrip;American;4;2
3031;946;StartTrip;French;4;5
3032;947;FinishTrip;English;3
3033;947;FinishTrip;American;2
3034;947;StartTrip;English;3;5
3035;947;StartTrip;American;2;5
3036;948;FinishTrip;Chinese;5
3037;948;FinishTrip;0;German;1
3038;948;FinishTrip;1;Russian;5
3039;948;ChangePet;2;Russian;Chinese;Bear;Zebra
3040;948;StartTrip;Chinese;5;3
3041;948;StartTrip;Russian;5;1
3042;948;StartTrip;German;1;6
3043;949;FinishTrip;German;6
3044;949;FinishTrip;0;English;5
3045;949;FinishTrip;0;American;5
3046;949;StartTrip;German;6;1
3047;949;StartTrip;American;5;2
3048;949;StartTrip;English;5;3
3049;950;FinishTrip;American;2
3050;950;StartTrip;American;2;3
3051;952;FinishTrip;Russian;1
3052;952;FinishTrip;0;French;5
3053;952;FinishTrip;0;Chinese;3
3054;952;StartTrip;Russian;1;6
3055;952;StartTrip;Chinese;3;5
3056;952;StartTrip;French;5;4
3057;953;FinishTrip;English;3
3058;953;FinishTrip;0;German;1
3059;953;FinishTrip;0;Russian;6
3060;953;StartTrip;English;3;4
3061;953;StartTrip;Russian;6;1
3062;953;StartTrip;German;1;6
3063;954;FinishTrip;Chinese;5
3064;954;FinishTrip;German;6
3065;954;FinishTrip;0;American;3
3066;954;StartTrip;Chinese;5;2
3067;954;StartTrip;American;3;2
3068;954;StartTrip;German;6;1
3069;955;FinishTrip;0;Chinese;2
3070;955;StartTrip;Chinese;2;5
3071;956;FinishTrip;French;4
3072;956;StartTrip;French;4;2
3073;957;FinishTrip;Chinese;5
3074;957;FinishTrip;1;American;2
3075;957;FinishTrip;Russian;1
3076;957;FinishTrip;French;2
3077;957;changeHouse;2;French;American;2;4
3078;957;StartTrip;Chinese;5;1
3079;957;StartTrip;French;2;5
3080;957;StartTrip;American;2;4
3081;957;StartTrip;Russian;1;3
3082;958;FinishTrip;1;American;4
3083;958;FinishTrip;English;4
3084;958;FinishTrip;0;German;1
3085;958;changeHouse;2;English;American;4;3
3086;958;StartTrip;American;4;3
3087;958;StartTrip;German;1;6
3088;958;StartTrip;English;4;1
3089;959;FinishTrip;German;6
3090;959;FinishTrip;0;French;5
3091;959;StartTrip;German;6;1
3092;959;StartTrip;French;5;2
3093;960;FinishTrip;French;2
3094;960;FinishTrip;0;English;1
3095;960;StartTrip;French;2;4
3096;960;StartTrip;English;1;4
3097;961;FinishTrip;American;3
3098;961;FinishTrip;0;Chinese;1
3099;961;FinishTrip;0;French;4
3100;961;StartTrip;American;3;2
3101;961;StartTrip;French;4;2
3102;961;StartTrip;Chinese;1;5
3103;962;FinishTrip;English;4
3104;962;FinishTrip;French;2
3105;962;StartTrip;English;4;3
3106;962;StartTrip;French;2;5
3107;963;FinishTrip;0;German;1
3108;963;StartTrip;German;1;6
3109;964;FinishTrip;1;Chinese;5
3110;964;FinishTrip;German;6
3111;964;FinishTrip;French;5
3112;964;FinishTrip;0;American;2
3113;964;changeHouse;2;Chinese;French;2;5
3114;964;StartTrip;Chinese;5;2
3115;964;StartTrip;American;2;3
3116;964;StartTrip;German;6;1
3117;964;StartTrip;French;5;4
3118;965;FinishTrip;Chinese;2
3119;965;FinishTrip;0;English;3
3120;965;FinishTrip;0;Russian;3
3121;965;StartTrip;Chinese;2;1
3122;965;StartTrip;Russian;3;1
3123;965;StartTrip;English;3;4
3124;968;FinishTrip;American;3
3125;968;FinishTrip;0;German;1
3126;968;FinishTrip;0;French;4
3127;968;StartTrip;American;3;1
3128;968;StartTrip;French;4;5
3129;968;StartTrip;German;1;6
3130;969;FinishTrip;German;6
3131;969;StartTrip;German;6;1
3132;970;FinishTrip;English;4
3133;970;FinishTrip;0;Chinese;1
3134;970;StartTrip;English;4;5
3135;970;StartTrip;Chinese;1;2
3136;973;FinishTrip;0;German;1
3137;973;StartTrip;German;1;6
3138;974;FinishTrip;French;5
3139;974;FinishTrip;German;6
3140;974;StartTrip;French;5;4
3141;974;StartTrip;German;6;1
3142;976;FinishTrip;Chinese;2
3143;976;FinishTrip;0;English;5
3144;976;StartTrip;Chinese;2;5
3145;976;StartTrip;English;5;4
3146;978;FinishTrip;0;German;1
3147;978;FinishTrip;0;French;4
3148;978;FinishTrip;0;Chinese;5
3149;978;StartTrip;German;1;6
3150;978;StartTrip;Chinese;5;2
3151;978;StartTrip;French;4;5
3152;979;FinishTrip;German;6
3153;979;FinishTrip;Chinese;2
3154;979;StartTrip;German;6;1
3155;979;StartTrip;Chinese;2;1
3156;980;FinishTrip;English;4
3157;980;StartTrip;English;4;2
3158;981;FinishTrip;0;English;2
3159;981;StartTrip;English;2;4
3160;982;FinishTrip;English;4
3161;982;StartTrip;English;4;2
3162;983;FinishTrip;0;German;1
3163;983;FinishTrip;0;English;2
3164;983;StartTrip;German;1;6
3165;983;StartTrip;English;2;4
3166;984;FinishTrip;French;5
3167;984;FinishTrip;English;4
3168;984;FinishTrip;German;6
3169;984;FinishTrip;0;Chinese;1
3170;984;StartTrip;French;5;6
3171;984;StartTrip;Chinese;1;2
3172;984;StartTrip;English;4;5
3173;984;StartTrip;German;6;1
3174;988;FinishTrip;0;German;1
3175;988;StartTrip;German;1;6
3176;989;FinishTrip;German;6
3177;989;FinishTrip;1;French;6
3178;989;StartTrip;German;6;1
3179;989;StartTrip;French;6;5
3180;990;FinishTrip;Chinese;2
3181;990;FinishTrip;0;English;5
3182;990;StartTrip;Chinese;2;1
3183;990;StartTrip;English;5;4
3184;992;FinishTrip;French;5
3185;992;StartTrip;French;5;1
3186;993;FinishTrip;0;German;1
3187;993;StartTrip;German;1;6
3188;994;FinishTrip;English;4
3189;994;FinishTrip;German;6
3190;994;StartTrip;English;4;1
3191;994;StartTrip;German;6;1
3192;995;FinishTrip;0;Chinese;1
3193;995;StartTrip;Chinese;1;2
3194;996;FinishTrip;0;French;1
3195;996;FinishTrip;0;English;1
3196;996;StartTrip;French;1;5
3197;996;StartTrip;English;1;4
3198;998;FinishTrip;English;4
3199;998;FinishTrip;0;German;1
3200;998;StartTrip;English;4;3
3201;998;StartTrip;German;1;6
3202;999;FinishTrip;French;5
3203;999;FinishTrip;German;6
3204;999;StartTrip;French;5;4
3205;999;StartTrip;German;6;1
3206;1001;FinishTrip;Chinese;2
3207;1001;FinishTrip;0;English;3
3208;1001;StartTrip;Chinese;2;5
3209;1001;StartTrip;English;3;4
3210;1003;FinishTrip;0;German;1
3211;1003;FinishTrip;0;French;4
3212;1003;FinishTrip;0;Chinese;5
3213;1003;StartTrip;German;1;6
3214;1003;StartTrip;Chinese;5;2
3215;1003;StartTrip;French;4;5
3216;1004;FinishTrip;German;6
3217;1004;FinishTrip;Chinese;2
3218;1004;StartTrip;German;6;1
3219;1004;StartTrip;Chinese;2;3
3220;1006;FinishTrip;English;4
3221;1006;StartTrip;English;4;1
3222;1008;FinishTrip;0;Chinese;3
3223;1008;FinishTrip;0;English;1
3224;1008;FinishTrip;0;German;1
3225;1008;StartTrip;Chinese;3;2
3226;1008;StartTrip;German;1;6
3227;1008;StartTrip;English;1;4
3228;1009;FinishTrip;French;5
3229;1009;FinishTrip;German;6
3230;1009;StartTrip;French;5;1
3231;1009;StartTrip;German;6;1
3232;1010;FinishTrip;English;4
3233;1010;StartTrip;English;4;5
3234;1011;FinishTrip;Chinese;2
3235;1011;StartTrip;Chinese;2;1
3236;1013;FinishTrip;0;German;1
3237;1013;FinishTrip;0;French;1
3238;1013;StartTrip;German;1;6
3239;1013;StartTrip;French;1;5
3240;1014;FinishTrip;German;6
3241;1014;StartTrip;German;6;1
3242;1016;FinishTrip;1;French;5
3243;1016;FinishTrip;English;5
3244;1016;FinishTrip;0;Chinese;1
3245;1016;ChangePet;2;English;French;Dog;Cat
3246;1016;changeHouse;2;English;French;5;4
3247;1016;StartTrip;French;5;4
3248;1016;StartTrip;Chinese;1;2
3249;1016;StartTrip;English;5;1
3250;1017;FinishTrip;Russian;1
3251;1017;StartTrip;Russian;1;2
3252;1018;FinishTrip;0;German;1
3253;1018;StartTrip;German;1;6
3254;1019;FinishTrip;German;6
3255;1019;StartTrip;German;6;1
3256;1020;FinishTrip;French;4
3257;1020;FinishTrip;0;English;1
3258;1020;FinishTrip;0;American;1
3259;1020;StartTrip;French;4;6
3260;1020;StartTrip;American;1;3
3261;1020;StartTrip;English;1;5
3262;1022;FinishTrip;Chinese;2
3263;1022;StartTrip;Chinese;2;1
3264;1023;FinishTrip;English;5
3265;1023;FinishTrip;0;Russian;2
3266;1023;FinishTrip;0;German;1
3267;1023;FinishTrip;0;French;6
3268;1023;StartTrip;English;5;2
3269;1023;StartTrip;French;6;4
3270;1023;StartTrip;Russian;2;1
3271;1023;StartTrip;German;1;6
3272;1024;FinishTrip;German;6
3273;1024;FinishTrip;French;4
3274;1024;FinishTrip;0;English;2
3275;1024;StartTrip;German;6;1
3276;1024;StartTrip;English;2;5
3277;1024;StartTrip;French;4;2
3278;1025;FinishTrip;0;French;2
3279;1025;StartTrip;French;2;4
3280;1026;FinishTrip;English;5
3281;1026;FinishTrip;French;4
3282;1026;StartTrip;English;5;1
3283;1026;StartTrip;French;4;6
3284;1027;FinishTrip;0;Chinese;1
3285;1027;StartTrip;Chinese;1;2
3286;1028;FinishTrip;Russian;1
3287;1028;FinishTrip;American;3
3288;1028;FinishTrip;1;German;1
3289;1028;StartTrip;Russian;1;4
3290;1028;StartTrip;German;1;6
3291;1028;StartTrip;American;3;2
3292;1029;FinishTrip;1;German;6
3293;1029;FinishTrip;French;6
3294;1029;changeHouse;2;German;French;4;6
3295;1029;StartTrip;German;6;4
3296;1029;StartTrip;French;6;1
3297;1030;FinishTrip;German;4
3298;1030;FinishTrip;0;English;1
3299;1030;FinishTrip;1;Russian;4
3300;1030;StartTrip;German;4;1
3301;1030;StartTrip;Russian;4;1
3302;1030;StartTrip;English;1;5
3303;1031;FinishTrip;0;American;2
3304;1031;StartTrip;American;2;3
3305;1032;FinishTrip;1;Russian;1
3306;1032;FinishTrip;German;1
3307;1032;changeHouse;2;Russian;German;4;1
3308;1032;StartTrip;Russian;1;4
3309;1032;StartTrip;German;1;6
3310;1033;FinishTrip;Chinese;2
3311;1033;FinishTrip;English;5
3312;1033;FinishTrip;0;French;1
3313;1033;FinishTrip;0;German;6
3314;1033;StartTrip;Chinese;2;1
3315;1033;StartTrip;German;6;1
3316;1033;StartTrip;English;5;1
3317;1033;StartTrip;French;1;6
3318;1034;FinishTrip;Russian;4
3319;1034;FinishTrip;French;6
3320;1034;StartTrip;Russian;4;1
3321;1034;StartTrip;French;6;5
3322;1035;FinishTrip;American;3
3323;1035;StartTrip;American;3;4
3324;1036;FinishTrip;0;Russian;1
3325;1036;StartTrip;Russian;1;4
3326;1037;FinishTrip;German;1
3327;1037;FinishTrip;0;French;5
3328;1037;FinishTrip;1;English;1
3329;1037;StartTrip;German;1;6
3330;1037;StartTrip;English;1;5
3331;1037;StartTrip;French;5;6
3332;1038;FinishTrip;Russian;4
3333;1038;FinishTrip;0;Chinese;1
3334;1038;FinishTrip;0;German;6
3335;1038;StartTrip;Russian;4;1
3336;1038;StartTrip;German;6;1
3337;1038;StartTrip;Chinese;1;2
3338;1040;FinishTrip;English;5
3339;1040;FinishTrip;0;American;4
3340;1040;FinishTrip;0;Russian;1
3341;1040;StartTrip;English;5;4
3342;1040;StartTrip;Russian;1;4
3343;1040;StartTrip;American;4;3
3344;1042;FinishTrip;German;1
3345;1042;FinishTrip;French;6
3346;1042;FinishTrip;Russian;4
3347;1042;StartTrip;German;1;6
3348;1042;StartTrip;Russian;4;1
3349;1042;StartTrip;French;6;5
3350;1043;FinishTrip;American;3
3351;1043;FinishTrip;0;German;6
3352;1043;StartTrip;American;3;6
3353;1043;StartTrip;German;6;1
3354;1044;FinishTrip;Chinese;2
3355;1044;FinishTrip;0;English;4
3356;1044;FinishTrip;0;Russian;1
3357;1044;StartTrip;Chinese;2;5
3358;1044;StartTrip;Russian;1;4
3359;1044;StartTrip;English;4;5
3360;1045;FinishTrip;0;French;5
3361;1045;StartTrip;French;5;6
3362;1046;FinishTrip;Russian;4
3363;1046;FinishTrip;0;Chinese;5
3364;1046;StartTrip;Russian;4;1
3365;1046;StartTrip;Chinese;5;2
3366;1047;FinishTrip;Chinese;2
3367;1047;FinishTrip;German;1
3368;1047;FinishTrip;0;American;6
3369;1047;StartTrip;Chinese;2;1
3370;1047;StartTrip;American;6;3
3371;1047;StartTrip;German;1;6
3372;1048;FinishTrip;0;Russian;1
3373;1048;FinishTrip;0;German;6
3374;1048;StartTrip;Russian;1;4
3375;1048;StartTrip;German;6;1
3376;1049;FinishTrip;American;3
3377;1049;StartTrip;American;3;1
3378;1050;FinishTrip;English;5
3379;1050;FinishTrip;French;6
3380;1050;FinishTrip;Russian;4
3381;1050;StartTrip;English;5;1
3382;1050;StartTrip;Russian;4;1
3383;1050;StartTrip;French;6;1
3384;1052;FinishTrip;German;1
3385;1052;FinishTrip;1;Chinese;1
3386;1052;FinishTrip;1;Russian;1
3387;1052;ChangePet;2;Russian;Chinese;Zebra;Bear
3388;1052;StartTrip;German;1;6
3389;1052;StartTrip;Russian;1;4
3390;1052;StartTrip;Chinese;1;2
3391;1053;FinishTrip;0;German;6
3392;1053;StartTrip;German;6;1
3393;1054;FinishTrip;Russian;4
3394;1054;FinishTrip;0;English;1
3395;1054;FinishTrip;0;French;1
3396;1054;StartTrip;Russian;4;1
3397;1054;StartTrip;French;1;6
3398;1054;StartTrip;English;1;5
3399;1055;FinishTrip;French;6
3400;1055;StartTrip;French;6;2
3401;1056;FinishTrip;0;Russian;1
3402;1056;StartTrip;Russian;1;4
3403;1057;FinishTrip;English;5
3404;1057;FinishTrip;German;1
3405;1057;StartTrip;English;5;3
3406;1057;StartTrip;German;1;6
3407;1058;FinishTrip;Russian;4
3408;1058;FinishTrip;Chinese;2
3409;1058;FinishTrip;0;German;6
3410;1058;StartTrip;Russian;4;1
3411;1058;StartTrip;German;6;1
3412;1058;StartTrip;Chinese;2;3
3413;1060;FinishTrip;0;French;2
3414;1060;FinishTrip;0;Russian;1
3415;1060;StartTrip;French;2;6
3416;1060;StartTrip;Russian;1;4
3417;1061;FinishTrip;0;English;3
3418;1061;StartTrip;English;3;5
3419;1062;FinishTrip;Russian;4
3420;1062;FinishTrip;German;1
3421;1062;FinishTrip;0;Chinese;3
3422;1062;StartTrip;Russian;4;1
3423;1062;StartTrip;Chinese;3;2
3424;1062;StartTrip;German;1;6
3425;1063;FinishTrip;English;5
3426;1063;FinishTrip;0;German;6
3427;1063;StartTrip;English;5;4
3428;1063;StartTrip;German;6;1
3429;1064;FinishTrip;0;Russian;1
3430;1064;StartTrip;Russian;1;4
3431;1065;FinishTrip;Chinese;2
3432;1065;StartTrip;Chinese;2;3
3433;1066;FinishTrip;Russian;4
3434;1066;StartTrip;Russian;4;1
3435;1067;FinishTrip;German;1
3436;1067;FinishTrip;0;English;4
3437;1067;StartTrip;German;1;6
3438;1067;StartTrip;English;4;5
3439;1068;FinishTrip;0;Russian;1
3440;1068;FinishTrip;0;German;6
3441;1068;StartTrip;Russian;1;4
3442;1068;StartTrip;German;6;1
3443;1069;FinishTrip;0;Chinese;3
3444;1069;StartTrip;Chinese;3;2
3445;1070;FinishTrip;French;6
3446;1070;FinishTrip;Russian;4
3447;1070;StartTrip;French;6;1
3448;1070;StartTrip;Russian;4;1
3449;1072;FinishTrip;German;1
3450;1072;FinishTrip;Chinese;2
3451;1072;FinishTrip;1;Russian;1
3452;1072;StartTrip;German;1;6
3453;1072;StartTrip;Russian;1;4
3454;1072;StartTrip;Chinese;2;3
3455;1073;FinishTrip;English;5
3456;1073;FinishTrip;0;German;6
3457;1073;StartTrip;English;5;3
3458;1073;StartTrip;German;6;1
3459;1074;FinishTrip;Russian;4
3460;1074;FinishTrip;0;French;1
3461;1074;StartTrip;Russian;4;1
3462;1074;StartTrip;French;1;6
3463;1075;FinishTrip;French;6
3464;1075;StartTrip;French;6;5
3465;1076;FinishTrip;0;Chinese;3
3466;1076;FinishTrip;0;Russian;1
3467;1076;StartTrip;Chinese;3;2
3468;1076;StartTrip;Russian;1;4
3469;1077;FinishTrip;German;1
3470;1077;FinishTrip;0;English;3
3471;1077;StartTrip;German;1;6
3472;1077;StartTrip;English;3;5
3473;1078;FinishTrip;Russian;4
3474;1078;FinishTrip;0;French;5
3475;1078;FinishTrip;0;German;6
3476;1078;StartTrip;Russian;4;1
3477;1078;StartTrip;German;6;1
3478;1078;StartTrip;French;5;6
3479;1079;FinishTrip;English;5
3480;1079;FinishTrip;Chinese;2
3481;1079;StartTrip;English;5;4
3482;1079;StartTrip;Chinese;2;1
3483;1080;FinishTrip;0;Russian;1
3484;1080;StartTrip;Russian;1;4
3485;1082;FinishTrip;German;1
3486;1082;FinishTrip;Russian;4
3487;1082;StartTrip;German;1;6
3488;1082;StartTrip;Russian;4;1
3489;1083;FinishTrip;French;6
3490;1083;FinishTrip;0;English;4
3491;1083;FinishTrip;1;German;6
3492;1083;StartTrip;French;6;4
3493;1083;StartTrip;German;6;1
3494;1083;StartTrip;English;4;5
3495;1084;FinishTrip;0;Russian;1
3496;1084;FinishTrip;0;Chinese;1
3497;1084;FinishTrip;0;French;4
3498;1084;StartTrip;Russian;1;4
3499;1084;StartTrip;French;4;6
3500;1084;StartTrip;Chinese;1;2
3501;1086;FinishTrip;Russian;4
3502;1086;StartTrip;Russian;4;1
3503;1087;FinishTrip;German;1
3504;1087;FinishTrip;French;6
3505;1087;StartTrip;German;1;6
3506;1087;StartTrip;French;6;4
3507;1088;FinishTrip;0;Russian;1
3508;1088;FinishTrip;0;French;4
3509;1088;FinishTrip;0;German;6
3510;1088;StartTrip;Russian;1;4
3511;1088;StartTrip;German;6;1
3512;1088;StartTrip;French;4;6
3513;1089;FinishTrip;English;5
3514;1089;StartTrip;English;5;4
3515;1090;FinishTrip;Chinese;2
3516;1090;FinishTrip;Russian;4
3517;1090;StartTrip;Chinese;2;3
3518;1090;StartTrip;Russian;4;1
3519;1091;FinishTrip;French;6
3520;1091;StartTrip;French;6;5
3521;1092;FinishTrip;1;German;1
3522;1092;FinishTrip;Russian;1
3523;1092;changeHouse;2;Russian;German;1;4
3524;1092;StartTrip;German;1;4
3525;1092;StartTrip;Russian;1;2
3526;1093;FinishTrip;0;English;4
3527;1093;StartTrip;English;4;5
3528;1094;FinishTrip;German;4
3529;1094;FinishTrip;0;French;5
3530;1094;FinishTrip;0;Chinese;3
3531;1094;StartTrip;German;4;1
3532;1094;StartTrip;Chinese;3;2
3533;1094;StartTrip;French;5;6
3534;1096;FinishTrip;0;German;1
3535;1096;StartTrip;German;1;4
3536;1097;FinishTrip;Chinese;2
3537;1097;StartTrip;Chinese;2;4
3538;1098;FinishTrip;German;4
3539;1098;FinishTrip;1;Chinese;4
3540;1098;FinishTrip;0;Russian;2
3541;1098;StartTrip;German;4;1
3542;1098;StartTrip;Russian;2;1
3543;1098;StartTrip;Chinese;4;2
3544;1099;FinishTrip;English;5
3545;1099;FinishTrip;Chinese;2
3546;1099;FinishTrip;French;6
3547;1099;StartTrip;English;5;2
3548;1099;StartTrip;French;6;2
3549;1099;StartTrip;Chinese;2;1
3550;1100;FinishTrip;0;German;1
3551;1100;FinishTrip;0;English;2
3552;1100;StartTrip;German;1;4
3553;1100;StartTrip;English;2;5
3554;1101;FinishTrip;0;American;1
3555;1101;StartTrip;American;1;3
3556;1102;FinishTrip;English;5
3557;1102;FinishTrip;German;4
3558;1102;StartTrip;English;5;1
3559;1102;StartTrip;German;4;1
3560;1103;FinishTrip;Russian;1
3561;1103;StartTrip;Russian;1;2
3562;1104;FinishTrip;0;French;2
3563;1104;FinishTrip;0;German;1
3564;1104;FinishTrip;0;Chinese;1
3565;1104;StartTrip;French;2;6
3566;1104;StartTrip;Chinese;1;2
3567;1104;StartTrip;German;1;4
3568;1106;FinishTrip;German;4
3569;1106;FinishTrip;0;English;1
3570;1106;StartTrip;German;4;6
3571;1106;StartTrip;English;1;5
3572;1109;FinishTrip;English;5
3573;1109;FinishTrip;American;3
3574;1109;FinishTrip;0;Russian;2
3575;1109;FinishTrip;0;German;6
3576;1109;StartTrip;English;5;1
3577;1109;StartTrip;German;6;4
3578;1109;StartTrip;American;3;5
3579;1109;StartTrip;Russian;2;1
3580;1110;FinishTrip;Chinese;2
3581;1110;FinishTrip;German;4
3582;1110;StartTrip;Chinese;2;3
3583;1110;StartTrip;German;4;6
3584;1111;FinishTrip;0;American;5
3585;1111;StartTrip;American;5;3
3586;1113;FinishTrip;0;English;1
3587;1113;FinishTrip;0;German;6
3588;1113;StartTrip;English;1;5
3589;1113;StartTrip;German;6;4
3590;1114;FinishTrip;Russian;1
3591;1114;FinishTrip;German;4
3592;1114;FinishTrip;French;6
3593;1114;FinishTrip;0;Chinese;3
3594;1114;StartTrip;Russian;1;4
3595;1114;StartTrip;Chinese;3;2
3596;1114;StartTrip;German;4;6
3597;1114;StartTrip;French;6;1
3598;1115;FinishTrip;American;3
3599;1115;StartTrip;American;3;5
3600;1116;FinishTrip;English;5
3601;1116;FinishTrip;0;Russian;4
3602;1116;StartTrip;English;5;4
3603;1116;StartTrip;Russian;4;1
3604;1117;FinishTrip;Chinese;2
3605;1117;FinishTrip;0;American;5
3606;1117;FinishTrip;0;German;6
3607;1117;StartTrip;Chinese;2;1
3608;1117;StartTrip;German;6;4
3609;1117;StartTrip;American;5;3
3610;1118;FinishTrip;Russian;1
3611;1118;FinishTrip;German;4
3612;1118;FinishTrip;1;French;1
3613;1118;StartTrip;Russian;1;3
3614;1118;StartTrip;French;1;6
3615;1118;StartTrip;German;4;1
3616;1119;FinishTrip;French;6
3617;1119;StartTrip;French;6;2
3618;1120;FinishTrip;0;German;1
3619;1120;FinishTrip;0;English;4
3620;1120;StartTrip;German;1;4
3621;1120;StartTrip;English;4;5
3622;1121;FinishTrip;American;3
3623;1121;StartTrip;American;3;2
3624;1122;FinishTrip;German;4
3625;1122;FinishTrip;0;Chinese;1
3626;1122;StartTrip;German;4;1
3627;1122;StartTrip;Chinese;1;2
3628;1124;FinishTrip;0;American;2
3629;1124;FinishTrip;0;French;2
3630;1124;FinishTrip;0;German;1
3631;1124;StartTrip;American;2;3
3632;1124;StartTrip;German;1;4
3633;1124;StartTrip;French;2;6
3634;1126;FinishTrip;English;5
3635;1126;FinishTrip;German;4
3636;1126;FinishTrip;0;Russian;3
3637;1126;StartTrip;English;5;3
3638;1126;StartTrip;Russian;3;1
3639;1126;StartTrip;German;4;1
3640;1128;FinishTrip;American;3
3641;1128;FinishTrip;Chinese;2
3642;1128;FinishTrip;0;German;1
3643;1128;StartTrip;American;3;2
3644;1128;StartTrip;German;1;4
3645;1128;StartTrip;Chinese;2;3
3646;1130;FinishTrip;German;4
3647;1130;FinishTrip;0;English;3
3648;1130;StartTrip;German;4;1
3649;1130;StartTrip;English;3;5
3650;1131;FinishTrip;0;American;2
3651;1131;StartTrip;American;2;3
3652;1132;FinishTrip;English;5
3653;1132;FinishTrip;0;Chinese;3
3654;1132;FinishTrip;0;German;1
3655;1132;StartTrip;English;5;4
3656;1132;StartTrip;German;1;4
3657;1132;StartTrip;Chinese;3;2
3658;1134;FinishTrip;French;6
3659;1134;FinishTrip;German;4
3660;1134;StartTrip;French;6;5
3661;1134;StartTrip;German;4;6
3662;1135;FinishTrip;American;3
3663;1135;FinishTrip;Chinese;2
3664;1135;StartTrip;American;3;6
3665;1135;StartTrip;Chinese;2;4
3666;1136;FinishTrip;0;English;4
3667;1136;FinishTrip;0;Chinese;4
3668;1136;StartTrip;English;4;5
3669;1136;StartTrip;Chinese;4;2
3670;1137;FinishTrip;Chinese;2
3671;1137;FinishTrip;0;German;6
3672;1137;FinishTrip;0;French;5
3673;1137;StartTrip;Chinese;2;1
3674;1137;StartTrip;French;5;6
3675;1137;StartTrip;German;6;4
3676;1138;FinishTrip;German;4
3677;1138;StartTrip;German;4;6
3678;1139;FinishTrip;0;American;6
3679;1139;StartTrip;American;6;3
3680;1141;FinishTrip;American;3
3681;1141;FinishTrip;0;German;6
3682;1141;StartTrip;American;3;1
3683;1141;StartTrip;German;6;4
3684;1142;FinishTrip;English;5
3685;1142;FinishTrip;German;4
3686;1142;FinishTrip;French;6
3687;1142;FinishTrip;0;Chinese;1
3688;1142;StartTrip;English;5;4
3689;1142;StartTrip;Chinese;1;2
3690;1142;StartTrip;German;4;6
3691;1142;StartTrip;French;6;2
3692;1145;FinishTrip;0;German;6
3693;1145;StartTrip;German;6;4
3694;1146;FinishTrip;German;4
3695;1146;FinishTrip;1;English;4
3696;1146;StartTrip;German;4;1
3697;1146;StartTrip;English;4;5
3698;1147;FinishTrip;0;French;2
3699;1147;StartTrip;French;2;6
3700;1148;FinishTrip;Chinese;2
3701;1148;FinishTrip;0;German;1
3702;1148;StartTrip;Chinese;2;1
3703;1148;StartTrip;German;1;4
3704;1150;FinishTrip;German;4
3705;1150;StartTrip;German;4;1
3706;1152;FinishTrip;English;5
3707;1152;FinishTrip;0;German;1
3708;1152;StartTrip;English;5;4
3709;1152;StartTrip;German;1;4
3710;1153;FinishTrip;0;Chinese;1
3711;1153;StartTrip;Chinese;1;2
3712;1154;FinishTrip;German;4
3713;1154;StartTrip;German;4;1
3714;1156;FinishTrip;0;English;4
3715;1156;FinishTrip;0;German;1
3716;1156;StartTrip;English;4;5
3717;1156;StartTrip;German;1;4
3718;1157;FinishTrip;French;6
3719;1157;StartTrip;French;6;2
3720;1158;FinishTrip;German;4
3721;1158;StartTrip;German;4;6
3722;1159;FinishTrip;Chinese;2
3723;1159;StartTrip;Chinese;2;5
3724;1161;FinishTrip;0;German;6
3725;1161;FinishTrip;0;Chinese;5
3726;1161;StartTrip;German;6;4
3727;1161;StartTrip;Chinese;5;2
3728;1162;FinishTrip;1;Chinese;2
3729;1162;FinishTrip;English;5
3730;1162;FinishTrip;German;4
3731;1162;FinishTrip;French;2
3732;1162;ChangePet;2;Chinese;French;Cat;Bear
3733;1162;changeHouse;2;Chinese;French;6;2
3734;1162;StartTrip;Chinese;2;6
3735;1162;StartTrip;French;2;6
3736;1162;StartTrip;English;5;4
3737;1162;StartTrip;German;4;1
3738;1164;FinishTrip;0;German;1
3739;1164;StartTrip;German;1;4
3740;1166;FinishTrip;German;4
3741;1166;FinishTrip;1;English;4
3742;1166;StartTrip;German;4;6
3743;1166;StartTrip;English;4;5
3744;1169;FinishTrip;0;German;6
3745;1169;StartTrip;German;6;4
3746;1170;FinishTrip;German;4
3747;1170;StartTrip;German;4;6
3748;1172;FinishTrip;English;5
3749;1172;FinishTrip;1;Chinese;6
3750;1172;FinishTrip;French;6
3751;1172;changeHouse;2;Chinese;French;2;6
3752;1172;StartTrip;English;5;1
3753;1172;StartTrip;French;6;5
3754;1172;StartTrip;Chinese;6;2
3755;1173;FinishTrip;0;German;6
3756;1173;StartTrip;German;6;4
3757;1174;FinishTrip;German;4
3758;1174;StartTrip;German;4;1
3759;1175;FinishTrip;0;French;5
3760;1175;StartTrip;French;5;6
3761;1176;FinishTrip;0;German;1
3762;1176;FinishTrip;0;English;1
3763;1176;StartTrip;German;1;4
3764;1176;StartTrip;English;1;5
3765;1177;FinishTrip;Chinese;2
3766;1177;StartTrip;Chinese;2;1
3767;1178;FinishTrip;Russian;1
3768;1178;FinishTrip;German;4
3769;1178;StartTrip;Russian;1;3
3770;1178;StartTrip;German;4;1
3771;1179;FinishTrip;English;5
3772;1179;StartTrip;English;5;4
3773;1180;FinishTrip;French;6
3774;1180;FinishTrip;0;German;1
3775;1180;StartTrip;French;6;4
3776;1180;StartTrip;German;1;4
3777;1181;FinishTrip;0;French;4
3778;1181;StartTrip;French;4;6
3779;1182;FinishTrip;German;4
3780;1182;FinishTrip;0;Chinese;1
3781;1182;StartTrip;German;4;1
3782;1182;StartTrip;Chinese;1;2
3783;1183;FinishTrip;0;English;4
3784;1183;StartTrip;English;4;5
3785;1184;FinishTrip;French;6
3786;1184;FinishTrip;0;German;1
3787;1184;StartTrip;French;6;2
3788;1184;StartTrip;German;1;4
3789;1186;FinishTrip;German;4
3790;1186;FinishTrip;0;Russian;3
3791;1186;StartTrip;German;4;6
3792;1186;StartTrip;Russian;3;1
3793;1188;FinishTrip;Chinese;2
3794;1188;StartTrip;Chinese;2;3
3795;1189;FinishTrip;English;5
3796;1189;FinishTrip;0;French;2
3797;1189;FinishTrip;0;German;6
3798;1189;StartTrip;English;5;1
3799;1189;StartTrip;German;6;4
3800;1189;StartTrip;French;2;6
3801;1190;FinishTrip;German;4
3802;1190;StartTrip;German;4;6
3803;1192;FinishTrip;0;Chinese;3
3804;1192;StartTrip;Chinese;3;2
3805;1193;FinishTrip;0;German;6
3806;1193;FinishTrip;0;American;1
3807;1193;FinishTrip;0;English;1
3808;1193;StartTrip;German;6;4
3809;1193;StartTrip;English;1;5
3810;1193;StartTrip;American;1;3
3811;1194;FinishTrip;German;4
3812;1194;StartTrip;German;4;1
3813;1195;FinishTrip;Chinese;2
3814;1195;StartTrip;Chinese;2;4
3815;1196;FinishTrip;English;5
3816;1196;FinishTrip;0;German;1
3817;1196;FinishTrip;0;Chinese;4
3818;1196;StartTrip;English;5;4
3819;1196;StartTrip;Chinese;4;2
3820;1196;StartTrip;German;1;4
3821;1197;FinishTrip;Chinese;2
3822;1197;StartTrip;Chinese;2;1
3823;1198;FinishTrip;German;4
3824;1198;StartTrip;German;4;1
3825;1199;FinishTrip;French;6
3826;1199;StartTrip;French;6;2
3827;1200;FinishTrip;0;German;1
3828;1200;FinishTrip;0;English;4
3829;1200;StartTrip;German;1;4
3830;1200;StartTrip;English;4;5
3831;1201;FinishTrip;American;3
3832;1201;StartTrip;American;3;6
3833;1202;FinishTrip;German;4
3834;1202;FinishTrip;0;Chinese;1
3835;1202;StartTrip;German;4;1
3836;1202;StartTrip;Chinese;1;2
3837;1204;FinishTrip;0;French;2
3838;1204;FinishTrip;0;German;1
3839;1204;StartTrip;French;2;6
3840;1204;StartTrip;German;1;4
3841;1205;FinishTrip;0;American;6
3842;1205;StartTrip;American;6;3
3843;1206;FinishTrip;English;5
3844;1206;FinishTrip;German;4
3845;1206;StartTrip;English;5;3
3846;1206;StartTrip;German;4;6
3847;1207;FinishTrip;American;3
3848;1207;StartTrip;American;3;5
3849;1208;FinishTrip;Chinese;2
3850;1208;StartTrip;Chinese;2;1
3851;1209;FinishTrip;0;German;6
3852;1209;FinishTrip;0;American;5
3853;1209;StartTrip;German;6;4
3854;1209;StartTrip;American;5;3
3855;1210;FinishTrip;German;4
3856;1210;FinishTrip;0;English;3
3857;1210;StartTrip;German;4;6
3858;1210;StartTrip;English;3;5
3859;1212;FinishTrip;English;5
3860;1212;StartTrip;English;5;2
3861;1213;FinishTrip;American;3
3862;1213;FinishTrip;0;Chinese;1
3863;1213;FinishTrip;0;English;2
3864;1213;FinishTrip;0;German;6
3865;1213;StartTrip;American;3;5
3866;1213;StartTrip;German;6;4
3867;1213;StartTrip;Chinese;1;2
3868;1213;StartTrip;English;2;5
3869;1214;FinishTrip;French;6
3870;1214;FinishTrip;German;4
3871;1214;StartTrip;French;6;4
3872;1214;StartTrip;German;4;1
3873;1215;FinishTrip;English;5
3874;1215;FinishTrip;1;American;5
3875;1215;FinishTrip;0;French;4
3876;1215;StartTrip;English;5;2
3877;1215;StartTrip;French;4;6
3878;1215;StartTrip;American;5;3
3879;1216;FinishTrip;0;German;1
3880;1216;FinishTrip;0;English;2
3881;1216;StartTrip;German;1;4
3882;1216;StartTrip;English;2;5
3883;1218;FinishTrip;French;6
3884;1218;FinishTrip;English;5
3885;1218;FinishTrip;German;4
3886;1218;StartTrip;French;6;5
3887;1218;StartTrip;German;4;6
3888;1218;StartTrip;English;5;4
3889;1219;FinishTrip;Chinese;2
3890;1219;FinishTrip;American;3
3891;1219;StartTrip;Chinese;2;4
3892;1219;StartTrip;American;3;1
3893;1220;FinishTrip;0;Chinese;4
3894;1220;StartTrip;Chinese;4;2
3895;1221;FinishTrip;Chinese;2
3896;1221;FinishTrip;0;German;6
3897;1221;FinishTrip;0;French;5
3898;1221;StartTrip;Chinese;2;1
3899;1221;StartTrip;French;5;6
3900;1221;StartTrip;German;6;4
3901;1222;FinishTrip;German;4
3902;1222;FinishTrip;1;English;4
3903;1222;StartTrip;German;4;1
3904;1222;StartTrip;English;4;5
3905;1224;FinishTrip;0;German;1
3906;1224;StartTrip;German;1;4
3907;1226;FinishTrip;German;4
3908;1226;FinishTrip;French;6
3909;1226;FinishTrip;0;Chinese;1
3910;1226;StartTrip;German;4;1
3911;1226;StartTrip;Chinese;1;2
3912;1226;StartTrip;French;6;1
3913;1228;FinishTrip;English;5
3914;1228;FinishTrip;0;German;1
3915;1228;StartTrip;English;5;1
3916;1228;StartTrip;German;1;4
3917;1230;FinishTrip;German;4
3918;1230;FinishTrip;0;French;1
3919;1230;StartTrip;German;4;6
3920;1230;StartTrip;French;1;6
3921;1231;FinishTrip;French;6
3922;1231;StartTrip;French;6;5
3923;1232;FinishTrip;Chinese;2
3924;1232;FinishTrip;0;English;1
3925;1232;StartTrip;Chinese;2;4
3926;1232;StartTrip;English;1;5
3927;1233;FinishTrip;0;German;6
3928;1233;FinishTrip;0;Chinese;4
3929;1233;StartTrip;German;6;4
3930;1233;StartTrip;Chinese;4;2
3931;1234;FinishTrip;Chinese;2
3932;1234;FinishTrip;German;4
3933;1234;FinishTrip;0;French;5
3934;1234;StartTrip;Chinese;2;1
3935;1234;StartTrip;French;5;6
3936;1234;StartTrip;German;4;1
3937;1235;FinishTrip;English;5
3938;1235;StartTrip;English;5;3
3939;1236;FinishTrip;0;German;1
3940;1236;StartTrip;German;1;4
3941;1238;FinishTrip;Russian;1
3942;1238;FinishTrip;German;4
3943;1238;StartTrip;Russian;1;6
3944;1238;StartTrip;German;4;1
3945;1239;FinishTrip;1;French;6
3946;1239;FinishTrip;0;Chinese;1
3947;1239;FinishTrip;0;English;3
3948;1239;FinishTrip;Russian;6
3949;1239;changeHouse;2;Russian;French;6;1
3950;1239;StartTrip;French;6;1
3951;1239;StartTrip;Russian;6;1
3952;1239;StartTrip;Chinese;1;2
3953;1239;StartTrip;English;3;5
3954;1240;FinishTrip;0;German;1
3955;1240;StartTrip;German;1;4
3956;1241;FinishTrip;English;5
3957;1241;StartTrip;English;5;1
3958;1242;FinishTrip;German;4
3959;1242;StartTrip;German;4;1
3960;1243;FinishTrip;French;1
3961;1243;FinishTrip;1;Russian;1
3962;1243;ChangePet;2;Russian;French;Bear;Zebra
3963;1243;StartTrip;French;1;4
3964;1243;StartTrip;Russian;1;6
3965;1244;FinishTrip;Russian;6
3966;1244;FinishTrip;0;German;1
3967;1244;StartTrip;Russian;6;1
3968;1244;StartTrip;German;1;4
3969;1245;FinishTrip;Chinese;2
3970;1245;FinishTrip;0;French;4
3971;1245;FinishTrip;0;English;1
3972;1245;StartTrip;Chinese;2;3
3973;1245;StartTrip;English;1;5
3974;1245;StartTrip;French;4;1
3975;1246;FinishTrip;German;4
3976;1246;StartTrip;German;4;1
3977;1247;FinishTrip;French;1
3978;1247;StartTrip;French;1;2
3979;1248;FinishTrip;English;5
3980;1248;FinishTrip;0;German;1
3981;1248;FinishTrip;0;Russian;1
3982;1248;StartTrip;English;5;3
3983;1248;StartTrip;Russian;1;6
3984;1248;StartTrip;German;1;4
3985;1249;FinishTrip;Russian;6
3986;1249;FinishTrip;0;Chinese;3
3987;1249;StartTrip;Russian;6;1
3988;1249;StartTrip;Chinese;3;2
3989;1250;FinishTrip;German;4
3990;1250;StartTrip;German;4;6
3991;1252;FinishTrip;Chinese;2
3992;1252;FinishTrip;0;English;3
3993;1252;StartTrip;Chinese;2;4
3994;1252;StartTrip;English;3;5
3995;1253;FinishTrip;0;German;6
3996;1253;FinishTrip;0;Russian;1
3997;1253;FinishTrip;0;French;2
3998;1253;FinishTrip;0;Chinese;4
3999;1253;StartTrip;German;6;4
4000;1253;StartTrip;Chinese;4;2
4001;1253;StartTrip;Russian;1;6
4002;1253;StartTrip;French;2;1
4003;1254;FinishTrip;English;5
4004;1254;FinishTrip;German;4
4005;1254;FinishTrip;Chinese;2
4006;1254;FinishTrip;Russian;6
4007;1254;StartTrip;English;5;3
4008;1254;StartTrip;Russian;6;1
4009;1254;StartTrip;German;4;6
4010;1254;StartTrip;Chinese;2;1
4011;1257;FinishTrip;0;German;6
4012;1257;StartTrip;German;6;4
4013;1258;FinishTrip;German;4
4014;1258;FinishTrip;1;French;1
4015;1258;FinishTrip;0;English;3
4016;1258;FinishTrip;Russian;1
4017;1258;changeHouse;2;Russian;French;1;6
4018;1258;StartTrip;German;4;1
4019;1258;StartTrip;Russian;1;4
4020;1258;StartTrip;French;1;6
4021;1258;StartTrip;English;3;5
4022;1259;FinishTrip;French;6
4023;1259;FinishTrip;0;Chinese;1
4024;1259;StartTrip;French;6;1
4025;1259;StartTrip;Chinese;1;2
4026;1260;FinishTrip;English;5
4027;1260;FinishTrip;0;Russian;4
4028;1260;FinishTrip;0;German;1
4029;1260;StartTrip;English;5;1
4030;1260;StartTrip;German;1;4
4031;1260;StartTrip;Russian;4;1
4032;1262;FinishTrip;German;4
4033;1262;FinishTrip;Russian;1
4034;1262;StartTrip;German;4;6
4035;1262;StartTrip;Russian;1;5
4036;1263;FinishTrip;0;French;1
4037;1263;StartTrip;French;1;6
4038;1264;FinishTrip;French;6
4039;1264;FinishTrip;0;English;1
4040;1264;StartTrip;French;6;5
4041;1264;StartTrip;English;1;5
4042;1265;FinishTrip;Chinese;2
4043;1265;FinishTrip;0;Russian;5
4044;1265;FinishTrip;0;German;6
4045;1265;StartTrip;Chinese;2;4
4046;1265;StartTrip;German;6;4
4047;1265;StartTrip;Russian;5;1
4048;1266;FinishTrip;German;4
4049;1266;FinishTrip;1;Chinese;4
4050;1266;StartTrip;German;4;1
4051;1266;StartTrip;Chinese;4;2
4052;1267;FinishTrip;Chinese;2
4053;1267;FinishTrip;English;5
4054;1267;FinishTrip;1;French;5
4055;1267;ChangePet;2;English;French;Zebra;Dog
4056;1267;StartTrip;Chinese;2;4
4057;1267;StartTrip;French;5;6
4058;1267;StartTrip;English;5;4
4059;1268;FinishTrip;0;German;1
4060;1268;FinishTrip;0;Chinese;4
4061;1268;StartTrip;German;1;4
4062;1268;StartTrip;Chinese;4;2
4063;1269;FinishTrip;Russian;1
4064;1269;FinishTrip;Chinese;2
4065;1269;StartTrip;Russian;1;6
4066;1269;StartTrip;Chinese;2;3
4067;1270;FinishTrip;German;4
4068;1270;FinishTrip;0;Russian;6
4069;1270;StartTrip;German;4;1
4070;1270;StartTrip;Russian;6;1
4071;1271;FinishTrip;0;English;4
4072;1271;FinishTrip;0;American;1
4073;1271;StartTrip;English;4;5
4074;1271;StartTrip;American;1;3
4075;1272;FinishTrip;French;6
4076;1272;FinishTrip;0;German;1
4077;1272;StartTrip;French;6;2
4078;1272;StartTrip;German;1;4
4079;1273;FinishTrip;0;Chinese;3
4080;1273;StartTrip;Chinese;3;2
4081;1274;FinishTrip;Russian;1
4082;1274;FinishTrip;German;4
4083;1274;StartTrip;Russian;1;4
4084;1274;StartTrip;German;4;1
4085;1276;FinishTrip;Chinese;2
4086;1276;FinishTrip;0;German;1
4087;1276;FinishTrip;0;Russian;4
4088;1276;StartTrip;Chinese;2;5
4089;1276;StartTrip;Russian;4;1
4090;1276;StartTrip;German;1;4
4091;1277;FinishTrip;English;5
4092;1277;FinishTrip;0;French;2
4093;1277;StartTrip;English;5;2
4094;1277;StartTrip;French;2;6
4095;1278;FinishTrip;German;4
4096;1278;FinishTrip;Russian;1
4097;1278;FinishTrip;0;Chinese;5
4098;1278;FinishTrip;0;English;2
4099;1278;StartTrip;German;4;1
4100;1278;StartTrip;English;2;5
4101;1278;StartTrip;Russian;1;2
4102;1278;StartTrip;Chinese;5;2
4103;1279;FinishTrip;American;3
4104;1279;FinishTrip;Chinese;2
4105;1279;StartTrip;American;3;2
4106;1279;StartTrip;Chinese;2;1
4107;1280;FinishTrip;English;5
4108;1280;FinishTrip;0;German;1
4109;1280;StartTrip;English;5;1
4110;1280;StartTrip;German;1;4
4111;1282;FinishTrip;German;4
4112;1282;FinishTrip;0;American;2
4113;1282;StartTrip;German;4;1
4114;1282;StartTrip;American;2;3
4115;1284;FinishTrip;0;English;1
4116;1284;FinishTrip;0;Chinese;1
4117;1284;FinishTrip;0;Russian;2
4118;1284;FinishTrip;0;German;1
4119;1284;StartTrip;English;1;5
4120;1284;StartTrip;German;1;4
4121;1284;StartTrip;Chinese;1;2
4122;1284;StartTrip;Russian;2;1
4123;1286;FinishTrip;American;3
4124;1286;FinishTrip;German;4
4125;1286;StartTrip;American;3;2
4126;1286;StartTrip;German;4;1
4127;1287;FinishTrip;English;5
4128;1287;FinishTrip;French;6
4129;1287;StartTrip;English;5;2
4130;1287;StartTrip;French;6;4
4131;1288;FinishTrip;0;German;1
4132;1288;FinishTrip;0;French;4
4133;1288;FinishTrip;0;English;2
4134;1288;StartTrip;German;1;4
4135;1288;StartTrip;English;2;5
4136;1288;StartTrip;French;4;6
4137;1289;FinishTrip;Russian;1
4138;1289;FinishTrip;0;American;2
4139;1289;StartTrip;Russian;1;4
4140;1289;StartTrip;American;2;3
4141;1290;FinishTrip;Chinese;2
4142;1290;FinishTrip;German;4
4143;1290;FinishTrip;English;5
4144;1290;StartTrip;Chinese;2;1
4145;1290;StartTrip;English;5;4
4146;1290;StartTrip;German;4;6
4147;1291;FinishTrip;French;6
4148;1291;FinishTrip;0;Russian;4
4149;1291;StartTrip;French;6;5
4150;1291;StartTrip;Russian;4;1
4151;1293;FinishTrip;American;3
4152;1293;FinishTrip;Russian;1
4153;1293;FinishTrip;0;German;6
4154;1293;StartTrip;American;3;5
4155;1293;StartTrip;German;6;4
4156;1293;StartTrip;Russian;1;2
4157;1294;FinishTrip;German;4
4158;1294;FinishTrip;0;French;5
4159;1294;FinishTrip;1;English;4
4160;1294;StartTrip;German;4;1
4161;1294;StartTrip;English;4;5
4162;1294;StartTrip;French;5;6
4163;1295;FinishTrip;0;American;5
4164;1295;FinishTrip;0;Chinese;1
4165;1295;StartTrip;American;5;3
4166;1295;StartTrip;Chinese;1;2
4167;1296;FinishTrip;0;German;1
4168;1296;StartTrip;German;1;4
4169;1298;FinishTrip;German;4
4170;1298;StartTrip;German;4;1
4171;1299;FinishTrip;French;6
4172;1299;FinishTrip;American;3
4173;1299;FinishTrip;0;Russian;2
4174;1299;StartTrip;French;6;1
4175;1299;StartTrip;Russian;2;1
4176;1299;StartTrip;American;3;4
4177;1300;FinishTrip;English;5
4178;1300;FinishTrip;0;German;1
4179;1300;StartTrip;English;5;2
4180;1300;StartTrip;German;1;4
4181;1301;FinishTrip;Chinese;2
4182;1301;FinishTrip;1;English;2
4183;1301;StartTrip;Chinese;2;3
4184;1301;StartTrip;English;2;5
4185;1302;FinishTrip;German;4
4186;1302;StartTrip;German;4;1
4187;1303;FinishTrip;English;5
4188;1303;FinishTrip;0;French;1
4189;1303;StartTrip;English;5;4
4190;1303;StartTrip;French;1;6
4191;1304;FinishTrip;Russian;1
4192;1304;FinishTrip;French;6
4193;1304;FinishTrip;1;German;1
4194;1304;FinishTrip;0;American;4
4195;1304;StartTrip;Russian;1;2
4196;1304;StartTrip;American;4;3
4197;1304;StartTrip;French;6;2
4198;1304;StartTrip;German;1;4
4199;1305;FinishTrip;0;Chinese;3
4200;1305;StartTrip;Chinese;3;2
4201;1306;FinishTrip;German;4
4202;1306;StartTrip;German;4;1
4203;1307;FinishTrip;American;3
4204;1307;FinishTrip;0;English;4
4205;1307;StartTrip;American;3;2
4206;1307;StartTrip;English;4;5
4207;1308;FinishTrip;Chinese;2
4208;1308;FinishTrip;0;German;1
4209;1308;StartTrip;Chinese;2;3
4210;1308;StartTrip;German;1;4
4211;1309;FinishTrip;0;French;2
4212;1309;StartTrip;French;2;6
4213;1310;FinishTrip;German;4
4214;1310;FinishTrip;0;Russian;2
4215;1310;FinishTrip;0;American;2
4216;1310;StartTrip;German;4;1
4217;1310;StartTrip;American;2;3
4218;1310;StartTrip;Russian;2;1
4219;1312;FinishTrip;0;Chinese;3
4220;1312;FinishTrip;0;German;1
4221;1312;StartTrip;Chinese;3;2
4222;1312;StartTrip;German;1;4
4223;1313;FinishTrip;English;5
4224;1313;StartTrip;English;5;2
4225;1314;FinishTrip;German;4
4226;1314;FinishTrip;American;3
4227;1314;FinishTrip;0;English;2
4228;1314;StartTrip;German;4;6
4229;1314;StartTrip;English;2;5
4230;1314;StartTrip;American;3;4
4231;1315;FinishTrip;Chinese;2
4232;1315;FinishTrip;Russian;1
4233;1315;StartTrip;Chinese;2;1
4234;1315;StartTrip;Russian;1;4
4235;1316;FinishTrip;English;5
4236;1316;StartTrip;English;5;4
4237;1317;FinishTrip;0;Russian;4
4238;1317;FinishTrip;0;German;6
4239;1317;StartTrip;Russian;4;1
4240;1317;StartTrip;German;6;4
4241;1318;FinishTrip;German;4
4242;1318;StartTrip;German;4;6
4243;1319;FinishTrip;French;6
4244;1319;FinishTrip;Russian;1
4245;1319;FinishTrip;0;American;4
4246;1319;StartTrip;French;6;5
4247;1319;StartTrip;American;4;3
4248;1319;StartTrip;Russian;1;3
4249;1320;FinishTrip;0;English;4
4250;1320;FinishTrip;0;Chinese;1
4251;1320;StartTrip;English;4;5
4252;1320;StartTrip;Chinese;1;2
4253;1321;FinishTrip;0;German;6
4254;1321;StartTrip;German;6;4
4255;1322;FinishTrip;German;4
4256;1322;FinishTrip;American;3
4257;1322;FinishTrip;0;French;5
4258;1322;StartTrip;German;4;6
4259;1322;StartTrip;French;5;6
4260;1322;StartTrip;American;3;6
4261;1325;FinishTrip;0;German;6
4262;1325;StartTrip;German;6;4
4263;1326;FinishTrip;German;4
4264;1326;FinishTrip;English;5
4265;1326;FinishTrip;Chinese;2
4266;1326;FinishTrip;0;American;6
4267;1326;StartTrip;German;4;6
4268;1326;StartTrip;American;6;3
4269;1326;StartTrip;English;5;1
4270;1326;StartTrip;Chinese;2;4
4271;1327;FinishTrip;French;6
4272;1327;FinishTrip;0;Russian;3
4273;1327;FinishTrip;0;Chinese;4
4274;1327;StartTrip;French;6;4
4275;1327;StartTrip;Chinese;4;2
4276;1327;StartTrip;Russian;3;1
4277;1328;FinishTrip;American;3
4278;1328;FinishTrip;Chinese;2
4279;1328;FinishTrip;0;French;4
4280;1328;StartTrip;American;3;6
4281;1328;StartTrip;French;4;6
4282;1328;StartTrip;Chinese;2;4
4283;1329;FinishTrip;0;German;6
4284;1329;FinishTrip;0;Chinese;4
4285;1329;StartTrip;German;6;4
4286;1329;StartTrip;Chinese;4;2
4287;1330;FinishTrip;Chinese;2
4288;1330;FinishTrip;German;4
4289;1330;FinishTrip;0;English;1
4290;1330;StartTrip;Chinese;2;1
4291;1330;StartTrip;English;1;5
4292;1330;StartTrip;German;4;6
4293;1331;FinishTrip;French;6
4294;1331;StartTrip;French;6;5
4295;1332;FinishTrip;0;American;6
4296;1332;StartTrip;American;6;3
4297;1333;FinishTrip;English;5
4298;1333;FinishTrip;0;German;6
4299;1333;StartTrip;English;5;4
4300;1333;StartTrip;German;6;4
4301;1334;FinishTrip;German;4
4302;1334;FinishTrip;American;3
4303;1334;FinishTrip;0;French;5
4304;1334;StartTrip;German;4;1
4305;1334;StartTrip;French;5;6
4306;1334;StartTrip;American;3;1
4307;1335;FinishTrip;0;Chinese;1
4308;1335;StartTrip;Chinese;1;2
4309;1336;FinishTrip;0;German;1
4310;1336;StartTrip;German;1;4
4311;1337;FinishTrip;0;English;4
4312;1337;StartTrip;English;4;5
4313;1338;FinishTrip;German;4
4314;1338;StartTrip;German;4;6
4315;1339;FinishTrip;French;6
4316;1339;StartTrip;French;6;5
4317;1341;FinishTrip;Chinese;2
4318;1341;FinishTrip;0;German;6
4319;1341;StartTrip;Chinese;2;1
4320;1341;StartTrip;German;6;4
4321;1342;FinishTrip;German;4
4322;1342;FinishTrip;0;French;5
4323;1342;StartTrip;German;4;6
4324;1342;StartTrip;French;5;6
4325;1343;FinishTrip;English;5
4326;1343;StartTrip;English;5;1
4327;1345;FinishTrip;0;German;6
4328;1345;StartTrip;German;6;4
4329;1346;FinishTrip;German;4
4330;1346;FinishTrip;0;Chinese;1
4331;1346;StartTrip;German;4;6
4332;1346;StartTrip;Chinese;1;2
4333;1347;FinishTrip;French;6
4334;1347;FinishTrip;0;English;1
4335;1347;StartTrip;French;6;5
4336;1347;StartTrip;English;1;5
4337;1349;FinishTrip;0;German;6
4338;1349;StartTrip;German;6;4
4339;1350;FinishTrip;1;English;5
4340;1350;FinishTrip;German;4
4341;1350;FinishTrip;French;5
4342;1350;changeHouse;2;English;French;6;5
4343;1350;StartTrip;English;5;6
4344;1350;StartTrip;French;5;6
4345;1350;StartTrip;German;4;6
4346;1352;FinishTrip;Chinese;2
4347;1352;StartTrip;Chinese;2;5
4348;1353;FinishTrip;0;German;6
4349;1353;StartTrip;German;6;4
4350;1354;FinishTrip;German;4
4351;1354;FinishTrip;0;Chinese;5
4352;1354;StartTrip;German;4;6
4353;1354;StartTrip;Chinese;5;2
4354;1355;FinishTrip;English;6
4355;1355;FinishTrip;Chinese;2
4356;1355;FinishTrip;1;French;6
4357;1355;StartTrip;English;6;5
4358;1355;StartTrip;French;6;5
4359;1355;StartTrip;Chinese;2;1
4360;1357;FinishTrip;0;German;6
4361;1357;StartTrip;German;6;4
4362;1358;FinishTrip;German;4
4363;1358;FinishTrip;French;5
4364;1358;FinishTrip;1;English;5
4365;1358;StartTrip;German;4;6
4366;1358;StartTrip;English;5;6
4367;1358;StartTrip;French;5;1
4368;1360;FinishTrip;0;Chinese;1
4369;1360;StartTrip;Chinese;1;2
4370;1361;FinishTrip;0;German;6
4371;1361;StartTrip;German;6;4
4372;1362;FinishTrip;German;4
4373;1362;FinishTrip;0;French;1
4374;1362;StartTrip;German;4;1
4375;1362;StartTrip;French;1;5
4376;1363;FinishTrip;English;6
4377;1363;StartTrip;English;6;4
4378;1364;FinishTrip;0;German;1
4379;1364;FinishTrip;0;English;4
4380;1364;StartTrip;German;1;4
4381;1364;StartTrip;English;4;6
4382;1365;FinishTrip;French;5
4383;1365;StartTrip;French;5;6
4384;1366;FinishTrip;Chinese;2
4385;1366;FinishTrip;German;4
4386;1366;StartTrip;Chinese;2;4
4387;1366;StartTrip;German;4;6
4388;1367;FinishTrip;English;6
4389;1367;FinishTrip;0;Chinese;4
4390;1367;StartTrip;English;6;1
4391;1367;StartTrip;Chinese;4;2
4392;1368;FinishTrip;Chinese;2
4393;1368;StartTrip;Chinese;2;3
4394;1369;FinishTrip;0;German;6
4395;1369;StartTrip;German;6;4
4396;1370;FinishTrip;German;4
4397;1370;FinishTrip;0;French;6
4398;1370;StartTrip;German;4;1
4399;1370;StartTrip;French;6;5
4400;1371;FinishTrip;0;English;1
4401;1371;StartTrip;English;1;6
4402;1372;FinishTrip;English;6
4403;1372;FinishTrip;0;Chinese;3
4404;1372;FinishTrip;0;German;1
4405;1372;StartTrip;English;6;1
4406;1372;StartTrip;German;1;4
4407;1372;StartTrip;Chinese;3;2
4408;1373;FinishTrip;French;5
4409;1373;StartTrip;French;5;2
4410;1374;FinishTrip;German;4
4411;1374;FinishTrip;0;French;2
4412;1374;StartTrip;German;4;6
4413;1374;StartTrip;French;2;5
4414;1375;FinishTrip;Chinese;2
4415;1375;StartTrip;Chinese;2;4
4416;1376;FinishTrip;French;5
4417;1376;FinishTrip;0;Chinese;4
4418;1376;FinishTrip;0;English;1
4419;1376;StartTrip;French;5;4
4420;1376;StartTrip;English;1;6
4421;1376;StartTrip;Chinese;4;2
4422;1377;FinishTrip;Chinese;2
4423;1377;FinishTrip;English;6
4424;1377;FinishTrip;1;German;6
4425;1377;StartTrip;Chinese;2;4
4426;1377;StartTrip;German;6;4
4427;1377;StartTrip;English;6;5
4428;1378;FinishTrip;German;4
4429;1378;FinishTrip;1;Chinese;4
4430;1378;StartTrip;German;4;6
4431;1378;StartTrip;Chinese;4;2
4432;1379;FinishTrip;Russian;1
4433;1379;FinishTrip;Chinese;2
4434;1379;StartTrip;Russian;1;4
4435;1379;StartTrip;Chinese;2;5
4436;1380;FinishTrip;0;English;5
4437;1380;FinishTrip;0;French;4
4438;1380;StartTrip;English;5;6
4439;1380;StartTrip;French;4;5
4440;1381;FinishTrip;0;Chinese;5
4441;1381;FinishTrip;0;Russian;4
4442;1381;FinishTrip;0;German;6
4443;1381;StartTrip;Chinese;5;2
4444;1381;StartTrip;German;6;4
4445;1381;StartTrip;Russian;4;1
4446;1382;FinishTrip;Chinese;2
4447;1382;FinishTrip;German;4
4448;1382;StartTrip;Chinese;2;3
4449;1382;StartTrip;German;4;1
4450;1383;FinishTrip;Russian;1
4451;1383;StartTrip;Russian;1;4
4452;1384;FinishTrip;0;German;1
4453;1384;StartTrip;German;1;4
4454;1385;FinishTrip;English;6
4455;1385;FinishTrip;0;Russian;4
4456;1385;StartTrip;English;6;1
4457;1385;StartTrip;Russian;4;1
4458;1386;FinishTrip;German;4
4459;1386;FinishTrip;French;5
4460;1386;FinishTrip;0;Chinese;3
4461;1386;FinishTrip;0;American;1
4462;1386;StartTrip;German;4;6
4463;1386;StartTrip;American;1;3
4464;1386;StartTrip;French;5;2
4465;1386;StartTrip;Chinese;3;2
4466;1387;FinishTrip;Russian;1
4467;1387;FinishTrip;0;French;2
4468;1387;StartTrip;Russian;1;2
4469;1387;StartTrip;French;2;5
4470;1389;FinishTrip;Chinese;2
4471;1389;FinishTrip;French;5
4472;1389;FinishTrip;0;English;1
4473;1389;FinishTrip;0;German;6
4474;1389;StartTrip;Chinese;2;4
4475;1389;StartTrip;German;6;4
4476;1389;StartTrip;French;5;1
4477;1389;StartTrip;English;1;6
4478;1390;FinishTrip;English;6
4479;1390;FinishTrip;German;4
4480;1390;FinishTrip;1;Chinese;4
4481;1390;StartTrip;English;6;1
4482;1390;StartTrip;Chinese;4;2
4483;1390;StartTrip;German;4;6
4484;1391;FinishTrip;Chinese;2
4485;1391;StartTrip;Chinese;2;4
4486;1392;FinishTrip;0;Chinese;4
4487;1392;StartTrip;Chinese;4;2
4488;1393;FinishTrip;Chinese;2
4489;1393;FinishTrip;0;German;6
4490;1393;FinishTrip;0;French;1
4491;1393;FinishTrip;1;Russian;2
4492;1393;StartTrip;Chinese;2;1
4493;1393;StartTrip;Russian;2;1
4494;1393;StartTrip;German;6;4
4495;1393;StartTrip;French;1;5
4496;1394;FinishTrip;American;3
4497;1394;FinishTrip;German;4
4498;1394;FinishTrip;0;English;1
4499;1394;StartTrip;American;3;4
4500;1394;StartTrip;English;1;6
4501;1394;StartTrip;German;4;1
4502;1395;FinishTrip;English;6
4503;1395;StartTrip;English;6;1
4504;1396;FinishTrip;French;5
4505;1396;FinishTrip;0;German;1
4506;1396;StartTrip;French;5;4
4507;1396;StartTrip;German;1;4
4508;1398;FinishTrip;German;4
4509;1398;FinishTrip;Russian;1
4510;1398;FinishTrip;1;Chinese;1
4511;1398;StartTrip;German;4;1
4512;1398;StartTrip;Chinese;1;2
4513;1398;StartTrip;Russian;1;4
4514;1399;FinishTrip;0;American;4
4515;1399;FinishTrip;0;English;1
4516;1399;StartTrip;American;4;3
4517;1399;StartTrip;English;1;6
4518;1400;FinishTrip;English;6
4519;1400;FinishTrip;0;French;4
4520;1400;FinishTrip;0;Russian;4
4521;1400;FinishTrip;0;German;1
4522;1400;StartTrip;English;6;4
4523;1400;StartTrip;German;1;4
4524;1400;StartTrip;French;4;5
4525;1400;StartTrip;Russian;4;1
4526;1401;FinishTrip;0;English;4
4527;1401;StartTrip;English;4;6
4528;1402;FinishTrip;American;3
4529;1402;FinishTrip;Russian;1
4530;1402;FinishTrip;German;4
4531;1402;StartTrip;American;3;2
4532;1402;StartTrip;German;4;6
4533;1402;StartTrip;Russian;1;5
4534;1404;FinishTrip;Chinese;2
4535;1404;FinishTrip;English;6
4536;1404;StartTrip;Chinese;2;3
4537;1404;StartTrip;English;6;5
4538;1405;FinishTrip;0;Russian;5
4539;1405;FinishTrip;0;American;2
4540;1405;FinishTrip;0;German;6
4541;1405;StartTrip;Russian;5;1
4542;1405;StartTrip;German;6;4
4543;1405;StartTrip;American;2;3
4544;1406;FinishTrip;French;5
4545;1406;FinishTrip;German;4
4546;1406;StartTrip;French;5;6
4547;1406;StartTrip;German;4;1
4548;1407;FinishTrip;0;English;5
4549;1407;StartTrip;English;5;6
4550;1408;FinishTrip;0;Chinese;3
4551;1408;FinishTrip;0;German;1
4552;1408;StartTrip;Chinese;3;2
4553;1408;StartTrip;German;1;4
4554;1409;FinishTrip;American;3
4555;1409;FinishTrip;Russian;1
4556;1409;StartTrip;American;3;5
4557;1409;StartTrip;Russian;1;2
4558;1410;FinishTrip;German;4
4559;1410;StartTrip;German;4;1
4560;1411;FinishTrip;Chinese;2
4561;1411;FinishTrip;0;French;6
4562;1411;FinishTrip;0;American;5
4563;1411;StartTrip;Chinese;2;3
4564;1411;StartTrip;American;5;3
4565;1411;StartTrip;French;6;5
4566;1412;FinishTrip;English;6
4567;1412;FinishTrip;0;German;1
4568;1412;StartTrip;English;6;2
4569;1412;StartTrip;German;1;4
4570;1414;FinishTrip;French;5
4571;1414;FinishTrip;German;4
4572;1414;StartTrip;French;5;2
4573;1414;StartTrip;German;4;6
4574;1415;FinishTrip;American;3
4575;1415;FinishTrip;0;Russian;2
4576;1415;FinishTrip;0;French;2
4577;1415;FinishTrip;1;Chinese;3
4578;1415;StartTrip;American;3;4
4579;1415;StartTrip;Chinese;3;2
4580;1415;StartTrip;Russian;2;1
4581;1415;StartTrip;French;2;5
4582;1417;FinishTrip;French;5
4583;1417;FinishTrip;0;English;2
4584;1417;FinishTrip;0;German;6
4585;1417;StartTrip;French;5;6
4586;1417;StartTrip;German;6;4
4587;1417;StartTrip;English;2;6
4588;1418;FinishTrip;Chinese;2
4589;1418;FinishTrip;German;4
4590;1418;StartTrip;Chinese;2;5
4591;1418;StartTrip;German;4;1
4592;1420;FinishTrip;1;Russian;1
4593;1420;FinishTrip;0;American;4
4594;1420;FinishTrip;German;1
4595;1420;FinishTrip;0;Chinese;5
4596;1420;changeHouse;2;Russian;German;4;1
4597;1420;StartTrip;Russian;1;4
4598;1420;StartTrip;Chinese;5;2
4599;1420;StartTrip;American;4;3
4600;1420;StartTrip;German;1;6
4601;1421;FinishTrip;Chinese;2
4602;1421;FinishTrip;0;German;6
4603;1421;StartTrip;Chinese;2;5
4604;1421;StartTrip;German;6;1
4605;1422;FinishTrip;Russian;4
4606;1422;FinishTrip;0;French;6
4607;1422;StartTrip;Russian;4;1
4608;1422;StartTrip;French;6;5
4609;1423;FinishTrip;American;3
4610;1423;FinishTrip;0;Chinese;5
4611;1423;StartTrip;American;3;1
4612;1423;StartTrip;Chinese;5;2
4613;1424;FinishTrip;Chinese;2
4614;1424;FinishTrip;0;Russian;1
4615;1424;StartTrip;Chinese;2;5
4616;1424;StartTrip;Russian;1;4
4617;1425;FinishTrip;German;1
4618;1425;FinishTrip;French;5
4619;1425;StartTrip;German;1;6
4620;1425;StartTrip;French;5;4
4621;1426;FinishTrip;Russian;4
4622;1426;FinishTrip;0;Chinese;5
4623;1426;FinishTrip;0;German;6
4624;1426;StartTrip;Russian;4;1
4625;1426;StartTrip;German;6;1
4626;1426;StartTrip;Chinese;5;2
4627;1427;FinishTrip;English;6
4628;1427;FinishTrip;Chinese;2
4629;1427;StartTrip;English;6;5
4630;1427;StartTrip;Chinese;2;4
4631;1428;FinishTrip;0;Russian;1
4632;1428;FinishTrip;0;Chinese;4
4633;1428;StartTrip;Russian;1;4
4634;1428;StartTrip;Chinese;4;2
4635;1429;FinishTrip;Chinese;2
4636;1429;FinishTrip;0;French;4
4637;1429;StartTrip;Chinese;2;1
4638;1429;StartTrip;French;4;5
4639;1430;FinishTrip;Russian;4
4640;1430;FinishTrip;German;1
4641;1430;FinishTrip;0;English;5
4642;1430;StartTrip;Russian;4;1
4643;1430;StartTrip;English;5;6
4644;1430;StartTrip;German;1;6
4645;1431;FinishTrip;0;German;6
4646;1431;StartTrip;German;6;1
4647;1432;FinishTrip;0;Russian;1
4648;1432;StartTrip;Russian;1;4
4649;1434;FinishTrip;Russian;4
4650;1434;FinishTrip;0;Chinese;1
4651;1434;StartTrip;Russian;4;1
4652;1434;StartTrip;Chinese;1;2
4653;1435;FinishTrip;German;1
4654;1435;FinishTrip;English;6
4655;1435;FinishTrip;French;5
4656;1435;StartTrip;German;1;6
4657;1435;StartTrip;French;5;6
4658;1435;StartTrip;English;6;1
4659;1436;FinishTrip;0;Russian;1
4660;1436;FinishTrip;0;German;6
4661;1436;StartTrip;Russian;1;4
4662;1436;StartTrip;German;6;1
4663;1438;FinishTrip;Russian;4
4664;1438;StartTrip;Russian;4;1
4665;1439;FinishTrip;0;English;1
4666;1439;StartTrip;English;1;6
4667;1440;FinishTrip;Chinese;2
4668;1440;FinishTrip;English;6
4669;1440;FinishTrip;German;1
4670;1440;FinishTrip;1;Russian;1
4671;1440;FinishTrip;1;French;6
4672;1440;StartTrip;Chinese;2;4
4673;1440;StartTrip;English;6;1
4674;1440;StartTrip;French;6;5
4675;1440;StartTrip;Russian;1;4
4676;1440;StartTrip;German;1;6
4677;1441;FinishTrip;0;Chinese;4
4678;1441;FinishTrip;0;German;6
4679;1441;StartTrip;Chinese;4;2
4680;1441;StartTrip;German;6;1
4681;1442;FinishTrip;Russian;4
4682;1442;FinishTrip;Chinese;2
4683;1442;StartTrip;Russian;4;1
4684;1442;StartTrip;Chinese;2;1
4685;1443;FinishTrip;French;5
4686;1443;StartTrip;French;5;6
4687;1444;FinishTrip;0;English;1
4688;1444;FinishTrip;0;Russian;1
4689;1444;StartTrip;English;1;6
4690;1444;StartTrip;Russian;1;4
4691;1445;FinishTrip;German;1
4692;1445;FinishTrip;English;6
4693;1445;StartTrip;German;1;6
4694;1445;StartTrip;English;6;2
4695;1446;FinishTrip;Russian;4
4696;1446;FinishTrip;0;German;6
4697;1446;StartTrip;Russian;4;1
4698;1446;StartTrip;German;6;1
4699;1447;FinishTrip;0;Chinese;1
4700;1447;StartTrip;Chinese;1;2
4701;1448;FinishTrip;0;French;6
4702;1448;FinishTrip;0;Russian;1
4703;1448;StartTrip;French;6;5
4704;1448;StartTrip;Russian;1;4
4705;1450;FinishTrip;German;1
4706;1450;FinishTrip;Russian;4
4707;1450;FinishTrip;0;English;2
4708;1450;StartTrip;German;1;6
4709;1450;StartTrip;English;2;6
4710;1450;StartTrip;Russian;4;1
4711;1451;FinishTrip;French;5
4712;1451;FinishTrip;0;German;6
4713;1451;StartTrip;French;5;6
4714;1451;StartTrip;German;6;1
4715;1452;FinishTrip;0;Russian;1
4716;1452;StartTrip;Russian;1;4
4717;1453;FinishTrip;Chinese;2
4718;1453;StartTrip;Chinese;2;3
4719;1454;FinishTrip;Russian;4
4720;1454;StartTrip;Russian;4;1
4721;1455;FinishTrip;German;1
4722;1455;StartTrip;German;1;6
4723;1456;FinishTrip;0;Russian;1
4724;1456;FinishTrip;0;German;6
4725;1456;FinishTrip;0;French;6
4726;1456;StartTrip;Russian;1;4
4727;1456;StartTrip;French;6;5
4728;1456;StartTrip;German;6;1
4729;1457;FinishTrip;0;Chinese;3
4730;1457;StartTrip;Chinese;3;2
4731;1458;FinishTrip;Russian;4
4732;1458;StartTrip;Russian;4;1
4733;1459;FinishTrip;French;5
4734;1459;StartTrip;French;5;2
4735;1460;FinishTrip;German;1
4736;1460;FinishTrip;English;6
4737;1460;FinishTrip;1;Chinese;2
4738;1460;FinishTrip;1;Russian;1
4739;1460;FinishTrip;French;2
4740;1460;ChangePet;2;Russian;German;Humpster;Bear
4741;1460;changeHouse;2;Chinese;French;5;2
4742;1460;StartTrip;German;1;6
4743;1460;StartTrip;English;6;1
4744;1460;StartTrip;French;2;4
4745;1460;StartTrip;Russian;1;4
4746;1460;StartTrip;Chinese;2;5
4747;1461;FinishTrip;0;German;6
4748;1461;FinishTrip;0;French;4
4749;1461;StartTrip;German;6;1
4750;1461;StartTrip;French;4;2
4751;1462;FinishTrip;Chinese;5
4752;1462;FinishTrip;French;2
4753;1462;FinishTrip;Russian;4
4754;1462;StartTrip;Chinese;5;1
4755;1462;StartTrip;Russian;4;1
4756;1462;StartTrip;French;2;6
4757;1464;FinishTrip;0;English;1
4758;1464;FinishTrip;0;Russian;1
4759;1464;StartTrip;English;1;6
4760;1464;StartTrip;Russian;1;4
4761;1465;FinishTrip;German;1
4762;1465;FinishTrip;English;6
4763;1465;StartTrip;German;1;6
4764;1465;StartTrip;English;6;1
4765;1466;FinishTrip;Russian;4
4766;1466;FinishTrip;0;Chinese;1
4767;1466;FinishTrip;0;German;6
4768;1466;StartTrip;Russian;4;1
4769;1466;StartTrip;German;6;1
4770;1466;StartTrip;Chinese;1;5
4771;1468;FinishTrip;0;Russian;1
4772;1468;StartTrip;Russian;1;4
4773;1469;FinishTrip;Chinese;5
4774;1469;FinishTrip;0;English;1
4775;1469;StartTrip;Chinese;5;1
4776;1469;StartTrip;English;1;6
4777;1470;FinishTrip;Russian;4
4778;1470;FinishTrip;English;6
4779;1470;FinishTrip;German;1
4780;1470;StartTrip;Russian;4;1
4781;1470;StartTrip;German;1;6
4782;1470;StartTrip;English;6;1
4783;1471;FinishTrip;0;German;6
4784;1471;StartTrip;German;6;1
4785;1472;FinishTrip;0;French;6
4786;1472;FinishTrip;0;Russian;1
4787;1472;StartTrip;French;6;2
4788;1472;StartTrip;Russian;1;4
4789;1473;FinishTrip;0;Chinese;1
4790;1473;StartTrip;Chinese;1;5
4791;1474;FinishTrip;Russian;4
4792;1474;FinishTrip;0;English;1
4793;1474;StartTrip;Russian;4;1
4794;1474;StartTrip;English;1;6
4795;1475;FinishTrip;English;6
4796;1475;FinishTrip;1;German;1
4797;1475;FinishTrip;American;1
4798;1475;ChangePet;2;German;American;Fish;Bear
4799;1475;changeHouse;2;German;American;3;1
4800;1475;StartTrip;English;6;4
4801;1475;StartTrip;American;1;2
4802;1475;StartTrip;German;1;3
4803;1476;FinishTrip;Chinese;5
4804;1476;FinishTrip;0;Russian;1
4805;1476;FinishTrip;0;English;4
4806;1476;StartTrip;Chinese;5;2
4807;1476;StartTrip;English;4;6
4808;1476;StartTrip;Russian;1;4
4809;1477;FinishTrip;1;French;2
4810;1477;FinishTrip;Chinese;2
4811;1477;changeHouse;2;Chinese;French;2;5
4812;1477;StartTrip;French;2;5
4813;1477;StartTrip;Chinese;2;5
4814;1478;FinishTrip;Russian;4
4815;1478;StartTrip;Russian;4;1
4816;1479;FinishTrip;English;6
4817;1479;FinishTrip;French;5
4818;1479;FinishTrip;1;Chinese;5
4819;1479;StartTrip;English;6;5
4820;1479;StartTrip;Chinese;5;2
4821;1479;StartTrip;French;5;6
4822;1480;FinishTrip;Chinese;2
4823;1480;FinishTrip;0;Russian;1
4824;1480;StartTrip;Chinese;2;1
4825;1480;StartTrip;Russian;1;4
4826;1481;FinishTrip;0;American;2
4827;1481;StartTrip;American;2;1
4828;1482;FinishTrip;Russian;4
4829;1482;FinishTrip;0;English;5
4830;1482;StartTrip;Russian;4;1
4831;1482;StartTrip;English;5;6
4832;1483;FinishTrip;German;3
4833;1483;StartTrip;German;3;6
4834;1484;FinishTrip;0;French;6
4835;1484;FinishTrip;0;Russian;1
4836;1484;StartTrip;French;6;5
4837;1484;StartTrip;Russian;1;4
4838;1485;FinishTrip;0;Chinese;1
4839;1485;StartTrip;Chinese;1;2
4840;1486;FinishTrip;Russian;4
4841;1486;FinishTrip;American;1
4842;1486;StartTrip;Russian;4;1
4843;1486;StartTrip;American;1;6
4844;1487;FinishTrip;1;English;6
4845;1487;FinishTrip;French;5
4846;1487;FinishTrip;1;American;6
4847;1487;FinishTrip;German;6
4848;1487;ChangePet;2;German;American;Bear;Fish
4849;1487;changeHouse;2;English;American;1;6
4850;1487;changeHouse;3;English;German;American;3;6;1
4851;1487;StartTrip;English;6;3
4852;1487;StartTrip;German;6;1
4853;1487;StartTrip;French;5;6
4854;1487;StartTrip;American;6;1
4855;1488;FinishTrip;0;Russian;1
4856;1488;StartTrip;Russian;1;4
4857;1489;FinishTrip;English;3
4858;1489;StartTrip;English;3;4
4859;1490;FinishTrip;Russian;4
4860;1490;StartTrip;Russian;4;1
4861;1491;FinishTrip;1;American;1
4862;1491;FinishTrip;Chinese;2
4863;1491;FinishTrip;German;1
4864;1491;ChangePet;2;German;American;Fish;Bear
4865;1491;changeHouse;2;German;American;1;6
4866;1491;StartTrip;American;1;6
4867;1491;StartTrip;German;1;6
4868;1491;StartTrip;Chinese;2;5
4869;1492;FinishTrip;American;6
4870;1492;FinishTrip;1;French;6
4871;1492;FinishTrip;0;Russian;1
4872;1492;FinishTrip;1;German;6
4873;1492;changeHouse;2;French;American;6;5
4874;1492;changeHouse;2;French;American;5;6
4875;1492;StartTrip;American;6;5
4876;1492;StartTrip;German;6;1
4877;1492;StartTrip;French;6;5
4878;1492;StartTrip;Russian;1;4
4879;1493;FinishTrip;0;Chinese;5
4880;1493;StartTrip;Chinese;5;2
4881;1494;FinishTrip;Russian;4
4882;1494;FinishTrip;Chinese;2
4883;1494;FinishTrip;1;English;4
4884;1494;StartTrip;Russian;4;1
4885;1494;StartTrip;English;4;3
4886;1494;StartTrip;Chinese;2;4
4887;1495;FinishTrip;1;French;5
4888;1495;FinishTrip;0;Chinese;4
4889;1495;FinishTrip;American;5
4890;1495;ChangePet;2;French;American;Bear;Dog
4891;1495;changeHouse;2;French;American;6;5
4892;1495;StartTrip;French;5;6
4893;1495;StartTrip;American;5;3
4894;1495;StartTrip;Chinese;4;2
4895;1496;FinishTrip;Chinese;2
4896;1496;FinishTrip;German;1
4897;1496;FinishTrip;1;Russian;1
4898;1496;StartTrip;Chinese;2;4
4899;1496;StartTrip;Russian;1;4
4900;1496;StartTrip;German;1;6
4901;1497;FinishTrip;English;3
4902;1497;FinishTrip;0;German;6
4903;1497;FinishTrip;0;Chinese;4
4904;1497;StartTrip;English;3;1
4905;1497;StartTrip;Chinese;4;2
4906;1497;StartTrip;German;6;1
4907;1498;FinishTrip;Russian;4
4908;1498;FinishTrip;Chinese;2
4909;1498;StartTrip;Russian;4;1
4910;1498;StartTrip;Chinese;2;1
4911;1499;FinishTrip;0;American;3
4912;1499;StartTrip;American;3;5
4913;1500;FinishTrip;French;6
4914;1500;FinishTrip;0;Russian;1
4915;1500;StartTrip;French;6;1
4916;1500;StartTrip;Russian;1;4
4917;1501;FinishTrip;American;5
4918;1501;FinishTrip;German;1
4919;1501;StartTrip;American;5;1
4920;1501;StartTrip;German;1;6
4921;1502;FinishTrip;Russian;4
4922;1502;FinishTrip;0;German;6
4923;1502;StartTrip;Russian;4;1
4924;1502;StartTrip;German;6;1
4925;1503;FinishTrip;0;Chinese;1
4926;1503;StartTrip;Chinese;1;2
4927;1504;FinishTrip;0;French;1
4928;1504;FinishTrip;0;Russian;1
4929;1504;StartTrip;French;1;6
4930;1504;StartTrip;Russian;1;4
4931;1505;FinishTrip;French;6
4932;1505;FinishTrip;0;American;1
4933;1505;StartTrip;French;6;5
4934;1505;StartTrip;American;1;5
4935;1506;FinishTrip;German;1
4936;1506;FinishTrip;Russian;4
4937;1506;StartTrip;German;1;6
4938;1506;StartTrip;Russian;4;1
4939;1507;FinishTrip;0;German;6
4940;1507;StartTrip;German;6;1
4941;1508;FinishTrip;1;American;5
4942;1508;FinishTrip;0;Russian;1
4943;1508;FinishTrip;French;5
4944;1508;ChangePet;2;French;American;Dog;Bear
4945;1508;changeHouse;2;French;American;5;6
4946;1508;StartTrip;American;5;6
4947;1508;StartTrip;French;5;4
4948;1508;StartTrip;Russian;1;4
4949;1509;FinishTrip;Chinese;2
4950;1509;StartTrip;Chinese;2;1
4951;1510;FinishTrip;Russian;4
4952;1510;StartTrip;Russian;4;1
4953;1511;FinishTrip;German;1
4954;1511;StartTrip;German;1;6
4955;1512;FinishTrip;0;Russian;1
4956;1512;FinishTrip;0;German;6
4957;1512;FinishTrip;0;French;4
4958;1512;StartTrip;Russian;1;4
4959;1512;StartTrip;French;4;5
4960;1512;StartTrip;German;6;1
4961;1513;FinishTrip;American;6
4962;1513;StartTrip;American;6;1
4963;1514;FinishTrip;Russian;4
4964;1514;FinishTrip;0;Chinese;1
4965;1514;StartTrip;Russian;4;1
4966;1514;StartTrip;Chinese;1;2
4967;1516;FinishTrip;German;1
4968;1516;FinishTrip;1;Russian;1
4969;1516;ChangePet;2;Russian;German;Fish;Humpster
4970;1516;StartTrip;German;1;6
4971;1516;StartTrip;Russian;1;4
4972;1517;FinishTrip;0;American;1
4973;1517;FinishTrip;0;German;6
4974;1517;StartTrip;American;1;6
4975;1517;StartTrip;German;6;1
4976;1518;FinishTrip;French;5
4977;1518;FinishTrip;Russian;4
4978;1518;FinishTrip;American;6
4979;1518;StartTrip;French;5;6
4980;1518;StartTrip;American;6;5
4981;1518;StartTrip;Russian;4;1
4982;1520;FinishTrip;Chinese;2
4983;1520;FinishTrip;0;Russian;1
4984;1520;StartTrip;Chinese;2;3
4985;1520;StartTrip;Russian;1;4
4986;1521;FinishTrip;German;1
4987;1521;FinishTrip;0;American;5
4988;1521;StartTrip;German;1;6
4989;1521;StartTrip;American;5;6
4990;1522;FinishTrip;Russian;4
4991;1522;FinishTrip;0;German;6
4992;1522;StartTrip;Russian;4;1
4993;1522;StartTrip;German;6;1
4994;1523;FinishTrip;0;French;6
4995;1523;StartTrip;French;6;5
4996;1524;FinishTrip;0;Chinese;3
4997;1524;FinishTrip;0;Russian;1
4998;1524;StartTrip;Chinese;3;2
4999;1524;StartTrip;Russian;1;4
5000;1526;FinishTrip;French;5
5001;1526;FinishTrip;American;6
5002;1526;FinishTrip;Russian;4
5003;1526;FinishTrip;German;1
5004;1526;StartTrip;French;5;6
5005;1526;StartTrip;German;1;6
5006;1526;StartTrip;American;6;3
5007;1526;StartTrip;Russian;4;1
5008;1527;FinishTrip;Chinese;2
5009;1527;FinishTrip;0;German;6
5010;1527;StartTrip;Chinese;2;5
5011;1527;StartTrip;German;6;1
5012;1528;FinishTrip;0;Russian;1
5013;1528;FinishTrip;0;American;3
5014;1528;StartTrip;Russian;1;4
5015;1528;StartTrip;American;3;6
5016;1529;FinishTrip;0;Chinese;5
5017;1529;StartTrip;Chinese;5;2
5018;1530;FinishTrip;Russian;4
5019;1530;FinishTrip;Chinese;2
5020;1530;StartTrip;Russian;4;1
5021;1530;StartTrip;Chinese;2;1
5022;1531;FinishTrip;German;1
5023;1531;FinishTrip;0;French;6
5024;1531;StartTrip;German;1;6
5025;1531;StartTrip;French;6;5
5026;1532;FinishTrip;American;6
5027;1532;FinishTrip;0;Russian;1
5028;1532;FinishTrip;1;German;6
5029;1532;StartTrip;American;6;4
5030;1532;StartTrip;German;6;1
5031;1532;StartTrip;Russian;1;4
5032;1533;FinishTrip;0;American;4
5033;1533;StartTrip;American;4;6
5034;1534;FinishTrip;Russian;4
5035;1534;FinishTrip;French;5
5036;1534;StartTrip;Russian;4;1
5037;1534;StartTrip;French;5;6
5038;1535;FinishTrip;0;Chinese;1
5039;1535;StartTrip;Chinese;1;2
5040;1536;FinishTrip;American;6
5041;1536;FinishTrip;German;1
5042;1536;FinishTrip;1;Russian;1
5043;1536;StartTrip;American;6;5
5044;1536;StartTrip;Russian;1;4
5045;1536;StartTrip;German;1;6
5046;1537;FinishTrip;0;German;6
5047;1537;StartTrip;German;6;1
5048;1538;FinishTrip;Russian;4
5049;1538;StartTrip;Russian;4;1
5050;1539;FinishTrip;0;French;6
5051;1539;FinishTrip;0;American;5
5052;1539;StartTrip;French;6;5
5053;1539;StartTrip;American;5;6
5054;1540;FinishTrip;0;Russian;1
5055;1540;StartTrip;Russian;1;4
5056;1541;FinishTrip;German;1
5057;1541;FinishTrip;Chinese;2
5058;1541;StartTrip;German;1;6
5059;1541;StartTrip;Chinese;2;3
5060;1542;FinishTrip;Russian;4
5061;1542;FinishTrip;French;5
5062;1542;FinishTrip;0;German;6
5063;1542;StartTrip;Russian;4;1
5064;1542;StartTrip;German;6;1
5065;1542;StartTrip;French;5;6
5066;1544;FinishTrip;American;6
5067;1544;FinishTrip;0;Russian;1
5068;1544;StartTrip;American;6;2
5069;1544;StartTrip;Russian;1;4
5070;1545;FinishTrip;0;Chinese;3
5071;1545;StartTrip;Chinese;3;2
5072;1546;FinishTrip;Russian;4
5073;1546;FinishTrip;German;1
5074;1546;StartTrip;Russian;4;1
5075;1546;StartTrip;German;1;6
5076;1547;FinishTrip;0;French;6
5077;1547;FinishTrip;0;German;6
5078;1547;StartTrip;French;6;5
5079;1547;StartTrip;German;6;1
5080;1548;FinishTrip;Chinese;2
5081;1548;FinishTrip;0;Russian;1
5082;1548;StartTrip;Chinese;2;4
5083;1548;StartTrip;Russian;1;4
5084;1549;FinishTrip;0;American;2
5085;1549;FinishTrip;0;English;1
5086;1549;FinishTrip;0;Chinese;4
5087;1549;StartTrip;American;2;6
5088;1549;StartTrip;Chinese;4;2
5089;1549;StartTrip;English;1;3
5090;1550;FinishTrip;Russian;4
5091;1550;FinishTrip;French;5
5092;1550;FinishTrip;Chinese;2
5093;1550;StartTrip;Russian;4;1
5094;1550;StartTrip;Chinese;2;4
5095;1550;StartTrip;French;5;1
5096;1551;FinishTrip;German;1
5097;1551;FinishTrip;0;Chinese;4
5098;1551;StartTrip;German;1;6
5099;1551;StartTrip;Chinese;4;2
5100;1552;FinishTrip;Chinese;2
5101;1552;FinishTrip;0;Russian;1
5102;1552;FinishTrip;0;German;6
5103;1552;StartTrip;Chinese;2;5
5104;1552;StartTrip;German;6;1
5105;1552;StartTrip;Russian;1;4
5106;1554;FinishTrip;Russian;4
5107;1554;FinishTrip;0;French;1
5108;1554;FinishTrip;0;Chinese;5
5109;1554;StartTrip;Russian;4;1
5110;1554;StartTrip;Chinese;5;2
5111;1554;StartTrip;French;1;5
5112;1555;FinishTrip;Chinese;2
5113;1555;StartTrip;Chinese;2;1
5114;1556;FinishTrip;German;1
5115;1556;FinishTrip;1;Russian;1
5116;1556;StartTrip;German;1;6
5117;1556;StartTrip;Russian;1;4
5118;1557;FinishTrip;French;5
5119;1557;FinishTrip;English;3
5120;1557;FinishTrip;0;German;6
5121;1557;StartTrip;French;5;6
5122;1557;StartTrip;German;6;1
5123;1557;StartTrip;English;3;2
5124;1558;FinishTrip;Russian;4
5125;1558;StartTrip;Russian;4;1
5126;1559;FinishTrip;American;6
5127;1559;StartTrip;American;6;3
5128;1560;FinishTrip;0;Chinese;1
5129;1560;FinishTrip;0;Russian;1
5130;1560;FinishTrip;0;English;2
5131;1560;StartTrip;Chinese;1;2
5132;1560;StartTrip;English;2;3
5133;1560;StartTrip;Russian;1;4
5134;1561;FinishTrip;German;1
5135;1561;FinishTrip;0;American;3
5136;1561;StartTrip;German;1;6
5137;1561;StartTrip;American;3;6
5138;1562;FinishTrip;Russian;4
5139;1562;FinishTrip;0;French;6
5140;1562;FinishTrip;0;German;6
5141;1562;StartTrip;Russian;4;1
5142;1562;StartTrip;German;6;1
5143;1562;StartTrip;French;6;5
5144;1564;FinishTrip;English;3
5145;1564;FinishTrip;0;Russian;1
5146;1564;StartTrip;English;3;1
5147;1564;StartTrip;Russian;1;4
5148;1565;FinishTrip;French;5
5149;1565;FinishTrip;American;6
5150;1565;StartTrip;French;5;6
5151;1565;StartTrip;American;6;4
5152;1566;FinishTrip;German;1
5153;1566;FinishTrip;Russian;4
5154;1566;FinishTrip;Chinese;2
5155;1566;FinishTrip;1;American;4
5156;1566;ChangePet;2;Russian;American;Bear;Fish
5157;1566;StartTrip;German;1;6
5158;1566;StartTrip;American;4;6
5159;1566;StartTrip;Russian;4;1
5160;1566;StartTrip;Chinese;2;1
5161;1567;FinishTrip;0;German;6
5162;1567;StartTrip;German;6;1
5163;1568;FinishTrip;0;Russian;1
5164;1568;StartTrip;Russian;1;4
5165;1569;FinishTrip;American;6
5166;1569;StartTrip;American;6;4
5167;1570;FinishTrip;1;Russian;4
5168;1570;FinishTrip;0;French;6
5169;1570;FinishTrip;American;4
5170;1570;changeHouse;2;Russian;American;6;4
5171;1570;StartTrip;Russian;4;6
5172;1570;StartTrip;American;4;6
5173;1570;StartTrip;French;6;5
5174;1571;FinishTrip;German;1
5175;1571;FinishTrip;1;Chinese;1
5176;1571;ChangePet;2;Chinese;German;Humpster;Cat
5177;1571;StartTrip;German;1;6
5178;1571;StartTrip;Chinese;1;2
5179;1572;FinishTrip;0;German;6
5180;1572;StartTrip;German;6;1
5181;1573;FinishTrip;French;5
5182;1573;FinishTrip;1;Russian;6
5183;1573;FinishTrip;American;6
5184;1573;changeHouse;2;Russian;American;4;6
5185;1573;StartTrip;French;5;6
5186;1573;StartTrip;American;6;1
5187;1573;StartTrip;Russian;6;4
5188;1574;FinishTrip;Russian;4
5189;1574;StartTrip;Russian;4;1
5190;1576;FinishTrip;German;1
5191;1576;FinishTrip;1;Russian;1
5192;1576;StartTrip;German;1;6
5193;1576;StartTrip;Russian;1;4
5194;1577;FinishTrip;Chinese;2
5195;1577;FinishTrip;0;American;1
5196;1577;FinishTrip;0;German;6
5197;1577;StartTrip;Chinese;2;3
5198;1577;StartTrip;German;6;1
5199;1577;StartTrip;American;1;6
5200;1578;FinishTrip;1;American;6
5201;1578;FinishTrip;Russian;4
5202;1578;FinishTrip;French;6
5203;1578;changeHouse;2;French;American;6;5
5204;1578;StartTrip;American;6;5
5205;1578;StartTrip;French;6;5
5206;1578;StartTrip;Russian;4;1
5207;1580;FinishTrip;0;Russian;1
5208;1580;StartTrip;Russian;1;4
5209;1581;FinishTrip;German;1
5210;1581;FinishTrip;1;American;5
5211;1581;FinishTrip;0;Chinese;3
5212;1581;FinishTrip;French;5
5213;1581;changeHouse;2;French;American;5;6
5214;1581;StartTrip;German;1;6
5215;1581;StartTrip;French;5;6
5216;1581;StartTrip;American;5;6
5217;1581;StartTrip;Chinese;3;2
5218;1582;FinishTrip;Russian;4
5219;1582;FinishTrip;0;German;6
5220;1582;StartTrip;Russian;4;1
5221;1582;StartTrip;German;6;1
5222;1584;FinishTrip;Chinese;2
5223;1584;FinishTrip;0;Russian;1
5224;1584;StartTrip;Chinese;2;4
5225;1584;StartTrip;Russian;1;4
5226;1585;FinishTrip;0;Chinese;4
5227;1585;StartTrip;Chinese;4;2
5228;1586;FinishTrip;Russian;4
5229;1586;FinishTrip;Chinese;2
5230;1586;FinishTrip;1;American;6
5231;1586;FinishTrip;German;1
5232;1586;FinishTrip;French;6
5233;1586;ChangePet;2;French;American;Fish;Dog
5234;1586;changeHouse;2;French;American;6;5
5235;1586;StartTrip;Russian;4;1
5236;1586;StartTrip;Chinese;2;1
5237;1586;StartTrip;French;6;5
5238;1586;StartTrip;German;1;6
5239;1586;StartTrip;American;6;5
5240;1587;FinishTrip;0;German;6
5241;1587;StartTrip;German;6;1
5242;1588;FinishTrip;0;Russian;1
5243;1588;StartTrip;Russian;1;4
5244;1589;FinishTrip;1;American;5
5245;1589;FinishTrip;French;5
5246;1589;changeHouse;2;French;American;5;6
5247;1589;StartTrip;American;5;6
5248;1589;StartTrip;French;5;6
5249;1590;FinishTrip;Russian;4
5250;1590;StartTrip;Russian;4;1
5251;1591;FinishTrip;German;1
5252;1591;FinishTrip;1;Chinese;1
5253;1591;StartTrip;German;1;6
5254;1591;StartTrip;Chinese;1;2
5255;1592;FinishTrip;0;Russian;1
5256;1592;FinishTrip;0;German;6
5257;1592;StartTrip;Russian;1;4
5258;1592;StartTrip;German;6;1
5259;1594;FinishTrip;1;American;6
5260;1594;FinishTrip;Russian;4
5261;1594;FinishTrip;French;6
5262;1594;ChangePet;2;French;American;Dog;Fish
5263;1594;changeHouse;2;French;American;6;5
5264;1594;StartTrip;American;6;5
5265;1594;StartTrip;French;6;2
5266;1594;StartTrip;Russian;4;1
5267;1596;FinishTrip;1;German;1
5268;1596;FinishTrip;Russian;1
5269;1596;ChangePet;2;Russian;German;Cat;Bear
5270;1596;changeHouse;2;Russian;German;1;4
5271;1596;StartTrip;German;1;4
5272;1596;StartTrip;Russian;1;6
5273;1597;FinishTrip;Chinese;2
5274;1597;FinishTrip;American;5
5275;1597;FinishTrip;0;Russian;6
5276;1597;StartTrip;Chinese;2;5
5277;1597;StartTrip;Russian;6;1
5278;1597;StartTrip;American;5;3
5279;1598;FinishTrip;German;4
5280;1598;StartTrip;German;4;6
5281;1599;FinishTrip;0;French;2
5282;1599;FinishTrip;0;Chinese;5
5283;1599;StartTrip;French;2;6
5284;1599;StartTrip;Chinese;5;2
5285;1600;FinishTrip;Chinese;2
5286;1600;StartTrip;Chinese;2;1
5287;1601;FinishTrip;Russian;1
5288;1601;FinishTrip;0;German;6
5289;1601;FinishTrip;0;American;3
5290;1601;StartTrip;Russian;1;4
5291;1601;StartTrip;American;3;5
5292;1601;StartTrip;German;6;4
5293;1602;FinishTrip;German;4
5294;1602;StartTrip;German;4;6
5295;1603;FinishTrip;American;5
5296;1603;FinishTrip;0;Russian;4
5297;1603;StartTrip;American;5;2
5298;1603;StartTrip;Russian;4;1
5299;1604;FinishTrip;0;American;2
5300;1604;StartTrip;American;2;5
5301;1605;FinishTrip;Russian;1
5302;1605;FinishTrip;0;German;6
5303;1605;FinishTrip;1;Chinese;1
5304;1605;ChangePet;2;Russian;Chinese;Humpster;Cat
5305;1605;StartTrip;Russian;1;6
5306;1605;StartTrip;Chinese;1;2
5307;1605;StartTrip;German;6;4
5308;1606;FinishTrip;American;5
5309;1606;FinishTrip;German;4
5310;1606;FinishTrip;0;Russian;6
5311;1606;StartTrip;American;5;2
5312;1606;StartTrip;Russian;6;1
5313;1606;StartTrip;German;4;6
5314;1607;FinishTrip;0;American;2
5315;1607;StartTrip;American;2;5
5316;1609;FinishTrip;American;5
5317;1609;FinishTrip;1;French;6
5318;1609;FinishTrip;German;6
5319;1609;changeHouse;2;German;French;6;4
5320;1609;StartTrip;American;5;3
5321;1609;StartTrip;German;6;1
5322;1609;StartTrip;French;6;4
5323;1610;FinishTrip;Russian;1
5324;1610;FinishTrip;French;4
5325;1610;StartTrip;Russian;1;4
5326;1610;StartTrip;French;4;6
5327;1611;FinishTrip;Chinese;2
5328;1611;StartTrip;Chinese;2;1
5329;1612;FinishTrip;0;Russian;4
5330;1612;StartTrip;Russian;4;1
5331;1613;FinishTrip;0;French;6
5332;1613;FinishTrip;0;German;1
5333;1613;FinishTrip;0;American;3
5334;1613;StartTrip;French;6;4
5335;1613;StartTrip;American;3;5
5336;1613;StartTrip;German;1;6
5337;1614;FinishTrip;Russian;1
5338;1614;FinishTrip;German;6
5339;1614;FinishTrip;French;4
5340;1614;StartTrip;Russian;1;4
5341;1614;StartTrip;French;4;1
5342;1614;StartTrip;German;6;1
5343;1615;FinishTrip;American;5
5344;1615;StartTrip;American;5;6
5345;1616;FinishTrip;0;English;1
5346;1616;FinishTrip;0;Chinese;1
5347;1616;FinishTrip;0;French;1
5348;1616;FinishTrip;0;Russian;4
5349;1616;StartTrip;English;1;3
5350;1616;StartTrip;Russian;4;1
5351;1616;StartTrip;Chinese;1;2
5352;1616;StartTrip;French;1;4
5353;1618;FinishTrip;French;4
5354;1618;FinishTrip;Russian;1
5355;1618;FinishTrip;1;German;1
5356;1618;StartTrip;French;4;6
5357;1618;StartTrip;German;1;6
5358;1618;StartTrip;Russian;1;4
5359;1619;FinishTrip;German;6
5360;1619;StartTrip;German;6;1
5361;1620;FinishTrip;0;Russian;4
5362;1620;FinishTrip;0;American;6
5363;1620;StartTrip;Russian;4;1
5364;1620;StartTrip;American;6;5
5365;1621;FinishTrip;0;French;6
5366;1621;StartTrip;French;6;4
5367;1622;FinishTrip;Chinese;2
5368;1622;FinishTrip;French;4
5369;1622;FinishTrip;Russian;1
5370;1622;StartTrip;Chinese;2;1
5371;1622;StartTrip;Russian;1;2
5372;1622;StartTrip;French;4;6
5373;1623;FinishTrip;American;5
5374;1623;FinishTrip;0;German;1
5375;1623;StartTrip;American;5;1
5376;1623;StartTrip;German;1;6
5377;1624;FinishTrip;English;3
5378;1624;FinishTrip;German;6
5379;1624;StartTrip;English;3;5
5380;1624;StartTrip;German;6;1
5381;1625;FinishTrip;0;French;6
5382;1625;StartTrip;French;6;4
5383;1626;FinishTrip;French;4
5384;1626;FinishTrip;0;English;5
5385;1626;StartTrip;French;4;6
5386;1626;StartTrip;English;5;3
5387;1627;FinishTrip;0;American;1
5388;1627;FinishTrip;0;Chinese;1
5389;1627;StartTrip;American;1;5
5390;1627;StartTrip;Chinese;1;2
5391;1628;FinishTrip;0;Russian;2
5392;1628;FinishTrip;0;German;1
5393;1628;StartTrip;Russian;2;1
5394;1628;StartTrip;German;1;6
5395;1629;FinishTrip;German;6
5396;1629;FinishTrip;1;French;6
5397;1629;ChangePet;2;German;French;Dog;Bear
5398;1629;StartTrip;German;6;1
5399;1629;StartTrip;French;6;4
5400;1630;FinishTrip;English;3
5401;1630;FinishTrip;French;4
5402;1630;FinishTrip;American;5
5403;1630;StartTrip;English;3;1
5404;1630;StartTrip;American;5;1
5405;1630;StartTrip;French;4;2
5406;1631;FinishTrip;0;French;2
5407;1631;StartTrip;French;2;4
5408;1632;FinishTrip;French;4
5409;1632;StartTrip;French;4;6
5410;1633;FinishTrip;Chinese;2
5411;1633;FinishTrip;Russian;1
5412;1633;FinishTrip;1;German;1
5413;1633;StartTrip;Chinese;2;1
5414;1633;StartTrip;German;1;6
5415;1633;StartTrip;Russian;1;6
5416;1634;FinishTrip;German;6
5417;1634;FinishTrip;0;American;1
5418;1634;FinishTrip;1;Russian;6
5419;1634;StartTrip;German;6;1
5420;1634;StartTrip;Russian;6;1
5421;1634;StartTrip;American;1;5
5422;1635;FinishTrip;0;French;6
5423;1635;StartTrip;French;6;4
5424;1636;FinishTrip;French;4
5425;1636;StartTrip;French;4;5
5426;1637;FinishTrip;American;5
5427;1637;StartTrip;American;5;4
5428;1638;FinishTrip;Russian;1
5429;1638;FinishTrip;1;Chinese;1
5430;1638;FinishTrip;1;German;1
5431;1638;ChangePet;2;Russian;Chinese;Cat;Humpster
5432;1638;StartTrip;Russian;1;2
5433;1638;StartTrip;German;1;6
5434;1638;StartTrip;Chinese;1;2
5435;1639;FinishTrip;German;6
5436;1639;StartTrip;German;6;1
5437;1641;FinishTrip;0;American;4
5438;1641;StartTrip;American;4;5
5439;1642;FinishTrip;0;French;5
5440;1642;StartTrip;French;5;4
5441;1643;FinishTrip;0;German;1
5442;1643;StartTrip;German;1;6
5443;1644;FinishTrip;German;6
5444;1644;FinishTrip;1;Chinese;2
5445;1644;FinishTrip;Russian;2
5446;1644;changeHouse;2;Russian;Chinese;2;1
5447;1644;StartTrip;German;6;1
5448;1644;StartTrip;Russian;2;1
5449;1644;StartTrip;Chinese;2;1
5450;1646;FinishTrip;French;4
5451;1646;StartTrip;French;4;2
5452;1647;FinishTrip;American;5
5453;1647;FinishTrip;0;French;2
5454;1647;StartTrip;American;5;1
5455;1647;StartTrip;French;2;4
5456;1648;FinishTrip;French;4
5457;1648;FinishTrip;0;German;1
5458;1648;StartTrip;French;4;5
5459;1648;StartTrip;German;1;6
5460;1649;FinishTrip;1;Chinese;1
5461;1649;FinishTrip;German;6
5462;1649;FinishTrip;Russian;1
5463;1649;ChangePet;2;Russian;Chinese;Humpster;Cat
5464;1649;changeHouse;2;Russian;Chinese;1;2
5465;1649;StartTrip;Chinese;1;2
5466;1649;StartTrip;Russian;1;3
5467;1649;StartTrip;German;6;1
5468;1651;FinishTrip;0;American;1
5469;1651;StartTrip;American;1;5
5470;1653;FinishTrip;0;German;1
5471;1653;StartTrip;German;1;6
5472;1654;FinishTrip;1;American;5
5473;1654;FinishTrip;German;6
5474;1654;FinishTrip;French;5
5475;1654;changeHouse;2;French;American;5;4
5476;1654;StartTrip;American;5;4
5477;1654;StartTrip;French;5;4
5478;1654;StartTrip;German;6;1
5479;1655;FinishTrip;Chinese;2
5480;1655;StartTrip;Chinese;2;4
5481;1656;FinishTrip;0;Chinese;4
5482;1656;StartTrip;Chinese;4;2
5483;1657;FinishTrip;Chinese;2
5484;1657;FinishTrip;0;Russian;3
5485;1657;StartTrip;Chinese;2;1
5486;1657;StartTrip;Russian;3;1
5487;1658;FinishTrip;1;American;4
5488;1658;FinishTrip;0;German;1
5489;1658;FinishTrip;French;4
5490;1658;changeHouse;2;French;American;4;5
5491;1658;StartTrip;American;4;5
5492;1658;StartTrip;French;4;6
5493;1658;StartTrip;German;1;6
5494;1659;FinishTrip;German;6
5495;1659;StartTrip;German;6;1
5496;1661;FinishTrip;0;French;6
5497;1661;StartTrip;French;6;4
5498;1662;FinishTrip;French;4
5499;1662;FinishTrip;0;Chinese;1
5500;1662;StartTrip;French;4;6
5501;1662;StartTrip;Chinese;1;2
5502;1663;FinishTrip;0;German;1
5503;1663;StartTrip;German;1;6
5504;1664;FinishTrip;American;5
5505;1664;FinishTrip;German;6
5506;1664;StartTrip;American;5;4
5507;1664;StartTrip;German;6;1
5508;1665;FinishTrip;0;French;6
5509;1665;StartTrip;French;6;4
5510;1666;FinishTrip;French;4
5511;1666;StartTrip;French;4;5
5512;1668;FinishTrip;Chinese;2
5513;1668;FinishTrip;0;German;1
5514;1668;FinishTrip;0;American;4
5515;1668;StartTrip;Chinese;2;3
5516;1668;StartTrip;American;4;5
5517;1668;StartTrip;German;1;6
5518;1669;FinishTrip;German;6
5519;1669;StartTrip;German;6;1
5520;1672;FinishTrip;0;French;5
5521;1672;FinishTrip;0;Chinese;3
5522;1672;StartTrip;French;5;4
5523;1672;StartTrip;Chinese;3;2
5524;1673;FinishTrip;0;German;1
5525;1673;StartTrip;German;1;6
5526;1674;FinishTrip;American;5
5527;1674;FinishTrip;German;6
5528;1674;StartTrip;American;5;6
5529;1674;StartTrip;German;6;1
5530;1675;FinishTrip;Chinese;2
5531;1675;StartTrip;Chinese;2;4
5532;1676;FinishTrip;1;French;4
5533;1676;FinishTrip;Chinese;4
5534;1676;changeHouse;2;Chinese;French;4;2
5535;1676;StartTrip;French;4;2
5536;1676;StartTrip;Chinese;4;5
5537;1677;FinishTrip;French;2
5538;1677;StartTrip;French;2;6
5539;1678;FinishTrip;0;German;1
5540;1678;StartTrip;German;1;6
5541;1679;FinishTrip;German;6
5542;1679;FinishTrip;1;American;6
5543;1679;StartTrip;German;6;1
5544;1679;StartTrip;American;6;5
5545;1682;FinishTrip;American;5
5546;1682;FinishTrip;1;Chinese;5
5547;1682;FinishTrip;0;English;1
5548;1682;ChangePet;2;Chinese;American;Fish;Cat
5549;1682;StartTrip;American;5;3
5550;1682;StartTrip;English;1;3
5551;1682;StartTrip;Chinese;5;4
5552;1683;FinishTrip;0;German;1
5553;1683;StartTrip;German;1;6
5554;1684;FinishTrip;German;6
5555;1684;StartTrip;German;6;1
5556;1686;FinishTrip;Chinese;4
5557;1686;FinishTrip;0;American;3
5558;1686;StartTrip;Chinese;4;2
5559;1686;StartTrip;American;3;5
5560;1687;FinishTrip;0;French;6
5561;1687;FinishTrip;0;Chinese;2
5562;1687;StartTrip;French;6;2
5563;1687;StartTrip;Chinese;2;4
5564;1688;FinishTrip;Chinese;4
5565;1688;FinishTrip;American;5
5566;1688;FinishTrip;0;German;1
5567;1688;StartTrip;Chinese;4;1
5568;1688;StartTrip;German;1;6
5569;1688;StartTrip;American;5;6
5570;1689;FinishTrip;German;6
5571;1689;StartTrip;German;6;1
5572;1690;FinishTrip;English;3
5573;1690;FinishTrip;0;Chinese;1
5574;1690;StartTrip;English;3;1
5575;1690;StartTrip;Chinese;1;4
5576;1692;FinishTrip;French;2
5577;1692;FinishTrip;Chinese;4
5578;1692;StartTrip;French;2;4
5579;1692;StartTrip;Chinese;4;1
5580;1693;FinishTrip;0;American;6
5581;1693;FinishTrip;0;German;1
5582;1693;FinishTrip;0;French;4
5583;1693;StartTrip;American;6;5
5584;1693;StartTrip;French;4;2
5585;1693;StartTrip;German;1;6
5586;1694;FinishTrip;German;6
5587;1694;FinishTrip;French;2
5588;1694;FinishTrip;0;Chinese;1
5589;1694;StartTrip;German;6;1
5590;1694;StartTrip;Chinese;1;4
5591;1694;StartTrip;French;2;6
5592;1696;FinishTrip;American;5
5593;1696;FinishTrip;Chinese;4
5594;1696;StartTrip;American;5;2
5595;1696;StartTrip;Chinese;4;5
5596;1697;FinishTrip;0;American;2
5597;1697;StartTrip;American;2;5
5598;1698;FinishTrip;0;German;1
5599;1698;StartTrip;German;1;6
5600;1699;FinishTrip;American;5
5601;1699;FinishTrip;German;6
5602;1699;StartTrip;American;5;1
5603;1699;StartTrip;German;6;1
5604;1702;FinishTrip;0;Chinese;5
5605;1702;StartTrip;Chinese;5;4
5606;1703;FinishTrip;0;German;1
5607;1703;FinishTrip;0;American;1
5608;1703;StartTrip;German;1;6
5609;1703;StartTrip;American;1;5
5610;1704;FinishTrip;1;German;6
5611;1704;FinishTrip;French;6
5612;1704;changeHouse;2;German;French;2;6
5613;1704;StartTrip;German;6;2
5614;1704;StartTrip;French;6;5
5615;1706;FinishTrip;Chinese;4
5616;1706;FinishTrip;American;5
5617;1706;StartTrip;Chinese;4;1
5618;1706;StartTrip;American;5;2
5619;1707;FinishTrip;0;French;5
5620;1707;FinishTrip;0;American;2
5621;1707;StartTrip;French;5;6
5622;1707;StartTrip;American;2;5
5623;1708;FinishTrip;0;Chinese;1
5624;1708;StartTrip;Chinese;1;4
5625;1709;FinishTrip;Russian;1
5626;1709;FinishTrip;American;5
5627;1709;FinishTrip;German;2
5628;1709;StartTrip;Russian;1;4
5629;1709;StartTrip;German;2;1
5630;1709;StartTrip;American;5;1
5631;1710;FinishTrip;Chinese;4
5632;1710;StartTrip;Chinese;4;1
5633;1711;FinishTrip;0;Russian;4
5634;1711;StartTrip;Russian;4;1
5635;1712;FinishTrip;French;6
5636;1712;FinishTrip;0;Chinese;1
5637;1712;StartTrip;French;6;1
5638;1712;StartTrip;Chinese;1;4
5639;1713;FinishTrip;Russian;1
5640;1713;FinishTrip;1;American;1
5641;1713;ChangePet;2;Russian;American;Cat;Humpster
5642;1713;StartTrip;Russian;1;5
5643;1713;StartTrip;American;1;5
5644;1714;FinishTrip;Chinese;4
5645;1714;FinishTrip;0;German;1
5646;1714;StartTrip;Chinese;4;3
5647;1714;StartTrip;German;1;2
5648;1716;FinishTrip;American;5
5649;1716;FinishTrip;1;Russian;5
5650;1716;FinishTrip;0;French;1
5651;1716;ChangePet;2;Russian;American;Humpster;Cat
5652;1716;StartTrip;American;5;6
5653;1716;StartTrip;French;1;6
5654;1716;StartTrip;Russian;5;1
5655;1717;FinishTrip;French;6
5656;1717;FinishTrip;0;Chinese;3
5657;1717;StartTrip;French;6;5
5658;1717;StartTrip;Chinese;3;4
5659;1720;FinishTrip;German;2
5660;1720;FinishTrip;Russian;1
5661;1720;FinishTrip;0;French;5
5662;1720;StartTrip;German;2;1
5663;1720;StartTrip;French;5;6
5664;1720;StartTrip;Russian;1;6
5665;1721;FinishTrip;0;American;6
5666;1721;FinishTrip;0;Russian;6
5667;1721;StartTrip;American;6;5
5668;1721;StartTrip;Russian;6;1
5669;1722;FinishTrip;Chinese;4
5670;1722;StartTrip;Chinese;4;2
5671;1723;FinishTrip;0;Chinese;2
5672;1723;StartTrip;Chinese;2;4
5673;1724;FinishTrip;American;5
5674;1724;FinishTrip;Chinese;4
5675;1724;StartTrip;American;5;6
5676;1724;StartTrip;Chinese;4;2
5677;1725;FinishTrip;Russian;1
5678;1725;FinishTrip;French;6
5679;1725;FinishTrip;0;Chinese;2
5680;1725;FinishTrip;1;German;1
5681;1725;ChangePet;2;Russian;German;Dog;Humpster
5682;1725;StartTrip;Russian;1;6
5683;1725;StartTrip;German;1;2
5684;1725;StartTrip;French;6;2
5685;1725;StartTrip;Chinese;2;4
5686;1726;FinishTrip;Chinese;4
5687;1726;FinishTrip;0;Russian;6
5688;1726;StartTrip;Chinese;4;1
5689;1726;StartTrip;Russian;6;1
5690;1728;FinishTrip;0;Chinese;1
5691;1728;StartTrip;Chinese;1;4
5692;1729;FinishTrip;0;American;6
5693;1729;StartTrip;American;6;5
5694;1730;FinishTrip;Russian;1
5695;1730;FinishTrip;Chinese;4
5696;1730;FinishTrip;0;French;2
5697;1730;StartTrip;Russian;1;2
5698;1730;StartTrip;French;2;6
5699;1730;StartTrip;Chinese;4;2
5700;1731;FinishTrip;German;2
5701;1731;FinishTrip;1;Chinese;2
5702;1731;StartTrip;German;2;6
5703;1731;StartTrip;Chinese;2;4
5704;1732;FinishTrip;American;5
5705;1732;FinishTrip;Chinese;4
5706;1732;StartTrip;American;5;2
5707;1732;StartTrip;Chinese;4;5
5708;1733;FinishTrip;0;American;2
5709;1733;StartTrip;American;2;5
5710;1735;FinishTrip;American;5
5711;1735;StartTrip;American;5;2
5712;1736;FinishTrip;0;Russian;2
5713;1736;FinishTrip;0;American;2
5714;1736;StartTrip;Russian;2;1
5715;1736;StartTrip;American;2;5
5716;1738;FinishTrip;American;5
5717;1738;FinishTrip;1;Chinese;5
5718;1738;ChangePet;2;Chinese;American;Cat;Fish
5719;1738;StartTrip;American;5;6
5720;1738;StartTrip;Chinese;5;4
5721;1740;FinishTrip;French;6
5722;1740;StartTrip;French;6;1
5723;1741;FinishTrip;Russian;1
5724;1741;FinishTrip;0;German;6
5725;1741;StartTrip;Russian;1;6
5726;1741;StartTrip;German;6;2
5727;1742;FinishTrip;Chinese;4
5728;1742;FinishTrip;0;English;1
5729;1742;FinishTrip;0;Russian;6
5730;1742;StartTrip;Chinese;4;3
5731;1742;StartTrip;Russian;6;1
5732;1742;StartTrip;English;1;3
5733;1743;FinishTrip;0;American;6
5734;1743;StartTrip;American;6;5
5735;1744;FinishTrip;0;French;1
5736;1744;StartTrip;French;1;6
5737;1745;FinishTrip;French;6
5738;1745;FinishTrip;0;Chinese;3
5739;1745;StartTrip;French;6;2
5740;1745;StartTrip;Chinese;3;4
5741;1746;FinishTrip;American;5
5742;1746;FinishTrip;Russian;1
5743;1746;FinishTrip;German;2
5744;1746;StartTrip;American;5;3
5745;1746;StartTrip;German;2;1
5746;1746;StartTrip;Russian;1;4
5747;1748;FinishTrip;0;Russian;4
5748;1748;StartTrip;Russian;4;1
5749;1750;FinishTrip;Chinese;4
5750;1750;FinishTrip;Russian;1
5751;1750;FinishTrip;1;English;3
5752;1750;FinishTrip;0;French;2
5753;1750;FinishTrip;American;3
5754;1750;changeHouse;2;English;American;5;3
5755;1750;StartTrip;Chinese;4;1
5756;1750;StartTrip;Russian;1;2
5757;1750;StartTrip;American;3;2
5758;1750;StartTrip;French;2;6
5759;1750;StartTrip;English;3;5
5760;1751;FinishTrip;0;German;1
5761;1751;StartTrip;German;1;2
5762;1752;FinishTrip;English;5
5763;1752;FinishTrip;0;Chinese;1
5764;1752;StartTrip;English;5;4
5765;1752;StartTrip;Chinese;1;4
5766;1753;FinishTrip;0;American;2
5767;1753;StartTrip;American;2;3
5768;1754;FinishTrip;Chinese;4
5769;1754;StartTrip;Chinese;4;5
5770;1756;FinishTrip;0;Russian;2
5771;1756;FinishTrip;0;English;4
5772;1756;StartTrip;Russian;2;1
5773;1756;StartTrip;English;4;5
5774;1757;FinishTrip;American;3
5775;1757;FinishTrip;German;2
5776;1757;StartTrip;American;3;1
5777;1757;StartTrip;German;2;6
5778;1760;FinishTrip;French;6
5779;1760;FinishTrip;0;Chinese;5
5780;1760;StartTrip;French;6;5
5781;1760;StartTrip;Chinese;5;4
5782;1761;FinishTrip;Russian;1
5783;1761;StartTrip;Russian;1;2
5784;1762;FinishTrip;English;5
5785;1762;StartTrip;English;5;1
5786;1763;FinishTrip;0;French;5
5787;1763;StartTrip;French;5;6
5788;1764;FinishTrip;Chinese;4
5789;1764;StartTrip;Chinese;4;5
5790;1766;FinishTrip;0;English;1
5791;1766;StartTrip;English;1;5
5792;1767;FinishTrip;0;German;6
5793;1767;FinishTrip;0;Russian;2
5794;1767;StartTrip;German;6;2
5795;1767;StartTrip;Russian;2;1
5796;1768;FinishTrip;French;6
5797;1768;StartTrip;French;6;4
5798;1769;FinishTrip;English;5
5799;1769;FinishTrip;0;French;4
5800;1769;StartTrip;English;5;3
5801;1769;StartTrip;French;4;6
5802;1770;FinishTrip;0;Chinese;5
5803;1770;StartTrip;Chinese;5;4
5804;1772;FinishTrip;Russian;1
5805;1772;FinishTrip;French;6
5806;1772;FinishTrip;German;2
5807;1772;StartTrip;Russian;1;6
5808;1772;StartTrip;German;2;1
5809;1772;StartTrip;French;6;2
5810;1773;FinishTrip;0;English;3
5811;1773;FinishTrip;0;Russian;6
5812;1773;StartTrip;English;3;5
5813;1773;StartTrip;Russian;6;1
5814;1774;FinishTrip;Chinese;4
5815;1774;StartTrip;Chinese;4;1
5816;1775;FinishTrip;English;5
5817;1775;StartTrip;English;5;4
5818;1776;FinishTrip;0;Chinese;1
5819;1776;StartTrip;Chinese;1;4
5820;1777;FinishTrip;Russian;1
5821;1777;FinishTrip;0;French;2
5822;1777;FinishTrip;1;German;1
5823;1777;ChangePet;2;Russian;German;Humpster;Dog
5824;1777;StartTrip;Russian;1;6
5825;1777;StartTrip;German;1;2
5826;1777;StartTrip;French;2;6
5827;1778;FinishTrip;Chinese;4
5828;1778;FinishTrip;0;Russian;6
5829;1778;StartTrip;Chinese;4;5
5830;1778;StartTrip;Russian;6;1
5831;1779;FinishTrip;0;English;4
5832;1779;StartTrip;English;4;5
5833;1782;FinishTrip;Russian;1
5834;1782;StartTrip;Russian;1;4
5835;1783;FinishTrip;German;2
5836;1783;StartTrip;German;2;6
5837;1784;FinishTrip;0;Russian;4
5838;1784;FinishTrip;0;Chinese;5
5839;1784;StartTrip;Russian;4;1
5840;1784;StartTrip;Chinese;5;4
5841;1785;FinishTrip;English;5
5842;1785;StartTrip;English;5;1
5843;1786;FinishTrip;Russian;1
5844;1786;StartTrip;Russian;1;6
5845;1787;FinishTrip;1;French;6
5846;1787;FinishTrip;Russian;6
5847;1787;ChangePet;2;Russian;French;Bear;Humpster
5848;1787;changeHouse;2;Russian;French;6;1
5849;1787;StartTrip;French;6;1
5850;1787;StartTrip;Russian;6;1
5851;1788;FinishTrip;Chinese;4
5852;1788;StartTrip;Chinese;4;5
5853;1789;FinishTrip;0;English;1
5854;1789;StartTrip;English;1;5
5855;1791;FinishTrip;1;French;1
5856;1791;FinishTrip;Russian;1
5857;1791;changeHouse;2;Russian;French;1;6
5858;1791;StartTrip;French;1;6
5859;1791;StartTrip;Russian;1;3
5860;1792;FinishTrip;English;5
5861;1792;FinishTrip;French;6
5862;1792;StartTrip;English;5;4
5863;1792;StartTrip;French;6;5
5864;1793;FinishTrip;0;German;6
5865;1793;StartTrip;German;6;2
5866;1794;FinishTrip;0;Chinese;5
5867;1794;StartTrip;Chinese;5;4
5868;1795;FinishTrip;0;French;5
5869;1795;StartTrip;French;5;6
5870;1796;FinishTrip;0;English;4
5871;1796;StartTrip;English;4;5
5872;1798;FinishTrip;German;2
5873;1798;FinishTrip;Chinese;4
5874;1798;StartTrip;German;2;6
5875;1798;StartTrip;Chinese;4;5
5876;1799;FinishTrip;0;Russian;3
5877;1799;StartTrip;Russian;3;1
5878;1800;FinishTrip;French;6
5879;1800;StartTrip;French;6;1
5880;1802;FinishTrip;English;5
5881;1802;StartTrip;English;5;4
5882;1804;FinishTrip;0;Chinese;5
5883;1804;FinishTrip;0;French;1
5884;1804;StartTrip;Chinese;5;4
5885;1804;StartTrip;French;1;6
5886;1805;FinishTrip;French;6
5887;1805;StartTrip;French;6;1
5888;1806;FinishTrip;0;English;4
5889;1806;StartTrip;English;4;5
5890;1808;FinishTrip;Chinese;4
5891;1808;FinishTrip;0;German;6
5892;1808;StartTrip;Chinese;4;5
5893;1808;StartTrip;German;6;2
5894;1809;FinishTrip;0;French;1
5895;1809;FinishTrip;0;American;1
5896;1809;StartTrip;French;1;6
5897;1809;StartTrip;American;1;3
5898;1810;FinishTrip;French;6
5899;1810;StartTrip;French;6;2
5900;1812;FinishTrip;English;5
5901;1812;StartTrip;English;5;4
5902;1813;FinishTrip;German;2
5903;1813;StartTrip;German;2;6
5904;1814;FinishTrip;0;Chinese;5
5905;1814;StartTrip;Chinese;5;4
5906;1815;FinishTrip;0;French;2
5907;1815;StartTrip;French;2;6
5908;1816;FinishTrip;0;English;4
5909;1816;StartTrip;English;4;5
5910;1817;FinishTrip;American;3
5911;1817;StartTrip;American;3;5
5912;1818;FinishTrip;Chinese;4
5913;1818;StartTrip;Chinese;4;5
5914;1819;FinishTrip;0;American;5
5915;1819;StartTrip;American;5;3
5916;1822;FinishTrip;English;5
5917;1822;StartTrip;English;5;2
5918;1823;FinishTrip;American;3
5919;1823;FinishTrip;0;English;2
5920;1823;FinishTrip;0;German;6
5921;1823;StartTrip;American;3;6
5922;1823;StartTrip;German;6;2
5923;1823;StartTrip;English;2;5
5924;1824;FinishTrip;0;Chinese;5
5925;1824;StartTrip;Chinese;5;4
5926;1825;FinishTrip;English;5
5927;1825;FinishTrip;French;6
5928;1825;StartTrip;English;5;4
5929;1825;StartTrip;French;6;1
5930;1827;FinishTrip;0;American;6
5931;1827;StartTrip;American;6;3
5932;1828;FinishTrip;Chinese;4
5933;1828;FinishTrip;German;2
5934;1828;StartTrip;Chinese;4;1
5935;1828;StartTrip;German;2;6
5936;1829;FinishTrip;American;3
5937;1829;FinishTrip;0;English;4
5938;1829;FinishTrip;0;French;1
5939;1829;StartTrip;American;3;6
5940;1829;StartTrip;French;1;6
5941;1829;StartTrip;English;4;5
5942;1830;FinishTrip;French;6
5943;1830;FinishTrip;0;Chinese;1
5944;1830;StartTrip;French;6;2
5945;1830;StartTrip;Chinese;1;4
5946;1832;FinishTrip;Chinese;4
5947;1832;StartTrip;Chinese;4;3
5948;1833;FinishTrip;0;American;6
5949;1833;StartTrip;American;6;3
5950;1835;FinishTrip;English;5
5951;1835;FinishTrip;American;3
5952;1835;FinishTrip;1;Chinese;3
5953;1835;FinishTrip;0;French;2
5954;1835;StartTrip;English;5;4
5955;1835;StartTrip;French;2;6
5956;1835;StartTrip;American;3;5
5957;1835;StartTrip;Chinese;3;4
5958;1837;FinishTrip;0;American;5
5959;1837;StartTrip;American;5;3
5960;1838;FinishTrip;0;German;6
5961;1838;StartTrip;German;6;2
5962;1839;FinishTrip;0;English;4
5963;1839;StartTrip;English;4;5
5964;1840;FinishTrip;Chinese;4
5965;1840;StartTrip;Chinese;4;5
5966;1841;FinishTrip;American;3
5967;1841;StartTrip;American;3;4
5968;1843;FinishTrip;German;2
5969;1843;StartTrip;German;2;1
5970;1845;FinishTrip;English;5
5971;1845;FinishTrip;French;6
5972;1845;StartTrip;English;5;4
5973;1845;StartTrip;French;6;5
5974;1846;FinishTrip;0;American;4
5975;1846;FinishTrip;0;Chinese;5
5976;1846;StartTrip;American;4;3
5977;1846;StartTrip;Chinese;5;4
5978;1848;FinishTrip;0;German;1
5979;1848;FinishTrip;0;French;5
5980;1848;StartTrip;German;1;2
5981;1848;StartTrip;French;5;6
5982;1849;FinishTrip;American;3
5983;1849;FinishTrip;0;English;4
5984;1849;StartTrip;American;3;6
5985;1849;StartTrip;English;4;5
5986;1850;FinishTrip;Chinese;4
5987;1850;StartTrip;Chinese;4;1
5988;1851;FinishTrip;Russian;1
5989;1851;StartTrip;Russian;1;5
5990;1852;FinishTrip;0;Chinese;1
5991;1852;StartTrip;Chinese;1;4
5992;1853;FinishTrip;1;French;6
5993;1853;FinishTrip;American;6
5994;1853;ChangePet;2;French;American;Fish;Humpster
5995;1853;changeHouse;2;French;American;3;6
5996;1853;StartTrip;French;6;3
5997;1853;StartTrip;American;6;3
5998;1854;FinishTrip;German;2
5999;1854;FinishTrip;Chinese;4
6000;1854;FinishTrip;0;Russian;5
6001;1854;StartTrip;German;2;6
6002;1854;StartTrip;Russian;5;1
6003;1854;StartTrip;Chinese;4;1
6004;1855;FinishTrip;1;French;3
6005;1855;FinishTrip;English;5
6006;1855;FinishTrip;American;3
6007;1855;ChangePet;2;French;American;Humpster;Fish
6008;1855;changeHouse;2;French;American;6;3
6009;1855;StartTrip;French;3;6
6010;1855;StartTrip;American;3;1
6011;1855;StartTrip;English;5;3
6012;1856;FinishTrip;0;Chinese;1
6013;1856;StartTrip;Chinese;1;4
6014;1858;FinishTrip;Russian;1
6015;1858;FinishTrip;Chinese;4
6016;1858;StartTrip;Russian;1;6
6017;1858;StartTrip;Chinese;4;3
6018;1859;FinishTrip;1;French;6
6019;1859;FinishTrip;0;English;3
6020;1859;FinishTrip;Russian;6
6021;1859;ChangePet;2;Russian;French;Humpster;Bear
6022;1859;changeHouse;2;Russian;French;6;1
6023;1859;StartTrip;French;6;1
6024;1859;StartTrip;Russian;6;1
6025;1859;StartTrip;English;3;5
6026;1861;FinishTrip;English;5
6027;1861;FinishTrip;0;Chinese;3
6028;1861;StartTrip;English;5;1
6029;1861;StartTrip;Chinese;3;4
6030;1863;FinishTrip;1;French;1
6031;1863;FinishTrip;Russian;1
6032;1863;changeHouse;2;Russian;French;1;6
6033;1863;StartTrip;French;1;6
6034;1863;StartTrip;Russian;1;5
6035;1864;FinishTrip;1;French;6
6036;1864;FinishTrip;German;6
6037;1864;changeHouse;2;German;French;6;2
6038;1864;StartTrip;French;6;2
6039;1864;StartTrip;German;6;1
6040;1865;FinishTrip;0;English;1
6041;1865;StartTrip;English;1;5
6042;1866;FinishTrip;Chinese;4
6043;1866;FinishTrip;0;Russian;5
6044;1866;StartTrip;Chinese;4;1
6045;1866;StartTrip;Russian;5;1
6046;1868;FinishTrip;English;5
6047;1868;FinishTrip;0;German;1
6048;1868;FinishTrip;0;Chinese;1
6049;1868;StartTrip;English;5;4
6050;1868;StartTrip;Chinese;1;4
6051;1868;StartTrip;German;1;6
6052;1869;FinishTrip;French;2
6053;1869;FinishTrip;German;6
6054;1869;StartTrip;French;2;6
6055;1869;StartTrip;German;6;1
6056;1870;FinishTrip;Russian;1
6057;1870;FinishTrip;Chinese;4
6058;1870;StartTrip;Russian;1;3
6059;1870;StartTrip;Chinese;4;1
6060;1872;FinishTrip;0;English;4
6061;1872;FinishTrip;0;Chinese;1
6062;1872;StartTrip;English;4;5
6063;1872;StartTrip;Chinese;1;4
6064;1873;FinishTrip;0;German;1
6065;1873;StartTrip;German;1;6
6066;1874;FinishTrip;Chinese;4
6067;1874;FinishTrip;German;6
6068;1874;StartTrip;Chinese;4;2
6069;1874;StartTrip;German;6;1
6070;1875;FinishTrip;0;Chinese;2
6071;1875;StartTrip;Chinese;2;4
6072;1876;FinishTrip;Chinese;4
6073;1876;StartTrip;Chinese;4;1
6074;1878;FinishTrip;English;5
6075;1878;FinishTrip;0;German;1
6076;1878;FinishTrip;0;Chinese;1
6077;1878;FinishTrip;0;Russian;3
6078;1878;StartTrip;English;5;1
6079;1878;StartTrip;Russian;3;1
6080;1878;StartTrip;German;1;6
6081;1878;StartTrip;Chinese;1;4
6082;1879;FinishTrip;1;German;6
6083;1879;FinishTrip;French;6
6084;1879;changeHouse;2;German;French;2;6
6085;1879;StartTrip;German;6;2
6086;1879;StartTrip;French;6;2
6087;1880;FinishTrip;Chinese;4
6088;1880;StartTrip;Chinese;4;2
6089;1881;FinishTrip;0;Chinese;2
6090;1881;StartTrip;Chinese;2;4
6091;1882;FinishTrip;Chinese;4
6092;1882;FinishTrip;0;English;1
6093;1882;StartTrip;Chinese;4;1
6094;1882;StartTrip;English;1;5
6095;1884;FinishTrip;1;German;2
6096;1884;FinishTrip;French;2
6097;1884;FinishTrip;0;Chinese;1
6098;1884;changeHouse;2;German;French;6;2
6099;1884;StartTrip;German;2;6
6100;1884;StartTrip;Chinese;1;4
6101;1884;StartTrip;French;2;4
6102;1885;FinishTrip;English;5
6103;1885;FinishTrip;0;French;4
6104;1885;StartTrip;English;5;2
6105;1885;StartTrip;French;4;2
6106;1886;FinishTrip;Chinese;4
6107;1886;FinishTrip;1;French;2
6108;1886;FinishTrip;English;2
6109;1886;changeHouse;2;English;French;2;5
6110;1886;StartTrip;Chinese;4;3
6111;1886;StartTrip;English;2;1
6112;1886;StartTrip;French;2;5
6113;1888;FinishTrip;French;5
6114;1888;StartTrip;French;5;6
6115;1889;FinishTrip;0;Chinese;3
6116;1889;StartTrip;Chinese;3;4
6117;1891;FinishTrip;0;English;1
6118;1891;StartTrip;English;1;2
6119;1893;FinishTrip;0;French;6
6120;1893;StartTrip;French;6;5
6121;1894;FinishTrip;Chinese;4
6122;1894;FinishTrip;German;6
6123;1894;StartTrip;Chinese;4;3
6124;1894;StartTrip;German;6;1
6125;1896;FinishTrip;French;5
6126;1896;StartTrip;French;5;6
6127;1897;FinishTrip;English;2
6128;1897;FinishTrip;0;Chinese;3
6129;1897;StartTrip;English;2;1
6130;1897;StartTrip;Chinese;3;4
6131;1898;FinishTrip;0;German;1
6132;1898;StartTrip;German;1;6
6133;1899;FinishTrip;German;6
6134;1899;StartTrip;German;6;1
6135;1901;FinishTrip;0;French;6
6136;1901;StartTrip;French;6;5
6137;1902;FinishTrip;Chinese;4
6138;1902;FinishTrip;0;English;1
6139;1902;StartTrip;Chinese;4;3
6140;1902;StartTrip;English;1;2
6141;1903;FinishTrip;0;German;1
6142;1903;StartTrip;German;1;6
6143;1904;FinishTrip;French;5
6144;1904;FinishTrip;German;6
6145;1904;StartTrip;French;5;6
6146;1904;StartTrip;German;6;1
6147;1905;FinishTrip;0;Chinese;3
6148;1905;StartTrip;Chinese;3;4
6149;1907;FinishTrip;0;American;1
6150;1907;StartTrip;American;1;3
6151;1908;FinishTrip;English;2
6152;1908;FinishTrip;0;German;1
6153;1908;StartTrip;English;2;4
6154;1908;StartTrip;German;1;6
6155;1909;FinishTrip;German;6
6156;1909;FinishTrip;1;French;6
6157;1909;FinishTrip;0;English;4
6158;1909;StartTrip;German;6;1
6159;1909;StartTrip;English;4;2
6160;1909;StartTrip;French;6;5
6161;1910;FinishTrip;Chinese;4
6162;1910;FinishTrip;English;2
6163;1910;StartTrip;Chinese;4;2
6164;1910;StartTrip;English;2;4
6165;1911;FinishTrip;0;Chinese;2
6166;1911;FinishTrip;0;English;4
6167;1911;StartTrip;Chinese;2;4
6168;1911;StartTrip;English;4;2
6169;1912;FinishTrip;French;5
6170;1912;FinishTrip;English;2
6171;1912;FinishTrip;Chinese;4
6172;1912;StartTrip;French;5;2
6173;1912;StartTrip;Chinese;4;1
6174;1912;StartTrip;English;2;1
6175;1913;FinishTrip;0;German;1
6176;1913;FinishTrip;0;French;2
6177;1913;StartTrip;German;1;6
6178;1913;StartTrip;French;2;5
6179;1914;FinishTrip;German;6
6180;1914;FinishTrip;0;Chinese;1
6181;1914;StartTrip;German;6;1
6182;1914;StartTrip;Chinese;1;4
6183;1915;FinishTrip;French;5
6184;1915;FinishTrip;American;3
6185;1915;StartTrip;French;5;6
6186;1915;StartTrip;American;3;5
6187;1916;FinishTrip;Chinese;4
6188;1916;StartTrip;Chinese;4;1
6189;1917;FinishTrip;0;American;5
6190;1917;FinishTrip;0;English;1
6191;1917;StartTrip;American;5;3
6192;1917;StartTrip;English;1;2
6193;1918;FinishTrip;0;German;1
6194;1918;FinishTrip;0;Chinese;1
6195;1918;StartTrip;German;1;6
6196;1918;StartTrip;Chinese;1;4
6197;1919;FinishTrip;German;6
6198;1919;StartTrip;German;6;1
6199;1920;FinishTrip;Chinese;4
6200;1920;FinishTrip;0;French;6
6201;1920;StartTrip;Chinese;4;1
6202;1920;StartTrip;French;6;5
6203;1921;FinishTrip;American;3
6204;1921;StartTrip;American;3;5
6205;1922;FinishTrip;0;Chinese;1
6206;1922;StartTrip;Chinese;1;4
6207;1923;FinishTrip;English;2
6208;1923;FinishTrip;1;French;5
6209;1923;FinishTrip;American;5
6210;1923;FinishTrip;0;German;1
6211;1923;changeHouse;2;French;American;3;5
6212;1923;StartTrip;English;2;1
6213;1923;StartTrip;German;1;6
6214;1923;StartTrip;French;5;3
6215;1923;StartTrip;American;5;3
6216;1924;FinishTrip;Chinese;4
6217;1924;FinishTrip;German;6
6218;1924;StartTrip;Chinese;4;3
6219;1924;StartTrip;German;6;1
6220;1927;FinishTrip;1;French;3
6221;1927;FinishTrip;American;3
6222;1927;FinishTrip;1;Chinese;3
6223;1927;ChangePet;3;Chinese;French;American;Bear;Fish;Cat
6224;1927;changeHouse;2;French;American;5;3
6225;1927;StartTrip;French;3;5
6226;1927;StartTrip;Chinese;3;4
6227;1927;StartTrip;American;3;4
6228;1928;FinishTrip;0;German;1
6229;1928;FinishTrip;0;English;1
6230;1928;StartTrip;German;1;6
6231;1928;StartTrip;English;1;2
6232;1929;FinishTrip;French;5
6233;1929;FinishTrip;German;6
6234;1929;StartTrip;French;5;2
6235;1929;StartTrip;German;6;1
6236;1930;FinishTrip;Russian;1
6237;1930;FinishTrip;0;French;2
6238;1930;StartTrip;Russian;1;4
6239;1930;StartTrip;French;2;5
6240;1932;FinishTrip;French;5
6241;1932;FinishTrip;Chinese;4
6242;1932;FinishTrip;1;American;4
6243;1932;FinishTrip;1;Russian;4
6244;1932;ChangePet;2;Russian;American;Cat;Humpster
6245;1932;changeHouse;2;Russian;American;3;1
6246;1932;StartTrip;French;5;6
6247;1932;StartTrip;Russian;4;3
6248;1932;StartTrip;Chinese;4;3
6249;1932;StartTrip;American;4;1
6250;1933;FinishTrip;0;German;1
6251;1933;StartTrip;German;1;6
6252;1934;FinishTrip;American;1
6253;1934;FinishTrip;German;6
6254;1934;FinishTrip;English;2
6255;1934;StartTrip;American;1;5
6256;1934;StartTrip;English;2;5
6257;1934;StartTrip;German;6;1
6258;1935;FinishTrip;1;Russian;3
6259;1935;FinishTrip;Chinese;3
6260;1935;changeHouse;2;Russian;Chinese;4;3
6261;1935;StartTrip;Russian;3;4
6262;1935;StartTrip;Chinese;3;5
6263;1936;FinishTrip;0;English;5
6264;1936;StartTrip;English;5;2
6265;1937;FinishTrip;English;2
6266;1937;FinishTrip;0;French;6
6267;1937;FinishTrip;0;Chinese;5
6268;1937;FinishTrip;0;American;5
6269;1937;StartTrip;English;2;5
6270;1937;StartTrip;American;5;1
6271;1937;StartTrip;French;6;5
6272;1937;StartTrip;Chinese;5;3
6273;1938;FinishTrip;0;German;1
6274;1938;StartTrip;German;1;6
6275;1939;FinishTrip;German;6
6276;1939;FinishTrip;0;English;5
6277;1939;StartTrip;German;6;1
6278;1939;StartTrip;English;5;2
6279;1940;FinishTrip;Russian;4
6280;1940;FinishTrip;English;2
6281;1940;FinishTrip;French;5
6282;1940;StartTrip;Russian;4;1
6283;1940;StartTrip;French;5;6
6284;1940;StartTrip;English;2;4
6285;1941;FinishTrip;American;1
6286;1941;FinishTrip;Chinese;3
6287;1941;FinishTrip;0;English;4
6288;1941;StartTrip;American;1;5
6289;1941;StartTrip;English;4;2
6290;1941;StartTrip;Chinese;3;1
6291;1942;FinishTrip;English;2
6292;1942;FinishTrip;0;Russian;1
6293;1942;StartTrip;English;2;1
6294;1942;StartTrip;Russian;1;4
6295;1943;FinishTrip;0;German;1
6296;1943;StartTrip;German;1;6
6297;1944;FinishTrip;Russian;4
6298;1944;FinishTrip;German;6
6299;1944;FinishTrip;0;American;5
6300;1944;StartTrip;Russian;4;1
6301;1944;StartTrip;American;5;1
6302;1944;StartTrip;German;6;1
6303;1945;FinishTrip;0;French;6
6304;1945;StartTrip;French;6;5
6305;1946;FinishTrip;0;Russian;1
6306;1946;StartTrip;Russian;1;4
6307;1947;FinishTrip;0;English;1
6308;1947;StartTrip;English;1;2
6309;1948;FinishTrip;Russian;4
6310;1948;FinishTrip;American;1
6311;1948;FinishTrip;French;5
6312;1948;FinishTrip;1;German;1
6313;1948;StartTrip;Russian;4;1
6314;1948;StartTrip;German;1;6
6315;1948;StartTrip;American;1;2
6316;1948;StartTrip;French;5;6
6317;1949;FinishTrip;German;6
6318;1949;StartTrip;German;6;1
6319;1950;FinishTrip;0;Russian;1
6320;1950;StartTrip;Russian;1;4
6321;1952;FinishTrip;Russian;4
6322;1952;StartTrip;Russian;4;1
6323;1953;FinishTrip;English;2
6324;1953;FinishTrip;0;German;1
6325;1953;FinishTrip;0;French;6
6326;1953;StartTrip;English;2;4
6327;1953;StartTrip;French;6;5
6328;1953;StartTrip;German;1;6
6329;1954;FinishTrip;German;6
6330;1954;FinishTrip;0;American;2
6331;1954;FinishTrip;0;Russian;1
6332;1954;FinishTrip;0;English;4
6333;1954;StartTrip;German;6;1
6334;1954;StartTrip;English;4;2
6335;1954;StartTrip;American;2;1
6336;1954;StartTrip;Russian;1;4
6337;1955;FinishTrip;English;2
6338;1955;StartTrip;English;2;1
6339;1956;FinishTrip;Russian;4
6340;1956;FinishTrip;French;5
6341;1956;StartTrip;Russian;4;1
6342;1956;StartTrip;French;5;2
6343;1957;FinishTrip;0;French;2
6344;1957;StartTrip;French;2;5
6345;1958;FinishTrip;0;German;1
6346;1958;FinishTrip;0;Russian;1
6347;1958;StartTrip;German;1;6
6348;1958;StartTrip;Russian;1;4
6349;1959;FinishTrip;French;5
6350;1959;FinishTrip;American;1
6351;1959;FinishTrip;German;6
6352;1959;StartTrip;French;5;6
6353;1959;StartTrip;German;6;1
6354;1959;StartTrip;American;1;6
6355;1960;FinishTrip;Russian;4
6356;1960;FinishTrip;0;American;6
6357;1960;FinishTrip;0;English;1
6358;1960;StartTrip;Russian;4;1
6359;1960;StartTrip;English;1;2
6360;1960;StartTrip;American;6;1
6361;1962;FinishTrip;0;Russian;1
6362;1962;StartTrip;Russian;1;4
6363;1963;FinishTrip;0;German;1
6364;1963;StartTrip;German;1;6
6365;1964;FinishTrip;American;1
6366;1964;FinishTrip;Russian;4
6367;1964;FinishTrip;German;6
6368;1964;FinishTrip;1;French;6
6369;1964;StartTrip;American;1;6
6370;1964;StartTrip;French;6;5
6371;1964;StartTrip;Russian;4;1
6372;1964;StartTrip;German;6;1
6373;1965;FinishTrip;0;American;6
6374;1965;StartTrip;American;6;1
6375;1966;FinishTrip;English;2
6376;1966;FinishTrip;0;Russian;1
6377;1966;StartTrip;English;2;1
6378;1966;StartTrip;Russian;1;4
6379;1967;FinishTrip;French;5
6380;1967;StartTrip;French;5;1
6381;1968;FinishTrip;Russian;4
6382;1968;FinishTrip;0;German;1
6383;1968;StartTrip;Russian;4;1
6384;1968;StartTrip;German;1;6
6385;1969;FinishTrip;American;1
6386;1969;FinishTrip;German;6
6387;1969;StartTrip;American;1;3
6388;1969;StartTrip;German;6;1
6389;1970;FinishTrip;0;Russian;1
6390;1970;StartTrip;Russian;1;4
6391;1971;FinishTrip;0;French;1
6392;1971;FinishTrip;0;English;1
6393;1971;StartTrip;French;1;5
6394;1971;StartTrip;English;1;2
6395;1972;FinishTrip;Russian;4
6396;1972;StartTrip;Russian;4;1
6397;1973;FinishTrip;0;German;1
6398;1973;StartTrip;German;1;6
6399;1974;FinishTrip;German;6
6400;1974;FinishTrip;French;5
6401;1974;FinishTrip;0;Russian;1
6402;1974;StartTrip;German;6;1
6403;1974;StartTrip;Russian;1;4
6404;1974;StartTrip;French;5;6
6405;1976;FinishTrip;Russian;4
6406;1976;StartTrip;Russian;4;1
6407;1977;FinishTrip;English;2
6408;1977;FinishTrip;0;American;3
6409;1977;StartTrip;English;2;5
6410;1977;StartTrip;American;3;1
6411;1978;FinishTrip;0;Russian;1
6412;1978;FinishTrip;0;German;1
6413;1978;StartTrip;Russian;1;4
6414;1978;StartTrip;German;1;6
6415;1979;FinishTrip;German;6
6416;1979;FinishTrip;0;English;5
6417;1979;FinishTrip;1;French;6
6418;1979;StartTrip;German;6;1
6419;1979;StartTrip;English;5;2
6420;1979;StartTrip;French;6;5
6421;1980;FinishTrip;Russian;4
6422;1980;FinishTrip;English;2
6423;1980;StartTrip;Russian;4;1
6424;1980;StartTrip;English;2;4
6425;1981;FinishTrip;0;English;4
6426;1981;StartTrip;English;4;2
6427;1982;FinishTrip;French;5
6428;1982;FinishTrip;English;2
6429;1982;FinishTrip;0;Russian;1
6430;1982;StartTrip;French;5;1
6431;1982;StartTrip;English;2;1
6432;1982;StartTrip;Russian;1;4
6433;1983;FinishTrip;0;German;1
6434;1983;StartTrip;German;1;6
6435;1984;FinishTrip;Russian;4
6436;1984;FinishTrip;German;6
6437;1984;StartTrip;Russian;4;1
6438;1984;StartTrip;German;6;1
6439;1986;FinishTrip;0;French;1
6440;1986;FinishTrip;0;Russian;1
6441;1986;StartTrip;French;1;5
6442;1986;StartTrip;Russian;1;4
6443;1987;FinishTrip;0;English;1
6444;1987;StartTrip;English;1;2
6445;1988;FinishTrip;Russian;4
6446;1988;FinishTrip;0;German;1
6447;1988;StartTrip;Russian;4;1
6448;1988;StartTrip;German;1;6
6449;1989;FinishTrip;French;5
6450;1989;FinishTrip;German;6
6451;1989;StartTrip;French;5;4
6452;1989;StartTrip;German;6;1
6453;1990;FinishTrip;0;Russian;1
6454;1990;StartTrip;Russian;1;4
6455;1992;FinishTrip;Russian;4
6456;1992;StartTrip;Russian;4;1
6457;1993;FinishTrip;English;2
6458;1993;FinishTrip;0;Chinese;1
6459;1993;FinishTrip;0;German;1
6460;1993;FinishTrip;0;French;4
6461;1993;StartTrip;English;2;3
6462;1993;StartTrip;Chinese;1;3
6463;1993;StartTrip;French;4;5
6464;1993;StartTrip;German;1;6
6465;1994;FinishTrip;German;6
6466;1994;FinishTrip;0;Russian;1
6467;1994;StartTrip;German;6;1
6468;1994;StartTrip;Russian;1;4
6469;1996;FinishTrip;Russian;4
6470;1996;StartTrip;Russian;4;1
6471;1997;FinishTrip;0;English;3
6472;1997;StartTrip;English;3;2
6473;1998;FinishTrip;0;German;1
6474;1998;FinishTrip;0;Russian;1
6475;1998;StartTrip;German;1;6
6476;1998;StartTrip;Russian;1;4
6477;1999;FinishTrip;French;5
6478;1999;FinishTrip;German;6
6479;1999;StartTrip;French;5;4
6480;1999;StartTrip;German;6;1
6481;2000;FinishTrip;Russian;4
6482;2000;FinishTrip;English;2
6483;2000;StartTrip;Russian;4;1
6484;2000;StartTrip;English;2;4
---- KNOWLEDGE ----
1;{1: {'pet': 'Cat', 'house': 4, 'location': 3, 't': 1935}, 4: {'pet': 'Dog', 'house': 2, 'location': 1, 't': 1777}, 5: {'pet': 'Bear', 'house': 6, 'location': 1, 't': 1863}, 2: {'pet': 'Zebra', 'house': 3, 'location': 4, 't': 1494}, 6: {'pet': 'Humpster', 'house': 1, 'location': 4, 't': 1932}, 3: {'pet': 'Bear', 'house': 3, 'location': 3, 't': 1935}}
2;{2: {'pet': 'Zebra', 'house': 2, 'location': 2, 't': 1886}, 4: {'pet': 'Bear', 'house': 6, 'location': 6, 't': 1487}, 5: {'pet': 'Bear', 'house': 5, 'location': 2, 't': 1886}, 6: {'pet': 'Fish', 'house': 3, 'location': 3, 't': 1750}, 1: {'pet': 'Humpster', 'house': 4, 'location': 4, 't': 1494}, 3: {'pet': 'Cat', 'house': 2, 'location': 2, 't': 1301}}
3;{3: {'pet': 'Bear', 'house': 3, 'location': 3, 't': 1935}, 6: {'pet': 'Humpster', 'house': 1, 'location': 4, 't': 1932}, 2: {'pet': 'Zebra', 'house': 5, 'location': 2, 't': 1301}, 1: {'pet': 'Cat', 'house': 4, 'location': 3, 't': 1935}, 4: {'pet': 'Humpster', 'house': 2, 'location': 2, 't': 1731}, 5: {'pet': 'Fish', 'house': 5, 'location': 3, 't': 1927}}
4;{4: {'pet': 'Dog', 'house': 6, 'location': 2, 't': 1884}, 2: {'pet': 'Zebra', 'house': 3, 'location': 6, 't': 1487}, 6: {'pet': 'Humpster', 'house': 1, 'location': 1, 't': 1948}, 1: {'pet': 'Humpster', 'house': 1, 'location': 1, 't': 1777}, 5: {'pet': 'Fish', 'house': 5, 'location': 6, 't': 1979}, 3: {'pet': 'Fish', 'house': 4, 'location': 2, 't': 1731}}
5;{5: {'pet': 'Fish', 'house': 5, 'location': 3, 't': 1927}, 2: {'pet': 'Zebra', 'house': 2, 'location': 2, 't': 1886}, 1: {'pet': 'Humpster', 'house': 1, 'location': 1, 't': 1863}, 4: {'pet': 'Dog', 'house': 6, 'location': 6, 't': 1979}, 6: {'pet': 'Cat', 'house': 3, 'location': 3, 't': 1927}, 3: {'pet': 'Bear', 'house': 4, 'location': 3, 't': 1927}}
6;{6: {'pet': 'Humpster', 'house': 1, 'location': 4, 't': 1932}, 4: {'pet': 'Dog', 'house': 6, 'location': 1, 't': 1948}, 2: {'pet': 'Zebra', 'house': 5, 'location': 3, 't': 1750}, 5: {'pet': 'Fish', 'house': 5, 'location': 3, 't': 1927}, 3: {'pet': 'Bear', 'house': 4, 'location': 4, 't': 1932}, 1: {'pet': 'Cat', 'house': 3, 'location': 4, 't': 1932}}
